date,open,high,low,close,adj_close,volume
2012-01-03,5.750000,5.890000,5.740000,5.800000,4.461912,246293200
2012-01-04,5.710000,5.880000,5.620000,5.810000,4.469605,243711200
2012-01-05,5.750000,6.350000,5.710000,6.310000,4.854252,547780000
2012-01-06,6.210000,6.300000,6.060000,6.180000,4.754244,299630600
2012-01-09,6.260000,6.370000,6.190000,6.270000,4.823482,240614400
2012-01-10,6.440000,6.660000,6.440000,6.630000,5.100427,354292100
2012-01-11,6.600000,6.900000,6.520000,6.870000,5.285056,354039600
2012-01-12,6.990000,7.020000,6.660000,6.790000,5.223515,362099600
2012-01-13,6.490000,6.690000,6.410000,6.610000,5.085042,337048400
2012-01-17,6.630000,6.820000,6.440000,6.480000,4.985032,294196500
2012-01-18,6.500000,6.800000,6.460000,6.800000,5.231206,302497700
2012-01-19,7.210000,7.290000,6.750000,6.960000,5.354294,491008100
2012-01-20,6.950000,7.080000,6.830000,7.070000,5.438917,236630700
2012-01-23,7.130000,7.370000,7.110000,7.250000,5.577390,339942200
2012-01-24,7.110000,7.350000,7.060000,7.290000,5.608160,228810300
2012-01-25,7.200000,7.370000,7.150000,7.350000,5.654318,249340100
2012-01-26,7.450000,7.500000,7.230000,7.300000,5.615855,265938800
2012-01-27,7.210000,7.350000,7.200000,7.290000,5.608160,230914000
2012-01-30,7.130000,7.150000,7.020000,7.070000,5.438917,231240100
2012-01-31,7.170000,7.190000,7.050000,7.130000,5.485075,212736300
2012-02-01,7.250000,7.440000,7.210000,7.360000,5.662011,318811000
2012-02-02,7.430000,7.490000,7.330000,7.450000,5.731250,232425400
2012-02-03,7.660000,7.890000,7.630000,7.840000,6.031273,364195700
2012-02-06,7.790000,7.970000,7.770000,7.970000,6.131283,236316000
2012-02-07,7.950000,7.990000,7.800000,7.850000,6.038966,253694200
2012-02-08,7.960000,8.150000,7.930000,8.130000,6.254370,436439700
2012-02-09,8.310000,8.350000,8.100000,8.180000,6.292832,480206700
2012-02-10,8.050000,8.120000,7.980000,8.070000,6.208213,254420800
2012-02-13,8.270000,8.310000,8.210000,8.250000,6.346686,308490200
2012-02-14,8.150000,8.170000,7.950000,7.980000,6.138976,384682800
2012-02-15,8.010000,8.120000,7.770000,7.780000,5.985117,372981400
2012-02-16,7.710000,8.130000,7.660000,8.090000,6.223596,337131800
2012-02-17,8.040000,8.080000,7.920000,8.020000,6.169747,355445600
2012-02-21,8.030000,8.200000,8.000000,8.110000,6.238985,333407700
2012-02-22,8.060000,8.130000,7.950000,7.950000,6.115895,228867800
2012-02-23,7.970000,8.050000,7.900000,8.020000,6.169747,144231800
2012-02-24,8.050000,8.090000,7.880000,7.880000,6.062047,163128200
2012-02-27,7.790000,8.050000,7.670000,8.040000,6.185133,298930800
2012-02-28,8.050000,8.150000,8.000000,8.120000,6.246677,193443200
2012-02-29,8.160000,8.240000,7.970000,7.970000,6.138844,266720500
2012-03-01,8.090000,8.170000,8.050000,8.120000,6.254379,197850100
2012-03-02,8.110000,8.210000,8.100000,8.130000,6.262083,143887500
2012-03-05,8.090000,8.130000,7.950000,7.970000,6.138844,196328300
2012-03-06,7.780000,7.790000,7.660000,7.710000,5.938580,262871200
2012-03-07,7.810000,8.020000,7.770000,8.020000,6.177354,328331900
2012-03-08,8.070000,8.120000,8.000000,8.060000,6.208165,160282000
2012-03-09,8.120000,8.190000,8.010000,8.050000,6.200461,195281400
2012-03-12,8.010000,8.060000,7.910000,7.990000,6.154246,165298900
2012-03-13,8.070000,8.500000,8.050000,8.490000,6.539368,385984100
2012-03-14,8.660000,8.900000,8.560000,8.840000,6.808953,488077000
2012-03-15,8.980000,9.250000,8.850000,9.240000,7.117054,489593000
2012-03-16,9.410000,9.800000,9.330000,9.800000,7.548391,582294100
2012-03-19,9.780000,10.100000,9.510000,9.530000,7.340423,669479900
2012-03-20,9.630000,9.970000,9.590000,9.810000,7.556090,451213900
2012-03-21,9.960000,10.030000,9.740000,9.820000,7.563796,326573800
2012-03-22,9.660000,9.770000,9.520000,9.600000,7.394341,264520500
2012-03-23,9.470000,9.850000,9.400000,9.850000,7.586899,283110900
2012-03-26,10.010000,10.040000,9.850000,9.930000,7.648520,241605700
2012-03-27,9.870000,9.900000,9.580000,9.600000,7.394341,250069600
2012-03-28,9.620000,9.780000,9.580000,9.750000,7.509874,234021500
2012-03-29,9.630000,9.680000,9.430000,9.530000,7.340423,253625800
2012-03-30,9.610000,9.640000,9.350000,9.570000,7.371234,250234500
2012-04-02,9.540000,9.780000,9.410000,9.680000,7.455959,179229000
2012-04-03,9.670000,9.670000,9.410000,9.490000,7.309612,190453400
2012-04-04,9.350000,9.360000,9.150000,9.200000,7.086239,228560600
2012-04-05,9.140000,9.400000,9.110000,9.230000,7.109347,180868100
2012-04-09,9.040000,9.040000,8.830000,8.930000,6.878277,211427600
2012-04-10,8.970000,9.090000,8.500000,8.540000,6.577883,377220000
2012-04-11,8.780000,8.910000,8.720000,8.860000,6.824360,252563700
2012-04-12,8.930000,9.180000,8.910000,9.170000,7.063135,223979900
2012-04-13,9.080000,9.080000,8.680000,8.680000,6.685714,282354600
2012-04-16,8.870000,8.930000,8.620000,8.790000,6.770441,217284500
2012-04-17,8.970000,9.000000,8.870000,8.920000,6.870574,193424400
2012-04-18,8.880000,9.000000,8.840000,8.920000,6.870574,160064100
2012-04-19,9.160000,9.170000,8.670000,8.770000,6.755038,348804500
2012-04-20,8.780000,8.780000,8.330000,8.360000,6.439238,277965300
2012-04-23,8.020000,8.300000,7.950000,8.180000,6.300591,256073900
2012-04-24,8.250000,8.270000,8.100000,8.210000,6.323700,192443800
2012-04-25,8.300000,8.350000,8.170000,8.260000,6.362213,164902400
2012-04-26,8.190000,8.400000,8.170000,8.270000,6.369916,131586300
2012-04-27,8.340000,8.340000,8.190000,8.250000,6.354511,120948200
2012-04-30,8.220000,8.240000,8.040000,8.110000,6.246678,137422300
2012-05-01,8.110000,8.400000,8.080000,8.310000,6.400728,177953400
2012-05-02,8.210000,8.230000,8.120000,8.160000,6.285186,136208900
2012-05-03,8.180000,8.180000,7.910000,8.000000,6.161951,204584500
2012-05-04,7.900000,7.920000,7.700000,7.740000,5.961686,194857200
2012-05-07,7.710000,8.000000,7.660000,7.960000,6.131140,167662600
2012-05-08,7.870000,7.900000,7.690000,7.790000,6.000200,180627900
2012-05-09,7.670000,7.820000,7.650000,7.730000,5.953984,174742300
2012-05-10,7.910000,7.940000,7.670000,7.700000,5.930874,156787300
2012-05-11,7.480000,7.770000,7.410000,7.550000,5.815339,245533600
2012-05-14,7.370000,7.520000,7.350000,7.350000,5.661291,170716800
2012-05-15,7.370000,7.550000,7.250000,7.300000,5.622781,201254900
2012-05-16,7.400000,7.470000,7.080000,7.110000,5.476433,216226100
2012-05-17,7.100000,7.250000,6.930000,6.980000,5.376300,241468300
2012-05-18,7.010000,7.030000,6.890000,7.020000,5.407110,223783500
2012-05-21,7.030000,7.110000,6.720000,6.830000,5.260763,229980800
2012-05-22,6.920000,7.150000,6.860000,6.980000,5.376300,221551500
2012-05-23,6.900000,7.170000,6.850000,7.170000,5.522647,194441500
2012-05-24,7.260000,7.330000,7.010000,7.140000,5.499538,206041500
2012-05-25,7.070000,7.250000,7.070000,7.150000,5.507244,108661200
2012-05-29,7.280000,7.450000,7.220000,7.440000,5.730614,159872200
2012-05-30,7.330000,7.410000,7.100000,7.200000,5.553220,206801500
2012-05-31,7.210000,7.370000,7.040000,7.350000,5.668910,203267300
2012-06-01,7.120000,7.190000,6.940000,7.020000,5.414388,240859000
2012-06-04,7.100000,7.100000,6.850000,6.900000,5.321836,163821500
2012-06-05,6.910000,7.140000,6.900000,7.100000,5.476091,147346700
2012-06-06,7.240000,7.770000,7.180000,7.640000,5.892581,356852900
2012-06-07,7.810000,7.900000,7.380000,7.420000,5.722901,276170400
2012-06-08,7.350000,7.580000,7.200000,7.560000,5.830881,234555000
2012-06-11,7.720000,7.770000,7.280000,7.280000,5.614923,204590700
2012-06-12,7.320000,7.500000,7.220000,7.490000,5.776889,148255600
2012-06-13,7.400000,7.610000,7.350000,7.500000,5.784603,162374500
2012-06-14,7.520000,7.690000,7.450000,7.660000,5.908008,157528300
2012-06-15,7.720000,7.900000,7.550000,7.900000,6.093114,211751900
2012-06-18,7.770000,7.910000,7.730000,7.760000,5.985136,140319900
2012-06-19,7.880000,8.210000,7.860000,8.110000,6.255085,248771500
2012-06-20,8.160000,8.220000,8.020000,8.140000,6.278222,213582800
2012-06-21,8.110000,8.170000,7.800000,7.820000,6.031413,227157600
2012-06-22,7.970000,8.010000,7.790000,7.940000,6.123967,142219300
2012-06-25,7.740000,7.740000,7.560000,7.600000,5.861732,151907200
2012-06-26,7.650000,7.680000,7.480000,7.620000,5.877156,129776500
2012-06-27,7.680000,7.820000,7.610000,7.770000,5.992848,111335500
2012-06-28,7.620000,7.750000,7.530000,7.740000,5.969709,133125300
2012-06-29,8.000000,8.200000,7.950000,8.180000,6.309072,258769800
2012-07-02,8.200000,8.210000,7.870000,8.050000,6.208806,152974000
2012-07-03,8.060000,8.120000,8.010000,8.060000,6.216520,57653700
2012-07-05,8.030000,8.060000,7.820000,7.820000,6.031413,120162000
2012-07-06,7.690000,7.800000,7.650000,7.660000,5.908008,116595200
2012-07-09,7.630000,7.700000,7.530000,7.560000,5.830881,87078300
2012-07-10,7.650000,7.670000,7.400000,7.480000,5.769176,101758300
2012-07-11,7.490000,7.690000,7.450000,7.630000,5.884869,128619400
2012-07-12,7.530000,7.550000,7.430000,7.480000,5.769176,107637000
2012-07-13,7.560000,7.830000,7.550000,7.820000,6.031413,177154500
2012-07-16,7.930000,7.960000,7.770000,7.810000,6.023698,109439900
2012-07-17,7.920000,7.930000,7.750000,7.920000,6.108540,127266800
2012-07-18,7.880000,7.930000,7.500000,7.530000,5.807742,254341100
2012-07-19,7.560000,7.650000,7.120000,7.260000,5.599496,260959200
2012-07-20,7.210000,7.210000,7.060000,7.070000,5.452953,160463000
2012-07-23,6.940000,7.150000,6.900000,7.090000,5.468377,168638000
2012-07-24,7.160000,7.180000,6.970000,7.040000,5.429816,138286700
2012-07-25,7.110000,7.160000,7.010000,7.070000,5.452953,117241300
2012-07-26,7.220000,7.240000,7.110000,7.170000,5.530080,121121500
2012-07-27,7.200000,7.400000,7.140000,7.310000,5.638059,146210900
2012-07-30,7.280000,7.380000,7.260000,7.280000,5.614923,74683800
2012-07-31,7.280000,7.340000,7.210000,7.340000,5.661199,86093200
2012-08-01,7.350000,7.360000,7.210000,7.220000,5.568644,97187800
2012-08-02,7.120000,7.260000,7.100000,7.180000,5.537793,112848000
2012-08-03,7.300000,7.490000,7.270000,7.430000,5.730613,130250800
2012-08-06,7.450000,7.680000,7.440000,7.640000,5.892581,112657000
2012-08-07,7.710000,7.850000,7.660000,7.670000,5.915720,119572200
2012-08-08,7.580000,7.770000,7.570000,7.670000,5.915720,73353500
2012-08-09,7.680000,7.760000,7.670000,7.720000,5.954288,59676500
2012-08-10,7.660000,7.760000,7.630000,7.740000,5.969709,50443800
2012-08-13,7.720000,7.830000,7.680000,7.720000,5.954288,58341300
2012-08-14,7.780000,7.900000,7.740000,7.780000,6.000562,104644000
2012-08-15,7.750000,7.870000,7.730000,7.870000,6.069976,73559200
2012-08-16,7.890000,7.960000,7.830000,7.930000,6.116253,78181200
2012-08-17,7.970000,8.120000,7.940000,8.000000,6.170245,138307600
2012-08-20,7.980000,8.190000,7.980000,8.150000,6.285935,100276900
2012-08-21,8.250000,8.400000,8.160000,8.190000,6.316786,190820700
2012-08-22,8.140000,8.320000,8.120000,8.220000,6.339925,140333800
2012-08-23,8.220000,8.270000,8.120000,8.150000,6.285935,98866200
2012-08-24,8.120000,8.210000,8.030000,8.160000,6.293646,88822200
2012-08-27,8.200000,8.200000,8.050000,8.070000,6.224234,96142100
2012-08-28,8.040000,8.110000,7.950000,7.960000,6.139392,96280400
2012-08-29,7.980000,8.100000,7.980000,8.000000,6.170245,106910900
2012-08-30,7.950000,7.950000,7.830000,7.910000,6.100827,91900100
2012-08-31,8.000000,8.020000,7.880000,7.990000,6.162529,91730500
2012-09-04,8.000000,8.110000,7.950000,8.000000,6.170245,81461800
2012-09-05,7.990000,8.020000,7.930000,7.950000,6.139353,55769500
2012-09-06,8.040000,8.350000,8.030000,8.350000,6.448253,200570300
2012-09-07,8.470000,8.800000,8.450000,8.800000,6.795762,232843000
2012-09-10,8.840000,8.920000,8.530000,8.580000,6.625867,190045600
2012-09-11,8.630000,9.050000,8.580000,9.030000,6.973376,201630400
2012-09-12,9.150000,9.190000,8.870000,8.970000,6.927044,204167100
2012-09-13,8.890000,9.480000,8.810000,9.400000,7.259109,330759200
2012-09-14,9.600000,9.790000,9.450000,9.550000,7.374945,329619800
2012-09-17,9.390000,9.490000,9.270000,9.300000,7.181886,141409300
2012-09-18,9.160000,9.290000,9.090000,9.230000,7.127827,150503600
2012-09-19,9.330000,9.460000,9.260000,9.290000,7.174162,126360100
2012-09-20,9.140000,9.250000,9.080000,9.190000,7.096940,111354300
2012-09-21,9.350000,9.350000,9.080000,9.110000,7.035159,155865300
2012-09-24,8.990000,9.200000,8.950000,9.100000,7.027436,113331700
2012-09-25,9.170000,9.210000,8.910000,8.930000,6.896155,146678000
2012-09-26,8.860000,8.910000,8.700000,8.820000,6.811207,158640100
2012-09-27,8.940000,9.070000,8.900000,8.970000,6.927044,119023800
2012-09-28,8.890000,8.930000,8.790000,8.830000,6.818929,119039200
2012-10-01,8.870000,9.130000,8.850000,8.960000,6.919322,133194500
2012-10-02,9.100000,9.110000,8.880000,8.930000,6.896155,109601600
2012-10-03,8.980000,9.120000,8.910000,9.110000,7.035159,115670100
2012-10-04,9.200000,9.420000,9.150000,9.410000,7.266832,160486300
2012-10-05,9.560000,9.650000,9.230000,9.320000,7.197332,204255800
2012-10-08,9.160000,9.380000,9.130000,9.280000,7.166437,81944200
2012-10-09,9.330000,9.380000,9.040000,9.210000,7.112383,153036100
2012-10-10,9.190000,9.270000,9.060000,9.210000,7.112383,110640900
2012-10-11,9.390000,9.420000,9.300000,9.340000,7.212776,122925800
2012-10-12,9.160000,9.280000,9.050000,9.120000,7.042881,158562500
2012-10-15,9.240000,9.440000,9.160000,9.440000,7.289999,154458500
2012-10-16,9.530000,9.600000,9.380000,9.460000,7.305445,172663600
2012-10-17,9.420000,9.600000,9.300000,9.440000,7.289999,229733500
2012-10-18,9.380000,9.570000,9.370000,9.470000,7.313169,149739000
2012-10-19,9.420000,9.550000,9.390000,9.440000,7.289999,169451300
2012-10-22,9.470000,9.560000,9.410000,9.550000,7.374945,132617600
2012-10-23,9.440000,9.470000,9.280000,9.360000,7.228219,160627600
2012-10-24,9.450000,9.490000,9.300000,9.310000,7.189607,120868300
2012-10-25,9.370000,9.420000,9.170000,9.240000,7.135552,121778900
2012-10-26,9.170000,9.270000,9.050000,9.120000,7.042881,124687200
2012-10-31,9.200000,9.350000,9.150000,9.320000,7.197332,94925500
2012-11-01,9.340000,9.750000,9.270000,9.740000,7.521673,205700000
2012-11-02,9.870000,9.970000,9.770000,9.850000,7.606617,220993300
2012-11-05,9.830000,9.930000,9.620000,9.750000,7.529394,121104400
2012-11-06,9.830000,9.970000,9.750000,9.940000,7.676122,132533500
2012-11-07,9.630000,9.670000,9.220000,9.230000,7.127827,286124300
2012-11-08,9.490000,9.600000,9.380000,9.390000,7.251388,223927000
2012-11-09,9.300000,9.590000,9.270000,9.430000,7.282276,141093100
2012-11-12,9.500000,9.520000,9.380000,9.390000,7.251388,68498300
2012-11-13,9.310000,9.550000,9.280000,9.330000,7.205053,119629700
2012-11-14,9.380000,9.420000,8.950000,8.990000,6.942488,197392900
2012-11-15,9.030000,9.200000,9.020000,9.090000,7.019713,144569800
2012-11-16,9.120000,9.210000,8.920000,9.120000,7.042881,178995000
2012-11-19,9.360000,9.530000,9.320000,9.490000,7.328610,146244000
2012-11-20,9.470000,9.680000,9.420000,9.630000,7.436725,150696200
2012-11-21,9.670000,9.780000,9.630000,9.770000,7.544846,132499300
2012-11-23,9.840000,9.900000,9.800000,9.900000,7.645231,59048000
2012-11-26,9.820000,9.870000,9.750000,9.840000,7.598898,99730900
2012-11-27,9.890000,9.950000,9.660000,9.660000,7.459896,149684000
2012-11-28,9.560000,9.760000,9.380000,9.760000,7.537119,152946500
2012-11-29,9.840000,9.880000,9.760000,9.830000,7.591176,125905400
2012-11-30,9.780000,9.870000,9.760000,9.860000,7.614338,108739700
2012-12-03,9.930000,9.940000,9.780000,9.800000,7.568009,99872800
2012-12-04,9.790000,9.910000,9.770000,9.910000,7.652953,144124500
2012-12-05,9.970000,10.560000,9.950000,10.460000,8.085849,463491000
2012-12-06,10.510000,10.580000,10.290000,10.460000,8.085849,176607900
2012-12-07,10.560000,10.680000,10.480000,10.640000,8.224998,192055100
2012-12-10,10.600000,10.630000,10.460000,10.570000,8.170883,148065200
2012-12-11,10.640000,10.710000,10.500000,10.510000,8.124501,159121300
2012-12-12,10.590000,10.700000,10.510000,10.610000,8.201804,166819300
2012-12-13,10.590000,10.660000,10.510000,10.540000,8.147692,106232100
2012-12-14,10.550000,10.600000,10.520000,10.580000,8.178613,91707200
2012-12-17,10.650000,11.000000,10.640000,11.000000,8.503282,170087700
2012-12-18,11.240000,11.360000,11.050000,11.360000,8.781573,255238400
2012-12-19,11.400000,11.490000,11.170000,11.190000,8.650155,193013700
2012-12-20,11.100000,11.520000,11.080000,11.520000,8.905256,184449000
2012-12-21,11.200000,11.350000,11.120000,11.290000,8.727463,244892300
2012-12-24,11.270000,11.290000,11.210000,11.250000,8.696545,50657100
2012-12-26,11.290000,11.630000,11.270000,11.540000,8.920715,146097900
2012-12-27,11.660000,11.690000,11.230000,11.470000,8.866604,210411400
2012-12-28,11.320000,11.490000,11.270000,11.360000,8.781573,131872200
2012-12-31,11.370000,11.650000,11.300000,11.610000,8.974829,170837500
2013-01-02,12.050000,12.150000,11.900000,12.030000,9.299498,236021400
2013-01-03,12.010000,12.050000,11.880000,11.960000,9.245392,157149700
2013-01-04,11.970000,12.110000,11.930000,12.110000,9.361340,132601900
2013-01-07,12.150000,12.200000,12.000000,12.090000,9.345886,201403500
2013-01-08,12.090000,12.100000,11.890000,11.980000,9.260848,168461100
2013-01-09,11.870000,12.000000,11.330000,11.430000,8.835684,335692000
2013-01-10,11.610000,11.810000,11.540000,11.780000,9.106243,199964900
2013-01-11,11.700000,11.720000,11.510000,11.630000,8.990292,146136700
2013-01-14,11.610000,11.630000,11.380000,11.470000,8.866604,110032900
2013-01-15,11.380000,11.620000,11.300000,11.550000,8.928447,126058300
2013-01-16,11.580000,11.790000,11.470000,11.780000,9.106243,164579300
2013-01-17,11.690000,11.700000,11.170000,11.280000,8.719734,323622200
2013-01-18,11.260000,11.330000,11.020000,11.140000,8.611506,179971800
2013-01-22,11.120000,11.360000,11.090000,11.350000,8.773846,137242700
2013-01-23,11.380000,11.440000,11.230000,11.420000,8.827956,121638200
2013-01-24,11.450000,11.670000,11.420000,11.530000,8.912987,127870800
2013-01-25,11.690000,11.720000,11.510000,11.620000,8.982560,100171600
2013-01-28,11.640000,11.670000,11.430000,11.480000,8.874337,91304200
2013-01-29,11.420000,11.580000,11.400000,11.490000,8.882064,96824100
2013-01-30,11.490000,11.540000,11.350000,11.380000,8.797032,89130200
2013-01-31,11.320000,11.360000,11.220000,11.320000,8.750651,97024700
2013-02-01,11.410000,11.730000,11.370000,11.710000,9.052132,161141300
2013-02-04,11.580000,11.690000,11.460000,11.480000,8.874337,139733000
2013-02-05,11.590000,11.980000,11.560000,11.880000,9.183543,187785900
2013-02-06,11.730000,11.970000,11.730000,11.930000,9.222198,173626800
2013-02-07,11.970000,11.980000,11.730000,11.840000,9.152624,173209900
2013-02-08,11.860000,11.900000,11.720000,11.760000,9.090783,145321100
2013-02-11,11.730000,11.900000,11.670000,11.860000,9.168084,103510800
2013-02-12,11.870000,12.340000,11.780000,12.250000,9.469565,232173900
2013-02-13,12.350000,12.420000,12.050000,12.170000,9.407722,192742500
2013-02-14,12.090000,12.270000,12.070000,12.130000,9.376804,144104800
2013-02-15,12.210000,12.210000,11.970000,12.030000,9.299498,158242700
2013-02-19,12.100000,12.310000,12.060000,12.190000,9.423186,170783400
2013-02-20,12.180000,12.290000,11.750000,11.800000,9.121704,193466400
2013-02-21,11.730000,11.730000,11.350000,11.420000,8.827956,235532400
2013-02-22,11.620000,11.640000,11.260000,11.440000,8.843414,179268200
2013-02-25,11.600000,11.610000,10.980000,11.030000,8.526472,206893900
2013-02-26,11.120000,11.220000,11.030000,11.130000,8.603779,173039600
2013-02-27,11.150000,11.360000,11.100000,11.300000,8.743046,147145400
2013-02-28,11.330000,11.370000,11.200000,11.230000,8.688885,143546700
2013-03-01,11.130000,11.550000,11.020000,11.340000,8.773996,189050700
2013-03-04,11.270000,11.450000,11.220000,11.410000,8.828156,116436000
2013-03-05,11.560000,11.710000,11.530000,11.550000,8.936479,135869700
2013-03-06,11.770000,12.020000,11.760000,11.920000,9.222755,182557500
2013-03-07,12.000000,12.280000,11.980000,12.260000,9.485816,212403800
2013-03-08,12.420000,12.440000,12.020000,12.070000,9.338812,209777100
2013-03-11,12.080000,12.220000,12.020000,12.150000,9.400710,106427800
2013-03-12,12.110000,12.180000,11.910000,12.010000,9.292387,128134700
2013-03-13,12.040000,12.110000,11.980000,12.060000,9.331076,86216800
2013-03-14,12.120000,12.190000,12.100000,12.110000,9.369758,115440000
2013-03-15,12.520000,12.660000,12.350000,12.570000,9.725670,319019100
2013-03-18,12.290000,12.680000,12.260000,12.560000,9.717936,189783300
2013-03-19,12.790000,12.940000,12.590000,12.710000,9.833991,242939600
2013-03-20,12.790000,12.890000,12.710000,12.780000,9.888155,219121700
2013-03-21,12.710000,12.840000,12.550000,12.570000,9.725670,154529400
2013-03-22,12.620000,12.670000,12.480000,12.560000,9.717936,101974400
2013-03-25,12.680000,12.720000,12.320000,12.400000,9.594142,154320200
2013-03-26,12.450000,12.500000,12.150000,12.280000,9.501292,135654700
2013-03-27,12.140000,12.280000,12.120000,12.230000,9.462605,107177200
2013-03-28,12.240000,12.280000,12.110000,12.180000,9.423922,92013900
2013-04-01,12.150000,12.280000,12.100000,12.150000,9.400710,86281600
2013-04-02,12.240000,12.250000,12.140000,12.150000,9.400710,102626000
2013-04-03,12.120000,12.140000,11.720000,11.810000,9.137644,199765800
2013-04-04,11.810000,11.990000,11.720000,11.940000,9.238227,117831400
2013-04-05,11.670000,12.010000,11.640000,11.970000,9.261438,141061900
2013-04-08,12.000000,12.210000,11.910000,12.210000,9.447131,101419200
2013-04-09,12.250000,12.350000,12.210000,12.250000,9.478084,132365800
2013-04-10,12.310000,12.400000,12.260000,12.320000,9.532241,105853900
2013-04-11,12.310000,12.330000,12.160000,12.270000,9.493555,100241900
2013-04-12,12.150000,12.250000,12.070000,12.170000,9.416183,88191700
2013-04-15,12.190000,12.320000,11.970000,11.980000,9.269177,176504300
2013-04-16,12.210000,12.360000,12.080000,12.280000,9.501292,147641900
2013-04-17,11.910000,12.020000,11.450000,11.700000,9.052536,335408600
2013-04-18,11.610000,11.650000,11.230000,11.440000,8.851368,220290500
2013-04-19,11.560000,11.690000,11.430000,11.660000,9.021585,119792000
2013-04-22,11.680000,11.750000,11.570000,11.720000,9.068008,88532300
2013-04-23,11.920000,12.160000,11.900000,12.070000,9.338812,176816000
2013-04-24,12.140000,12.370000,12.120000,12.310000,9.524506,120624900
2013-04-25,12.390000,12.540000,12.360000,12.440000,9.625085,118694600
2013-04-26,12.340000,12.460000,12.290000,12.420000,9.609615,83093200
2013-04-29,12.450000,12.480000,12.370000,12.380000,9.578664,65432400
2013-04-30,12.390000,12.400000,12.200000,12.310000,9.524506,89362100
2013-05-01,12.200000,12.270000,12.080000,12.140000,9.392975,88417800
2013-05-02,12.170000,12.210000,12.050000,12.190000,9.431662,76530500
2013-05-03,12.360000,12.410000,12.210000,12.240000,9.470344,94322600
2013-05-06,12.390000,12.890000,12.360000,12.880000,9.965526,265062800
2013-05-07,12.920000,13.110000,12.760000,12.900000,9.981001,218248100
2013-05-08,12.850000,13.180000,12.840000,13.020000,10.073848,149755400
2013-05-09,13.050000,13.060000,12.870000,12.910000,9.988736,112952300
2013-05-10,12.940000,13.040000,12.890000,13.020000,10.073848,87625100
2013-05-13,12.980000,13.100000,12.950000,12.980000,10.042897,94295600
2013-05-14,13.040000,13.360000,13.020000,13.340000,10.321437,154128100
2013-05-15,13.290000,13.550000,13.290000,13.440000,10.398808,139728300
2013-05-16,13.410000,13.550000,13.320000,13.360000,10.336915,117977000
2013-05-17,13.500000,13.520000,13.390000,13.430000,10.391071,107335600
2013-05-20,13.390000,13.600000,13.390000,13.510000,10.452971,88941700
2013-05-21,13.530000,13.560000,13.360000,13.440000,10.398808,111810300
2013-05-22,13.490000,13.730000,13.170000,13.310000,10.298225,174531500
2013-05-23,12.930000,13.420000,12.820000,13.210000,10.220856,190522000
2013-05-24,13.170000,13.260000,13.120000,13.240000,10.244066,83452600
2013-05-28,13.490000,13.510000,13.310000,13.350000,10.329175,133553000
2013-05-29,13.310000,13.560000,13.270000,13.480000,10.429759,126397300
2013-05-30,13.500000,13.930000,13.430000,13.830000,10.700565,153383400
2013-05-31,13.910000,13.990000,13.650000,13.660000,10.569030,160176100
2013-06-03,13.690000,13.730000,13.210000,13.550000,10.483921,197168200
2013-06-04,13.510000,13.670000,13.310000,13.360000,10.336915,130055400
2013-06-05,13.290000,13.450000,12.970000,13.090000,10.135595,185778900
2013-06-06,13.080000,13.240000,12.850000,13.200000,10.220768,142361900
2013-06-07,13.330000,13.390000,13.150000,13.380000,10.360141,121057300
2013-06-10,13.490000,13.550000,13.260000,13.300000,10.298196,104648500
2013-06-11,13.110000,13.280000,13.070000,13.120000,10.158819,106369100
2013-06-12,13.240000,13.250000,12.970000,13.060000,10.112364,117289400
2013-06-13,13.000000,13.260000,12.970000,13.210000,10.228511,103636400
2013-06-14,13.230000,13.240000,13.030000,13.070000,10.120105,101380700
2013-06-17,13.170000,13.260000,13.130000,13.210000,10.228511,115441500
2013-06-18,13.220000,13.340000,13.200000,13.270000,10.274966,67257600
2013-06-19,13.290000,13.400000,13.170000,13.190000,10.213024,103850000
2013-06-20,13.080000,13.140000,12.800000,12.890000,9.980737,185741100
2013-06-21,12.990000,13.000000,12.390000,12.690000,9.825872,196004700
2013-06-24,12.400000,12.450000,12.130000,12.300000,9.523896,159762500
2013-06-25,12.610000,12.770000,12.430000,12.670000,9.810388,132844500
2013-06-26,12.840000,12.850000,12.680000,12.760000,9.880075,105282000
2013-06-27,12.840000,13.030000,12.780000,13.010000,10.073649,124616300
2013-06-28,12.970000,13.000000,12.840000,12.860000,9.957503,90297100
2013-07-01,12.950000,13.100000,12.920000,12.930000,10.011705,83146300
2013-07-02,12.950000,13.100000,12.800000,12.900000,9.988479,83708600
2013-07-03,12.820000,12.840000,12.730000,12.830000,9.934276,37971700
2013-07-05,12.990000,13.080000,12.910000,13.060000,10.112364,80758500
2013-07-08,13.110000,13.370000,13.080000,13.280000,10.282716,107441200
2013-07-09,13.370000,13.530000,13.250000,13.530000,10.476285,106067300
2013-07-10,13.510000,13.530000,13.310000,13.370000,10.352397,104353400
2013-07-11,13.540000,13.580000,13.330000,13.510000,10.460798,93756500
2013-07-12,13.540000,13.800000,13.470000,13.780000,10.669862,123958400
2013-07-15,13.930000,13.940000,13.760000,13.880000,10.747291,90765200
2013-07-16,13.930000,14.020000,13.770000,13.920000,10.778264,146041900
2013-07-17,14.060000,14.440000,14.040000,14.310000,11.080241,249674500
2013-07-18,14.400000,14.850000,14.400000,14.760000,11.428676,221796400
2013-07-19,14.760000,14.760000,14.600000,14.750000,11.420929,136196600
2013-07-22,14.740000,14.990000,14.650000,14.920000,11.552565,112416800
2013-07-23,14.980000,15.030000,14.860000,14.940000,11.568048,113736000
2013-07-24,15.000000,15.000000,14.680000,14.710000,11.389960,117771100
2013-07-25,14.620000,14.850000,14.540000,14.830000,11.482875,89243300
2013-07-26,14.700000,14.760000,14.620000,14.730000,11.405448,73777800
2013-07-29,14.650000,14.700000,14.450000,14.520000,11.242846,88616700
2013-07-30,14.580000,14.630000,14.460000,14.520000,11.242846,71675200
2013-07-31,14.580000,14.850000,14.570000,14.600000,11.304788,128182500
2013-08-01,14.850000,14.970000,14.820000,14.950000,11.575793,108554200
2013-08-02,14.880000,14.910000,14.780000,14.840000,11.490623,83367400
2013-08-05,14.770000,14.840000,14.700000,14.800000,11.459645,61711900
2013-08-06,14.740000,14.760000,14.630000,14.640000,11.335760,84249800
2013-08-07,14.430000,14.570000,14.250000,14.530000,11.250587,128693600
2013-08-08,14.680000,14.700000,14.440000,14.610000,11.312533,88544100
2013-08-09,14.560000,14.610000,14.400000,14.450000,11.188646,72897900
2013-08-12,14.360000,14.470000,14.320000,14.410000,11.157674,60867500
2013-08-13,14.470000,14.620000,14.330000,14.510000,11.235100,75777900
2013-08-14,14.550000,14.750000,14.540000,14.600000,11.304788,78553700
2013-08-15,14.460000,14.470000,14.310000,14.320000,11.087980,99238900
2013-08-16,14.290000,14.470000,14.210000,14.420000,11.165414,104959000
2013-08-19,14.370000,14.380000,14.130000,14.150000,10.956350,98384600
2013-08-20,14.180000,14.380000,13.980000,14.290000,11.064754,114332500
2013-08-21,14.260000,14.480000,14.200000,14.340000,11.103468,91680600
2013-08-22,14.470000,14.600000,14.400000,14.570000,11.281560,76348300
2013-08-23,14.590000,14.690000,14.510000,14.570000,11.281560,67699200
2013-08-26,14.530000,14.700000,14.490000,14.490000,11.219615,68938900
2013-08-27,14.260000,14.410000,14.100000,14.110000,10.925383,122534200
2013-08-28,14.070000,14.250000,13.990000,14.120000,10.933124,96473600
2013-08-29,14.140000,14.300000,14.120000,14.170000,10.971839,76691500
2013-08-30,14.230000,14.250000,14.070000,14.120000,10.933124,73233400
2013-09-03,14.300000,14.380000,14.180000,14.250000,11.033783,74628700
2013-09-04,14.210000,14.400000,14.210000,14.320000,11.095769,71132500
2013-09-05,14.410000,14.550000,14.360000,14.370000,11.134511,71229200
2013-09-06,14.470000,14.500000,14.270000,14.360000,11.126760,75513100
2013-09-09,14.410000,14.490000,14.370000,14.480000,11.219748,53447300
2013-09-10,14.520000,14.690000,14.520000,14.610000,11.320473,93180300
2013-09-11,14.560000,14.680000,14.520000,14.650000,11.351470,81098900
2013-09-12,14.650000,14.680000,14.460000,14.480000,11.219748,63355900
2013-09-13,14.460000,14.550000,14.450000,14.490000,11.227496,56793400
2013-09-16,14.610000,14.680000,14.530000,14.530000,11.258489,65276500
2013-09-17,14.530000,14.620000,14.400000,14.550000,11.273980,73686100
2013-09-18,14.530000,14.820000,14.490000,14.710000,11.397958,127092600
2013-09-19,14.800000,14.830000,14.580000,14.610000,11.320473,79710700
2013-09-20,14.650000,14.660000,14.440000,14.440000,11.188751,145174800
2013-09-23,14.310000,14.320000,14.090000,14.140000,10.956301,127283100
2013-09-24,14.180000,14.250000,14.010000,14.090000,10.917555,96912800
2013-09-25,14.120000,14.240000,14.030000,14.140000,10.956301,86546100
2013-09-26,14.190000,14.220000,13.980000,14.080000,10.909805,89352900
2013-09-27,13.990000,14.030000,13.880000,13.900000,10.770334,79156000
2013-09-30,13.690000,13.930000,13.600000,13.800000,10.692850,104439900
2013-10-01,13.850000,13.920000,13.810000,13.900000,10.770334,57631000
2013-10-02,13.810000,14.100000,13.790000,14.060000,10.894313,89186300
2013-10-03,14.070000,14.100000,13.830000,14.000000,10.847818,95269000
2013-10-04,14.020000,14.080000,13.960000,14.050000,10.886560,63495400
2013-10-07,13.910000,13.950000,13.800000,13.810000,10.700600,64822700
2013-10-08,13.830000,13.900000,13.680000,13.690000,10.607615,92746200
2013-10-09,13.720000,13.930000,13.690000,13.840000,10.723845,96012800
2013-10-10,14.030000,14.250000,14.010000,14.230000,11.026031,102305800
2013-10-11,14.240000,14.280000,14.110000,14.190000,10.995042,83422000
2013-10-14,14.060000,14.390000,14.050000,14.350000,11.119016,78367500
2013-10-15,14.390000,14.430000,14.210000,14.240000,11.033782,102099300
2013-10-16,14.320000,14.610000,14.320000,14.560000,11.281732,153481000
2013-10-17,14.450000,14.660000,14.410000,14.660000,11.359220,94090800
2013-10-18,14.680000,14.720000,14.530000,14.630000,11.335971,96986400
2013-10-21,14.530000,14.590000,14.470000,14.520000,11.250739,91280600
2013-10-22,14.550000,14.630000,14.450000,14.520000,11.250739,102836000
2013-10-23,14.450000,14.480000,14.170000,14.210000,11.010533,108529700
2013-10-24,14.120000,14.200000,14.070000,14.170000,10.979542,92566100
2013-10-25,14.150000,14.270000,14.140000,14.260000,11.049279,58592400
2013-10-28,14.290000,14.320000,14.210000,14.230000,11.026031,62328000
2013-10-29,14.260000,14.290000,14.060000,14.150000,10.964047,79563100
2013-10-30,14.190000,14.290000,14.150000,14.170000,10.979542,76624200
2013-10-31,14.140000,14.160000,13.960000,13.970000,10.824574,105713400
2013-11-01,14.000000,14.100000,13.960000,14.020000,10.863315,75610400
2013-11-04,14.090000,14.120000,14.000000,14.040000,10.878810,53063200
2013-11-05,13.990000,14.020000,13.900000,13.930000,10.793581,71809700
2013-11-06,13.990000,14.020000,13.910000,13.960000,10.816827,66712900
2013-11-07,14.000000,14.030000,13.800000,13.800000,10.692850,80775000
2013-11-08,13.860000,14.320000,13.840000,14.320000,11.095769,158227300
2013-11-11,14.270000,14.420000,14.240000,14.400000,11.157757,66357400
2013-11-12,14.330000,14.460000,14.260000,14.320000,11.095769,69498300
2013-11-13,14.260000,14.640000,14.200000,14.640000,11.343719,128018500
2013-11-14,14.680000,14.820000,14.610000,14.800000,11.467696,128999400
2013-11-15,14.790000,14.950000,14.770000,14.920000,11.560678,105475300
2013-11-18,14.980000,15.170000,14.860000,14.920000,11.560678,145554400
2013-11-19,14.980000,15.300000,14.970000,15.200000,11.777636,161505600
2013-11-20,15.250000,15.270000,15.080000,15.140000,11.731139,107174900
2013-11-21,15.220000,15.600000,15.200000,15.590000,12.079820,142053600
2013-11-22,15.700000,15.790000,15.600000,15.640000,12.118565,110331100
2013-11-25,15.670000,15.980000,15.660000,15.810000,12.250285,153765500
2013-11-26,15.840000,15.970000,15.810000,15.880000,12.304527,114833700
2013-11-27,15.870000,15.940000,15.760000,15.830000,12.265785,75503600
2013-11-29,15.840000,15.920000,15.790000,15.820000,12.258039,44288400
2013-12-02,15.840000,15.970000,15.700000,15.730000,12.188296,92987400
2013-12-03,15.640000,15.790000,15.390000,15.540000,12.041078,106450300
2013-12-04,15.390000,15.730000,15.360000,15.630000,12.118615,96678100
2013-12-05,15.610000,15.640000,15.360000,15.430000,11.963545,95230500
2013-12-06,15.610000,15.720000,15.460000,15.560000,12.064339,92203100
2013-12-09,15.620000,15.670000,15.560000,15.580000,12.079848,50167200
2013-12-10,15.520000,15.680000,15.510000,15.560000,12.064339,67486300
2013-12-11,15.550000,15.550000,15.180000,15.250000,11.823984,117565000
2013-12-12,15.260000,15.350000,15.120000,15.250000,11.823984,76113900
2013-12-13,15.280000,15.330000,15.130000,15.180000,11.769708,61575600
2013-12-16,15.220000,15.340000,15.200000,15.240000,11.816231,71467000
2013-12-17,15.240000,15.300000,15.140000,15.180000,11.769708,74247300
2013-12-18,15.280000,15.710000,15.060000,15.690000,12.165134,152929300
2013-12-19,15.660000,15.790000,15.600000,15.750000,12.211656,97776100
2013-12-20,15.750000,15.870000,15.600000,15.600000,12.095352,131956000
2013-12-23,15.720000,15.790000,15.690000,15.690000,12.165134,52565800
2013-12-24,15.720000,15.750000,15.670000,15.700000,12.172890,21770400
2013-12-26,15.740000,15.750000,15.640000,15.650000,12.134120,48803600
2013-12-27,15.670000,15.700000,15.580000,15.670000,12.149629,40049300
2013-12-30,15.640000,15.690000,15.520000,15.540000,12.048833,56218800
2013-12-31,15.600000,15.620000,15.510000,15.570000,12.072094,57188900
2014-01-02,15.690000,16.160000,15.680000,16.100000,12.483024,148709900
2014-01-03,16.270000,16.500000,16.230000,16.410000,12.723383,129921800
2014-01-06,16.629999,16.730000,16.559999,16.660000,12.917216,114431300
2014-01-07,16.770000,16.790001,16.450001,16.500000,12.793163,110605100
2014-01-08,16.670000,16.690001,16.520000,16.580000,12.855194,101036400
2014-01-09,16.670000,16.930000,16.610001,16.830000,13.049027,100947200
2014-01-10,16.750000,16.790001,16.610001,16.770000,13.002507,87454100
2014-01-13,16.790001,16.799999,16.400000,16.430000,12.738886,90025400
2014-01-14,16.540001,16.770000,16.530001,16.770000,13.002507,97786600
2014-01-15,17.230000,17.420000,17.110001,17.150000,13.297137,329333100
2014-01-16,17.090000,17.139999,16.990000,17.080000,13.242866,163613100
2014-01-17,17.200001,17.219999,16.990000,17.010000,13.188587,96232200
2014-01-21,17.080000,17.160000,16.870001,17.010000,13.188587,118269200
2014-01-22,17.080000,17.150000,17.000000,17.150000,13.297137,68114400
2014-01-23,17.070000,17.090000,16.740000,16.860001,13.072287,123765900
2014-01-24,16.670000,16.719999,16.450001,16.450001,12.754395,112899300
2014-01-27,16.370001,16.540001,16.059999,16.309999,12.645849,134872600
2014-01-28,16.450001,16.760000,16.370001,16.730000,12.971493,92891300
2014-01-29,16.549999,16.850000,16.490000,16.680000,12.932723,130026900
2014-01-30,16.809999,16.990000,16.770000,16.930000,13.126558,91028200
2014-01-31,16.719999,16.980000,16.610001,16.750000,12.987000,139432100
2014-02-03,16.770000,16.879999,16.299999,16.350000,12.676863,159981200
2014-02-04,16.490000,16.559999,16.260000,16.350000,12.676863,125337000
2014-02-05,16.309999,16.450001,16.150000,16.400000,12.715624,110576200
2014-02-06,16.450001,16.730000,16.440001,16.690001,12.940479,110029100
2014-02-07,16.820000,16.879999,16.629999,16.820000,13.041274,122571100
2014-02-10,16.709999,16.730000,16.600000,16.719999,12.963736,95792500
2014-02-11,16.730000,16.920000,16.639999,16.879999,13.087793,92617500
2014-02-12,16.870001,16.910000,16.650000,16.750000,12.987000,96948900
2014-02-13,16.650000,16.820000,16.629999,16.750000,12.987000,95756900
2014-02-14,16.740000,16.760000,16.650000,16.700001,12.948231,100684300
2014-02-18,16.700001,16.740000,16.469999,16.469999,12.769905,121778600
2014-02-19,16.379999,16.450001,16.180000,16.200001,12.560559,137734500
2014-02-20,16.219999,16.360001,16.180000,16.299999,12.638093,107425900
2014-02-21,16.290001,16.490000,16.250000,16.290001,12.630342,106236900
2014-02-24,16.299999,16.629999,16.299999,16.530001,12.816425,102909600
2014-02-25,16.500000,16.559999,16.320000,16.340000,12.669108,81457000
2014-02-26,16.360001,16.400000,16.129999,16.330000,12.661351,89831600
2014-02-27,16.270000,16.490000,16.209999,16.490000,12.785409,71314500
2014-02-28,16.490000,16.650000,16.350000,16.530001,12.816425,126252100
2014-03-03,16.299999,16.410000,16.190001,16.299999,12.638093,87526800
2014-03-04,16.480000,16.740000,16.430000,16.730000,12.971493,100849900
2014-03-05,16.790001,17.309999,16.780001,17.250000,13.382670,207180000
2014-03-06,17.420000,17.629999,17.309999,17.350000,13.460252,138078900
2014-03-07,17.540001,17.590000,17.250000,17.330000,13.444729,109547100
2014-03-10,17.270000,17.469999,17.250000,17.469999,13.553347,81732700
2014-03-11,17.510000,17.520000,17.250000,17.270000,13.398184,90183400
2014-03-12,17.180000,17.330000,17.070000,17.280001,13.405944,83309200
2014-03-13,17.340000,17.469999,17.070000,17.160000,13.312845,100875700
2014-03-14,17.080000,17.219999,16.760000,16.799999,13.033553,131297200
2014-03-17,16.980000,17.170000,16.969999,17.110001,13.274055,79942200
2014-03-18,17.139999,17.219999,17.070000,17.190001,13.336120,67402400
2014-03-19,17.160000,17.490000,17.120001,17.440001,13.530071,105006500
2014-03-20,17.440001,18.000000,17.430000,17.920000,13.902461,167048700
2014-03-21,18.030001,18.030001,17.559999,17.559999,13.623166,155721000
2014-03-24,17.620001,17.650000,17.299999,17.370001,13.475764,118500000
2014-03-25,17.490000,17.580000,17.200001,17.209999,13.351637,98348600
2014-03-26,17.379999,17.400000,17.180000,17.180000,13.328362,97573700
2014-03-27,17.280001,17.490000,16.830000,17.010000,13.196476,175139500
2014-03-28,17.090000,17.150000,16.850000,16.980000,13.173197,79909500
2014-03-31,17.150000,17.270000,17.120001,17.200001,13.343882,62115800
2014-04-01,17.280001,17.400000,17.260000,17.340000,13.452495,57423800
2014-04-02,17.350000,17.379999,17.129999,17.230000,13.367149,65349000
2014-04-03,17.209999,17.240000,17.030001,17.150000,13.305090,56534500
2014-04-04,17.209999,17.219999,16.700001,16.719999,12.971489,110409600
2014-04-07,16.690001,16.700001,16.190001,16.379999,12.707716,129464900
2014-04-08,16.370001,16.500000,16.250000,16.440001,12.754265,75769700
2014-04-09,16.549999,16.629999,16.350000,16.620001,12.893912,83096400
2014-04-10,16.620001,16.620001,16.100000,16.120001,12.506004,98390900
2014-04-11,15.860000,16.129999,15.620000,15.770000,12.234474,133757100
2014-04-14,16.049999,16.219999,15.780000,16.000000,12.412909,99249400
2014-04-15,16.090000,16.410000,15.960000,16.389999,12.715474,134956600
2014-04-16,16.200001,16.219999,15.780000,16.129999,12.513762,172948900
2014-04-17,16.139999,16.250000,15.930000,16.150000,12.529279,104765500
2014-04-21,16.150000,16.170000,16.030001,16.090000,12.482732,51280500
2014-04-22,16.090000,16.340000,16.040001,16.290001,12.637896,77888900
2014-04-23,16.299999,16.400000,16.230000,16.370001,12.699961,52425600
2014-04-24,16.430000,16.500000,16.209999,16.340000,12.676684,73910900
2014-04-25,16.100000,16.230000,15.930000,15.950000,12.374118,84617700
2014-04-28,15.330000,15.410000,14.860000,14.950000,11.598312,344935200
2014-04-29,15.040000,15.300000,14.910000,15.240000,11.823298,155495000
2014-04-30,15.260000,15.270000,15.130000,15.140000,11.745715,82359700
2014-05-01,15.140000,15.220000,15.030000,15.090000,11.706926,68368300
2014-05-02,15.180000,15.290000,15.100000,15.250000,11.831057,73562900
2014-05-05,15.080000,15.130000,15.020000,15.080000,11.699167,51669100
2014-05-06,15.030000,15.030000,14.720000,14.730000,11.427638,96268300
2014-05-07,14.860000,14.920000,14.750000,14.800000,11.481942,91733000
2014-05-08,14.850000,15.040000,14.800000,14.930000,11.582797,65232700
2014-05-09,14.950000,14.990000,14.670000,14.740000,11.435393,86751600
2014-05-12,14.790000,15.100000,14.790000,15.070000,11.691407,70669900
2014-05-13,15.040000,15.100000,14.940000,15.030000,11.660381,58469100
2014-05-14,14.990000,15.020000,14.810000,14.840000,11.512975,52431900
2014-05-15,14.820000,14.830000,14.390000,14.550000,11.287991,104193000
2014-05-16,14.510000,14.540000,14.370000,14.510000,11.256959,80476100
2014-05-19,14.430000,14.700000,14.380000,14.670000,11.381088,51034700
2014-05-20,14.650000,14.690000,14.480000,14.530000,11.272473,60108200
2014-05-21,14.590000,14.710000,14.500000,14.610000,11.334538,64808600
2014-05-22,14.580000,14.720000,14.550000,14.710000,11.412119,51929400
2014-05-23,14.710000,14.810000,14.650000,14.720000,11.419880,51648900
2014-05-27,15.000000,15.310000,14.980000,15.220000,11.807781,125398900
2014-05-28,15.270000,15.280000,15.030000,15.140000,11.745715,72481700
2014-05-29,15.120000,15.210000,15.100000,15.150000,11.753475,39423000
2014-05-30,15.120000,15.230000,15.070000,15.140000,11.745715,45787100
2014-06-02,15.160000,15.280000,15.050000,15.260000,11.838812,46374000
2014-06-03,15.200000,15.280000,15.110000,15.210000,11.800022,49025400
2014-06-04,15.190000,15.260000,15.150000,15.210000,11.800022,39757300
2014-06-05,15.280000,15.480000,15.220000,15.430000,11.970700,60300500
2014-06-06,15.450000,15.650000,15.430000,15.590000,12.094828,73930500
2014-06-09,15.600000,15.880000,15.600000,15.840000,12.288781,78647900
2014-06-10,15.780000,15.940000,15.730000,15.920000,12.350843,49852900
2014-06-11,15.690000,15.820000,15.550000,15.590000,12.094828,73729300
2014-06-12,15.570000,15.660000,15.380000,15.420000,11.962944,66173200
2014-06-13,15.460000,15.550000,15.330000,15.440000,11.978459,61588100
2014-06-16,15.300000,15.310000,15.180000,15.280000,11.854331,55425400
2014-06-17,15.270000,15.620000,15.260000,15.590000,12.094828,58011600
2014-06-18,15.630000,15.690000,15.440000,15.650000,12.141376,70220300
2014-06-19,15.660000,15.670000,15.500000,15.550000,12.063800,40953900
2014-06-20,15.630000,15.630000,15.440000,15.450000,11.993928,54765300
2014-06-23,15.470000,15.650000,15.380000,15.640000,12.141426,58492200
2014-06-24,15.560000,15.700000,15.440000,15.490000,12.024981,73262500
2014-06-25,15.450000,15.490000,15.280000,15.470000,12.009454,71766400
2014-06-26,15.440000,15.530000,15.270000,15.410000,11.962877,68519600
2014-06-27,15.380000,15.420000,15.310000,15.330000,11.900774,58149200
2014-06-30,15.310000,15.450000,15.290000,15.370000,11.931826,47274500
2014-07-01,15.380000,15.650000,15.380000,15.600000,12.110377,74193500
2014-07-02,15.780000,16.030001,15.760000,15.850000,12.304456,87685800
2014-07-03,16.070000,16.230000,16.000000,16.030001,12.444187,70582300
2014-07-07,15.990000,16.000000,15.830000,15.940000,12.374320,62437100
2014-07-08,15.820000,15.830000,15.520000,15.580000,12.094852,73343400
2014-07-09,15.620000,15.690000,15.540000,15.600000,12.110377,46415800
2014-07-10,15.330000,15.530000,15.250000,15.440000,11.986164,61458500
2014-07-11,15.390000,15.430000,15.300000,15.380000,11.939587,56849400
2014-07-14,15.620000,15.670000,15.520000,15.570000,12.087088,59181700
2014-07-15,15.750000,15.850000,15.660000,15.810000,12.273399,99946700
2014-07-16,15.660000,15.660000,15.430000,15.510000,12.040508,123711700
2014-07-17,15.450000,15.480000,15.130000,15.200000,11.799853,114839900
2014-07-18,15.270000,15.500000,15.250000,15.490000,12.024981,74859200
2014-07-21,15.420000,15.550000,15.360000,15.520000,12.048272,61802200
2014-07-22,15.590000,15.620000,15.470000,15.520000,12.048272,58331100
2014-07-23,15.520000,15.630000,15.510000,15.520000,12.048272,47253300
2014-07-24,15.560000,15.640000,15.550000,15.620000,12.125901,46549800
2014-07-25,15.590000,15.630000,15.550000,15.590000,12.102608,35627200
2014-07-28,15.590000,15.610000,15.460000,15.500000,12.032743,39313000
2014-07-29,15.520000,15.530000,15.340000,15.340000,11.908535,51480500
2014-07-30,15.430000,15.670000,15.310000,15.580000,12.094852,83243100
2014-07-31,15.440000,15.550000,15.250000,15.250000,11.838667,70677300
2014-08-01,15.180000,15.390000,14.840000,14.980000,11.629064,115978900
2014-08-04,15.070000,15.120000,14.980000,15.050000,11.683408,51954700
2014-08-05,15.010000,15.200000,14.900000,15.000000,11.644594,65071500
2014-08-06,15.140000,15.360000,15.140000,15.200000,11.799853,95977900
2014-08-07,15.440000,15.440000,15.090000,15.120000,11.737749,80058300
2014-08-08,15.080000,15.200000,14.990000,15.200000,11.799853,54495000
2014-08-11,15.260000,15.270000,15.150000,15.220000,11.815379,41545100
2014-08-12,15.180000,15.300000,15.150000,15.210000,11.807615,33674400
2014-08-13,15.250000,15.290000,15.200000,15.250000,11.838667,34394600
2014-08-14,15.260000,15.320000,15.260000,15.320000,11.893007,29934600
2014-08-15,15.340000,15.410000,15.140000,15.220000,11.815379,61535500
2014-08-18,15.280000,15.450000,15.270000,15.450000,11.993928,54968600
2014-08-19,15.520000,15.650000,15.440000,15.450000,11.993928,44825500
2014-08-20,15.410000,15.630000,15.370000,15.520000,12.048272,57825000
2014-08-21,15.690000,16.219999,15.620000,16.160000,12.545105,177294400
2014-08-22,16.160000,16.290001,16.049999,16.129999,12.521815,107641800
2014-08-25,16.270000,16.400000,16.200001,16.290001,12.646029,89396500
2014-08-26,16.340000,16.459999,16.320000,16.330000,12.677076,73323400
2014-08-27,16.370001,16.389999,16.139999,16.200001,12.576161,63061800
2014-08-28,16.100000,16.100000,15.990000,16.010000,12.428664,62170400
2014-08-29,16.049999,16.139999,16.020000,16.090000,12.490765,50106600
2014-09-02,16.139999,16.280001,16.059999,16.270000,12.630498,59400400
2014-09-03,16.270000,16.280001,16.040001,16.100000,12.537057,67418900
2014-09-04,16.100000,16.270000,16.040001,16.110001,12.544845,56378600
2014-09-05,16.049999,16.070000,15.900000,16.020000,12.474762,80974900
2014-09-08,16.190001,16.370001,16.150000,16.350000,12.731734,99411200
2014-09-09,16.250000,16.260000,16.100000,16.139999,12.568203,82428900
2014-09-10,16.160000,16.400000,16.129999,16.360001,12.739518,75656100
2014-09-11,16.320000,16.629999,16.299999,16.570000,12.903044,106598100
2014-09-12,16.620001,16.830000,16.610001,16.790001,13.074358,116306800
2014-09-15,16.799999,16.930000,16.620001,16.740000,13.035424,87306900
2014-09-16,16.670000,16.840000,16.670000,16.709999,13.012060,65017200
2014-09-17,16.709999,16.930000,16.680000,16.770000,13.058784,82902700
2014-09-18,16.879999,17.150000,16.870001,17.040001,13.269038,111923200
2014-09-19,17.150000,17.170000,16.879999,16.950001,13.198951,88455000
2014-09-22,17.090000,17.170000,16.990000,17.030001,13.261246,109276700
2014-09-23,17.049999,17.200001,17.030001,17.049999,13.276820,91921900
2014-09-24,17.120001,17.190001,16.969999,17.180000,13.378051,86396100
2014-09-25,17.160000,17.180000,16.850000,16.850000,13.121082,104522500
2014-09-26,16.910000,17.049999,16.889999,17.030001,13.261246,66785900
2014-09-29,16.910000,17.049999,16.879999,17.010000,13.245674,68038300
2014-09-30,17.080000,17.110001,16.969999,17.049999,13.276820,82217400
2014-10-01,17.070000,17.090000,16.799999,16.820000,13.097722,91235900
2014-10-02,16.860001,16.990000,16.629999,16.879999,13.144444,118018800
2014-10-03,17.110001,17.299999,17.059999,17.290001,13.463708,110840600
2014-10-06,17.370001,17.410000,17.219999,17.290001,13.463708,66212100
2014-10-07,17.180000,17.200001,16.879999,16.879999,13.144444,91396300
2014-10-08,16.879999,17.120001,16.719999,17.120001,13.331330,101266800
2014-10-09,17.040001,17.110001,16.549999,16.590000,12.918621,121363100
2014-10-10,16.520000,16.770000,16.360001,16.480000,12.832958,129552700
2014-10-13,16.480000,16.670000,16.400000,16.400000,12.770663,92674100
2014-10-14,16.510000,16.629999,16.360001,16.520000,12.864111,97451900
2014-10-15,16.230000,16.240000,15.430000,15.760000,12.272300,216591800
2014-10-16,15.610000,16.250000,15.520000,16.080000,12.521483,148199400
2014-10-17,16.250000,16.410000,16.160000,16.209999,12.622711,94339200
2014-10-20,16.200001,16.330000,16.160000,16.260000,12.661653,76510700
2014-10-21,16.430000,16.610001,16.309999,16.600000,12.926408,78287300
2014-10-22,16.590000,16.700001,16.370001,16.400000,12.770663,85199800
2014-10-23,16.580000,16.730000,16.520000,16.600000,12.926408,68436600
2014-10-24,16.629999,16.719999,16.559999,16.719999,13.019851,41951400
2014-10-27,16.680000,16.690001,16.500000,16.590000,12.918621,51500000
2014-10-28,16.620001,16.799999,16.610001,16.799999,13.082143,71850800
2014-10-29,16.770000,17.020000,16.709999,16.990000,13.230099,99875700
2014-10-30,16.959999,17.120001,16.840000,17.030001,13.261246,72579100
2014-10-31,17.170000,17.219999,17.100000,17.160000,13.362477,82788900
2014-11-03,17.180000,17.350000,17.100000,17.270000,13.448136,64050700
2014-11-04,17.219999,17.299999,17.020000,17.209999,13.401415,53515400
2014-11-05,17.320000,17.370001,17.209999,17.340000,13.502646,58608200
2014-11-06,17.340000,17.400000,17.280001,17.360001,13.518218,57339200
2014-11-07,17.309999,17.379999,17.219999,17.360001,13.518218,53907800
2014-11-10,17.360001,17.400000,17.299999,17.370001,13.526004,54261100
2014-11-11,17.370001,17.459999,17.299999,17.320000,13.487073,62236000
2014-11-12,17.240000,17.299999,17.070000,17.290001,13.463708,48669100
2014-11-13,17.290001,17.299999,17.120001,17.219999,13.409197,50586300
2014-11-14,17.170000,17.250000,17.100000,17.139999,13.346906,41144600
2014-11-17,17.059999,17.139999,16.969999,17.090000,13.307969,43393300
2014-11-18,17.070000,17.219999,17.059999,17.139999,13.346906,39490700
2014-11-19,17.150000,17.150000,17.010000,17.059999,13.284607,49441600
2014-11-20,16.959999,17.010000,16.830000,17.000000,13.237886,49652100
2014-11-21,17.150000,17.190001,17.059999,17.120001,13.331330,63000000
2014-11-24,17.160000,17.280001,17.080000,17.180000,13.378051,52785700
2014-11-25,17.230000,17.260000,17.080000,17.100000,13.315756,44786300
2014-11-26,17.120001,17.150000,17.040001,17.110001,13.323542,27310300
2014-11-28,17.070000,17.150000,17.030001,17.040001,13.269038,27834900
2014-12-01,16.920000,16.940001,16.730000,16.790001,13.074358,61173100
2014-12-02,16.870001,17.150000,16.860001,17.150000,13.354693,62945200
2014-12-03,17.100000,17.299999,17.059999,17.290001,13.503076,70104200
2014-12-04,17.240000,17.340000,17.129999,17.209999,13.440599,49412800
2014-12-05,17.410000,17.709999,17.350000,17.680000,13.807660,131824000
2014-12-08,17.660000,17.870001,17.510000,17.660000,13.792038,101035100
2014-12-09,17.180000,17.590000,17.170000,17.559999,13.713938,95939400
2014-12-10,17.480000,17.680000,17.370001,17.379999,13.573367,103611100
2014-12-11,17.440001,17.650000,17.440001,17.469999,13.643654,80173200
2014-12-12,17.469999,17.469999,17.129999,17.129999,13.378119,88886700
2014-12-15,17.299999,17.309999,16.760000,16.850000,13.159448,101305300
2014-12-16,16.740000,17.190001,16.590000,16.719999,13.057920,96112000
2014-12-17,16.870001,17.270000,16.820000,17.260000,13.479649,92164100
2014-12-18,17.469999,17.530001,17.340000,17.530001,13.690511,79334000
2014-12-19,17.490000,17.700001,17.490000,17.620001,13.760799,105588200
2014-12-22,17.650000,17.730000,17.549999,17.709999,13.831088,70969300
2014-12-23,17.830000,17.990000,17.780001,17.930000,14.002901,94405200
2014-12-24,17.969999,18.100000,17.920000,17.980000,14.041951,35091300
2014-12-26,18.020000,18.049999,17.950001,17.980000,14.041951,34362500
2014-12-29,17.969999,18.190001,17.910000,18.110001,14.143483,58370900
2014-12-30,18.040001,18.180000,18.010000,18.129999,14.159092,41433500
2014-12-31,18.190001,18.209999,17.889999,17.889999,13.971659,57819600
2015-01-02,17.990000,18.030001,17.680000,17.900000,13.979474,48951100
2015-01-05,17.790001,17.809999,17.290001,17.379999,13.573367,105605500
2015-01-06,17.420000,17.440001,16.780001,16.860001,13.167255,144912400
2015-01-07,17.139999,17.180000,16.870001,16.940001,13.229735,104603800
2015-01-08,17.160000,17.340000,17.100000,17.290001,13.503076,73388500
2015-01-09,17.379999,17.379999,16.950001,16.980000,13.260970,84144600
2015-01-12,17.020000,17.030001,16.660000,16.680000,13.026678,92762500
2015-01-13,16.820000,16.889999,16.320000,16.450001,12.847056,100845400
2015-01-14,16.000000,16.219999,15.770000,16.040001,12.526854,164779800
2015-01-15,15.590000,15.760000,15.150000,15.200000,11.870836,193241300
2015-01-16,15.160000,15.400000,14.970000,15.380000,12.011410,149802000
2015-01-20,15.590000,15.630000,15.200000,15.260000,11.917691,123402800
2015-01-21,15.280000,15.570000,15.150000,15.410000,12.034840,101054200
2015-01-22,15.550000,16.190001,15.430000,16.090000,12.565903,183042100
2015-01-23,16.040001,16.190001,15.730000,15.730000,12.284753,103376900
2015-01-26,15.720000,15.930000,15.700000,15.850000,12.378472,69969300
2015-01-27,15.550000,15.790000,15.480000,15.630000,12.206655,86184200
2015-01-28,15.720000,15.730000,15.180000,15.200000,11.870836,105359800
2015-01-29,15.310000,15.490000,15.200000,15.430000,12.050459,76095800
2015-01-30,15.230000,15.470000,15.150000,15.150000,11.831791,99844600
2015-02-02,15.270000,15.490000,15.120000,15.460000,12.073891,101586700
2015-02-03,15.620000,15.930000,15.610000,15.890000,12.409707,105159400
2015-02-04,15.790000,16.000000,15.750000,15.790000,12.331614,83848100
2015-02-05,15.980000,16.090000,15.900000,15.970000,12.472188,92264700
2015-02-06,16.299999,16.750000,16.219999,16.490000,12.878298,160832300
2015-02-09,16.350000,16.500000,16.250000,16.350000,12.768960,95532900
2015-02-10,16.559999,16.620001,16.350000,16.420000,12.823627,100322800
2015-02-11,16.330000,16.450001,16.209999,16.360001,12.776766,99924400
2015-02-12,16.410000,16.730000,16.370001,16.670000,13.018871,116394100
2015-02-13,16.730000,16.790001,16.540001,16.610001,12.972014,93632700
2015-02-17,16.520000,16.680000,16.370001,16.629999,12.987634,93350600
2015-02-18,16.549999,16.559999,16.240000,16.299999,12.729909,84057400
2015-02-19,16.209999,16.379999,16.080000,16.209999,12.659619,83604300
2015-02-20,16.139999,16.430000,16.010000,16.379999,12.792386,89763600
2015-02-23,16.320000,16.320000,16.100000,16.200001,12.651814,87623700
2015-02-24,16.270000,16.549999,16.250000,16.379999,12.792386,74109600
2015-02-25,16.370001,16.500000,16.320000,16.490000,12.878298,57201000
2015-02-26,16.420000,16.440001,15.900000,16.040001,12.526854,161100700
2015-02-27,15.780000,15.880000,15.620000,15.810000,12.347231,130448200
2015-03-02,15.790000,16.030001,15.720000,16.010000,12.503428,71402400
2015-03-03,16.030001,16.150000,15.960000,16.040001,12.526854,65689800
2015-03-04,15.960000,15.980000,15.760000,15.840000,12.409344,78441600
2015-03-05,15.920000,16.030001,15.750000,16.000000,12.534690,69510000
2015-03-06,16.000000,16.620001,16.000000,16.219999,12.707043,163207200
2015-03-09,16.309999,16.330000,16.120001,16.170000,12.667872,72912700
2015-03-10,16.040001,16.129999,15.790000,15.790000,12.370171,85633600
2015-03-11,15.920000,16.160000,15.870000,16.110001,12.620868,85910100
2015-03-12,16.049999,16.209999,15.900000,16.090000,12.605198,126376300
2015-03-13,16.080000,16.150000,15.940000,16.090000,12.605198,88581900
2015-03-16,16.110001,16.219999,15.850000,16.129999,12.636533,63406500
2015-03-17,16.070000,16.120001,15.960000,16.090000,12.605198,67315000
2015-03-18,16.010000,16.100000,15.910000,15.980000,12.519022,86387600
2015-03-19,15.960000,15.970000,15.610000,15.610000,12.229156,109169200
2015-03-20,15.700000,15.930000,15.640000,15.840000,12.409344,99867700
2015-03-23,15.820000,15.880000,15.720000,15.720000,12.315333,73773500
2015-03-24,15.730000,15.800000,15.610000,15.610000,12.229156,77011000
2015-03-25,15.630000,15.650000,15.400000,15.410000,12.072474,88541500
2015-03-26,15.390000,15.540000,15.260000,15.420000,12.080308,76741500
2015-03-27,15.480000,15.490000,15.270000,15.310000,11.994134,73140800
2015-03-30,15.420000,15.610000,15.400000,15.520000,12.158648,70835300
2015-03-31,15.500000,15.520000,15.380000,15.390000,12.056806,61381700
2015-04-01,15.420000,15.460000,15.250000,15.410000,12.072474,73153900
2015-04-02,15.430000,15.620000,15.430000,15.540000,12.174316,50443500
2015-04-06,15.390000,15.600000,15.340000,15.510000,12.150815,51189500
2015-04-07,15.530000,15.650000,15.450000,15.460000,12.111644,50057800
2015-04-08,15.510000,15.740000,15.500000,15.610000,12.229156,71732500
2015-04-09,15.630000,15.760000,15.530000,15.710000,12.307498,44935600
2015-04-10,15.690000,15.790000,15.600000,15.720000,12.315333,43817700
2015-04-13,15.780000,15.860000,15.740000,15.800000,12.378004,49191200
2015-04-14,15.880000,15.950000,15.710000,15.820000,12.393675,84385400
2015-04-15,15.700000,15.850000,15.590000,15.640000,12.252659,124479100
2015-04-16,15.640000,15.940000,15.580000,15.790000,12.370171,105591000
2015-04-17,15.710000,15.750000,15.500000,15.560000,12.189988,88994300
2015-04-20,15.620000,15.690000,15.560000,15.570000,12.197822,53649400
2015-04-21,15.600000,15.640000,15.430000,15.500000,12.142980,64033100
2015-04-22,15.550000,15.830000,15.490000,15.740000,12.331002,73092800
2015-04-23,15.720000,15.800000,15.680000,15.690000,12.291828,50292200
2015-04-24,15.710000,15.750000,15.610000,15.640000,12.252659,40766100
2015-04-27,15.630000,15.760000,15.560000,15.560000,12.189988,73523400
2015-04-28,15.580000,15.710000,15.500000,15.650000,12.260495,58080100
2015-04-29,15.600000,16.040001,15.570000,15.980000,12.519022,134499400
2015-04-30,16.000000,16.049999,15.800000,15.930000,12.479849,78313900
2015-05-01,16.000000,16.150000,15.920000,16.110001,12.620868,78171400
2015-05-04,16.139999,16.450001,16.120001,16.440001,12.879395,76592300
2015-05-05,16.420000,16.610001,16.330000,16.350000,12.808888,106148700
2015-05-06,16.360001,16.490000,16.080000,16.290001,12.761882,96426500
2015-05-07,16.230000,16.330000,16.090000,16.240000,12.722710,73794800
2015-05-08,16.320000,16.459999,16.219999,16.450001,12.887226,86333700
2015-05-11,16.450001,16.590000,16.430000,16.490000,12.918564,56246000
2015-05-12,16.459999,16.480000,16.350000,16.430000,12.871560,59627100
2015-05-13,16.440001,16.520000,16.360001,16.469999,12.902895,47330600
2015-05-14,16.530001,16.590000,16.450001,16.520000,12.942066,55395700
2015-05-15,16.520000,16.520000,16.299999,16.350000,12.808888,54937800
2015-05-18,16.309999,16.540001,16.309999,16.510000,12.934233,51059900
2015-05-19,16.590000,16.780001,16.580000,16.770000,13.137923,89115500
2015-05-20,16.780001,16.850000,16.629999,16.740000,13.114420,67684000
2015-05-21,16.709999,16.750000,16.559999,16.730000,13.106590,52056600
2015-05-22,16.719999,16.799999,16.700001,16.750000,13.122255,47032900
2015-05-26,16.730000,16.730000,16.430000,16.500000,12.926400,100048200
2015-05-27,16.559999,16.750000,16.540001,16.740000,13.114420,70026700
2015-05-28,16.719999,16.730000,16.580000,16.670000,13.059586,60970000
2015-05-29,16.660000,16.670000,16.469999,16.500000,12.926400,74266200
2015-06-01,16.580000,16.639999,16.469999,16.549999,12.965567,62941600
2015-06-02,16.520000,16.760000,16.500000,16.719999,13.098749,65513200
2015-06-03,16.670000,17.020000,16.670000,16.930000,13.303053,89614900
2015-06-04,16.870001,16.980000,16.719999,16.780001,13.185184,61025500
2015-06-05,17.040001,17.350000,16.969999,17.190001,13.507350,119087400
2015-06-08,17.270000,17.330000,17.049999,17.080000,13.420918,69749600
2015-06-09,17.049999,17.350000,17.000000,17.309999,13.601643,82104900
2015-06-10,17.389999,17.620001,17.360001,17.590000,13.821655,102643100
2015-06-11,17.620001,17.680000,17.440001,17.490000,13.743080,77191500
2015-06-12,17.450001,17.580000,17.360001,17.490000,13.743080,53149400
2015-06-15,17.330000,17.500000,17.250000,17.469999,13.727364,68053400
2015-06-16,17.459999,17.559999,17.370001,17.549999,13.790226,47291200
2015-06-17,17.590000,17.600000,17.299999,17.370001,13.648791,88712100
2015-06-18,17.350000,17.400000,17.219999,17.379999,13.656644,97599900
2015-06-19,17.280001,17.389999,17.120001,17.170000,13.491639,83395400
2015-06-22,17.360001,17.530001,17.350000,17.469999,13.727364,58477700
2015-06-23,17.559999,17.719999,17.559999,17.670000,13.884524,63865700
2015-06-24,17.530001,17.690001,17.450001,17.490000,13.743080,59079500
2015-06-25,17.570000,17.620001,17.350000,17.370001,13.648791,59772200
2015-06-26,17.480000,17.520000,17.350000,17.410000,13.680222,63080800
2015-06-29,17.129999,17.250000,16.860001,16.889999,13.271622,98604200
2015-06-30,17.080000,17.129999,16.850000,17.020000,13.373770,89039800
2015-07-01,17.250000,17.309999,17.090000,17.219999,13.530924,62317400
2015-07-02,17.160000,17.209999,16.889999,17.030001,13.381629,64736500
2015-07-06,16.780001,17.010000,16.709999,16.940001,13.310907,58726900
2015-07-07,16.900000,16.930000,16.340000,16.690001,13.114468,115450500
2015-07-08,16.420000,16.500000,16.219999,16.250000,12.768731,83033000
2015-07-09,16.530001,16.719999,16.450001,16.480000,12.949452,81534400
2015-07-10,16.799999,16.840000,16.660000,16.700001,13.122322,72965300
2015-07-13,16.969999,17.049999,16.900000,17.020000,13.373770,67934300
2015-07-14,16.930000,17.150000,16.860001,17.129999,13.460201,69999800
2015-07-15,17.530001,17.850000,17.490000,17.680000,13.892378,173099900
2015-07-16,17.910000,18.070000,17.860001,17.950001,14.104533,117054300
2015-07-17,17.959999,18.160000,17.889999,18.100000,14.222400,96894900
2015-07-20,18.150000,18.230000,18.080000,18.120001,14.238112,71980100
2015-07-21,18.110001,18.170000,18.020000,18.080000,14.206685,63732800
2015-07-22,18.030001,18.480000,18.030001,18.450001,14.497419,110327000
2015-07-23,18.389999,18.430000,18.080000,18.180000,14.285260,103650100
2015-07-24,18.180000,18.230000,17.840000,17.900000,14.065246,86364300
2015-07-27,17.660000,17.780001,17.500000,17.670000,13.884524,93231900
2015-07-28,17.790001,17.889999,17.600000,17.879999,14.049528,82166800
2015-07-29,17.950001,18.200001,17.920000,18.160000,14.269547,96388600
2015-07-30,18.200001,18.290001,18.049999,18.129999,14.245970,65667900
2015-07-31,18.030001,18.059999,17.860001,17.879999,14.049528,67176900
2015-08-03,17.910000,17.969999,17.639999,17.770000,13.963100,62376800
2015-08-04,17.790001,17.930000,17.709999,17.799999,13.986672,69741500
2015-08-05,17.930000,18.049999,17.799999,17.870001,14.041676,65228600
2015-08-06,17.910000,17.980000,17.770000,17.809999,13.994526,47594700
2015-08-07,17.920000,18.070000,17.600000,17.750000,13.947377,71020700
2015-08-10,17.870001,18.049999,17.860001,18.040001,14.175253,65791200
2015-08-11,17.850000,17.969999,17.719999,17.790001,13.978811,65868600
2015-08-12,17.620001,17.650000,17.020000,17.520000,13.766657,141600100
2015-08-13,17.559999,17.690001,17.440001,17.620001,13.845229,67456200
2015-08-14,17.570000,17.700001,17.540001,17.700001,13.908093,52710300
2015-08-17,17.610001,17.809999,17.559999,17.770000,13.963100,42310000
2015-08-18,17.719999,17.900000,17.650000,17.690001,13.900232,50360700
2015-08-19,17.549999,17.690001,17.440001,17.459999,13.719510,78540500
2015-08-20,17.190001,17.200001,16.719999,16.719999,13.138038,149185400
2015-08-21,16.200001,16.660000,16.100000,16.100000,12.650864,148874300
2015-08-24,15.020000,15.980000,14.600000,15.290000,12.014389,214649500
2015-08-25,16.200001,16.200001,15.250000,15.260000,11.990816,194377000
2015-08-26,15.810000,16.059999,15.340000,16.059999,12.619432,174208500
2015-08-27,16.379999,16.450001,16.090000,16.440001,12.918027,124185400
2015-08-28,16.400000,16.440001,16.200001,16.360001,12.855162,75899300
2015-08-31,16.330000,16.379999,16.180000,16.340000,12.839448,66695200
2015-09-01,15.950000,16.049999,15.460000,15.580000,12.242265,119064000
2015-09-02,15.820000,15.860000,15.570000,15.850000,12.494519,74820400
2015-09-03,15.970000,16.190001,15.870000,15.940000,12.565466,77175800
2015-09-04,15.790000,15.860000,15.500000,15.650000,12.336857,104539500
2015-09-08,15.960000,16.160000,15.900000,16.160000,12.738893,73960200
2015-09-09,16.370001,16.459999,15.830000,15.900000,12.533934,70466100
2015-09-10,15.870000,16.110001,15.810000,16.040001,12.644295,71110200
2015-09-11,15.990000,16.059999,15.900000,16.040001,12.644295,54287700
2015-09-14,15.970000,16.070000,15.900000,15.960000,12.581232,50640900
2015-09-15,16.040001,16.389999,16.010000,16.309999,12.857135,62327100
2015-09-16,16.350000,16.389999,16.090000,16.330000,12.872897,83776400
2015-09-17,16.290001,16.480000,15.780000,15.860000,12.502399,119088200
2015-09-18,15.680000,15.710000,15.500000,15.560000,12.265914,136531200
2015-09-21,15.670000,15.750000,15.570000,15.700000,12.376272,79096200
2015-09-22,15.490000,15.580000,15.450000,15.570000,12.273796,92235200
2015-09-23,15.600000,15.850000,15.580000,15.720000,12.392039,78117500
2015-09-24,15.540000,15.620000,15.400000,15.550000,12.258033,99520100
2015-09-25,15.880000,16.020000,15.810000,15.890000,12.526054,88655000
2015-09-28,15.790000,15.820000,15.380000,15.470000,12.194966,91324300
2015-09-29,15.500000,15.530000,15.250000,15.350000,12.100370,79829400
2015-09-30,15.550000,15.600000,15.320000,15.580000,12.281680,71347100
2015-10-01,15.520000,15.640000,15.360000,15.550000,12.258033,71516800
2015-10-02,15.080000,15.380000,14.630000,15.380000,12.124019,181838400
2015-10-05,15.450000,15.790000,15.440000,15.690000,12.368393,75315300
2015-10-06,15.680000,15.820000,15.570000,15.690000,12.368393,67473700
2015-10-07,15.780000,15.930000,15.570000,15.750000,12.415689,66655600
2015-10-08,15.720000,15.780000,15.510000,15.750000,12.415689,79056900
2015-10-09,15.750000,15.820000,15.500000,15.580000,12.281680,76667100
2015-10-12,15.600000,15.620000,15.430000,15.520000,12.234380,50725800
2015-10-13,15.450000,15.590000,15.400000,15.520000,12.234380,73689800
2015-10-14,15.770000,15.920000,15.550000,15.640000,12.328978,122272400
2015-10-15,15.810000,16.280001,15.720000,16.190001,12.762544,127028800
2015-10-16,16.290001,16.290001,16.030001,16.120001,12.707361,66989500
2015-10-19,16.000000,16.209999,15.980000,16.139999,12.723126,62953500
2015-10-20,16.160000,16.290001,16.100000,16.200001,12.770425,50797800
2015-10-21,16.260000,16.290001,15.900000,15.900000,12.533934,64440400
2015-10-22,16.000000,16.200001,16.000000,16.160000,12.738893,74116600
2015-10-23,16.290001,16.549999,16.250000,16.520000,13.022680,82285800
2015-10-26,16.520000,16.549999,16.340000,16.510000,13.014798,67702800
2015-10-27,16.400000,16.469999,16.299999,16.400000,12.928082,56159300
2015-10-28,16.450001,17.309999,16.450001,17.280001,13.621785,147720100
2015-10-29,17.160000,17.440001,16.969999,17.090000,13.472011,95542300
2015-10-30,17.180000,17.180000,16.760000,16.780001,13.227635,87645800
2015-11-02,16.900000,17.139999,16.870001,17.059999,13.448358,56948200
2015-11-03,17.010000,17.260000,16.990000,17.180000,13.542954,66127100
2015-11-04,17.299999,17.309999,16.959999,17.010000,13.408944,78728400
2015-11-05,17.030001,17.370001,17.030001,17.309999,13.645435,85505500
2015-11-06,17.840000,18.090000,17.760000,17.950001,14.149944,158037500
2015-11-09,18.030001,18.080000,17.559999,17.680000,13.937104,129920700
2015-11-10,17.629999,17.940001,17.559999,17.850000,14.071112,59905800
2015-11-11,17.990000,17.990000,17.680000,17.750000,13.992283,59235000
2015-11-12,17.580000,17.629999,17.350000,17.370001,13.692735,77850900
2015-11-13,17.129999,17.309999,17.090000,17.200001,13.558725,103574900
2015-11-16,17.129999,17.459999,17.010000,17.430000,13.740031,70384300
2015-11-17,17.500000,17.600000,17.340000,17.420000,13.732145,70488600
2015-11-18,17.430000,17.870001,17.430000,17.840000,14.063232,85708300
2015-11-19,17.780001,17.850000,17.620001,17.690001,13.944984,51829700
2015-11-20,17.809999,17.830000,17.590000,17.650000,13.913455,56288300
2015-11-23,17.620001,17.730000,17.459999,17.469999,13.771560,50362900
2015-11-24,17.260000,17.570000,17.250000,17.469999,13.771560,58724200
2015-11-25,17.510000,17.570000,17.410000,17.440001,13.747917,34939000
2015-11-27,17.459999,17.500000,17.330000,17.480000,13.779441,22937500
2015-11-30,17.480000,17.580000,17.420000,17.430000,13.740031,61893700
2015-12-01,17.520000,17.809999,17.480000,17.809999,14.039584,74351800
2015-12-02,17.879999,17.889999,17.549999,17.620001,13.928908,76919000
2015-12-03,17.680000,17.770000,17.250000,17.299999,13.675947,95810100
2015-12-04,17.440001,17.830000,17.379999,17.799999,14.071207,103021700
2015-12-07,17.790001,17.799999,17.440001,17.540001,13.865671,81633300
2015-12-08,17.389999,17.459999,17.129999,17.190001,13.588989,84873500
2015-12-09,17.110001,17.379999,16.870001,17.100000,13.517841,82418100
2015-12-10,17.150000,17.410000,16.959999,17.200001,13.596898,68395000
2015-12-11,16.969999,17.059999,16.639999,16.730000,13.225351,91503900
2015-12-14,16.760000,16.889999,16.500000,16.799999,13.280686,121121200
2015-12-15,17.020000,17.490000,16.990000,17.420000,13.770806,99737200
2015-12-16,17.650000,17.780001,17.230000,17.750000,14.031675,171576700
2015-12-17,17.799999,17.830000,17.299999,17.299999,13.675947,97265700
2015-12-18,17.190001,17.270000,16.760000,16.760000,13.249068,136737800
2015-12-21,16.980000,17.030001,16.770000,16.969999,13.415078,65150300
2015-12-22,17.049999,17.110001,16.850000,17.080000,13.502034,56173500
2015-12-23,17.160000,17.340000,17.100000,17.340000,13.707568,65770700
2015-12-24,17.320000,17.379999,17.219999,17.270000,13.652224,29369400
2015-12-28,17.219999,17.230000,16.980000,17.129999,13.541555,41777500
2015-12-29,17.250000,17.350000,17.160000,17.280001,13.660134,45670400
2015-12-30,17.200001,17.240000,17.040001,17.049999,13.478314,35066400
2015-12-31,17.010000,17.070000,16.830000,16.830000,13.304403,47153000
2016-01-04,16.450001,16.490000,16.250000,16.430000,12.988196,114888000
2016-01-05,16.520000,16.590000,16.230000,16.430000,12.988196,66670000
2016-01-06,16.190001,16.290001,16.020000,16.080000,12.711514,102760800
2016-01-07,15.730000,15.900000,15.440000,15.500000,12.253014,116255900
2016-01-08,15.940000,15.940000,15.160000,15.200000,12.015862,124782400
2016-01-11,15.260000,15.370000,14.940000,15.310000,12.102819,104611700
2016-01-12,15.540000,15.580000,15.060000,15.310000,12.102819,100023500
2016-01-13,15.470000,15.520000,14.850000,14.900000,11.778703,119413000
2016-01-14,15.010000,15.200000,14.650000,14.990000,11.849853,125920000
2016-01-15,14.410000,14.660000,14.130000,14.460000,11.430877,172296100
2016-01-19,14.690000,14.790000,14.010000,14.240000,11.256963,185727400
2016-01-20,13.790000,14.000000,13.270000,13.690000,10.822179,250537600
2016-01-21,13.670000,13.840000,13.250000,13.360000,10.561308,188976000
2016-01-22,13.650000,13.720000,13.470000,13.560000,10.719415,169999800
2016-01-25,13.540000,13.550000,12.940000,12.960000,10.245102,186419100
2016-01-26,13.070000,13.350000,13.040000,13.310000,10.521787,124246900
2016-01-27,13.200000,13.730000,13.190000,13.360000,10.561308,124095800
2016-01-28,13.590000,13.710000,13.260000,13.530000,10.695696,110996200
2016-01-29,13.660000,14.150000,13.590000,14.140000,11.177915,159984100
2016-02-01,14.050000,14.090000,13.800000,13.960000,11.035620,105739400
2016-02-02,13.740000,13.750000,13.130000,13.230000,10.458537,147101200
2016-02-03,13.280000,13.290000,12.520000,13.030000,10.300436,257664600
2016-02-04,12.890000,13.590000,12.890000,13.250000,10.474350,179394400
2016-02-05,13.320000,13.390000,12.890000,12.950000,10.237197,125842800
2016-02-08,12.670000,12.700000,12.130000,12.270000,9.699644,221363600
2016-02-09,11.990000,12.430000,11.960000,12.200000,9.644312,247349000
2016-02-10,12.420000,12.540000,11.910000,11.980000,9.470394,227530000
2016-02-11,11.460000,11.550000,10.990000,11.160000,8.822168,375088700
2016-02-12,11.480000,12.030000,11.400000,11.950000,9.446678,245388400
2016-02-16,12.380000,12.390000,12.110000,12.250000,9.683832,194306700
2016-02-17,12.570000,12.690000,12.470000,12.560000,9.928895,221859400
2016-02-18,12.710000,12.740000,12.100000,12.240000,9.675926,161539400
2016-02-19,12.220000,12.240000,11.980000,12.130000,9.588973,121045600
2016-02-22,12.130000,12.540000,12.130000,12.540000,9.913085,88865500
2016-02-23,12.470000,12.480000,12.100000,12.160000,9.612688,104498700
2016-02-24,11.960000,12.150000,11.650000,12.130000,9.588973,159552800
2016-02-25,12.140000,12.330000,12.090000,12.320000,9.739172,103054600
2016-02-26,12.490000,12.950000,12.400000,12.700000,10.039567,160314400
2016-02-29,12.700000,12.860000,12.510000,12.520000,9.897278,123661100
2016-03-01,12.640000,13.210000,12.620000,13.190000,10.426920,153558200
2016-03-02,13.200000,13.510000,13.130000,13.410000,10.641171,139622500
2016-03-03,13.380000,13.550000,13.250000,13.500000,10.712588,105082700
2016-03-04,13.760000,13.890000,13.490000,13.540000,10.744329,171410900
2016-03-07,13.450000,13.620000,13.370000,13.530000,10.736395,97650300
2016-03-08,13.400000,13.470000,13.050000,13.060000,10.363441,125894800
2016-03-09,13.170000,13.270000,13.000000,13.140000,10.426922,92253800
2016-03-10,13.230000,13.400000,13.000000,13.270000,10.530079,123016200
2016-03-11,13.440000,13.840000,13.370000,13.790000,10.942712,120400600
2016-03-14,13.720000,13.740000,13.490000,13.640000,10.823684,87746800
2016-03-15,13.510000,13.600000,13.390000,13.570000,10.768135,80404000
2016-03-16,13.510000,13.810000,13.090000,13.310000,10.561823,149645400
2016-03-17,13.220000,13.480000,13.050000,13.400000,10.633237,122212300
2016-03-18,13.680000,13.880000,13.550000,13.790000,10.942712,146616200
2016-03-21,13.800000,14.030000,13.720000,13.840000,10.982388,104695700
2016-03-22,13.670000,13.840000,13.630000,13.760000,10.918907,83252100
2016-03-23,13.770000,13.830000,13.600000,13.620000,10.807812,95789700
2016-03-24,13.410000,13.690000,13.270000,13.680000,10.855423,94836500
2016-03-28,13.730000,13.740000,13.540000,13.620000,10.807812,54498500
2016-03-29,13.540000,13.540000,13.260000,13.420000,10.649106,101606800
2016-03-30,13.490000,13.660000,13.460000,13.480000,10.696717,85897000
2016-03-31,13.490000,13.710000,13.450000,13.520000,10.728460,79592100
2016-04-01,13.470000,13.650000,13.320000,13.560000,10.760203,73130900
2016-04-04,13.540000,13.650000,13.410000,13.510000,10.720525,59709600
2016-04-05,13.300000,13.340000,13.160000,13.190000,10.466596,78445900
2016-04-06,13.200000,13.300000,13.110000,13.270000,10.530079,62558500
2016-04-07,13.150000,13.210000,12.750000,12.850000,10.196799,105704500
2016-04-08,13.030000,13.140000,12.860000,12.880000,10.220604,76548100
2016-04-11,12.920000,13.090000,12.880000,12.970000,10.292023,79411500
2016-04-12,13.000000,13.330000,12.930000,13.270000,10.530079,100791600
2016-04-13,13.550000,13.850000,13.530000,13.790000,10.942712,138647200
2016-04-14,13.710000,14.280000,13.700000,14.140000,11.220448,179383300
2016-04-15,14.270000,14.290000,13.950000,14.000000,11.109353,87958700
2016-04-18,13.850000,14.240000,13.820000,14.170000,11.244250,81998200
2016-04-19,14.260000,14.540000,14.240000,14.450000,11.466436,107153600
2016-04-20,14.560000,14.940000,14.530000,14.930000,11.847328,115628700
2016-04-21,14.930000,15.140000,14.750000,14.900000,11.823523,121589000
2016-04-22,14.870000,15.140000,14.870000,15.110000,11.990167,83456600
2016-04-25,15.020000,15.140000,14.810000,14.960000,11.871137,70489500
2016-04-26,15.020000,15.140000,14.800000,15.090000,11.974295,84812400
2016-04-27,15.020000,15.300000,14.980000,15.020000,11.918748,115789000
2016-04-28,14.920000,15.080000,14.760000,14.790000,11.736236,78639300
2016-04-29,14.730000,14.850000,14.430000,14.560000,11.553723,122128100
2016-05-02,14.580000,14.780000,14.400000,14.770000,11.720367,68882800
2016-05-03,14.510000,14.510000,14.150000,14.360000,11.395019,110549000
2016-05-04,14.090000,14.270000,14.000000,14.130000,11.212510,99269700
2016-05-05,14.150000,14.320000,14.000000,14.050000,11.149027,73145900
2016-05-06,13.830000,14.140000,13.800000,14.110000,11.196640,76595100
2016-05-09,14.080000,14.190000,13.910000,13.990000,11.101416,55399600
2016-05-10,14.080000,14.330000,14.050000,14.300000,11.347410,59870500
2016-05-11,14.250000,14.500000,14.190000,14.200000,11.268055,68088900
2016-05-12,14.300000,14.470000,14.050000,14.140000,11.220448,72567100
2016-05-13,14.150000,14.370000,13.870000,13.880000,11.014128,86193900
2016-05-16,13.820000,14.020000,13.800000,13.930000,11.053806,57848600
2016-05-17,13.890000,14.130000,13.820000,14.010000,11.117288,76273800
2016-05-18,14.020000,14.750000,14.010000,14.690000,11.656884,150748500
2016-05-19,14.600000,14.870000,14.430000,14.530000,11.529919,106156900
2016-05-20,14.640000,14.700000,14.430000,14.520000,11.521987,81214000
2016-05-23,14.540000,14.600000,14.400000,14.470000,11.482307,66303200
2016-05-24,14.600000,14.750000,14.530000,14.680000,11.648952,96183700
2016-05-25,14.830000,15.150000,14.830000,14.920000,11.839395,123498700
2016-05-26,14.980000,14.990000,14.690000,14.700000,11.664818,65356600
2016-05-27,14.760000,14.880000,14.690000,14.880000,11.807653,62411300
2016-05-31,15.030000,15.050000,14.730000,14.790000,11.736236,85635900
2016-06-01,14.600000,14.900000,14.450000,14.860000,11.831780,62612100
2016-06-02,14.950000,14.980000,14.770000,14.940000,11.895482,64327300
2016-06-03,14.460000,14.500000,14.190000,14.420000,11.481449,148600900
2016-06-06,14.440000,14.700000,14.370000,14.520000,11.561071,80949300
2016-06-07,14.540000,14.600000,14.340000,14.350000,11.425712,67447100
2016-06-08,14.350000,14.460000,14.300000,14.430000,11.489410,58292900
2016-06-09,14.320000,14.320000,14.080000,14.190000,11.298318,74814900
2016-06-10,13.980000,14.000000,13.750000,13.830000,11.011681,90725700
2016-06-13,13.640000,13.910000,13.580000,13.600000,10.828550,71925000
2016-06-14,13.560000,13.730000,13.170000,13.260000,10.557837,85377800
2016-06-15,13.380000,13.660000,13.280000,13.340000,10.621531,100659100
2016-06-16,13.230000,13.330000,13.020000,13.310000,10.597651,90152000
2016-06-17,13.380000,13.530000,13.280000,13.400000,10.669306,89022300
2016-06-20,13.740000,13.850000,13.510000,13.540000,10.780776,89874000
2016-06-21,13.620000,13.650000,13.450000,13.620000,10.844474,73810800
2016-06-22,13.600000,13.780000,13.590000,13.610000,10.836513,77980500
2016-06-23,13.840000,14.050000,13.820000,14.040000,11.178883,82494600
2016-06-24,13.050000,13.440000,12.970000,13.000000,10.350818,231499200
2016-06-27,12.770000,12.770000,12.050000,12.180000,9.697921,250847700
2016-06-28,12.570000,12.720000,12.350000,12.700000,10.111954,150136300
2016-06-29,13.070000,13.220000,12.920000,13.190000,10.502099,118484000
2016-06-30,13.370000,13.380000,13.070000,13.270000,10.565800,125773900
2016-07-01,13.190000,13.270000,13.020000,13.100000,10.430442,88888100
2016-07-05,12.930000,12.940000,12.630000,12.740000,10.143803,98246500
2016-07-06,12.520000,12.920000,12.450000,12.860000,10.239347,94983300
2016-07-07,12.870000,13.110000,12.840000,13.010000,10.358783,101100300
2016-07-08,13.280000,13.320000,13.110000,13.170000,10.486178,92698900
2016-07-11,13.290000,13.400000,13.200000,13.210000,10.518024,67267300
2016-07-12,13.410000,13.600000,13.400000,13.540000,10.780776,89070600
2016-07-13,13.500000,13.580000,13.320000,13.440000,10.701156,74595600
2016-07-14,13.730000,13.780000,13.640000,13.650000,10.868359,97852100
2016-07-15,13.780000,13.790000,13.520000,13.660000,10.876321,78652500
2016-07-18,13.840000,14.230000,13.820000,14.110000,11.234620,187187100
2016-07-19,14.060000,14.370000,14.030000,14.260000,11.354056,96940100
2016-07-20,14.350000,14.430000,14.260000,14.400000,11.465524,79277900
2016-07-21,14.430000,14.470000,14.260000,14.270000,11.362018,65376300
2016-07-22,14.260000,14.400000,14.180000,14.380000,11.449597,46604800
2016-07-25,14.310000,14.390000,14.280000,14.370000,11.441635,46420800
2016-07-26,14.320000,14.550000,14.310000,14.530000,11.569030,60205600
2016-07-27,14.570000,14.700000,14.450000,14.630000,11.648652,100986000
2016-07-28,14.570000,14.690000,14.460000,14.680000,11.688467,72049500
2016-07-29,14.560000,14.700000,14.480000,14.490000,11.537183,63276500
2016-08-01,14.520000,14.600000,14.260000,14.330000,11.409785,61460900
2016-08-02,14.280000,14.450000,14.090000,14.130000,11.250546,83776300
2016-08-03,14.110000,14.480000,14.100000,14.480000,11.529222,65305400
2016-08-04,14.480000,14.540000,14.360000,14.480000,11.529222,46176600
2016-08-05,14.750000,15.060000,14.750000,15.050000,11.983063,120947800
2016-08-08,15.080000,15.170000,14.920000,15.130000,12.046762,71960300
2016-08-09,15.110000,15.190000,15.070000,15.190000,12.094532,49973300
2016-08-10,15.160000,15.180000,14.780000,14.810000,11.791972,79080700
2016-08-11,14.830000,14.970000,14.750000,14.880000,11.847708,68945400
2016-08-12,14.770000,14.910000,14.700000,14.910000,11.871593,63031300
2016-08-15,14.970000,15.030000,14.950000,15.020000,11.959176,48592100
2016-08-16,14.970000,15.190000,14.930000,15.170000,12.078609,80307500
2016-08-17,15.160000,15.240000,15.080000,15.150000,12.062684,93407300
2016-08-18,15.110000,15.240000,15.060000,15.160000,12.070647,62804300
2016-08-19,15.130000,15.250000,15.050000,15.220000,12.118422,59834800
2016-08-22,15.200000,15.250000,15.120000,15.180000,12.086572,60877100
2016-08-23,15.260000,15.410000,15.260000,15.350000,12.221930,67817900
2016-08-24,15.370000,15.500000,15.360000,15.400000,12.261739,65484900
2016-08-25,15.420000,15.540000,15.400000,15.530000,12.365250,67714400
2016-08-26,15.610000,15.900000,15.580000,15.790000,12.572266,126886300
2016-08-29,15.810000,16.010000,15.780000,15.840000,12.612073,120144900
2016-08-30,15.840000,16.230000,15.800000,16.190001,12.890754,121280600
2016-08-31,16.209999,16.240000,15.880000,16.139999,12.910748,127664300
2016-09-01,16.150000,16.150000,15.750000,15.980000,12.782758,128812600
2016-09-02,15.940000,16.059999,15.820000,16.000000,12.798759,100997300
2016-09-06,16.049999,16.059999,15.700000,15.780000,12.622775,96542200
2016-09-07,15.720000,15.850000,15.650000,15.700000,12.558778,63310300
2016-09-08,15.770000,15.940000,15.680000,15.860000,12.686769,69292700
2016-09-09,15.910000,16.150000,15.740000,15.740000,12.590780,135182500
2016-09-12,15.650000,15.940000,15.480000,15.900000,12.718768,109724000
2016-09-13,15.670000,15.860000,15.550000,15.720000,12.574780,89317600
2016-09-14,15.670000,15.840000,15.560000,15.630000,12.502789,75528100
2016-09-15,15.640000,15.750000,15.580000,15.670000,12.534787,67322600
2016-09-16,15.660000,15.680000,15.480000,15.490000,12.390798,90926200
2016-09-19,15.550000,15.780000,15.550000,15.590000,12.470794,66186400
2016-09-20,15.740000,15.760000,15.510000,15.600000,12.478792,68210400
2016-09-21,15.710000,15.830000,15.390000,15.650000,12.518785,95464600
2016-09-22,15.690000,15.710000,15.500000,15.600000,12.478792,75611300
2016-09-23,15.530000,15.670000,15.500000,15.520000,12.414796,51604400
2016-09-26,15.400000,15.440000,15.020000,15.090000,12.070832,94972100
2016-09-27,15.010000,15.340000,14.810000,15.290000,12.230812,81992600
2016-09-28,15.360000,15.390000,15.150000,15.380000,12.302809,66076400
2016-09-29,15.380000,15.500000,15.060000,15.160000,12.126824,78997700
2016-09-30,15.260000,15.730000,15.170000,15.650000,12.518785,119428700
2016-10-03,15.590000,15.730000,15.500000,15.630000,12.502789,69873100
2016-10-04,15.700000,16.049999,15.670000,15.800000,12.638778,98501500
2016-10-05,15.960000,16.230000,15.960000,16.110001,12.886750,86056900
2016-10-06,16.170000,16.230000,16.040001,16.219999,12.974740,75886700
2016-10-07,16.190001,16.250000,15.980000,16.129999,12.902751,99605400
2016-10-10,16.219999,16.400000,16.180000,16.299999,13.038735,64158500
2016-10-11,16.260000,16.330000,16.020000,16.110001,12.886750,77374000
2016-10-12,16.090000,16.240000,16.010000,16.030001,12.822758,67165800
2016-10-13,16.090000,16.090000,15.600000,15.830000,12.662771,78637000
2016-10-14,16.150000,16.230000,15.940000,16.000000,12.798759,108865700
2016-10-17,16.170000,16.200001,15.900000,16.049999,12.838754,101795500
2016-10-18,16.190001,16.270000,16.110001,16.260000,13.006739,71433100
2016-10-19,16.299999,16.530001,16.280001,16.469999,13.174724,97969000
2016-10-20,16.450001,16.629999,16.410000,16.559999,13.246714,88081200
2016-10-21,16.459999,16.670000,16.400000,16.670000,13.334706,77954900
2016-10-24,16.750000,16.799999,16.610001,16.770000,13.414701,68244800
2016-10-25,16.709999,16.820000,16.680000,16.719999,13.374703,49350300
2016-10-26,16.639999,16.870001,16.620001,16.870001,13.494689,58730400
2016-10-27,16.950001,17.100000,16.860001,16.910000,13.526687,97937300
2016-10-28,16.950001,16.980000,16.500000,16.680000,13.342708,115123600
2016-10-31,16.680000,16.730000,16.500000,16.500000,13.198718,70387600
2016-11-01,16.559999,16.750000,16.330000,16.610001,13.286711,88587100
2016-11-02,16.459999,16.559999,16.280001,16.480000,13.182719,119202000
2016-11-03,16.480000,16.670000,16.450001,16.480000,13.182719,69690400
2016-11-04,16.530001,16.709999,16.350000,16.549999,13.238713,82437400
2016-11-07,16.860001,17.040001,16.850000,17.010000,13.606683,91581900
2016-11-08,16.820000,17.110001,16.709999,17.000000,13.598679,95842800
2016-11-09,17.660000,18.049999,17.400000,17.969999,14.374604,319516900
2016-11-10,18.260000,18.990000,18.250000,18.760000,15.006548,304986400
2016-11-11,18.639999,19.030001,18.629999,19.020000,15.214527,212952500
2016-11-14,19.410000,20.200001,19.400000,20.080000,16.062447,320959900
2016-11-15,19.790001,20.180000,19.600000,20.160000,16.126440,190293100
2016-11-16,19.780001,19.959999,19.680000,19.750000,15.798466,126734500
2016-11-17,19.760000,20.219999,19.700001,20.080000,16.062447,167979200
2016-11-18,20.059999,20.139999,19.870001,20.000000,15.998451,120620200
2016-11-21,20.100000,20.350000,20.010000,20.330000,16.262423,117479100
2016-11-22,20.330000,20.469999,20.120001,20.299999,16.238420,104771800
2016-11-23,20.420000,20.660000,20.200001,20.559999,16.446407,110801300
2016-11-25,20.620001,20.879999,20.500000,20.860001,16.686380,62610400
2016-11-28,20.670000,20.850000,20.250000,20.299999,16.238420,108651200
2016-11-29,20.379999,20.540001,20.250000,20.290001,16.230434,114216800
2016-11-30,20.770000,21.190001,20.719999,21.120001,16.957047,191699600
2016-12-01,21.420000,21.940001,21.340000,21.500000,17.262140,199233900
2016-12-02,21.490000,21.500000,21.020000,21.230000,17.045361,128468700
2016-12-05,21.469999,21.870001,21.459999,21.840000,17.535130,130377300
2016-12-06,22.090000,22.160000,21.719999,22.160000,17.792051,120789200
2016-12-07,22.190001,22.570000,21.950001,22.570000,18.121231,168005200
2016-12-08,22.790001,23.240000,22.690001,22.950001,18.426329,182693900
2016-12-09,22.950001,23.170000,22.780001,23.090000,18.538738,130590400
2016-12-12,23.000000,23.250000,22.540001,22.610001,18.153353,136986000
2016-12-13,22.799999,22.879999,22.290001,22.610001,18.153353,118204100
2016-12-14,22.309999,23.299999,22.209999,22.670000,18.201519,225340900
2016-12-15,22.900000,23.389999,22.799999,23.160000,18.594936,162025800
2016-12-16,23.160000,23.320000,22.650000,22.660000,18.193495,147497700
2016-12-19,22.600000,22.719999,22.330000,22.480000,18.048975,97508900
2016-12-20,22.629999,22.830000,22.610001,22.709999,18.233639,83879500
2016-12-21,22.719999,22.719999,22.469999,22.629999,18.169403,61079100
2016-12-22,22.600000,22.730000,22.469999,22.540001,18.097141,67123500
2016-12-23,22.510000,22.650000,22.430000,22.600000,18.145321,38187800
2016-12-27,22.709999,22.740000,22.540001,22.610001,18.153353,39988600
2016-12-28,22.620001,22.670000,22.260000,22.330000,17.928539,52652900
2016-12-29,22.330000,22.389999,21.770000,22.000000,17.663582,79188400
2016-12-30,22.020000,22.260000,21.950001,22.100000,17.743874,72605900
2017-01-03,22.600000,22.680000,22.200001,22.530001,18.089127,99298100
2017-01-04,22.719999,22.959999,22.600000,22.950001,18.426329,76875100
2017-01-05,22.820000,22.930000,22.350000,22.680000,18.209553,86826400
2017-01-06,22.780001,22.850000,22.559999,22.680000,18.209553,66281500
2017-01-09,22.510000,22.709999,22.400000,22.549999,18.105173,75901500
2017-01-10,22.590000,23.139999,22.540001,22.940001,18.418301,100977700
2017-01-11,22.940001,23.070000,22.719999,23.070000,18.522676,92385600
2017-01-12,23.010000,23.120001,22.610001,22.920000,18.402243,120474200
2017-01-13,23.209999,23.410000,22.799999,23.010000,18.474508,161930900
2017-01-17,22.680000,22.790001,22.010000,22.049999,17.703735,152495900
2017-01-18,22.299999,22.650000,22.100000,22.629999,18.169403,124366000
2017-01-19,22.730000,22.809999,22.410000,22.530001,18.089127,75990800
2017-01-20,22.660000,22.930000,22.520000,22.639999,18.177437,102564900
2017-01-23,22.620001,22.760000,22.420000,22.559999,18.113201,61385600
2017-01-24,22.610001,23.100000,22.480000,22.950001,18.426329,98508700
2017-01-25,23.320000,23.420000,23.100000,23.370001,18.763546,99753300
2017-01-26,23.410000,23.549999,23.280001,23.440001,18.819744,84146400
2017-01-27,23.430000,23.450001,23.280001,23.360001,18.755516,54590200
2017-01-30,23.200001,23.200001,22.709999,22.950001,18.426329,91561200
2017-01-31,22.770000,23.030001,22.500000,22.639999,18.177437,91044300
2017-02-01,22.969999,23.219999,22.820000,22.889999,18.378159,103630900
2017-02-02,22.740000,22.790001,22.510000,22.719999,18.241663,88679100
2017-02-03,23.150000,23.350000,22.950001,23.290001,18.699322,116035100
2017-02-06,23.150000,23.379999,23.070000,23.120001,18.562824,92228400
2017-02-07,23.280001,23.290001,22.860001,22.900000,18.386185,87982900
2017-02-08,22.730000,22.730000,22.450001,22.670000,18.201519,102264500
2017-02-09,22.760000,23.150000,22.639999,23.120001,18.562824,102634200
2017-02-10,23.190001,23.240000,22.959999,23.080000,18.530706,90548300
2017-02-13,23.170000,23.540001,23.170000,23.400000,18.787626,105342500
2017-02-14,23.400000,24.170000,23.330000,24.059999,19.317539,139711400
2017-02-15,24.340000,24.770000,24.110001,24.580000,19.735044,151233300
2017-02-16,24.540001,24.620001,24.299999,24.580000,19.735044,98144500
2017-02-17,24.280001,24.580000,24.200001,24.520000,19.686869,85789200
2017-02-21,24.590000,24.799999,24.580000,24.780001,19.895628,78571500
2017-02-22,24.610001,24.950001,24.540001,24.790001,19.903645,81531900
2017-02-23,24.790001,24.889999,24.510000,24.580000,19.735044,85846000
2017-02-24,24.120001,24.350000,24.020000,24.230000,19.454033,97074400
2017-02-27,24.200001,24.660000,24.190001,24.570000,19.727013,69129100
2017-02-28,24.480000,24.700001,24.420000,24.680000,19.815329,90242000
2017-03-01,25.370001,25.610001,25.219999,25.500000,20.536114,143947500
2017-03-02,25.680000,25.799999,25.200001,25.230000,20.318672,99824600
2017-03-03,25.299999,25.650000,25.299999,25.440001,20.487789,92456100
2017-03-06,25.330000,25.350000,25.080000,25.250000,20.334776,75660400
2017-03-07,25.219999,25.360001,25.100000,25.209999,20.302565,64053700
2017-03-08,25.600000,25.770000,25.219999,25.260000,20.342831,105314600
2017-03-09,25.350000,25.530001,25.230000,25.350000,20.415306,78984600
2017-03-10,25.620001,25.620001,25.090000,25.309999,20.383089,86998800
2017-03-13,25.299999,25.410000,25.129999,25.299999,20.375040,56886200
2017-03-14,25.190001,25.340000,25.049999,25.320000,20.391153,63182700
2017-03-15,25.389999,25.549999,24.959999,25.180000,20.278400,114662700
2017-03-16,25.240000,25.490000,25.190001,25.219999,20.310616,70306200
2017-03-17,25.219999,25.270000,24.830000,24.860001,20.020697,105222400
2017-03-20,24.580000,24.760000,24.420000,24.440001,19.682453,87287500
2017-03-21,24.500000,24.559999,22.950001,23.020000,18.538874,259545800
2017-03-22,22.650000,23.180000,22.450001,22.940001,18.474442,167984400
2017-03-23,23.040001,23.490000,22.910000,23.070000,18.579140,111666800
2017-03-24,23.200001,23.350000,22.760000,23.120001,18.619406,113499100
2017-03-27,22.280001,23.049999,22.160000,23.030001,18.546925,119513500
2017-03-28,23.010000,23.670000,23.000000,23.480000,18.909328,95761700
2017-03-29,23.510000,23.650000,23.309999,23.350000,18.804630,67204500
2017-03-30,23.379999,23.980000,23.330000,23.870001,19.223408,79189200
2017-03-31,23.830000,23.969999,23.590000,23.590000,18.997913,77158300
2017-04-03,23.650000,23.750000,23.080000,23.590000,18.997913,88076600
2017-04-04,23.200001,23.510000,23.200001,23.440001,18.877111,75244400
2017-04-05,23.770000,23.879999,23.150000,23.170000,18.659674,97453300
2017-04-06,23.170000,23.459999,22.959999,23.260000,18.732153,82975200
2017-04-07,23.030001,23.340000,22.930000,23.160000,18.651617,79519400
2017-04-10,23.129999,23.280001,22.910000,23.020000,18.538874,63254700
2017-04-11,22.830000,22.950001,22.580000,22.920000,18.458338,94206700
2017-04-12,22.879999,22.940001,22.610001,22.650000,18.240894,76556300
2017-04-13,22.559999,22.959999,22.340000,22.340000,17.991243,88061800
2017-04-17,22.360001,22.830000,22.260000,22.809999,18.369745,85053200
2017-04-18,23.110001,23.150000,22.379999,22.709999,18.289215,146488400
2017-04-19,22.920000,23.150000,22.680000,22.740000,18.313379,101771800
2017-04-20,22.959999,23.170000,22.820000,23.070000,18.579140,103802600
2017-04-21,23.030001,23.080000,22.590000,22.709999,18.289215,127235400
2017-04-24,23.240000,23.850000,23.240000,23.629999,19.030127,138638900
2017-04-25,23.990000,24.350000,23.910000,23.980000,19.311995,131531100
2017-04-26,24.000000,24.190001,23.860001,23.889999,19.239515,95172200
2017-04-27,23.900000,23.930000,23.459999,23.650000,19.046232,80024200
2017-04-28,23.570000,23.719999,23.320000,23.340000,18.796581,69384900
2017-05-01,23.520000,23.770000,23.350000,23.610001,19.014023,72382900
2017-05-02,23.610001,23.670000,23.330000,23.530001,18.949594,60262600
2017-05-03,23.370001,23.780001,23.340000,23.770000,19.142879,64272800
2017-05-04,23.980000,24.049999,23.730000,23.850000,19.207306,68133400
2017-05-05,23.980000,23.990000,23.600000,23.740000,19.118715,56678800
2017-05-08,23.750000,24.059999,23.750000,23.959999,19.295889,56016500
2017-05-09,24.030001,24.309999,23.870001,23.980000,19.311995,61622000
2017-05-10,23.910000,24.170000,23.870001,24.150000,19.448904,48495300
2017-05-11,24.100000,24.230000,23.840000,24.070000,19.384470,68350800
2017-05-12,23.920000,24.000000,23.750000,24.000000,19.328104,62589000
2017-05-15,24.059999,24.139999,23.980000,24.059999,19.376425,50688800
2017-05-16,24.070000,24.170000,23.940001,23.990000,19.320049,55774800
2017-05-17,23.370001,23.450001,22.459999,22.570000,18.176470,190353300
2017-05-18,22.610001,23.000000,22.500000,22.740000,18.313379,108444100
2017-05-19,22.910000,23.299999,22.870001,23.049999,18.563034,89566700
2017-05-22,23.190001,23.240000,22.820000,23.040001,18.554985,74839400
2017-05-23,23.030001,23.500000,22.840000,23.389999,18.836843,79020000
2017-05-24,23.440001,23.469999,23.219999,23.360001,18.812685,58823200
2017-05-25,23.410000,23.580000,23.219999,23.250000,18.724102,60443500
2017-05-26,23.230000,23.420000,23.170000,23.240000,18.716045,50399500
2017-05-30,23.129999,23.209999,22.879999,22.910000,18.450293,61307900
2017-05-31,22.780001,22.799999,22.090000,22.410000,18.106888,138636300
2017-06-01,22.480000,22.639999,22.299999,22.629999,18.284647,69725100
2017-06-02,22.270000,22.590000,22.160000,22.450001,18.139208,79722300
2017-06-05,22.440001,22.700001,22.389999,22.410000,18.106888,51590300
2017-06-06,22.200001,22.410000,22.070000,22.230000,17.961452,71735600
2017-06-07,22.299999,22.620001,22.270000,22.600000,18.260408,66429700
2017-06-08,22.620001,23.209999,22.600000,22.969999,18.559361,93685900
2017-06-09,23.219999,23.670000,23.209999,23.670000,19.124950,108254300
2017-06-12,23.820000,24.040001,23.730000,23.780001,19.213829,85829900
2017-06-13,23.950001,24.110001,23.660000,23.770000,19.205744,68047300
2017-06-14,23.549999,23.809999,23.200001,23.760000,19.197668,102352400
2017-06-15,23.549999,23.950001,23.469999,23.540001,19.019915,69707500
2017-06-16,23.559999,23.620001,23.370001,23.430000,18.931032,57745800
2017-06-19,23.610001,24.000000,23.600000,23.910000,19.318867,58587800
2017-06-20,23.910000,23.990000,23.480000,23.490000,18.979509,59693500
2017-06-21,23.500000,23.570000,23.070000,23.129999,18.688637,72432800
2017-06-22,23.120001,23.200001,22.900000,22.930000,18.527040,64763300
2017-06-23,23.110001,23.110001,22.740000,22.820000,18.438168,85399600
2017-06-26,22.910000,23.139999,22.730000,22.889999,18.494719,61307800
2017-06-27,23.100000,23.600000,23.000000,23.270000,18.801754,88257800
2017-06-28,23.530001,23.959999,23.530001,23.879999,19.294626,119049300
2017-06-29,24.580000,24.670000,24.040001,24.320000,19.650143,150501200
2017-06-30,24.620001,24.620001,24.170000,24.260000,19.601660,84005200
2017-07-03,24.459999,24.910000,24.440001,24.680000,19.941010,58129700
2017-07-05,24.799999,24.950001,24.620001,24.920000,20.134930,76172500
2017-07-06,24.900000,25.110001,24.690001,24.709999,19.965252,84465400
2017-07-07,24.920000,25.000000,24.650000,24.830000,20.062201,54478800
2017-07-10,24.719999,24.990000,24.639999,24.889999,20.110685,54632800
2017-07-11,24.879999,24.910000,24.459999,24.600000,19.876369,69410600
2017-07-12,24.420000,24.600000,24.299999,24.350000,19.674374,68708700
2017-07-13,24.430000,24.629999,24.370001,24.620001,19.892532,55533400
2017-07-14,24.200001,24.320000,23.820000,24.209999,19.561260,92625400
2017-07-17,24.219999,24.219999,23.930000,24.020000,19.407745,81522000
2017-07-18,23.910000,24.059999,23.610001,23.900000,19.310785,107981400
2017-07-19,24.049999,24.200001,23.809999,24.059999,19.440063,74140100
2017-07-20,24.020000,24.120001,23.830000,23.940001,19.343103,62793500
2017-07-21,23.840000,23.959999,23.660000,23.799999,19.229984,65922500
2017-07-24,23.740000,24.030001,23.730000,23.910000,19.318867,51382700
2017-07-25,24.250000,24.670000,24.240000,24.480000,19.779411,86154700
2017-07-26,24.670000,24.670000,24.139999,24.209999,19.561260,65704700
2017-07-27,24.260000,24.450001,24.030001,24.110001,19.480459,62902100
2017-07-28,24.049999,24.209999,23.959999,24.030001,19.415823,50143400
2017-07-31,24.120001,24.299999,24.090000,24.120001,19.488537,62272000
2017-08-01,24.290001,24.490000,24.270000,24.450001,19.755178,52782500
2017-08-02,24.440001,24.590000,24.260000,24.590000,19.868298,55317100
2017-08-03,24.549999,24.600000,24.320000,24.370001,19.690536,53210600
2017-08-04,24.680000,25.080000,24.650000,24.969999,20.175327,105206600
2017-08-07,25.010000,25.049999,24.900000,24.959999,20.167252,41860900
2017-08-08,24.950001,25.350000,24.820000,24.900000,20.118771,73399300
2017-08-09,24.600000,24.770000,24.459999,24.740000,19.989489,56910400
2017-08-10,24.580000,24.580000,24.090000,24.120001,19.488537,78023700
2017-08-11,24.070000,24.240000,23.799999,23.860001,19.278467,68157400
2017-08-14,24.230000,24.490000,24.170000,24.420000,19.730936,54989500
2017-08-15,24.750000,24.850000,24.450001,24.469999,19.771339,45143200
2017-08-16,24.540001,24.620001,24.080000,24.190001,19.545099,59188900
2017-08-17,24.070000,24.170000,23.620001,23.639999,19.100704,78969300
2017-08-18,23.559999,23.900000,23.450001,23.620001,19.084549,60461200
2017-08-21,23.580000,23.639999,23.139999,23.379999,18.890631,70124800
2017-08-22,23.600000,23.889999,23.570000,23.830000,19.254229,59228600
2017-08-23,23.610001,23.969999,23.590000,23.760000,19.197668,39825500
2017-08-24,23.930000,23.940001,23.680000,23.840000,19.262302,39178700
2017-08-25,23.889999,24.070000,23.750000,23.770000,19.205744,43511900
2017-08-28,23.840000,23.900000,23.570000,23.719999,19.165352,37155000
2017-08-29,23.219999,23.700001,23.120001,23.580000,19.052233,60897200
2017-08-30,23.730000,24.040001,23.559999,23.870001,19.385199,58412900
2017-08-31,24.030001,24.040001,23.780001,23.889999,19.401443,62362400
2017-09-01,23.900000,24.180000,23.799999,24.090000,19.563866,56233900
2017-09-05,23.830000,23.830000,23.230000,23.309999,18.930410,108605400
2017-09-06,23.490000,23.580000,23.209999,23.410000,19.011625,64188900
2017-09-07,23.379999,23.410000,22.750000,22.969999,18.654297,103501200
2017-09-08,22.930000,23.230000,22.850000,22.889999,18.589325,68365000
2017-09-11,23.219999,23.410000,23.080000,23.360001,18.971022,73741000
2017-09-12,23.459999,24.030001,23.450001,23.950001,19.450169,99658500
2017-09-13,23.920000,24.350000,23.870001,24.330000,19.758776,86339800
2017-09-14,24.379999,24.540001,24.200001,24.240000,19.685678,70051000
2017-09-15,24.209999,24.410000,24.150000,24.379999,19.799376,85937600
2017-09-18,24.420000,24.770000,24.410000,24.700001,20.059250,68076400
2017-09-19,24.700001,24.990000,24.620001,24.860001,20.189192,56218100
2017-09-20,24.879999,25.240000,24.670000,25.059999,20.351614,82289900
2017-09-21,25.049999,25.280001,24.920000,25.160000,20.432827,57864000
2017-09-22,25.010000,25.070000,24.850000,25.020000,20.319126,61446000
2017-09-25,24.940001,25.080000,24.580000,24.760000,20.107979,62361700
2017-09-26,24.830000,24.959999,24.690001,24.809999,20.148586,53012700
2017-09-27,25.309999,25.639999,25.180000,25.410000,20.635853,92877400
2017-09-28,25.590000,25.639999,25.340000,25.450001,20.668343,64991400
2017-09-29,25.410000,25.480000,25.309999,25.340000,20.579004,66232600
2017-10-02,25.459999,25.650000,25.389999,25.620001,20.806400,54001400
2017-10-03,25.750000,25.930000,25.620001,25.860001,21.001310,55946900
2017-10-04,25.860001,25.950001,25.700001,25.709999,20.879501,53402800
2017-10-05,25.770000,26.230000,25.660000,26.129999,21.220581,62636900
2017-10-06,26.250000,26.299999,26.040001,26.209999,21.285545,53900600
2017-10-09,26.260000,26.270000,25.760000,25.850000,20.993179,55172500
2017-10-10,25.830000,25.950001,25.709999,25.930000,21.058157,46133800
2017-10-11,25.930000,25.930000,25.650000,25.830000,20.976942,51652300
2017-10-12,25.870001,25.930000,25.340000,25.450001,20.668343,71770000
2017-10-13,25.379999,26.000000,25.120001,25.830000,20.976942,104196900
2017-10-16,25.870001,26.330000,25.870001,26.240000,21.309912,71927200
2017-10-17,26.370001,26.430000,26.110001,26.200001,21.277426,48644400
2017-10-18,26.340000,26.549999,26.330000,26.480000,21.504826,55382500
2017-10-19,26.200001,26.590000,26.150000,26.580000,21.586029,54542700
2017-10-20,27.040001,27.180000,26.900000,27.170000,22.065180,83764700
2017-10-23,27.219999,27.430000,27.090000,27.160000,22.057060,69607700
2017-10-24,27.350000,27.840000,27.340000,27.680000,22.479357,90346500
2017-10-25,27.889999,27.920000,27.340000,27.629999,22.438755,81265300
2017-10-26,27.690001,27.980000,27.680000,27.740000,22.528086,55342500
2017-10-27,27.680000,27.959999,27.620001,27.799999,22.576813,58856700
2017-10-30,27.650000,27.760000,27.459999,27.600000,22.414394,51357600
2017-10-31,27.639999,27.719999,27.340000,27.389999,22.243845,50311200
2017-11-01,27.639999,27.730000,27.360001,27.530001,22.357542,46527700
2017-11-02,27.510000,27.940001,27.280001,27.870001,22.633659,59692000
2017-11-03,27.730000,27.820000,27.620001,27.820000,22.593056,37816100
2017-11-06,27.740000,27.820000,27.620001,27.750000,22.536203,37261000
2017-11-07,27.740000,27.770000,27.020000,27.180000,22.073303,68342100
2017-11-08,26.959999,26.959999,26.490000,26.790001,21.756577,83128200
2017-11-09,26.490000,26.660000,26.120001,26.490000,21.512939,95448600
2017-11-10,26.590000,26.740000,26.459999,26.510000,21.529186,61105300
2017-11-13,26.260000,26.480000,26.139999,26.400000,21.439846,55902200
2017-11-14,26.260000,26.350000,26.080000,26.240000,21.309912,61596800
2017-11-15,25.990000,26.930000,25.809999,26.790001,21.756577,98274900
2017-11-16,26.910000,27.049999,26.740000,26.760000,21.732214,54565200
2017-11-17,26.510000,26.730000,26.440001,26.620001,21.618517,48420700
2017-11-20,26.740000,26.840000,26.540001,26.740000,21.715973,46328800
2017-11-21,26.799999,26.860001,26.690001,26.730000,21.707851,57749100
2017-11-22,26.770000,26.900000,26.590000,26.660000,21.650999,38103200
2017-11-24,26.719999,26.740000,26.570000,26.590000,21.594149,14273600
2017-11-27,26.520000,26.920000,26.510000,26.590000,21.594149,44828600
2017-11-28,26.620001,27.700001,26.570000,27.639999,22.446869,99765000
2017-11-29,28.020000,28.490000,27.840000,28.280001,22.966623,119728400
2017-11-30,28.620001,28.719999,28.080000,28.170000,22.974779,122131900
2017-12-01,28.250000,28.510000,27.500000,28.100000,22.917692,137774800
2017-12-04,28.850000,29.309999,28.820000,29.059999,23.700649,145661700
2017-12-05,29.100000,29.299999,28.850000,28.930000,23.594622,91349800
2017-12-06,28.730000,28.969999,28.570000,28.639999,23.358109,74593800
2017-12-07,28.889999,28.969999,28.370001,28.780001,23.472282,80706100
2017-12-08,29.020000,29.090000,28.760000,29.049999,23.692493,60991300
2017-12-11,29.030001,29.170000,28.900000,28.940001,23.602774,54001900
2017-12-12,29.320000,29.500000,28.910000,29.320000,23.912697,76017200
2017-12-13,29.309999,29.440001,28.830000,28.840000,23.521217,79980600
2017-12-14,29.059999,29.180000,28.709999,28.730000,23.431509,60615800
2017-12-15,28.910000,29.180000,28.740000,29.040001,23.684338,129859400
2017-12-18,29.290001,29.500000,29.270000,29.480000,24.043182,70548600
2017-12-19,29.600000,29.639999,29.370001,29.450001,24.018726,67984100
2017-12-20,29.760000,29.840000,29.450001,29.480000,24.043182,81271200
2017-12-21,29.590000,29.980000,29.580000,29.820000,24.320480,72953200
2017-12-22,29.980000,30.030001,29.620001,29.879999,24.369417,54203000
2017-12-26,29.740000,29.940001,29.580000,29.780001,24.287859,42371200
2017-12-27,29.660000,29.730000,29.600000,29.730000,24.247080,35111800
2017-12-28,29.730000,29.820000,29.660000,29.799999,24.304171,37914900
2017-12-29,29.850000,29.879999,29.520000,29.520000,24.075811,40672000
2018-01-02,29.750000,29.900000,29.610001,29.900000,24.385729,57121600
2018-01-03,29.900000,29.940001,29.690001,29.799999,24.304171,57865700
2018-01-04,29.969999,30.440001,29.879999,30.190001,24.622244,76512500
2018-01-05,30.370001,30.420000,30.049999,30.330000,24.736427,56445200
2018-01-08,30.230000,30.270000,30.049999,30.120001,24.565155,42914800
2018-01-09,30.200001,30.540001,30.129999,30.270000,24.687489,69479100
2018-01-10,30.370001,30.730000,30.309999,30.549999,24.915848,63532800
2018-01-11,30.660000,30.690001,30.450001,30.660000,25.005571,59318300
2018-01-12,30.879999,31.200001,30.770000,31.190001,25.437824,66371600
2018-01-16,31.740000,31.790001,31.030001,31.240000,25.478601,104467900
2018-01-17,31.000000,31.290001,30.340000,31.180000,25.429670,124382900
2018-01-18,31.330000,31.709999,31.209999,31.480000,25.674341,76463800
2018-01-19,31.580000,31.740000,31.459999,31.719999,25.870077,66491000
2018-01-22,31.670000,31.940001,31.580000,31.940001,26.049507,53848800
2018-01-23,31.860001,32.130001,31.790001,31.920000,26.033194,56531400
2018-01-24,32.009998,32.209999,31.820000,32.090000,26.171846,81585000
2018-01-25,32.240002,32.250000,31.930000,32.090000,26.171846,62265800
2018-01-26,32.110001,32.200001,31.950001,32.200001,26.261553,52699900
2018-01-29,32.250000,32.450001,32.180000,32.279999,26.326794,59126500
2018-01-30,31.950001,32.200001,31.850000,31.879999,26.000570,60555800
2018-01-31,32.049999,32.290001,31.950001,32.000000,26.098442,65734100
2018-02-01,32.000000,32.500000,31.959999,32.500000,26.506229,62367400
2018-02-02,32.439999,32.669998,31.860001,31.950001,26.057659,96971900
2018-02-05,31.120001,31.980000,29.150000,30.260000,24.679337,155908300
2018-02-06,29.410000,31.290001,29.299999,31.200001,25.445982,165878400
2018-02-07,31.120001,31.740000,30.860001,31.250000,25.486763,101180500
2018-02-08,31.309999,31.379999,29.730000,29.740000,24.255234,128981300
2018-02-09,30.170000,30.610001,29.129999,30.330000,24.736427,143071100
2018-02-12,30.620001,31.440001,30.540001,31.120001,25.380735,95055100
2018-02-13,31.040001,31.400000,30.760000,31.180000,25.429670,76727300
2018-02-14,31.170000,32.029999,31.059999,32.000000,26.098442,97251500
2018-02-15,32.389999,32.470001,31.870001,32.209999,26.269711,68117400
2018-02-16,32.000000,32.259998,31.920000,31.969999,26.073973,62137800
2018-02-20,31.959999,32.160000,31.750000,31.930000,26.041349,58573900
2018-02-21,31.799999,32.369999,31.770000,31.870001,25.992420,72210300
2018-02-22,31.990000,32.139999,31.590000,31.690001,25.845612,64749700
2018-02-23,31.799999,32.060001,31.760000,32.029999,26.122904,53626300
2018-02-26,32.169998,32.439999,32.049999,32.419998,26.440983,61796300
2018-02-27,32.320000,32.849998,32.320000,32.330002,26.367582,69235500
2018-02-28,32.490002,32.770000,32.090000,32.099998,26.180000,72044000
2018-03-01,32.070000,32.349998,31.360001,31.480000,25.770685,90547100
2018-03-02,31.120001,31.690001,30.629999,31.629999,25.893473,82739100
2018-03-05,31.350000,32.349998,31.170000,32.130001,26.302794,70543100
2018-03-06,32.299999,32.320000,31.950001,32.110001,26.286419,50832600
2018-03-07,31.700001,32.230000,31.580000,32.180000,26.343727,52763900
2018-03-08,32.189999,32.270000,31.809999,32.200001,26.360098,53139800
2018-03-09,32.470001,32.730000,32.400002,32.720001,26.785789,73905800
2018-03-12,32.689999,33.049999,32.639999,32.840000,26.884027,60322800
2018-03-13,32.970001,32.990002,32.299999,32.360001,26.491079,63347500
2018-03-14,32.549999,32.549999,31.930000,32.139999,26.310974,58011400
2018-03-15,32.290001,32.340000,31.930000,32.099998,26.278236,41964200
2018-03-16,32.110001,32.570000,32.080002,32.169998,26.335539,83447600
2018-03-19,32.130001,32.220001,31.680000,31.980000,26.179998,57363200
2018-03-20,32.060001,32.200001,31.879999,31.980000,26.179998,44784500
2018-03-21,32.000000,32.450001,31.680000,31.870001,26.089947,64546300
2018-03-22,31.440001,31.490000,30.420000,30.549999,25.009346,110271900
2018-03-23,30.690001,30.709999,29.049999,29.170000,23.879631,115740200
2018-03-26,29.889999,30.559999,29.650000,30.440001,24.919298,83297000
2018-03-27,30.650000,30.670000,29.209999,29.520000,24.166153,85821800
2018-03-28,29.790001,29.959999,29.010000,29.389999,24.059732,79396100
2018-03-29,29.570000,30.139999,29.309999,29.990000,24.550917,65678300
2018-04-02,29.799999,30.059999,28.750000,29.309999,23.994236,86644200
2018-04-03,29.540001,29.650000,29.100000,29.590000,24.223459,69698700
2018-04-04,29.000000,29.969999,28.950001,29.879999,24.460863,66640800
2018-04-05,30.180000,30.549999,30.120001,30.320000,24.821064,55765500
2018-04-06,30.010000,30.290001,29.370001,29.629999,24.256205,79687600
2018-04-09,29.820000,30.629999,29.760000,29.870001,24.452675,65917500
2018-04-10,30.480000,30.580000,30.230000,30.480000,24.952044,60540500
2018-04-11,30.150000,30.240000,29.889999,29.900000,24.477238,62211500
2018-04-12,30.219999,30.799999,30.170000,30.650000,25.091211,57989100
2018-04-13,31.129999,31.170000,29.559999,29.799999,24.395369,99254500
2018-04-16,30.080000,30.370001,29.469999,29.930000,24.501793,110588900
2018-04-17,30.170000,30.370001,29.879999,30.040001,24.591843,83475900
2018-04-18,30.030001,30.219999,29.500000,29.530001,24.174343,79743200
2018-04-19,29.549999,30.240000,29.540001,30.180000,24.706455,80902600
2018-04-20,30.260000,30.530001,30.129999,30.260000,24.771946,65554600
2018-04-23,30.270000,30.400000,30.120001,30.320000,24.821064,50686300
2018-04-24,30.459999,30.860001,30.000000,30.190001,24.714640,81486800
2018-04-25,30.090000,30.340000,29.799999,30.139999,24.673704,65893500
2018-04-26,30.040001,30.280001,29.990000,30.070000,24.616405,45936700
2018-04-27,29.990000,30.209999,29.969999,30.150000,24.681892,47411200
2018-04-30,30.270000,30.430000,29.920000,29.920000,24.493607,55153900
2018-05-01,29.920000,29.959999,29.620001,29.950001,24.518169,52871700
2018-05-02,29.950001,30.070000,29.559999,29.580000,24.215271,68234600
2018-05-03,29.510000,29.520000,28.430000,29.200001,23.904188,110672700
2018-05-04,28.990000,29.420000,28.820000,29.299999,23.986052,58281900
2018-05-07,29.440001,29.790001,29.330000,29.639999,24.264389,46765200
2018-05-08,29.770000,30.129999,29.670000,29.930000,24.501793,65119800
2018-05-09,30.100000,30.790001,30.080000,30.719999,25.148518,72266500
2018-05-10,30.610001,31.070000,30.420000,30.889999,25.287687,54773200
2018-05-11,30.910000,31.030001,30.809999,30.920000,25.312244,42024800
2018-05-14,31.040001,31.230000,31.030001,31.120001,25.475973,41791600
2018-05-15,30.920000,31.360001,30.850000,31.219999,25.557835,64433500
2018-05-16,31.180000,31.250000,31.020000,31.059999,25.426853,43590100
2018-05-17,31.040001,31.080000,30.670000,30.809999,25.222191,45981500
2018-05-18,30.770000,30.790001,30.230000,30.260000,24.771946,58641700
2018-05-21,30.520000,30.680000,30.480000,30.549999,25.009346,34983300
2018-05-22,30.600000,31.139999,30.540001,30.889999,25.287687,61103000
2018-05-23,30.709999,30.760000,30.080000,30.440001,24.919298,73893100
2018-05-24,30.400000,30.410000,29.830000,30.209999,24.731012,62146200
2018-05-25,30.010000,30.190001,29.879999,30.160000,24.690077,44166700
2018-05-29,29.760000,29.799999,28.700001,28.959999,23.707710,135895000
2018-05-30,29.290001,29.600000,29.160000,29.490000,24.141592,79435300
2018-05-31,29.200001,29.260000,28.830000,29.040001,23.870342,97509300
2018-06-01,29.490000,29.660000,29.309999,29.400000,24.166254,64796600
2018-06-04,29.549999,29.590000,29.330000,29.400000,24.166254,43777000
2018-06-05,29.309999,29.340000,29.059999,29.120001,23.936096,47690800
2018-06-06,29.290001,30.049999,29.280001,30.040001,24.692322,74995800
2018-06-07,30.200001,30.309999,29.889999,30.090000,24.733419,68402700
2018-06-08,30.010000,30.049999,29.809999,30.010000,24.667660,49572900
2018-06-11,30.129999,30.410000,30.059999,30.059999,24.708759,46732800
2018-06-12,30.170000,30.270000,29.750000,29.900000,24.577236,49644600
2018-06-13,29.980000,30.360001,29.700001,29.840000,24.527925,68900200
2018-06-14,30.040001,30.049999,29.379999,29.500000,24.248447,77863200
2018-06-15,29.250000,29.410000,28.870001,29.280001,24.067614,105079500
2018-06-18,28.940001,29.500000,28.809999,29.400000,24.166254,52644100
2018-06-19,29.040001,29.370001,28.950001,29.260000,24.051176,65466200
2018-06-20,29.420000,29.500000,29.180000,29.240000,24.034735,52256500
2018-06-21,29.209999,29.450001,29.000000,29.290001,24.075838,68322600
2018-06-22,29.459999,29.520000,28.990000,28.990000,23.829237,76079200
2018-06-25,28.860001,28.910000,28.260000,28.480000,23.410023,73616400
2018-06-26,28.520000,28.670000,28.010000,28.540001,23.459347,56369300
2018-06-27,28.510000,28.850000,28.240000,28.240000,23.212751,61764400
2018-06-28,28.400000,28.840000,28.299999,28.670000,23.566206,71292100
2018-06-29,29.090000,29.170000,28.180000,28.190001,23.171656,102307600
2018-07-02,28.080000,28.280001,27.830000,28.280001,23.245634,52534300
2018-07-03,28.330000,28.430000,27.740000,27.780001,22.834642,40599000
2018-07-05,27.950001,28.080000,27.809999,27.920000,22.949720,44506800
2018-07-06,27.809999,28.150000,27.629999,28.030001,23.040133,39424900
2018-07-09,28.230000,29.090000,28.219999,29.049999,23.878563,61758900
2018-07-10,29.219999,29.330000,28.750000,28.830000,23.697720,58858400
2018-07-11,28.670000,28.910000,28.620001,28.680000,23.574425,50218900
2018-07-12,28.900000,28.969999,28.660000,28.770000,23.648401,51700700
2018-07-13,28.620001,28.690001,28.219999,28.549999,23.467566,75178000
2018-07-16,28.780001,29.850000,28.730000,29.780001,24.478607,129172000
2018-07-17,29.889999,30.200001,29.580000,30.010000,24.667660,87778900
2018-07-18,29.920000,30.290001,29.840000,30.129999,24.766302,59109200
2018-07-19,29.930000,30.020000,29.639999,29.670000,24.388182,59260600
2018-07-20,29.620001,30.160000,29.459999,30.129999,24.766302,80432700
2018-07-23,30.139999,30.850000,30.129999,30.750000,25.275927,74080200
2018-07-24,30.850000,31.110001,30.650000,30.830000,25.341684,64761500
2018-07-25,30.700001,31.110001,30.670000,31.070000,25.538963,57644100
2018-07-26,31.190001,31.209999,30.889999,30.940001,25.432104,46215000
2018-07-27,30.990000,31.139999,30.799999,31.059999,25.530741,57198900
2018-07-30,31.139999,31.450001,31.129999,31.309999,25.736233,58721000
2018-07-31,31.360001,31.420000,30.820000,30.879999,25.382788,64066000
2018-08-01,31.219999,31.549999,31.170000,31.250000,25.686916,69070700
2018-08-02,30.980000,31.309999,30.870001,31.280001,25.711573,46427200
2018-08-03,31.180000,31.510000,31.160000,31.510000,25.900631,50153800
2018-08-06,31.450001,31.590000,31.320000,31.520000,25.908854,41261500
2018-08-07,31.549999,31.799999,31.490000,31.510000,25.900631,43946200
2018-08-08,31.510000,31.910000,31.480000,31.799999,26.139006,43689600
2018-08-09,31.730000,31.790001,31.549999,31.600000,25.974615,38219100
2018-08-10,31.230000,31.330000,30.900000,31.190001,25.637598,55679800
2018-08-13,31.080000,31.120001,30.450001,30.480000,25.053993,63960600
2018-08-14,30.610001,30.900000,30.420000,30.790001,25.308802,42521200
2018-08-15,30.480000,30.620001,30.160000,30.360001,24.955355,59747900
2018-08-16,30.559999,30.840000,30.520000,30.719999,25.251263,44015400
2018-08-17,30.660000,30.860001,30.549999,30.740000,25.267706,39843500
2018-08-20,30.690001,30.930000,30.650000,30.870001,25.374569,40011000
2018-08-21,30.910000,31.250000,30.830000,31.020000,25.497866,53510600
2018-08-22,30.920000,31.090000,30.879999,30.980000,25.464983,33062900
2018-08-23,30.940001,30.980000,30.740000,30.840000,25.349903,38259100
2018-08-24,30.940001,31.080000,30.850000,30.889999,25.391006,43585000
2018-08-27,31.030001,31.490000,30.990000,31.309999,25.736233,47729300
2018-08-28,31.360001,31.410000,31.190001,31.270000,25.703360,38539000
2018-08-29,31.240000,31.309999,31.070000,31.139999,25.596493,46401800
2018-08-30,31.020000,31.150000,30.950001,31.010000,25.489641,47358900
2018-08-31,30.879999,30.950001,30.620001,30.930000,25.423883,49266000
2018-09-04,30.910000,31.160000,30.820000,31.139999,25.596493,44745600
2018-09-05,31.070000,31.240000,30.969999,31.180000,25.629377,48516700
2018-09-06,31.049999,31.110001,30.730000,30.850000,25.480713,42666000
2018-09-07,31.000000,31.120001,30.629999,30.860001,25.488968,49103800
2018-09-10,30.879999,31.000000,30.750000,30.820000,25.455925,34156200
2018-09-11,30.719999,30.900000,30.700001,30.850000,25.480713,53071000
2018-09-12,30.879999,30.959999,30.379999,30.430000,25.133804,59482300
2018-09-13,30.530001,30.670000,30.080000,30.139999,24.894279,59219500
2018-09-14,30.129999,30.389999,30.110001,30.370001,25.084246,33743900
2018-09-17,30.340000,30.490000,30.150000,30.280001,25.009911,35026600
2018-09-18,30.330000,30.400000,30.129999,30.209999,24.952093,49921700
2018-09-19,30.129999,31.200001,30.129999,31.000000,25.604605,92666300
2018-09-20,31.299999,31.370001,31.139999,31.190001,25.761532,83357400
2018-09-21,31.340000,31.370001,30.969999,31.030001,25.629377,85992100
2018-09-24,30.980000,31.200001,30.660000,30.740000,25.389853,45587700
2018-09-25,30.850000,31.040001,30.600000,30.670000,25.332035,40949900
2018-09-26,30.709999,30.740000,30.059999,30.129999,24.886021,57882400
2018-09-27,30.240000,30.309999,29.930000,29.940001,24.729084,45879700
2018-09-28,29.650000,29.850000,29.420000,29.459999,24.332628,74707600
2018-10-01,29.680000,29.940001,29.540001,29.650000,24.489561,53900900
2018-10-02,29.580000,29.719999,29.270000,29.580000,24.431747,42940300
2018-10-03,29.809999,30.180000,29.719999,30.000000,24.778645,61080300
2018-10-04,30.170000,30.790001,30.139999,30.430000,25.133804,72325700
2018-10-05,30.600000,30.650000,30.049999,30.230000,24.968618,51931000
2018-10-08,30.049999,30.420000,29.910000,30.270000,25.001652,47471600
2018-10-09,30.030001,30.190001,29.870001,29.980000,24.762125,58868600
2018-10-10,29.980000,30.129999,29.209999,29.240000,24.150917,88454400
2018-10-11,28.889999,29.250000,28.260000,28.360001,23.424080,111417300
2018-10-12,28.990000,29.040001,27.730000,28.459999,23.506678,102279200
2018-10-15,28.490000,28.620001,27.639999,27.920000,23.060656,114636100
2018-10-16,28.240000,28.580000,27.900000,28.530001,23.564493,87887800
2018-10-17,28.370001,29.190001,28.160000,28.900000,23.870092,79068700
2018-10-18,28.670000,28.900000,28.139999,28.250000,23.333225,77369200
2018-10-19,28.139999,28.520000,27.969999,28.320000,23.391043,64305400
2018-10-22,28.320000,28.350000,27.309999,27.379999,22.614641,89942900
2018-10-23,26.389999,27.200001,26.110001,27.020000,22.317303,102392500
2018-10-24,26.860001,26.900000,26.080000,26.190001,21.631756,86386600
2018-10-25,26.379999,26.930000,26.180000,26.590000,21.962141,73780400
2018-10-26,26.330000,26.580000,25.879999,26.389999,21.796951,91103500
2018-10-29,26.690001,27.180000,26.290001,26.610001,21.978659,89367000
2018-10-30,26.760000,26.860001,26.320000,26.780001,22.119066,79004800
2018-10-31,27.100000,27.879999,27.059999,27.500000,22.713757,92296300
2018-11-01,27.770000,28.000000,27.610001,27.809999,22.969803,49827300
2018-11-02,28.010000,28.379999,27.520000,27.889999,23.035885,69010200
2018-11-05,27.950001,28.240000,27.889999,28.059999,23.176292,41103100
2018-11-06,28.020000,28.250000,27.740000,28.209999,23.300186,43514400
2018-11-07,28.420000,28.670000,28.139999,28.540001,23.572756,56679200
2018-11-08,28.500000,29.120001,28.430000,28.870001,23.845318,49421200
2018-11-09,28.750000,28.889999,28.379999,28.520000,23.556231,43270600
2018-11-12,28.379999,28.520000,27.639999,27.750000,22.920242,50307500
2018-11-13,27.750000,28.139999,27.690001,27.760000,22.928501,57423400
2018-11-14,27.950001,28.100000,26.780001,27.209999,22.474232,69213300
2018-11-15,27.139999,27.969999,26.879999,27.900000,23.044138,66174800
2018-11-16,27.690001,27.889999,27.420000,27.750000,22.920242,52456100
2018-11-19,27.780001,28.020000,27.540001,27.750000,22.920242,46000000
2018-11-20,27.420000,27.570000,26.969999,27.379999,22.614641,92330600
2018-11-21,27.590000,27.760000,27.250000,27.270000,22.523794,40364400
2018-11-23,27.080000,27.170000,26.879999,26.969999,22.275997,22974100
2018-11-26,27.180000,27.730000,27.100000,27.559999,22.763317,53210700
2018-11-27,27.430000,27.900000,27.389999,27.740000,22.911987,43617100
2018-11-28,27.879999,28.469999,27.559999,28.430000,23.481895,61388100
2018-11-29,28.180000,28.350000,27.969999,28.040001,23.159777,46824600
2018-11-30,27.940001,28.629999,27.870001,28.400000,23.457113,64284600
2018-12-03,28.990000,29.040001,28.360001,28.540001,23.572756,59908700
2018-12-04,28.320000,28.320000,26.730000,26.990000,22.292511,103565700
2018-12-06,26.230000,26.320000,25.530001,26.280001,21.827404,133294200
2018-12-07,26.150000,26.540001,25.299999,25.430000,21.121416,107477600
2018-12-10,25.180000,25.230000,24.290001,24.760000,20.564936,110166900
2018-12-11,25.209999,25.400000,24.530001,24.580000,20.415432,78545000
2018-12-12,24.870001,24.990000,24.370001,24.520000,20.365597,87191800
2018-12-13,24.660000,24.820000,24.280001,24.400000,20.265928,64860100
2018-12-14,24.180000,24.870001,24.120001,24.480000,20.332373,92762600
2018-12-17,24.260000,24.930000,24.160000,24.469999,20.324064,98602800
2018-12-18,24.670000,25.090000,24.309999,24.469999,20.324064,89046300
2018-12-19,24.450001,25.240000,24.070000,24.180000,20.083202,121887600
2018-12-20,23.850000,24.430000,23.760000,24.110001,20.025059,112594000
2018-12-21,23.910000,24.510000,23.260000,23.370001,19.410439,160800400
2018-12-24,22.760000,23.209999,22.660000,22.730000,18.878880,64859100
2018-12-26,22.910000,24.180000,22.690001,24.110001,20.025059,100877800
2018-12-27,23.780001,24.370001,23.389999,24.370001,20.241009,91575400
2018-12-28,24.590000,24.750000,24.260000,24.389999,20.257620,78693800
2018-12-31,24.570000,24.969999,24.370001,24.639999,20.465261,56257300
2019-01-02,24.080000,25.139999,24.010000,24.959999,20.731041,71836300
2019-01-03,24.940001,25.040001,24.450001,24.559999,20.398817,66599600
2019-01-04,25.100000,25.650000,25.030001,25.580000,21.246002,83829100
2019-01-07,25.559999,25.780001,25.290001,25.559999,21.229391,57016300
2019-01-08,25.719999,25.790001,25.090000,25.510000,21.187862,67339400
2019-01-09,25.670000,25.850000,25.389999,25.760000,21.395502,69707200
2019-01-10,25.559999,25.780001,25.420000,25.730000,21.370586,65235800
2019-01-11,25.530001,26.040001,25.459999,26.030001,21.619757,63476000
2019-01-14,25.770000,26.480000,25.610001,26.370001,21.902153,76715400
2019-01-15,26.209999,26.809999,26.049999,26.549999,22.051653,80625500
2019-01-16,28.129999,28.719999,27.860001,28.450001,23.629742,163131700
2019-01-17,28.340000,29.000000,28.090000,28.990000,24.078249,107428800
2019-01-18,29.020000,29.459999,28.709999,29.299999,24.335722,97928200
2019-01-22,28.980000,29.299999,28.889999,29.090000,24.161304,84861400
2019-01-23,29.219999,29.280001,28.620001,28.920000,24.020109,79425900
2019-01-24,28.750000,29.200001,28.740000,29.080000,24.152996,59492300
2019-01-25,29.280001,29.719999,29.139999,29.580000,24.568289,72182100
2019-01-28,29.320000,29.670000,29.290001,29.629999,24.609810,59963800
2019-01-29,29.540001,29.700001,29.340000,29.389999,24.410475,51451900
2019-01-30,29.420000,29.469999,28.950001,29.070000,24.144697,66475800
2019-01-31,28.750000,28.840000,27.980000,28.469999,23.646347,100201200
2019-02-01,28.600000,28.840000,28.309999,28.379999,23.571604,64244100
2019-02-04,28.469999,28.969999,28.420000,28.879999,23.986885,55195900
2019-02-05,28.850000,28.879999,28.570000,28.780001,23.903826,46622600
2019-02-06,28.670000,28.900000,28.540001,28.730000,23.862299,35606900
2019-02-07,28.540001,28.639999,27.900000,28.240000,23.455320,62289200
2019-02-08,28.150000,28.320000,27.860001,28.290001,23.496851,50031300
2019-02-11,28.340000,28.459999,28.209999,28.410000,23.596514,47724400
2019-02-12,28.620001,28.860001,28.580000,28.690001,23.829081,49178100
2019-02-13,28.870001,28.990000,28.660000,28.700001,23.837379,48951200
2019-02-14,28.360001,28.620001,28.110001,28.389999,23.579905,47756600
2019-02-15,28.760000,29.309999,28.670000,29.110001,24.177917,65867000
2019-02-19,28.930000,29.260000,28.750000,29.129999,24.194527,40841300
2019-02-20,29.100000,29.450001,29.010000,29.410000,24.427086,42806300
2019-02-21,29.330000,29.450001,29.110001,29.290001,24.327419,42754100
2019-02-22,29.049999,29.270000,28.959999,29.080000,24.152996,47887800
2019-02-25,29.120001,29.590000,29.120001,29.270000,24.310808,61227400
2019-02-26,29.020000,29.629999,28.959999,29.290001,24.327419,53153200
2019-02-27,29.299999,29.670000,29.209999,29.530001,24.526756,48128600
2019-02-28,29.500000,29.549999,29.010000,29.080000,24.276312,62358100
2019-03-01,29.330000,29.650000,29.209999,29.309999,24.468321,45771500
2019-03-04,29.330000,29.540001,28.770000,29.030001,24.234571,56893200
2019-03-05,29.020000,29.190001,28.700001,29.080000,24.276312,39932500
2019-03-06,29.010000,29.160000,28.799999,28.840000,24.075954,41672000
2019-03-07,28.670000,28.719999,28.260000,28.549999,23.833862,53908600
2019-03-08,28.059999,28.670000,28.010000,28.650000,23.917343,40860700
2019-03-11,28.700001,29.059999,28.700001,28.940001,24.159443,40709300
2019-03-12,29.000000,29.120001,28.889999,28.940001,24.159443,34450000
2019-03-13,29.049999,29.510000,28.980000,29.290001,24.451624,54683300
2019-03-14,29.309999,29.639999,29.240000,29.459999,24.593538,45219100
2019-03-15,29.440001,29.610001,29.260000,29.299999,24.459970,82346200
2019-03-18,29.379999,29.959999,29.330000,29.820000,24.894072,58568600
2019-03-19,30.010000,30.139999,29.540001,29.650000,24.752155,55455100
2019-03-20,29.620001,29.660000,28.600000,28.639999,23.908993,81689900
2019-03-21,28.450001,28.600000,28.040001,28.180000,23.524982,77444400
2019-03-22,27.910000,28.070000,26.709999,27.010000,22.548250,118851600
2019-03-25,26.910000,27.379999,26.610001,26.840000,22.406330,65568000
2019-03-26,27.150000,27.350000,26.879999,27.209999,22.715214,59878500
2019-03-27,27.090000,27.370001,26.950001,27.030001,22.564949,57621700
2019-03-28,27.200001,27.410000,27.020000,27.330000,22.815390,45872300
2019-03-29,27.549999,27.680000,27.299999,27.590000,23.032442,83446300
2019-04-01,27.900000,28.740000,27.850000,28.540001,23.825518,91751100
2019-04-02,28.469999,28.870001,28.350000,28.870001,24.101004,66694000
2019-04-03,29.070000,29.240000,28.700001,28.840000,24.075954,63110600
2019-04-04,28.850000,29.309999,28.840000,29.150000,24.334753,53712100
2019-04-05,29.320000,29.500000,28.980000,29.080000,24.276312,46383400
2019-04-08,28.889999,29.200001,28.870001,29.170000,24.351446,35272800
2019-04-09,29.000000,29.070000,28.740000,28.889999,24.117699,40535300
2019-04-10,28.900000,29.150000,28.750000,29.070000,24.267962,42669700
2019-04-11,29.250000,29.490000,28.990000,29.070000,24.267962,50440100
2019-04-12,29.559999,30.219999,29.559999,30.170000,25.186256,100192000
2019-04-15,30.100000,30.139999,29.660000,29.840000,24.910767,57438800
2019-04-16,29.299999,30.049999,29.000000,29.879999,24.944160,105168400
2019-04-17,29.830000,30.120001,29.459999,30.030001,25.069384,94831600
2019-04-18,29.950001,30.160000,29.820000,30.030001,25.069384,61796600
2019-04-22,29.930000,30.100000,29.780001,30.049999,25.086079,34763400
2019-04-23,29.990000,30.209999,29.920000,30.070000,25.102768,41889700
2019-04-24,29.950001,30.170000,29.850000,30.020000,25.061033,40078100
2019-04-25,29.910000,30.320000,29.900000,30.080000,25.111124,43243800
2019-04-26,30.170000,30.389999,30.049999,30.350000,25.336527,40627500
2019-04-29,30.430000,31.170000,30.410000,30.770000,25.687141,68408600
2019-04-30,30.799999,30.879999,30.410000,30.580000,25.528526,47764200
2019-05-01,30.559999,30.889999,30.180000,30.260000,25.261389,56161000
2019-05-02,30.260000,30.559999,30.150000,30.500000,25.461744,40634100
2019-05-03,30.660000,30.799999,30.500000,30.709999,25.637054,35256100
2019-05-06,30.110001,30.610001,30.070000,30.469999,25.436701,39882000
2019-05-07,30.160000,30.170000,29.629999,29.920000,24.977552,58528400
2019-05-08,29.730000,30.110001,29.670000,29.799999,24.877380,39903400
2019-05-09,29.420000,29.780001,29.280001,29.709999,24.802244,44173500
2019-05-10,29.459999,29.709999,29.190001,29.580000,24.693718,59649900
2019-05-13,28.959999,29.000000,28.049999,28.250000,23.583418,72547000
2019-05-14,28.360001,28.990000,28.209999,28.620001,23.892300,52216100
2019-05-15,28.100000,28.490000,28.010000,28.290001,23.616810,51973200
2019-05-16,28.459999,28.830000,28.430000,28.590000,23.867256,42791500
2019-05-17,28.250000,28.639999,28.219999,28.400000,23.708643,43772500
2019-05-20,28.400000,28.520000,28.240000,28.400000,23.708643,41717600
2019-05-21,28.570000,28.750000,28.450001,28.690001,23.950731,39258700
2019-05-22,28.510000,28.629999,28.350000,28.490000,23.783773,29177600
2019-05-23,28.129999,28.200001,27.500000,27.760000,23.174353,59772900
2019-05-24,27.930000,28.260000,27.860001,28.180000,23.524982,35524400
2019-05-28,28.049999,28.250000,27.879999,27.900000,23.291233,44273400
2019-05-29,27.530001,27.850000,27.379999,27.750000,23.166012,49818900
2019-05-30,27.770000,27.930000,26.980000,27.160000,22.673473,58649300
2019-05-31,26.500000,26.870001,26.480000,26.600000,22.205978,68304200
2019-06-03,26.590000,26.990000,26.400000,26.680000,22.272768,50109900
2019-06-04,27.180000,27.950001,27.139999,27.920000,23.307930,58426400
2019-06-05,27.840000,28.010000,27.459999,27.910000,23.299583,44874400
2019-06-06,27.760000,28.040001,27.540001,27.879999,23.400301,38633600
2019-06-07,27.750000,27.790001,27.420000,27.530001,23.106543,51317200
2019-06-10,27.860001,28.469999,27.840000,28.070000,23.559772,48305800
2019-06-11,28.379999,28.700001,28.139999,28.240000,23.702459,38691800
2019-06-12,28.200001,28.270000,27.860001,27.950001,23.459055,33528900
2019-06-13,27.969999,28.160000,27.809999,27.940001,23.450666,33404200
2019-06-14,27.910000,28.170000,27.780001,28.040001,23.534595,37322100
2019-06-17,28.010000,28.219999,27.790001,27.930000,23.442272,33410100
2019-06-18,28.020000,28.799999,27.830000,28.620001,24.021400,60170700
2019-06-19,28.700001,28.969999,28.299999,28.320000,23.769606,61953500
2019-06-20,28.590000,28.610001,27.850000,28.270000,23.727642,60887200
2019-06-21,28.190001,28.549999,28.080000,28.120001,23.601738,69444000
2019-06-24,28.080000,28.379999,27.889999,27.980000,23.484236,40046400
2019-06-25,28.020000,28.020000,27.379999,27.760000,23.299576,46901300
2019-06-26,27.940001,28.180000,27.850000,27.910000,23.425482,42312300
2019-06-27,28.080000,28.320000,28.059999,28.209999,23.677269,35575600
2019-06-28,29.010000,29.270000,28.730000,29.000000,24.340342,101856900
2019-07-01,29.480000,29.850000,29.250000,29.420000,24.692860,48029900
2019-07-02,29.340000,29.430000,28.930000,29.150000,24.466240,32263500
2019-07-03,29.190001,29.240000,28.930000,29.049999,24.382307,26642300
2019-07-05,29.360001,29.570000,29.150000,29.260000,24.558567,33092000
2019-07-08,29.010000,29.299999,28.940001,29.200001,24.508209,30924400
2019-07-09,28.969999,29.420000,28.940001,29.350000,24.634100,28750100
2019-07-10,29.170000,29.400000,28.959999,29.020000,24.357130,40574800
2019-07-11,29.100000,29.500000,29.030001,29.360001,24.642496,37376800
2019-07-12,29.440001,29.530001,29.360001,29.450001,24.718040,29632900
2019-07-15,29.500000,29.530001,29.080000,29.219999,24.524992,46462100
2019-07-16,29.170000,29.200001,28.860001,28.990000,24.331949,54920400
2019-07-17,29.100000,29.620001,29.000000,29.190001,24.499811,84958300
2019-07-18,29.280001,29.580000,29.180000,29.480000,24.743217,49468800
2019-07-19,29.540001,29.610001,29.379999,29.400000,24.676067,44863200
2019-07-22,29.290001,29.610001,29.280001,29.570000,24.818758,31224300
2019-07-23,29.750000,30.280001,29.700001,30.250000,25.389496,64030300
2019-07-24,30.070000,30.750000,30.040001,30.670000,25.742014,53171900
2019-07-25,30.740000,30.889999,30.209999,30.340000,25.465034,43251900
2019-07-26,30.570000,30.990000,30.420000,30.770000,25.825943,46978800
2019-07-29,30.719999,30.850000,30.490000,30.520000,25.616117,39176700
2019-07-30,30.209999,30.900000,30.150000,30.889999,25.926664,37598300
2019-07-31,30.830000,31.059999,30.590000,30.680000,25.750401,60607600
2019-08-01,30.549999,31.070000,29.360001,29.490000,24.751614,76913400
2019-08-02,29.360001,29.500000,28.910000,29.379999,24.659281,57492300
2019-08-05,28.530001,28.639999,27.709999,28.080000,23.568163,96207700
2019-08-06,28.410000,28.490000,27.690001,28.420000,23.853539,65115800
2019-08-07,27.610001,27.930000,27.120001,27.889999,23.408697,75388500
2019-08-08,28.110001,28.490000,28.070000,28.379999,23.819963,53141900
2019-08-09,28.270000,28.520000,27.969999,28.330000,23.777998,53499600
2019-08-12,27.830000,27.850000,27.459999,27.639999,23.198864,55674700
2019-08-13,27.570000,28.250000,27.379999,27.719999,23.266012,69919200
2019-08-14,26.940001,27.080000,26.280001,26.420000,22.174894,106591700
2019-08-15,26.580000,26.830000,26.209999,26.250000,22.032206,70192000
2019-08-16,26.530001,27.120001,26.440001,27.030001,22.686882,70841700
2019-08-19,27.639999,27.700001,27.139999,27.270000,22.888315,44964800
2019-08-20,27.020000,27.059999,26.700001,26.719999,22.426689,47665000
2019-08-21,26.930000,27.080000,26.790001,26.930000,22.602947,47785400
2019-08-22,27.090000,27.299999,26.959999,27.190001,22.821175,49353700
2019-08-23,26.950001,27.219999,26.260000,26.469999,22.216854,81880700
2019-08-26,26.700001,26.799999,26.490000,26.780001,22.477045,41499100
2019-08-27,26.860001,26.900000,26.280001,26.469999,22.216854,52517000
2019-08-28,26.219999,27.080000,26.209999,26.850000,22.535795,45897900
2019-08-29,27.000000,27.450001,26.920000,27.330000,22.938677,55432900
2019-08-30,27.500000,27.690001,27.350000,27.510000,23.089750,41326200
2019-09-03,27.209999,27.230000,26.610001,27.049999,22.703663,50743100
2019-09-04,27.320000,27.580000,27.160000,27.490000,23.072966,40862500
2019-09-05,27.850000,28.430000,27.799999,28.120001,23.757296,63413700
2019-09-06,28.020000,28.090000,27.570000,27.730000,23.427803,56054100
2019-09-09,28.000000,28.850000,27.969999,28.629999,24.188169,68629300
2019-09-10,28.889999,29.350000,28.809999,29.350000,24.796463,71066200
2019-09-11,29.370001,29.469999,28.900000,29.459999,24.889402,53982200
2019-09-12,29.219999,29.799999,28.910000,29.670000,25.066818,72943900
2019-09-13,30.000000,30.320000,29.870001,30.170000,25.489248,79657000
2019-09-16,29.680000,30.170000,29.639999,30.129999,25.455450,43391300
2019-09-17,29.850000,30.020000,29.590000,29.940001,25.294933,48284900
2019-09-18,29.770000,30.150000,29.549999,30.000000,25.345627,66640400
2019-09-19,30.000000,30.100000,29.750000,29.820000,25.193550,43035700
2019-09-20,29.969999,30.129999,29.570000,29.590000,24.999235,167269000
2019-09-23,29.309999,29.620001,29.170000,29.520000,24.940090,52048300
2019-09-24,29.600000,29.639999,28.740000,28.940001,24.450081,64806900
2019-09-25,28.780001,29.410000,28.780001,29.250000,24.711979,45807700
2019-09-26,29.209999,29.330000,29.049999,29.129999,24.610600,33198100
2019-09-27,29.410000,29.709999,29.209999,29.350000,24.796463,41336600
2019-09-30,29.490000,29.520000,29.080000,29.170000,24.644398,39191000
2019-10-01,29.440001,29.510000,28.410000,28.440001,24.027653,49434400
2019-10-02,28.200001,28.299999,27.809999,27.840000,23.520739,52293100
2019-10-03,27.760000,27.879999,27.160000,27.809999,23.495390,53015800
2019-10-04,27.850000,28.400000,27.840000,28.370001,23.968508,42641800
2019-10-07,28.330000,28.620001,28.180000,28.309999,23.917816,36742400
2019-10-08,27.870001,27.920000,27.459999,27.629999,23.343313,58201100
2019-10-09,27.830000,28.070000,27.750000,27.889999,23.562984,37511400
2019-10-10,28.040001,28.750000,28.040001,28.450001,24.036098,48239300
2019-10-11,28.990000,29.340000,28.860001,28.910000,24.424732,70008600
2019-10-14,28.740000,29.160000,28.730000,29.139999,24.619047,36040100
2019-10-15,29.340000,30.240000,29.110001,29.730000,25.117514,78656000
2019-10-16,30.370001,30.719999,30.150000,30.170000,25.489248,87131700
2019-10-17,30.299999,30.540001,30.000000,30.260000,25.565283,55575900
2019-10-18,30.129999,30.490000,30.100000,30.350000,25.641323,48872900
2019-10-21,30.670000,31.150000,30.629999,31.020000,26.207369,61087400
2019-10-22,30.969999,31.370001,30.750000,31.200001,26.359446,58662100
2019-10-23,31.129999,31.440001,31.090000,31.420000,26.545321,47771200
2019-10-24,31.450001,31.520000,31.200001,31.360001,26.494623,39491000
2019-10-25,31.360001,31.850000,31.340000,31.719999,26.798769,43702000
2019-10-28,31.969999,32.230000,31.740000,31.840000,26.900154,58790300
2019-10-29,31.940001,32.139999,31.809999,32.070000,27.094477,48266600
2019-10-30,32.009998,32.009998,31.530001,31.620001,26.714294,45262400
2019-10-31,31.410000,31.620001,30.820000,31.270000,26.418587,49430900
2019-11-01,31.700001,31.840000,31.370001,31.799999,26.866364,41985300
2019-11-04,32.240002,32.500000,32.099998,32.400002,27.373274,54228600
2019-11-05,32.509998,33.090000,32.500000,32.820000,27.728111,68785600
2019-11-06,32.759998,33.060001,32.669998,32.790001,27.702770,47524500
2019-11-07,33.110001,33.599998,33.009998,33.230000,28.074501,68310700
2019-11-08,33.070000,33.270000,32.930000,33.259998,28.099850,38724000
2019-11-11,33.029999,33.250000,32.970001,33.180000,28.032261,27784000
2019-11-12,33.130001,33.320000,32.990002,33.090000,27.956221,37282200
2019-11-13,32.720001,32.889999,32.480000,32.790001,27.702770,48887800
2019-11-14,32.689999,32.860001,32.490002,32.700001,27.626732,35554600
2019-11-15,32.919998,32.959999,32.700001,32.930000,27.821045,36398300
2019-11-18,32.860001,33.029999,32.750000,32.959999,27.846395,31133700
2019-11-19,33.119999,33.150002,32.820000,32.939999,27.829493,33183700
2019-11-20,32.790001,32.830002,32.419998,32.689999,27.618282,43612200
2019-11-21,32.779999,33.040001,32.630001,32.840000,27.745008,42787600
2019-11-22,32.959999,33.320000,32.939999,33.180000,28.032261,38783900
2019-11-25,33.330002,33.509998,33.259998,33.470001,28.277267,50238800
2019-11-26,33.380001,33.400002,33.119999,33.349998,28.175888,50626600
2019-11-27,33.490002,33.599998,33.310001,33.419998,28.235020,32097700
2019-11-29,33.369999,33.520000,33.240002,33.320000,28.150534,19503400
2019-12-02,33.450001,33.750000,33.340000,33.430000,28.243473,47158800
2019-12-03,32.869999,32.900002,32.549999,32.840000,27.745008,58745100
2019-12-04,33.080002,33.299999,32.849998,33.150002,28.006914,46637900
2019-12-05,33.160000,33.220001,33.000000,33.090000,28.108850,38304500
2019-12-06,33.680000,33.799999,33.570000,33.669998,28.601543,50908500
2019-12-09,33.500000,33.700001,33.439999,33.509998,28.465630,32974500
2019-12-10,33.400002,33.630001,33.299999,33.529999,28.482607,41960100
2019-12-11,33.480000,33.759998,33.480000,33.639999,28.576057,43107800
2019-12-12,33.779999,34.810001,33.680000,34.680000,29.459501,64942500
2019-12-13,34.689999,34.959999,34.349998,34.439999,29.255629,48539600
2019-12-16,34.950001,35.090000,34.700001,34.700001,29.476488,50777100
2019-12-17,34.849998,35.270000,34.740002,35.040001,29.765303,50840500
2019-12-18,35.110001,35.270000,35.049999,35.110001,29.824768,48757900
2019-12-19,35.150002,35.230000,34.889999,34.950001,29.688856,45409500
2019-12-20,35.240002,35.240002,34.910000,34.959999,29.697355,109395500
2019-12-23,35.040001,35.189999,34.950001,35.169998,29.875734,33995400
2019-12-24,35.189999,35.279999,35.119999,35.220001,29.918215,13805400
2019-12-26,35.320000,35.560001,35.290001,35.520000,30.173050,26992100
2019-12-27,35.700001,35.720001,35.259998,35.349998,30.028643,28111300
2019-12-30,35.570000,35.650002,35.090000,35.150002,29.858757,30705100
2019-12-31,35.029999,35.259998,34.970001,35.220001,29.918215,29630100
2020-01-02,35.349998,35.660000,35.290001,35.639999,30.274990,37614200
2020-01-03,34.980000,35.150002,34.759998,34.900002,29.646381,50357900
2020-01-06,34.410000,34.900002,34.369999,34.849998,29.603907,42185000
2020-01-07,34.700001,34.919998,34.529999,34.619999,29.408527,34149000
2020-01-08,34.570000,35.189999,34.549999,34.970001,29.705841,45311600
2020-01-09,35.299999,35.330002,34.939999,35.029999,29.756817,39861600
2020-01-10,35.000000,35.070000,34.660000,34.740002,29.510471,39730400
2020-01-13,34.840000,35.070000,34.660000,35.060001,29.782307,37956100
2020-01-14,35.299999,35.669998,35.110001,35.320000,30.003162,66719300
2020-01-15,34.770000,34.790001,34.340000,34.669998,29.451000,74745500
2020-01-16,34.900002,34.990002,34.599998,34.720001,29.493484,50368500
2020-01-17,34.919998,34.950001,34.599998,34.709999,29.484985,54156100
2020-01-21,34.419998,34.520000,34.220001,34.259998,29.102732,50811000
2020-01-22,34.369999,34.450001,34.230000,34.360001,29.187674,38879700
2020-01-23,34.090000,34.259998,33.730000,34.119999,28.983793,45717100
2020-01-24,34.119999,34.139999,33.270000,33.540001,28.491116,47797200
2020-01-27,32.570000,33.130001,32.470001,32.849998,27.904980,57096200
2020-01-28,33.020000,33.490002,32.950001,33.240002,28.236273,38834600
2020-01-29,33.330002,33.439999,32.980000,33.009998,28.040888,37414700
2020-01-30,32.700001,33.520000,32.669998,33.480000,28.440142,50542800
2020-01-31,33.070000,33.169998,32.650002,32.830002,27.887983,54845300
2020-02-03,33.000000,33.400002,32.919998,32.970001,28.006914,48485500
2020-02-04,33.560001,33.900002,33.529999,33.619999,28.559067,45061600
2020-02-05,34.099998,34.810001,34.070000,34.709999,29.484985,54604800
2020-02-06,34.939999,35.009998,34.599998,34.669998,29.451000,39511500
2020-02-07,34.320000,34.660000,34.240002,34.610001,29.400042,31263000
2020-02-10,34.439999,34.689999,34.380001,34.689999,29.467999,24373800
2020-02-11,34.849998,35.040001,34.759998,34.770000,29.535948,32476300
2020-02-12,35.080002,35.450001,34.779999,34.919998,29.663368,36656700
2020-02-13,34.759998,35.029999,34.549999,34.910000,29.654881,31775100
2020-02-14,34.880001,34.959999,34.700001,34.849998,29.603907,26447700
2020-02-18,34.770000,34.830002,34.009998,34.270000,29.111217,40318000
2020-02-19,34.450001,34.849998,34.410000,34.720001,29.493484,29632100
2020-02-20,34.459999,35.080002,34.459999,34.849998,29.603907,42604100
2020-02-21,34.529999,34.639999,34.139999,34.360001,29.187674,46675500
2020-02-24,33.180000,33.209999,32.520000,32.730000,27.803041,79159600
2020-02-25,32.689999,32.759998,30.840000,31.080000,26.401419,91586800
2020-02-26,31.389999,31.600000,30.559999,30.629999,26.019161,80012800
2020-02-27,29.549999,30.299999,28.910000,29.129999,24.744961,121148300
2020-02-28,28.000000,28.750000,27.700001,28.500000,24.209801,171198800
2020-03-02,28.350000,29.379999,27.440001,29.370001,24.948833,147776300
2020-03-03,29.370001,29.750000,27.620001,27.750000,23.572695,138698500
2020-03-04,28.250000,28.420000,27.400000,28.389999,24.116356,111239800
2020-03-05,27.240000,27.350000,26.400000,26.780001,22.893866,110878700
2020-03-06,25.469999,26.209999,25.100000,25.709999,21.979143,119121200
2020-03-09,22.230000,23.490000,21.510000,21.930000,18.747665,145196000
2020-03-10,23.250000,23.680000,21.590000,23.610001,20.183878,134863600
2020-03-11,22.840000,23.959999,22.260000,22.670000,19.380278,127347000
2020-03-12,20.590000,22.870001,20.150000,20.510000,17.533730,139552600
2020-03-13,22.190001,24.250000,21.480000,24.160000,20.654064,128357400
2020-03-16,19.850000,21.730000,19.580000,20.440001,17.473886,121688800
2020-03-17,21.059999,22.690001,20.030001,21.980000,18.790415,120065700
2020-03-18,20.270000,20.969999,19.700001,20.790001,17.773098,148272500
2020-03-19,20.260000,21.750000,19.000000,21.200001,18.123600,122461300
2020-03-20,21.760000,21.840000,19.559999,19.670000,16.815620,150910400
2020-03-23,19.260000,19.670000,17.950001,18.080000,15.456359,181898500
2020-03-24,19.420000,21.150000,19.010000,21.030001,17.978273,147882400
2020-03-25,21.709999,22.100000,20.410000,21.100000,18.038113,146991300
2020-03-26,21.309999,22.950001,21.170000,22.719999,19.423031,116111400
2020-03-27,21.680000,22.200001,21.100000,21.600000,18.465559,91522800
2020-03-30,21.650000,22.350000,21.270000,22.040001,18.841707,80449100
2020-03-31,21.820000,22.490000,20.959999,21.230000,18.149246,95213700
2020-04-01,19.930000,20.350000,19.510000,19.770000,16.901108,83961300
2020-04-02,19.650000,20.790001,19.590000,20.570000,17.585018,70007400
2020-04-03,20.400000,20.740000,19.680000,20.030001,17.123381,68293500
2020-04-06,21.030001,21.600000,20.809999,21.389999,18.286026,97766200
2020-04-07,22.799999,22.879999,21.850000,22.139999,18.927195,94560300
2020-04-08,22.410000,23.600000,22.410000,23.450001,20.047098,81212300
2020-04-09,24.070000,25.320000,24.049999,24.860001,21.252487,125275700
2020-04-13,24.780001,24.850000,23.780001,23.920000,20.448893,83164700
2020-04-14,24.500000,24.650000,23.100000,23.730000,20.286465,88991100
2020-04-15,22.160000,22.650000,21.910000,22.190001,18.969936,99082200
2020-04-16,22.150000,22.209999,21.090000,21.420000,18.311678,89213300
2020-04-17,22.340000,23.400000,22.309999,23.280001,19.901762,92800300
2020-04-20,22.570000,23.129999,22.180000,22.500000,19.234953,74446300
2020-04-21,21.900000,22.370001,21.500000,21.639999,18.499752,78871300
2020-04-22,22.160000,22.230000,21.750000,21.799999,18.636532,49669500
2020-04-23,21.959999,22.389999,21.850000,21.870001,18.696373,50614800
2020-04-24,22.110001,22.299999,21.670000,22.180000,18.961393,47633500
2020-04-27,22.520000,23.650000,22.450001,23.469999,20.064192,66916700
2020-04-28,24.450001,24.809999,23.850000,23.889999,20.423246,65504900
2020-04-29,24.910000,25.110001,24.510000,24.780001,21.184093,73493900
2020-04-30,24.209999,24.379999,23.850000,24.049999,20.560026,55244100
2020-05-01,23.379999,23.459999,22.809999,23.080000,19.730783,51772600
2020-05-04,22.700001,22.990000,22.430000,22.930000,19.602551,45886100
2020-05-05,23.480000,23.520000,22.620001,22.660000,19.371733,45691900
2020-05-06,23.000000,23.080000,22.230000,22.350000,19.106720,53874600
2020-05-07,22.660000,23.370001,22.610001,22.840000,19.525610,51884300
2020-05-08,23.469999,23.620001,23.250000,23.570000,20.149677,45181000
2020-05-11,23.110001,23.120001,22.559999,22.580000,19.303345,68951800
2020-05-12,22.709999,22.820000,21.850000,21.870001,18.696373,69588700
2020-05-13,21.660000,21.750000,20.719999,20.870001,17.841486,112113400
2020-05-14,20.290001,21.790001,20.100000,21.709999,18.559591,88359100
2020-05-15,21.400000,21.700001,21.230000,21.440001,18.328770,64484000
2020-05-18,22.420000,23.059999,22.070000,22.930000,19.602551,86589400
2020-05-19,22.660000,23.000000,22.190001,22.209999,18.987034,62179000
2020-05-20,22.680000,23.000000,22.639999,22.910000,19.585459,59789500
2020-05-21,22.809999,23.270000,22.780001,22.900000,19.576910,57726000
2020-05-22,22.930000,22.950001,22.459999,22.660000,19.371733,48107000
2020-05-26,23.750000,24.600000,23.700001,24.280001,20.756655,119485500
2020-05-27,26.070000,26.170000,24.969999,25.980000,22.209961,117672700
2020-05-28,26.080000,26.139999,24.790001,24.860001,21.252487,84340800
2020-05-29,24.420000,24.910000,24.059999,24.120001,20.619867,113811100
2020-06-01,24.280001,24.870001,24.049999,24.610001,21.038761,58375500
2020-06-02,24.959999,25.389999,24.559999,24.840000,21.235388,71118100
2020-06-03,25.500000,26.139999,25.389999,25.990000,22.218508,86744600
2020-06-04,25.709999,26.830000,25.570000,26.780001,23.053530,94545300
2020-06-05,28.950001,29.010000,27.879999,28.110001,24.198460,118767900
2020-06-08,28.590000,28.900000,28.139999,28.540001,24.568624,79598500
2020-06-09,27.719999,28.540001,27.549999,28.219999,24.293152,77773400
2020-06-10,27.969999,28.100000,26.510000,26.600000,22.898577,90415300
2020-06-11,24.980000,25.690001,23.680000,23.930000,20.600111,149875500
2020-06-12,25.030001,25.049999,24.040001,24.780001,21.331835,73729700
2020-06-15,23.760000,25.170000,23.690001,25.150000,21.650351,76538900
2020-06-16,26.180000,26.240000,24.860001,25.799999,22.209898,96796500
2020-06-17,25.900000,25.900000,24.920000,25.000000,21.521223,58349500
2020-06-18,24.700001,25.490000,24.580000,25.040001,21.555655,53419000
2020-06-19,25.440001,25.490000,24.490000,25.250000,21.736431,127563600
2020-06-22,24.889999,25.030001,24.610001,24.620001,21.194101,55484300
2020-06-23,25.010000,25.410000,24.760000,24.790001,21.340445,46108300
2020-06-24,24.540001,24.540001,23.680000,23.809999,20.496813,75437100
2020-06-25,23.700001,24.770000,23.549999,24.719999,21.280182,65031900
2020-06-26,24.090000,24.110001,23.020000,23.150000,19.928652,118139200
2020-06-29,23.410000,23.840000,23.100000,23.389999,20.135256,66269200
2020-06-30,23.200001,23.910000,23.100000,23.750000,20.445156,61716200
2020-07-01,24.030001,24.070000,23.230000,23.260000,20.023346,57379900
2020-07-02,23.840000,23.990000,23.219999,23.290001,20.049168,56000200
2020-07-06,23.820000,24.080000,23.459999,23.660000,20.367683,59589000
2020-07-07,23.379999,23.389999,22.900000,23.010000,19.808136,60645800
2020-07-08,23.030001,23.190001,22.700001,23.100000,19.885603,52922600
2020-07-09,22.940001,23.160000,22.389999,22.770000,19.601526,79385900
2020-07-10,22.709999,24.049999,22.680000,24.020000,20.677588,81142900
2020-07-13,24.370001,24.510000,23.860001,24.190001,20.823931,73598100
2020-07-14,23.889999,24.150000,23.450001,24.139999,20.780891,67423100
2020-07-15,24.760000,24.870001,24.280001,24.600000,21.176882,57384400
2020-07-16,23.750000,24.219999,23.540001,23.930000,20.600111,78067100
2020-07-17,23.879999,23.980000,23.200001,23.219999,19.988913,66659100
2020-07-20,23.190001,23.700001,23.110001,23.580000,20.298815,61114000
2020-07-21,23.709999,24.480000,23.690001,24.420000,21.021933,75499300
2020-07-22,24.240000,24.330000,23.969999,24.309999,20.927237,52193700
2020-07-23,24.520000,24.639999,24.110001,24.540001,21.125233,61047600
2020-07-24,24.559999,24.830000,24.270000,24.350000,20.961668,50217600
2020-07-27,24.219999,24.270000,23.879999,24.139999,20.780891,54721300
2020-07-28,24.129999,24.559999,24.080000,24.360001,20.970274,48406500
2020-07-29,24.360001,25.290001,24.190001,25.270000,21.753653,71393500
2020-07-30,24.719999,24.950001,24.350000,24.840000,21.383484,61755900
2020-07-31,24.930000,24.950001,24.459999,24.879999,21.417917,61955800
2020-08-03,25.030001,25.309999,24.690001,24.990000,21.512608,58284000
2020-08-04,24.959999,25.059999,24.860001,25.010000,21.529827,37985300
2020-08-05,25.320000,25.590000,25.250000,25.389999,21.856951,51322600
2020-08-06,25.450001,25.670000,25.280001,25.469999,21.925817,51999700
2020-08-07,25.340000,26.190001,25.260000,26.110001,22.476767,63354500
2020-08-10,26.309999,26.809999,26.209999,26.559999,22.864141,64051100
2020-08-11,27.280001,27.750000,26.780001,26.920000,23.174055,81441000
2020-08-12,27.480000,27.570000,26.410000,26.730000,23.010490,61971300
2020-08-13,26.490000,26.670000,26.139999,26.350000,22.683369,55955500
2020-08-14,26.059999,26.660000,25.920000,26.469999,22.786669,50931900
2020-08-17,26.309999,26.410000,25.840000,25.900000,22.295982,57518700
2020-08-18,25.870001,25.990000,25.459999,25.530001,21.977467,45850100
2020-08-19,25.660000,26.080000,25.389999,25.500000,21.951647,59856000
2020-08-20,25.160000,25.330000,25.020000,25.100000,21.607304,49403700
2020-08-21,24.980000,25.430000,24.900000,24.980000,21.504007,55010700
2020-08-24,25.219999,25.700001,25.040001,25.690001,22.115210,54579500
2020-08-25,26.040001,26.190001,25.730000,26.000000,22.382071,57304700
2020-08-26,25.940001,25.940001,25.540001,25.559999,22.003296,39478000
2020-08-27,25.490000,26.219999,25.440001,26.049999,22.425110,52934800
2020-08-28,26.400000,26.469999,25.990000,26.299999,22.640322,46466400
2020-08-31,26.090000,26.139999,25.690001,25.740000,22.158253,49416200
2020-09-01,25.580000,25.900000,25.400000,25.709999,22.132425,46109200
2020-09-02,25.530001,26.160000,25.490000,26.020000,22.399290,57300900
2020-09-03,26.200001,26.620001,25.459999,25.660000,22.243252,86192500
2020-09-04,26.260000,26.760000,25.799999,26.540001,23.006081,99621400
2020-09-08,26.139999,26.320000,25.389999,25.480000,22.087223,74978600
2020-09-09,25.639999,25.719999,25.230000,25.510000,22.113228,53822700
2020-09-10,25.700001,25.889999,25.080000,25.139999,21.792498,56609600
2020-09-11,25.219999,25.580000,25.090000,25.500000,22.104559,47708300
2020-09-14,25.670000,25.990000,25.540001,25.750000,22.321268,47802400
2020-09-15,25.770000,25.830000,25.190001,25.280001,21.913855,63820200
2020-09-16,25.280001,25.910000,25.049999,25.600000,22.191246,64598600
2020-09-17,25.129999,25.480000,25.100000,25.350000,21.974533,48862000
2020-09-18,25.150000,25.580000,25.100000,25.209999,21.853174,94055800
2020-09-21,24.570000,24.780001,24.030001,24.469999,21.211706,75218600
2020-09-22,24.270000,24.600000,23.809999,23.940001,20.752283,68665300
2020-09-23,24.100000,24.260000,23.260000,23.260000,20.162827,59950300
2020-09-24,23.379999,23.820000,22.950001,23.340000,20.232176,53570700
2020-09-25,23.280001,23.549999,23.129999,23.490000,20.362202,42111300
2020-09-28,23.879999,24.309999,23.790001,24.090000,20.882303,47996900
2020-09-29,23.980000,23.990000,23.530001,23.770000,20.604916,45695200
2020-09-30,23.780001,24.320000,23.770000,24.090000,20.882303,56226100
2020-10-01,24.270000,24.410000,23.860001,24.100000,20.890976,44782200
2020-10-02,23.639999,24.430000,23.570000,24.209999,20.986326,51682100
2020-10-05,24.520000,24.709999,24.379999,24.620001,21.341740,44396800
2020-10-06,24.920000,25.190001,24.280001,24.370001,21.125025,67541100
2020-10-07,24.629999,25.110001,24.600000,24.879999,21.567114,47648000
2020-10-08,24.950001,25.299999,24.809999,25.240000,21.879177,52080600
2020-10-09,25.340000,25.490000,25.040001,25.360001,21.983202,44511500
2020-10-12,25.299999,25.830000,25.240000,25.680000,22.260592,48362900
2020-10-13,25.639999,25.680000,24.840000,24.950001,21.627796,61186900
2020-10-14,24.350000,24.590000,23.590000,23.620001,20.474890,127409500
2020-10-15,23.590000,24.200001,23.480000,24.150000,20.934317,66832400
2020-10-16,24.200001,24.350000,23.940001,24.240000,21.012329,58357700
2020-10-19,24.299999,24.320000,23.690001,23.719999,20.561573,51377900
2020-10-20,23.889999,24.480000,23.879999,24.139999,20.925652,62476400
2020-10-21,24.219999,24.340000,24.010000,24.049999,20.847635,41564900
2020-10-22,24.049999,24.910000,24.000000,24.870001,21.558445,55402000
2020-10-23,25.240000,25.260000,24.709999,24.900000,21.584444,51007400
2020-10-26,24.469999,24.580000,24.150000,24.540001,21.272394,59450200
2020-10-27,24.290001,24.389999,23.809999,23.850000,20.674269,55009300
2020-10-28,23.410000,23.660000,23.120001,23.469999,20.344864,81942500
2020-10-29,23.360001,23.750000,23.120001,23.540001,20.405544,57490400
2020-10-30,23.490000,23.840000,23.240000,23.700001,20.544239,66453400
2020-11-02,23.889999,24.260000,23.469999,24.080000,20.873640,59756400
2020-11-03,24.580000,24.940001,24.510000,24.690001,21.402416,65106200
2020-11-04,23.889999,24.139999,23.270000,23.680000,20.526897,88845500
2020-11-05,23.900000,24.790001,23.860001,24.610001,21.333063,74722600
2020-11-06,24.930000,24.959999,24.230000,24.309999,21.073013,55454500
2020-11-09,26.600000,28.270000,26.299999,27.760000,24.063627,178378800
2020-11-10,27.490000,27.760000,27.180000,27.660000,23.976948,77694600
2020-11-11,27.750000,27.770000,27.120001,27.340000,23.699556,48360900
2020-11-12,26.840000,26.900000,26.309999,26.690001,23.136108,67912600
2020-11-13,26.879999,27.209999,26.760000,27.000000,23.404835,52421000
2020-11-16,27.860001,28.000000,27.180000,27.580000,23.907597,57396700
2020-11-17,27.250000,27.600000,27.010000,27.549999,23.881592,46402300
2020-11-18,27.629999,27.930000,26.959999,26.980000,23.387497,54416700
2020-11-19,26.930000,27.010000,26.650000,26.980000,23.387497,46423000
2020-11-20,26.740000,26.950001,26.629999,26.809999,23.240126,40538000
2020-11-23,27.110001,27.520000,27.059999,27.389999,23.742899,45421200
2020-11-24,27.930000,28.990000,27.920000,28.980000,25.121183,80387800
2020-11-25,28.709999,29.040001,28.480000,29.030001,25.164524,57249900
2020-11-27,28.969999,29.100000,28.809999,28.990000,25.129850,25971600
2020-11-30,28.719999,28.860001,28.100000,28.160000,24.410374,63567900
2020-12-01,28.740000,29.040001,28.670000,28.690001,24.869799,50255100
2020-12-02,28.690001,29.180000,28.530001,29.059999,25.190527,45257500
2020-12-03,28.940001,29.100000,28.629999,28.910000,25.216696,54013700
2020-12-04,29.200001,29.430000,29.000000,29.290001,25.548147,66188200
2020-12-07,28.900000,29.150000,28.690001,29.090000,25.373705,42197800
2020-12-08,28.860001,29.150000,28.770000,28.930000,25.234138,33869100
2020-12-09,29.250000,29.250000,28.750000,28.799999,25.120749,54886300
2020-12-10,28.629999,29.129999,28.469999,29.110001,25.391150,58859600
2020-12-11,28.680000,28.750000,28.299999,28.570000,24.920130,40538400
2020-12-14,28.920000,28.959999,28.139999,28.219999,24.614843,40267100
2020-12-15,28.350000,28.820000,28.250000,28.639999,24.981184,43672700
2020-12-16,28.799999,28.820000,28.440001,28.719999,25.050966,42463200
2020-12-17,28.709999,28.920000,28.530001,28.830000,25.146917,43182700
2020-12-18,28.889999,29.100000,28.570000,28.670000,25.007357,82817200
2020-12-21,29.100000,29.990000,28.730000,29.740000,25.940662,93397400
2020-12-22,29.780001,29.780001,29.170000,29.209999,25.478371,39054300
2020-12-23,29.389999,30.350000,29.330000,30.049999,26.211060,52537200
2020-12-24,30.270000,30.270000,29.740000,29.959999,26.132553,22632300
2020-12-28,30.230000,30.549999,29.990000,30.129999,26.280840,32861200
2020-12-29,30.170000,30.250000,29.930000,30.010000,26.176168,33291900
2020-12-30,30.000000,30.219999,29.940001,29.980000,26.150002,26370100
2020-12-31,30.010000,30.389999,29.900000,30.309999,26.437845,28716000
2021-01-04,30.459999,30.570000,29.750000,30.030001,26.193617,51483900
2021-01-05,30.170000,30.540001,29.910000,30.260000,26.394230,48507000
2021-01-06,31.900000,32.619999,31.360001,32.150002,28.042784,107002800
2021-01-07,33.310001,33.619999,32.840000,32.860001,28.662077,74358500
2021-01-08,32.919998,33.000000,32.110001,32.529999,28.374233,44641400
2021-01-11,32.090000,33.130001,31.900000,33.070000,28.845249,51868200
2021-01-12,33.419998,33.970001,33.200001,33.660000,29.359873,68166200
2021-01-13,33.430000,33.680000,33.090000,33.459999,29.185431,43172800
2021-01-14,33.480000,34.369999,33.419998,33.990002,29.647718,48483500
2021-01-15,33.290001,33.630001,32.700001,33.009998,28.792910,57684300
2021-01-19,32.500000,33.599998,32.200001,32.770000,28.583572,78130200
2021-01-20,32.759998,32.790001,32.160000,32.340000,28.208508,53920000
2021-01-21,32.340000,32.480000,31.730000,31.770000,27.711327,49626600
2021-01-22,31.360001,31.750000,31.250000,31.549999,27.519428,45314500
2021-01-25,31.270000,31.299999,30.570000,31.160000,27.179255,48078400
2021-01-26,31.400000,31.430000,30.910000,30.940001,26.987362,36373000
2021-01-27,30.309999,30.430000,29.670000,29.830000,26.019165,63809200
2021-01-28,30.420000,30.750000,29.920000,30.320000,26.446564,51223300
2021-01-29,30.400000,30.500000,29.590000,29.650000,25.862158,64019100
2021-02-01,29.870001,30.040001,29.570000,29.959999,26.132553,40985300
2021-02-02,30.580000,31.200001,30.540001,31.030001,27.065863,53527000
2021-02-03,30.910000,31.730000,30.879999,31.580000,27.545601,49404900
2021-02-04,31.799999,32.529999,31.780001,32.500000,28.348066,51751900
2021-02-05,32.889999,32.910000,32.320000,32.369999,28.234676,42008800
2021-02-08,32.430000,33.279999,32.400002,33.090000,28.862694,46014100
2021-02-09,32.970001,33.020000,32.590000,32.950001,28.740576,35868600
2021-02-10,33.119999,33.419998,32.860001,32.980000,28.766745,45031900
2021-02-11,32.970001,33.310001,32.549999,32.880001,28.679520,29479900
2021-02-12,33.000000,33.450001,32.910000,33.369999,29.106928,37468300
2021-02-16,33.980000,34.560001,33.700001,34.270000,29.891945,52802600
2021-02-17,34.040001,34.560001,33.790001,34.410000,30.014063,45455300
2021-02-18,34.060001,34.650002,34.020000,34.189999,29.822159,37541700
2021-02-19,34.200001,34.730000,34.180000,34.540001,30.127468,54514100
2021-02-22,34.450001,35.250000,34.410000,35.150002,30.659529,56783400
2021-02-23,35.419998,35.889999,35.139999,35.520000,30.982260,67440700
2021-02-24,35.740002,36.520000,35.599998,36.380001,31.732386,58139500
2021-02-25,36.959999,37.029999,35.759998,35.930000,31.339876,74762000
2021-02-26,35.730000,36.029999,34.680000,34.709999,30.275732,70933300
2021-03-01,35.520000,36.049999,35.240002,35.790001,31.217772,45901700
2021-03-02,35.650002,35.939999,35.500000,35.529999,30.990980,41167400
2021-03-03,35.970001,36.970001,35.840000,36.419998,31.767282,66047000
2021-03-04,36.139999,36.869999,35.919998,36.500000,31.995190,96512800
2021-03-05,37.029999,37.599998,36.169998,36.930000,32.372120,74292300
2021-03-08,37.380001,37.730000,36.820000,37.130001,32.547440,65335500
2021-03-09,36.549999,37.160000,35.810001,36.320000,31.837399,63946000
2021-03-10,36.540001,37.529999,36.369999,37.369999,32.757812,53365600
2021-03-11,37.270000,37.790001,36.849998,37.240002,32.643860,45834000
2021-03-12,37.919998,38.180000,37.580002,37.939999,33.257465,46069600
2021-03-15,38.029999,38.070000,37.220001,37.750000,33.090916,50131600
2021-03-16,37.419998,37.720001,36.970001,37.639999,32.994495,50300400
2021-03-17,38.000000,38.360001,37.330002,37.950001,33.266232,63796000
2021-03-18,38.509998,39.970001,38.419998,38.939999,34.134052,95439700
2021-03-19,38.290001,38.919998,37.529999,38.529999,33.774647,106252700
2021-03-22,38.080002,38.380001,37.400002,37.660000,33.012028,54701300
2021-03-23,37.360001,37.820000,36.779999,36.900002,32.345821,49838000
2021-03-24,37.209999,37.790001,36.889999,36.900002,32.345821,43896800
2021-03-25,36.869999,37.750000,36.630001,37.660000,33.012028,47517900
2021-03-26,38.349998,38.759998,38.080002,38.680000,33.906136,66846000
2021-03-29,38.049999,38.630001,37.860001,38.310001,33.581802,45680000
2021-03-30,38.630001,39.459999,38.630001,38.990002,34.177876,56705900
2021-03-31,38.619999,38.990002,38.459999,38.689999,33.914902,49270000
2021-04-01,38.830002,39.520000,38.720001,39.490002,34.616173,65587000
2021-04-05,40.000000,40.279999,39.599998,39.799999,34.887909,50328500
2021-04-06,39.529999,40.150002,39.459999,39.689999,34.791473,42590100
2021-04-07,39.770000,40.150002,39.590000,40.049999,35.107059,43136400
2021-04-08,39.799999,39.849998,39.220001,39.700001,34.800251,45285900
2021-04-09,39.910000,40.180000,39.509998,39.990002,35.054462,45872900
2021-04-12,39.990002,40.380001,39.849998,40.060001,35.115810,45544600
2021-04-13,39.810001,39.820000,39.200001,39.320000,34.467144,46770400
2021-04-14,38.980000,40.330002,38.919998,39.880001,34.958031,52023800
2021-04-15,39.730000,39.840000,38.049999,38.740002,33.958736,118128900
2021-04-16,39.310001,39.419998,38.910000,39.150002,34.318130,60633400
2021-04-19,39.389999,39.430000,39.029999,39.169998,34.335663,42321100
2021-04-20,39.000000,39.000000,37.889999,38.080002,33.380192,50834100
2021-04-21,37.750000,38.779999,37.410000,38.720001,33.941208,37851800
2021-04-22,38.750000,38.770000,38.169998,38.360001,33.625637,48093400
2021-04-23,38.320000,39.340000,38.220001,39.180000,34.344429,48674100
2021-04-26,39.349998,39.849998,39.279999,39.410000,34.546043,34699800
2021-04-27,39.669998,39.919998,39.509998,39.880001,34.958031,34304800
2021-04-28,39.930000,40.220001,39.880001,40.029999,35.089520,34084400
2021-04-29,40.549999,41.130001,40.459999,41.110001,36.036232,44008700
2021-04-30,40.840000,40.900002,40.470001,40.529999,35.527813,39203400
2021-05-03,40.869999,41.049999,40.419998,40.560001,35.554111,41940500
2021-05-04,40.240002,41.080002,39.779999,41.000000,35.939796,53880000
2021-05-05,41.200001,41.560001,40.759998,41.389999,36.281677,37471100
2021-05-06,41.480000,42.060001,41.240002,42.009998,36.825150,39044400
2021-05-07,41.130001,42.250000,41.110001,42.180000,36.974167,39249200
2021-05-10,42.500000,42.939999,42.029999,42.049999,36.860218,41271500
2021-05-11,41.549999,42.340000,41.340000,41.570000,36.439457,42964700
2021-05-12,42.380001,42.560001,41.040001,41.180000,36.097591,47533000
2021-05-13,40.860001,42.090000,40.779999,41.840000,36.676136,42026100
2021-05-14,42.060001,42.480000,41.919998,42.360001,37.131950,30932600
2021-05-17,42.240002,42.849998,42.160000,42.740002,37.465054,32656400
2021-05-18,42.700001,42.950001,42.139999,42.160000,36.956638,37880300
2021-05-19,41.650002,42.000000,41.310001,41.970001,36.790092,42672800
2021-05-20,41.900002,42.130001,41.459999,41.869999,36.702427,36871100
2021-05-21,42.020000,42.599998,41.889999,42.400002,37.167011,40243800
2021-05-24,42.580002,42.779999,42.250000,42.630001,37.368629,31390800
2021-05-25,42.689999,43.259998,41.930000,42.009998,36.825150,52657700
2021-05-26,42.020000,42.250000,41.660000,42.040001,36.851448,41332800
2021-05-27,42.480000,42.849998,42.119999,42.549999,37.298508,52981100
2021-05-28,42.660000,42.709999,42.049999,42.389999,37.158253,38509700
2021-06-01,42.950001,43.279999,42.770000,42.919998,37.622845,42890700
2021-06-02,43.099998,43.169998,42.599998,42.939999,37.640366,34180500
2021-06-03,42.770000,43.490002,42.680000,43.250000,38.071693,46981200
2021-06-04,43.240002,43.389999,42.830002,43.270000,38.089317,37192600
2021-06-07,43.270000,43.389999,43.060001,43.119999,37.957260,28401900
2021-06-08,42.860001,43.240002,42.430000,42.880001,37.746002,41871400
2021-06-09,42.470001,42.730000,42.110001,42.320000,37.253044,42366300
2021-06-10,42.759998,42.959999,41.619999,41.689999,36.698475,40123600
2021-06-11,41.810001,41.889999,41.509998,41.860001,36.848129,31203600
2021-06-14,41.849998,41.910000,41.060001,41.360001,36.407990,36050700
2021-06-15,41.279999,41.560001,40.900002,41.389999,36.434399,39247900
2021-06-16,41.279999,41.990002,40.669998,41.619999,36.636856,63859100
2021-06-17,42.020000,42.099998,39.720001,39.799999,35.034767,80728200
2021-06-18,39.009998,39.299999,38.490002,38.779999,34.136890,102774200
2021-06-21,39.119999,39.779999,39.029999,39.750000,34.990753,48119400
2021-06-22,39.880001,40.259998,39.279999,39.970001,35.184418,44113200
2021-06-23,40.160000,40.419998,40.070000,40.200001,35.386883,32039900
2021-06-24,40.439999,41.009998,40.180000,40.830002,35.941456,37161800
2021-06-25,41.270000,41.830002,40.840000,41.619999,36.636856,53178800
2021-06-28,41.459999,41.580002,41.099998,41.560001,36.584049,34416500
2021-06-29,41.630001,41.950001,40.750000,40.889999,35.994274,38519600
2021-06-30,40.759998,41.360001,40.720001,41.230000,36.293556,29159800
2021-07-01,41.560001,41.700001,41.209999,41.540001,36.566444,28045100
2021-07-02,41.369999,41.470001,41.099998,41.150002,36.223129,28980800
2021-07-06,40.810001,40.880001,39.869999,40.070000,35.272453,47578700
2021-07-07,39.570000,40.000000,39.360001,39.750000,34.990753,43499900
2021-07-08,38.619999,39.240002,38.480000,38.779999,34.136890,52793100
2021-07-09,39.650002,40.240002,39.400002,40.040001,35.246037,43887200
2021-07-12,39.790001,40.810001,39.639999,40.630001,35.765392,42624500
2021-07-13,40.480000,40.480000,39.580002,39.860001,35.087582,54338100
2021-07-14,39.110001,39.549999,37.790001,38.860001,34.207310,105651700
2021-07-15,38.389999,39.330002,38.320000,38.830002,34.180901,54697300
2021-07-16,39.220001,39.290001,37.590000,37.919998,33.379860,60469700
2021-07-19,36.750000,37.250000,36.509998,36.930000,32.508385,83251500
2021-07-20,36.860001,38.119999,36.610001,37.689999,33.177395,59462900
2021-07-21,38.049999,38.770000,37.980000,38.459999,33.855209,49907400
2021-07-22,38.360001,38.400002,37.680000,37.959999,33.415073,52715600
2021-07-23,38.200001,38.270000,37.560001,37.700001,33.186203,48659400
2021-07-26,37.660000,38.240002,37.660000,38.130001,33.564720,32258000
2021-07-27,37.720001,38.240002,37.459999,37.980000,33.432678,39121400
2021-07-28,38.189999,38.500000,37.750000,38.130001,33.564720,43331100
2021-07-29,38.549999,38.980000,38.369999,38.680000,34.048866,43039100
2021-07-30,38.509998,38.830002,38.049999,38.360001,33.767178,46210100
2021-08-02,38.400002,38.950001,37.910000,37.959999,33.415073,49894000
2021-08-03,38.060001,38.630001,37.549999,38.549999,33.934429,39680600
2021-08-04,38.029999,38.770000,37.860001,38.270000,33.687962,42289800
2021-08-05,38.570000,39.060001,38.549999,39.020000,34.348164,34754500
2021-08-06,39.470001,40.410000,39.470001,40.150002,35.342869,58022300
2021-08-09,40.049999,40.959999,39.799999,40.669998,35.800594,56340100
2021-08-10,40.709999,41.619999,40.580002,41.430000,36.469612,44987300
2021-08-11,41.599998,42.189999,41.480000,41.950001,36.927353,58458200
2021-08-12,42.230000,42.290001,41.770000,42.150002,37.103409,37400100
2021-08-13,42.090000,42.230000,41.430000,41.630001,36.645649,41344900
2021-08-16,41.160000,41.299999,40.610001,41.290001,36.346378,38599100
2021-08-17,41.049999,41.570000,40.619999,41.090000,36.170315,43526900
2021-08-18,40.770000,41.529999,40.660000,40.790001,35.906239,50342500
2021-08-19,40.119999,40.669998,40.009998,40.189999,35.378075,51883900
2021-08-20,40.090000,40.470001,39.910000,40.369999,35.536526,40415000
2021-08-23,40.630001,41.099998,40.599998,40.910000,36.011871,35364500
2021-08-24,41.099998,41.680000,41.040001,41.480000,36.513626,35579300
2021-08-25,41.660000,42.450001,41.540001,42.150002,37.103409,51219900
2021-08-26,42.500000,42.840000,42.020000,42.040001,37.006584,41184500
2021-08-27,42.119999,42.650002,41.939999,42.490002,37.402702,46468600
2021-08-30,42.630001,42.630001,41.630001,41.660000,36.672073,44855600
2021-08-31,41.669998,42.070000,41.360001,41.750000,36.751297,54654600
2021-09-01,41.750000,41.779999,41.029999,41.189999,36.258343,52361900
2021-09-02,41.110001,41.490002,40.639999,41.020000,36.293739,44538900
2021-09-03,41.020000,41.189999,40.680000,41.049999,36.320271,41812400
2021-09-07,41.250000,41.849998,41.180000,41.320000,36.559174,43748600
2021-09-08,41.080002,41.490002,40.680000,40.779999,36.081394,36064400
2021-09-09,40.660000,41.349998,40.560001,40.930000,36.214108,36266400
2021-09-10,41.220001,41.349998,40.240002,40.270000,35.630161,40514700
2021-09-13,40.599998,40.959999,40.349998,40.939999,36.222954,42036300
2021-09-14,41.130001,41.310001,39.660000,39.840000,35.249695,53820400
2021-09-15,39.730000,40.340000,39.669998,40.139999,35.515137,52358200
2021-09-16,40.480000,40.810001,40.200001,40.450001,35.789417,42922000
2021-09-17,40.340000,40.669998,40.080002,40.500000,35.833649,92746000
2021-09-20,39.380001,39.459999,38.360001,39.110001,34.603806,67566200
2021-09-21,39.270000,39.599998,38.939999,39.130001,34.621498,38271100
2021-09-22,39.750000,40.520000,39.750000,40.139999,35.515137,46261400
2021-09-23,40.759998,41.880001,40.650002,41.689999,36.886543,49779800
2021-09-24,41.720001,42.340000,41.650002,42.139999,37.284695,39042300
2021-09-27,42.680000,43.430000,42.639999,43.259998,38.275639,49755400
2021-09-28,43.430000,44.040001,43.060001,43.160000,38.187168,60781200
2021-09-29,43.180000,43.320000,42.740002,43.070000,38.107536,44260200
2021-09-30,43.349998,43.349998,42.230000,42.450001,37.558983,47410800
2021-10-01,42.480000,43.430000,42.389999,43.080002,38.116394,40987100
2021-10-04,43.110001,44.070000,43.070000,43.340000,38.346432,48273400
2021-10-05,43.770000,44.750000,43.669998,44.220001,39.125031,54070700
2021-10-06,43.849998,44.290001,43.549999,44.240002,39.142742,47031700
2021-10-07,44.790001,44.869999,44.029999,44.119999,39.036560,46258800
2021-10-08,44.070000,44.810001,43.919998,44.340000,39.231209,39389400
2021-10-11,44.599998,44.810001,43.750000,43.779999,38.735733,36283500
2021-10-12,43.669998,44.000000,43.270000,43.540001,38.523388,36898300
2021-10-13,43.549999,43.639999,42.330002,43.139999,38.169468,43908000
2021-10-14,44.369999,45.099998,43.480000,45.070000,39.877102,82201000
2021-10-15,45.770000,46.669998,45.360001,46.369999,41.027321,64264900
2021-10-18,46.290001,46.889999,46.029999,46.279999,40.947678,49542500
2021-10-19,46.500000,46.630001,46.200001,46.480000,41.124638,32515500
2021-10-20,46.490002,47.240002,46.049999,47.090000,41.664356,40411000
2021-10-21,47.099998,47.480000,46.610001,46.830002,41.434319,36848600
2021-10-22,46.990002,47.619999,46.990002,47.570000,42.089050,36225600
2021-10-25,47.799999,47.980000,47.200001,47.509998,42.035969,31679500
2021-10-26,47.660000,48.430000,47.439999,47.959999,42.434120,35674800
2021-10-27,47.480000,48.169998,47.029999,47.040001,41.620125,45790800
2021-10-28,47.590000,48.000000,47.299999,47.779999,42.274860,37209600
2021-10-29,47.750000,48.130001,47.520000,47.779999,42.274860,31756200
2021-11-01,48.099998,48.169998,47.279999,47.849998,42.336796,36937200
2021-11-02,47.570000,48.419998,47.349998,47.880001,42.363342,36283400
2021-11-03,47.799999,48.689999,47.610001,48.369999,42.796875,42553000
2021-11-04,48.150002,48.150002,46.880001,47.330002,41.876713,47646300
2021-11-05,47.599998,47.820000,46.820000,46.970001,41.558193,38271200
2021-11-08,47.349998,47.799999,47.250000,47.340000,41.885551,33815500
2021-11-09,46.650002,47.360001,46.410000,46.880001,41.478558,36900300
2021-11-10,46.750000,47.520000,46.650002,47.230000,41.788231,39385600
2021-11-11,47.310001,47.889999,47.009998,47.490002,42.018269,31194800
2021-11-12,47.509998,47.529999,46.759998,46.910000,41.505096,44268500
2021-11-15,47.259998,47.389999,46.900002,47.049999,41.628963,35335500
2021-11-16,47.180000,47.279999,46.689999,47.080002,41.655518,35120800
2021-11-17,47.080002,47.200001,46.450001,46.509998,41.151188,32963700
2021-11-18,46.709999,46.810001,46.209999,46.320000,40.983086,30639000
2021-11-19,45.700001,45.770000,44.830002,45.400002,40.169079,48429500
2021-11-22,46.720001,46.869999,45.910000,46.279999,40.947678,53697100
2021-11-23,46.869999,47.650002,46.669998,47.500000,42.027122,49362900
2021-11-24,47.419998,47.980000,47.209999,47.630001,42.142143,40060000
2021-11-26,45.520000,46.040001,44.750000,45.759998,40.487598,55110100
2021-11-29,46.419998,46.700001,45.169998,45.590000,40.337189,50231100
2021-11-30,44.759998,45.220001,44.360001,44.470001,39.346237,77193600
2021-12-01,45.220001,45.700001,43.810001,43.840000,38.788818,60601600
2021-12-02,44.330002,45.500000,44.000000,44.889999,39.909016,57821400
2021-12-03,45.000000,45.070000,43.599998,43.869999,39.002193,74605300
2021-12-06,44.560001,44.880001,43.959999,44.150002,39.251122,48193100
2021-12-07,44.560001,44.910000,44.430000,44.709999,39.748985,40740800
2021-12-08,44.680000,44.799999,44.090000,44.160000,39.260010,50560300
2021-12-09,43.910000,44.730000,43.650002,44.490002,39.553394,37316700
2021-12-10,44.709999,44.830002,44.070000,44.520000,39.580067,37700200
2021-12-13,44.270000,44.400002,43.389999,43.580002,38.744370,38653900
2021-12-14,43.590000,44.820000,43.529999,44.130001,39.233341,47099400
2021-12-15,44.369999,44.450001,43.619999,43.939999,39.064430,60057100
2021-12-16,44.700001,45.360001,44.090000,45.000000,40.006805,69487200
2021-12-17,44.500000,44.700001,43.619999,43.880001,39.011074,124242400
2021-12-20,43.270000,43.360001,42.700001,43.160000,38.370972,56455200
2021-12-21,43.540001,44.480000,43.540001,44.189999,39.286674,47845600
2021-12-22,44.080002,44.580002,43.880001,44.279999,39.366695,35715700
2021-12-23,44.680000,45.070000,44.400002,44.419998,39.491154,34053500
2021-12-27,44.549999,44.820000,44.310001,44.639999,39.686752,33879200
2021-12-28,44.470001,45.080002,44.419998,44.700001,39.740093,32492400
2021-12-29,44.849998,45.119999,44.599998,44.630001,39.677860,25294900
2021-12-30,44.750000,45.099998,44.480000,44.529999,39.588951,23852200
2021-12-31,44.520000,44.720001,44.279999,44.490002,39.553394,24253900
2022-01-03,45.090000,46.490002,44.980000,46.180000,41.055874,58587900
2022-01-04,47.060001,48.430000,47.040001,47.990002,42.665039,74606700
2022-01-05,48.139999,48.369999,47.160000,47.180000,41.944908,57791600
2022-01-06,47.980000,48.160000,47.189999,48.130001,42.789497,52040900
2022-01-07,48.150002,49.310001,48.060001,49.180000,43.722984,59082600
2022-01-10,49.910000,50.080002,48.340000,48.930000,43.500732,66839500
2022-01-11,48.990002,49.250000,48.639999,49.209999,43.749668,40454400
2022-01-12,49.169998,49.380001,48.680000,48.860001,43.438488,41378000
2022-01-13,48.919998,49.490002,48.630001,48.759998,43.349598,46337500
2022-01-14,47.520000,48.230000,47.189999,47.910000,42.593918,72953300
2022-01-18,47.849998,47.919998,46.049999,46.259998,41.126991,65877400
2022-01-19,48.389999,48.580002,46.349998,46.439999,41.287018,84451800
2022-01-20,46.689999,47.049999,45.660000,45.750000,40.673592,46265300
2022-01-21,45.570000,46.020000,44.660000,44.919998,39.935680,71303600
2022-01-24,43.900002,44.689999,42.590000,44.549999,39.606739,90672700
2022-01-25,44.290001,45.570000,43.830002,45.430000,40.389103,73555300
2022-01-26,45.779999,46.459999,45.259998,45.900002,40.806942,63735800
2022-01-27,46.369999,46.750000,45.090000,45.470001,40.424664,63402400
2022-01-28,45.330002,45.889999,44.450001,45.869999,40.780262,51048300
2022-01-31,45.520000,46.270000,45.220001,46.139999,41.020309,44793700
2022-02-01,46.209999,47.099998,45.900002,46.939999,41.731541,40326600
2022-02-02,46.720001,46.959999,46.299999,46.889999,41.687088,41125600
2022-02-03,47.220001,47.290001,46.349998,46.430000,41.278133,35879900
2022-02-04,47.080002,48.689999,46.680000,48.279999,42.922855,60297100
2022-02-07,48.560001,48.759998,47.990002,48.509998,43.127342,44824800
2022-02-08,49.150002,50.020000,48.939999,49.380001,43.900803,49560500
2022-02-09,49.220001,49.790001,49.029999,49.279999,43.811893,33861100
2022-02-10,49.680000,50.110001,48.759998,49.049999,43.607418,47082800
2022-02-11,48.630001,49.439999,47.500000,47.919998,42.602802,61056000
2022-02-14,48.020000,48.189999,46.939999,47.419998,42.158287,44791900
2022-02-15,48.000000,48.369999,47.570000,47.790001,42.487232,42397600
2022-02-16,47.439999,48.240002,47.310001,47.680000,42.389431,36664600
2022-02-17,47.000000,47.290001,45.950001,46.070000,40.958069,49442400
2022-02-18,46.070000,46.540001,45.720001,45.959999,40.860275,37856500
2022-02-22,45.169998,45.980000,45.040001,45.560001,40.504673,51905600
2022-02-23,45.950001,46.110001,44.570000,44.779999,39.811222,45704900
2022-02-24,43.000000,43.680000,42.049999,43.599998,38.762146,80484800
2022-02-25,43.810001,45.349998,43.630001,45.020000,40.024590,68530700
2022-02-28,43.720001,44.259998,43.439999,44.200001,39.295582,69955300
2022-03-01,43.709999,43.740002,41.930000,42.470001,37.757538,74895600
2022-03-02,42.740002,43.540001,42.619999,43.160000,38.370972,70834600
2022-03-03,43.090000,43.500000,42.209999,42.490002,37.960011,48733800
2022-03-04,41.430000,41.439999,40.320000,40.950001,36.584206,75572800
2022-03-07,39.930000,40.110001,38.209999,38.340000,34.252453,109779000
2022-03-08,39.070000,39.660000,38.169998,38.590000,34.475811,76553800
2022-03-09,40.310001,41.610001,40.160000,41.040001,36.664600,78207900
2022-03-10,40.290001,41.480000,40.110001,40.669998,36.334042,48804400
2022-03-11,41.040001,41.380001,40.290001,40.330002,36.030293,43946600
2022-03-14,40.900002,42.180000,40.900002,41.200001,36.807545,54262400
2022-03-15,41.259998,41.779999,40.869999,41.500000,37.075562,41395300
2022-03-16,42.240002,43.049999,41.919998,42.799999,38.236961,59477600
2022-03-17,42.410000,43.040001,41.830002,43.029999,38.442436,50260200
2022-03-18,42.759998,42.930000,42.259998,42.900002,38.326294,74470600
2022-03-21,43.349998,43.430000,42.509998,42.840000,38.272690,47106400
2022-03-22,43.820000,44.630001,43.700001,44.180000,39.469841,52360600
2022-03-23,43.720001,44.009998,43.029999,43.090000,38.496048,48539300
2022-03-24,43.380001,43.430000,42.889999,43.070000,38.478176,30360800
2022-03-25,43.480000,44.259998,43.330002,43.730000,39.067818,38968100
2022-03-28,43.709999,43.750000,42.830002,43.549999,38.907001,37428600
2022-03-29,44.250000,44.389999,43.110001,43.439999,38.808731,46355800
2022-03-30,43.439999,43.650002,42.750000,43.000000,38.415638,36601800
2022-03-31,42.840000,42.889999,41.200001,41.220001,36.825413,67902500
2022-04-01,41.689999,41.740002,40.349998,40.900002,36.539532,61929200
2022-04-04,40.480000,41.139999,40.160000,40.830002,36.476986,53761700
2022-04-05,40.439999,40.759998,40.040001,40.139999,35.860550,51781700
2022-04-06,39.740002,40.009998,39.349998,39.700001,35.467464,54159800
2022-04-07,39.889999,39.980000,38.849998,39.389999,35.190510,54585000
2022-04-08,39.490002,40.099998,39.320000,39.669998,35.440655,41018900
2022-04-11,39.480000,40.400002,39.389999,39.590000,35.369190,34198700
2022-04-12,39.570000,40.080002,38.849998,39.169998,34.993969,42855300
2022-04-13,38.500000,39.009998,38.360001,38.820000,34.681278,45484200
2022-04-14,38.490002,38.970001,37.419998,37.570000,33.564548,79032000
2022-04-18,37.419998,39.310001,37.220001,38.849998,34.708084,80080300
2022-04-19,39.209999,39.880001,39.110001,39.570000,35.351326,53714200
2022-04-20,40.150002,40.369999,39.610001,39.660000,35.431725,47064300
2022-04-21,40.000000,40.209999,38.619999,38.910000,34.761684,46245900
2022-04-22,38.810001,38.849998,37.500000,37.560001,33.555618,50409800
2022-04-25,36.889999,37.400002,35.930000,37.290001,33.314400,64301100
2022-04-26,36.880001,37.540001,36.419998,36.450001,32.563957,44809900
2022-04-27,36.270000,36.910000,36.169998,36.250000,32.385281,39824900
2022-04-28,36.730000,36.950001,36.160000,36.810001,32.885574,39567800
2022-04-29,36.750000,37.130001,35.540001,35.680000,31.876051,47385200
2022-05-02,36.029999,36.279999,35.400002,36.139999,32.287006,46652200
2022-05-03,36.340000,37.630001,36.330002,37.130001,33.171455,48926000
2022-05-04,37.369999,38.750000,37.279999,38.619999,34.502602,57860300
2022-05-05,38.049999,38.209999,36.869999,37.540001,33.537750,48860600
2022-05-06,37.369999,37.619999,36.610001,37.450001,33.457344,50440100
2022-05-09,36.869999,37.060001,36.060001,36.369999,32.492481,51242000
2022-05-10,36.750000,37.130001,35.180000,35.759998,31.947521,60235300
2022-05-11,35.900002,36.919998,35.509998,35.570000,31.777777,54969300
2022-05-12,35.009998,35.430000,34.259998,35.070000,31.331074,61231500
2022-05-13,35.529999,35.730000,34.759998,35.169998,31.420418,49117900
2022-05-16,35.000000,35.169998,34.410000,34.810001,31.098806,39076500
2022-05-17,35.619999,36.220001,35.430000,35.990002,32.152996,42635600
2022-05-18,35.619999,35.689999,34.599998,34.880001,31.161341,47396900
2022-05-19,34.290001,34.840000,34.250000,34.450001,30.777189,47002700
2022-05-20,34.799999,34.980000,32.959999,33.860001,30.250088,62406500
2022-05-23,34.759998,36.259998,34.660000,35.869999,32.045795,69081900
2022-05-24,35.470001,35.959999,34.959999,35.650002,31.849247,46146700
2022-05-25,35.500000,36.270000,35.290001,35.840000,32.018997,49343400
2022-05-26,36.500000,36.840000,36.340000,36.669998,32.760494,60201200
2022-05-27,36.889999,37.049999,36.580002,37.020000,33.073185,43365600
2022-05-31,36.820000,37.529999,36.610001,37.200001,33.234001,71609200
2022-06-01,37.459999,37.470001,36.169998,36.669998,32.760494,35237900
2022-06-02,36.410000,36.709999,36.070000,36.700001,32.976154,35341900
2022-06-03,36.480000,36.680000,36.130001,36.189999,32.517891,25235200
2022-06-06,36.700001,37.209999,36.099998,36.150002,32.481949,40394000
2022-06-07,35.900002,36.410000,35.740002,36.349998,32.661652,29152200
2022-06-08,35.919998,36.110001,35.520000,35.889999,32.248333,33590600
2022-06-09,35.740002,35.840000,34.500000,34.509998,31.008360,49419000
2022-06-10,33.680000,34.040001,33.020000,33.169998,29.804325,49318200
2022-06-13,32.389999,32.770000,31.740000,32.020000,28.771015,61216600
2022-06-14,31.920000,32.599998,31.230000,31.459999,28.267838,49349800
2022-06-15,31.980000,32.490002,31.420000,32.049999,28.797970,51540100
2022-06-16,31.500000,32.000000,30.860001,31.850000,28.618265,61363400
2022-06-17,32.029999,32.580002,31.639999,31.920000,28.681166,80470300
2022-06-21,32.889999,33.290001,32.619999,32.849998,29.516796,53537200
2022-06-22,32.389999,32.939999,32.320000,32.599998,29.292166,38305600
2022-06-23,32.380001,32.410000,31.260000,32.080002,28.824930,44091500
2022-06-24,31.250000,32.770000,31.230000,32.310001,29.031593,79504700
2022-06-27,32.419998,32.599998,31.910000,32.349998,29.067533,47900300
2022-06-28,32.830002,33.500000,32.189999,32.259998,28.986662,49863800
2022-06-29,32.230000,32.439999,31.660000,31.860001,28.627254,35149700
2022-06-30,31.170000,31.549999,30.639999,31.129999,27.971321,46312300
2022-07-01,30.980000,31.670000,30.629999,31.559999,28.357693,40236100
2022-07-05,30.799999,31.240000,30.450001,31.240000,28.070158,47411800
2022-07-06,31.010000,31.250000,30.639999,30.980000,27.836540,35933700
2022-07-07,31.500000,32.009998,31.469999,31.860001,28.627254,40137900
2022-07-08,32.009998,32.250000,31.559999,31.790001,28.564352,31153800
2022-07-11,31.549999,31.790001,31.290001,31.459999,28.267838,29311900
2022-07-12,31.020000,32.029999,30.980000,31.360001,28.177984,39527000
2022-07-13,31.070000,31.150000,30.400000,30.840000,27.710747,44153700
2022-07-14,30.090000,30.219999,29.670000,30.129999,27.072790,51707800
2022-07-15,30.650000,32.630001,30.610001,32.250000,28.977674,77801700
2022-07-18,33.080002,33.380001,32.099998,32.259998,28.986662,56382900
2022-07-19,32.900002,33.619999,32.680000,33.349998,29.966059,46874900
2022-07-20,33.180000,33.450001,32.950001,33.360001,29.975048,35514900
2022-07-21,33.090000,33.669998,32.950001,33.650002,30.235624,31244000
2022-07-22,33.599998,33.939999,33.090000,33.430000,30.037943,27115400
2022-07-25,33.779999,33.980000,33.439999,33.730000,30.307512,30381000
2022-07-26,33.410000,33.779999,32.959999,33.049999,29.696503,30645700
2022-07-27,33.240002,33.770000,32.950001,33.590000,30.181707,30344800
2022-07-28,33.500000,33.750000,32.900002,33.320000,29.939106,40176500
2022-07-29,33.470001,33.939999,33.349998,33.810001,30.379389,48152500
2022-08-01,33.619999,33.889999,33.220001,33.709999,30.289541,32336700
2022-08-02,33.599998,33.720001,33.000000,33.040001,29.687519,37884100
2022-08-03,33.419998,33.750000,33.169998,33.639999,30.226637,30065800
2022-08-04,33.520000,33.669998,33.169998,33.400002,30.010990,28404500
2022-08-05,33.279999,34.330002,33.240002,33.959999,30.514166,35874500
2022-08-08,34.169998,34.290001,33.450001,33.490002,30.091866,33454300
2022-08-09,33.650002,33.959999,33.410000,33.919998,30.478222,40196900
2022-08-10,34.500000,35.430000,34.450001,35.070000,31.511541,61415800
2022-08-11,35.770000,36.060001,35.650002,35.910000,32.266300,50420800
2022-08-12,36.160000,36.310001,35.689999,36.299999,32.616730,31821700
2022-08-15,35.840000,36.299999,35.669998,36.250000,32.571812,24908000
2022-08-16,36.189999,36.939999,36.099998,36.639999,32.922237,31870200
2022-08-17,36.200001,36.590000,36.080002,36.410000,32.715576,27125600
2022-08-18,36.250000,36.400002,36.000000,36.279999,32.598755,23138300
2022-08-19,35.959999,36.029999,35.310001,35.480000,31.879936,36485400
2022-08-22,34.750000,34.820000,34.450001,34.720001,31.197056,31210300
2022-08-23,34.669998,34.970001,34.360001,34.410000,30.918510,26588000
2022-08-24,34.250000,34.799999,34.049999,34.520000,31.017347,31389400
2022-08-25,34.599998,35.279999,34.450001,35.139999,31.574438,40576700
2022-08-26,35.439999,35.480000,34.020000,34.029999,30.577061,36152600
2022-08-29,33.860001,34.150002,33.610001,33.900002,30.460255,34931000
2022-08-30,34.180000,34.279999,33.540001,34.090000,30.630981,48194900
2022-08-31,34.139999,34.369999,33.599998,33.610001,30.199678,44917600
2022-09-01,33.340000,33.490002,32.660000,33.470001,30.272045,32848900
2022-09-02,33.930000,34.480000,33.270000,33.430000,30.235853,44000800
2022-09-06,33.639999,33.730000,32.610001,33.060001,29.901213,40762400
2022-09-07,32.810001,33.669998,32.630001,33.570000,30.362484,40742600
2022-09-08,33.459999,34.730000,33.270000,34.650002,31.339289,44361800
2022-09-09,34.980000,35.250000,34.840000,34.939999,31.601582,37295100
2022-09-12,35.200001,35.630001,35.029999,35.270000,31.900055,30534000
2022-09-13,34.580002,34.720001,33.810001,34.000000,30.751396,40959600
2022-09-14,34.200001,34.419998,33.540001,33.869999,30.633816,32004400
2022-09-15,33.790001,34.900002,33.700001,34.509998,31.212669,44863300
2022-09-16,34.189999,34.230000,33.660000,34.119999,30.859932,54281800
2022-09-19,33.720001,34.869999,33.630001,34.689999,31.375469,29782000
2022-09-20,34.500000,34.779999,33.880001,34.169998,30.905157,33591100
2022-09-21,34.310001,34.400002,33.119999,33.150002,29.982616,51667800
2022-09-22,33.310001,33.419998,32.389999,32.500000,29.394722,47527500
2022-09-23,31.930000,32.090000,31.209999,31.730000,28.698288,55316100
2022-09-26,31.320000,31.820000,30.680000,31.030001,28.065174,40360200
2022-09-27,31.270000,31.370001,30.299999,30.570000,27.649126,43396600
2022-09-28,30.530001,31.309999,30.389999,31.070000,28.101355,38372900
2022-09-29,30.690001,30.900000,30.209999,30.660000,27.730528,35220900
2022-09-30,30.760000,31.190001,30.170000,30.200001,27.314480,42294100
2022-10-03,30.590000,31.280001,30.200001,31.090000,28.119442,34591700
2022-10-04,31.719999,32.520000,31.660000,32.380001,29.286180,39758700
2022-10-05,31.540001,32.029999,31.450001,31.920000,28.870138,35791100
2022-10-06,31.600000,31.879999,31.360001,31.459999,28.454086,40891900
2022-10-07,31.170000,31.240000,30.530001,30.750000,27.811930,52304600
2022-10-10,30.900000,31.049999,30.350000,30.660000,27.730528,37669100
2022-10-11,30.370001,30.469999,29.570000,29.770000,26.925566,58124000
2022-10-12,29.639999,30.309999,29.480000,29.860001,27.006960,36137900
2022-10-13,29.410000,31.770000,29.309999,31.690001,28.662115,67671000
2022-10-14,31.809999,32.630001,31.570000,31.700001,28.671162,58108500
2022-10-17,33.360001,33.869999,32.869999,33.619999,30.407701,88896800
2022-10-18,34.980000,35.360001,34.279999,34.880001,31.547312,81937900
2022-10-19,34.580002,34.830002,33.770000,33.919998,30.679037,43139900
2022-10-20,33.980000,34.630001,33.590000,33.700001,30.480066,39549100
2022-10-21,33.560001,35.040001,33.560001,34.950001,31.610630,54870300
2022-10-24,35.110001,35.259998,34.709999,35.070000,31.719158,33765600
2022-10-25,34.740002,35.580002,34.529999,35.389999,32.008583,37132300
2022-10-26,35.419998,36.090000,35.349998,35.700001,32.288963,41104600
2022-10-27,36.150002,36.369999,35.770000,35.869999,32.442726,35261900
2022-10-28,36.040001,36.299999,35.639999,36.180000,32.723110,31659100
2022-10-31,36.000000,36.330002,35.810001,36.040001,32.596485,32565500
2022-11-01,36.439999,36.759998,36.110001,36.200001,32.741196,29913200
2022-11-02,36.070000,37.279999,35.950001,36.090000,32.641697,57380600
2022-11-03,35.700001,36.139999,35.410000,35.889999,32.460815,30046500
2022-11-04,36.500000,37.000000,36.220001,36.790001,33.274822,39369400
2022-11-07,37.009998,37.340000,36.730000,37.009998,33.473797,37533700
2022-11-08,37.090000,37.419998,36.750000,37.110001,33.564251,32664300
2022-11-09,36.880001,36.959999,36.389999,36.520000,33.030621,30164400
2022-11-10,37.299999,38.220001,37.139999,38.130001,34.486790,45702800
2022-11-11,38.189999,38.599998,37.970001,38.410000,34.740036,35688700
2022-11-14,38.090000,38.259998,37.750000,37.759998,34.152142,35541400
2022-11-15,38.189999,38.299999,37.299999,37.700001,34.097874,46082800
2022-11-16,37.610001,37.740002,37.200001,37.360001,33.790363,23813000
2022-11-17,36.880001,37.200001,36.560001,37.169998,33.618511,23689700
2022-11-18,37.790001,37.849998,36.919998,37.189999,33.636600,32041800
2022-11-21,37.090000,37.520000,37.060001,37.310001,33.745148,27935700
2022-11-22,37.590000,37.799999,37.430000,37.490002,33.907940,23499300
2022-11-23,37.490002,37.660000,37.369999,37.610001,34.016476,18934700
2022-11-25,37.720001,37.869999,37.560001,37.700001,34.097874,16118500
2022-11-28,37.400002,37.660000,36.830002,36.860001,33.338135,35428300
2022-11-29,36.980000,37.150002,36.720001,37.000000,33.464756,27048800
2022-11-30,36.900002,37.849998,36.200001,37.849998,34.233543,51747900
2022-12-01,37.500000,37.689999,36.400002,36.549999,33.251022,46213200
2022-12-02,36.060001,36.290001,35.810001,36.080002,32.823448,42295300
2022-12-05,35.810001,35.889999,34.139999,34.470001,31.358763,71386600
2022-12-06,34.570000,34.680000,32.410000,33.000000,30.021442,84085700
2022-12-07,32.590000,32.919998,32.349998,32.740002,29.784910,49234100
2022-12-08,32.970001,32.990002,32.180000,32.439999,29.511984,45491100
2022-12-09,32.110001,32.599998,32.080002,32.380001,29.457401,36985500
2022-12-12,32.310001,32.779999,32.060001,32.730000,29.775808,41060500
2022-12-13,33.549999,33.669998,32.570000,32.750000,29.794008,54804800
2022-12-14,32.799999,33.000000,32.160000,32.279999,29.366428,48819500
2022-12-15,31.750000,31.990000,31.490000,31.770000,28.902462,49027600
2022-12-16,31.620001,31.930000,31.350000,31.700001,28.838783,61795200
2022-12-19,31.760000,32.230000,31.730000,32.060001,29.166286,38374100
2022-12-20,32.400002,32.580002,32.139999,32.189999,29.284552,35561100
2022-12-21,32.520000,32.869999,32.410000,32.680000,29.730328,32544000
2022-12-22,32.520000,32.580002,31.870001,32.389999,29.466497,30234400
2022-12-23,32.400002,32.580002,32.189999,32.470001,29.539282,21378600
2022-12-27,32.500000,32.669998,32.279999,32.529999,29.593859,22776100
2022-12-28,32.570000,32.970001,32.529999,32.770000,29.812202,30541000
2022-12-29,32.889999,33.160000,32.750000,33.139999,30.148802,22252900
2022-12-30,33.099998,33.299999,32.860001,33.119999,30.130608,28198900
2023-01-03,33.230000,34.090000,33.209999,33.509998,30.485411,35221500
2023-01-04,33.900002,34.820000,33.830002,34.139999,31.058546,41998500
2023-01-05,33.919998,34.139999,33.580002,34.070000,30.994864,34177000
2023-01-06,34.090000,34.580002,33.540001,34.410000,31.304178,34068700
2023-01-09,34.750000,34.759998,33.709999,33.889999,30.831102,43818800
2023-01-10,33.740002,34.270000,33.639999,34.119999,31.040350,35096000
2023-01-11,34.119999,34.439999,34.000000,34.380001,31.276884,36783700
2023-01-12,34.599998,34.869999,34.360001,34.470001,31.358763,44230400
2023-01-13,34.200001,35.389999,33.090000,35.230000,32.050159,89667800
2023-01-17,34.689999,34.830002,34.150002,34.520000,31.404251,56458400
2023-01-18,34.330002,34.340000,33.509998,33.720001,30.676451,54517800
2023-01-19,33.279999,33.549999,32.889999,33.230000,30.230680,42707100
2023-01-20,33.299999,33.889999,33.090000,33.849998,30.794724,45004400
2023-01-23,33.810001,34.509998,33.750000,34.320000,31.222305,33683300
2023-01-24,34.220001,34.790001,33.950001,34.570000,31.449730,26716700
2023-01-25,34.299999,34.959999,34.250000,34.869999,31.722658,28859700
2023-01-26,35.049999,35.349998,34.790001,35.340000,32.150238,30035500
2023-01-27,35.439999,35.779999,35.270000,35.450001,32.250309,29964900
2023-01-30,35.209999,35.560001,35.180000,35.299999,32.113846,27353500
2023-01-31,35.169998,35.480000,35.000000,35.480000,32.277596,38917400
2023-02-01,35.200001,36.259998,35.110001,35.919998,32.677887,44438700
2023-02-02,36.099998,36.380001,35.439999,36.130001,32.868931,33729100
2023-02-03,36.020000,36.759998,35.900002,36.430000,33.141850,37411700
2023-02-06,36.250000,36.439999,35.980000,36.369999,33.087265,29463200
2023-02-07,36.169998,37.000000,36.130001,36.770000,33.451157,44100200
2023-02-08,36.410000,36.840000,36.340000,36.500000,33.205528,28032800
2023-02-09,36.270000,36.349998,35.560001,35.720001,32.495941,35257100
2023-02-10,35.549999,35.590000,35.029999,35.580002,32.368572,32898900
2023-02-13,35.480000,35.779999,35.389999,35.650002,32.432251,29163900
2023-02-14,35.630001,35.990002,35.459999,35.619999,32.404964,33625200
2023-02-15,35.320000,35.610001,35.160000,35.560001,32.350372,23500100
2023-02-16,35.419998,35.660000,35.220001,35.279999,32.095650,22681100
2023-02-17,35.080002,35.389999,34.740002,35.349998,32.159336,28562700
2023-02-21,34.910000,35.049999,34.270000,34.520000,31.404251,37068900
2023-02-22,34.360001,34.549999,34.070000,34.290001,31.195005,38550400
2023-02-23,34.400002,34.599998,33.860001,34.259998,31.167711,28488000
2023-02-24,33.860001,34.290001,33.840000,34.209999,31.122225,27046600
2023-02-27,34.450001,34.689999,34.169998,34.209999,31.122225,30137500
2023-02-28,34.349998,34.490002,34.180000,34.299999,31.204105,32620600
2023-03-01,34.150002,34.490002,33.980000,34.139999,31.058546,29281600
2023-03-02,33.660000,33.700001,33.000000,33.490002,30.664825,44607200
2023-03-03,33.650002,34.290001,33.650002,34.160000,31.278299,39109100
2023-03-06,34.240002,34.560001,33.990002,34.090000,31.214207,36646700
2023-03-07,33.849998,33.900002,32.799999,33.000000,30.216156,52855300
2023-03-08,32.660000,32.970001,32.439999,32.560001,29.813274,40045600
2023-03-09,32.279999,32.389999,30.309999,30.540001,27.963684,112457900
2023-03-10,30.320000,31.040001,28.920000,30.270000,27.716457,165330900
2023-03-13,28.920000,29.719999,27.870001,28.510000,26.104927,218403300
2023-03-14,29.990000,30.090000,28.469999,28.760000,26.333839,154255800
2023-03-15,27.879999,28.559999,27.680000,28.490000,26.086613,131104400
2023-03-16,28.379999,29.469999,28.110001,28.969999,26.526123,108348800
2023-03-17,28.660000,28.660000,27.620001,27.820000,25.473135,130665500
2023-03-20,28.240000,28.430000,27.650000,27.750000,25.409042,81441200
2023-03-21,28.629999,28.980000,28.510000,28.590000,26.178181,84854800
2023-03-22,28.709999,28.740000,27.639999,27.639999,25.308317,76925900
2023-03-23,28.000000,28.090000,26.790001,26.969999,24.694839,105335900
2023-03-24,26.600000,27.290001,26.320000,27.139999,24.850500,96872700
2023-03-27,27.930000,28.650000,27.910000,28.490000,26.086613,102469800
2023-03-28,28.379999,28.650000,27.980000,28.120001,25.747826,63416500
2023-03-29,28.490000,28.770000,28.240000,28.670000,26.251431,62666400
2023-03-30,28.920000,29.059999,28.110001,28.299999,25.912642,67427100
2023-03-31,28.620001,28.680000,28.260000,28.600000,26.187336,56482100
2023-04-03,28.639999,28.980000,28.330000,28.590000,26.178181,51996800
2023-04-04,28.549999,28.650000,27.660000,27.980000,25.619637,56233300
2023-04-05,27.660000,27.910000,27.459999,27.639999,25.308317,47799400
2023-04-06,27.719999,28.010000,27.620001,27.840000,25.491451,41216600
2023-04-10,27.670000,28.100000,27.650000,27.940001,25.583014,40572700
2023-04-11,28.020000,28.750000,27.959999,28.709999,26.288054,58761200
2023-04-12,28.680000,29.010000,28.370001,28.480000,26.077457,44313300
2023-04-13,28.559999,28.639999,28.240000,28.559999,26.150711,52261400
2023-04-14,29.299999,29.870001,29.250000,29.520000,27.029722,81110800
2023-04-17,29.770000,30.410000,29.400000,30.370001,27.808022,83704400
2023-04-18,30.799999,30.930000,29.799999,30.559999,27.981993,114498800
2023-04-19,30.129999,30.200001,29.790001,30.059999,27.524172,65594200
2023-04-20,29.840000,30.230000,29.770000,29.900000,27.377670,43193800
2023-04-21,29.750000,29.980000,29.410000,29.870001,27.350199,44759000
2023-04-24,29.790001,29.900000,29.590000,29.760000,27.249477,28020300
2023-04-25,29.450001,29.530001,28.820000,28.840000,26.407089,49718800
2023-04-26,28.760000,28.940001,28.299999,28.440001,26.040831,45848400
2023-04-27,28.520000,29.080000,28.520000,28.889999,26.452869,33060100
2023-04-28,28.530001,29.430000,28.510000,29.280001,26.809971,45592500
2023-05-01,29.500000,29.540001,29.000000,29.040001,26.590219,34076800
2023-05-02,28.850000,28.860001,27.709999,28.160000,25.784452,70797700
2023-05-03,28.160000,28.500000,27.809999,27.860001,25.509762,51139500
2023-05-04,27.580000,27.809999,26.830000,26.990000,24.713152,82173800
2023-05-05,27.620001,27.889999,27.469999,27.709999,25.372417,50087100
2023-05-08,28.080000,28.150000,27.660000,27.690001,25.354103,34245500
2023-05-09,27.420000,27.830000,27.240000,27.660000,25.326633,32188800
2023-05-10,27.959999,28.000000,27.020000,27.320000,25.015314,44446400
2023-05-11,27.010000,27.490000,26.879999,27.389999,25.079409,34897300
2023-05-12,27.520000,27.549999,26.879999,27.090000,24.804718,38142000
2023-05-15,27.100000,27.820000,27.030001,27.650000,25.317476,38722800
2023-05-16,27.780001,27.900000,27.330000,27.360001,25.051941,33347500
2023-05-17,27.740000,28.670000,27.730000,28.570000,26.159863,61750400
2023-05-18,28.440001,28.500000,28.000000,28.469999,26.068304,51146100
2023-05-19,28.459999,28.670000,28.030001,28.110001,25.738672,50062500
2023-05-22,28.299999,28.450001,28.010000,28.340000,25.949270,36473700
2023-05-23,28.320000,29.080000,28.299999,28.580000,26.169018,51400400
2023-05-24,28.330000,28.510000,28.000000,28.100000,25.729515,50606900
2023-05-25,27.990000,28.240000,27.879999,28.170000,25.793608,40517800
2023-05-26,28.200001,28.400000,27.790001,28.309999,25.921801,57879100
2023-05-30,28.320000,28.490000,27.950001,28.260000,25.876019,41819600
2023-05-31,28.100000,28.160000,27.480000,27.790001,25.445667,61905200
2023-06-01,27.760000,27.980000,27.340000,27.780001,25.639484,57426100
2023-06-02,28.160000,28.950001,28.120001,28.709999,26.497824,66578100
2023-06-05,28.820000,28.820000,28.299999,28.540001,26.340927,34757800
2023-06-06,28.459999,29.430000,28.450001,29.230000,26.977758,46297900
2023-06-07,29.299999,29.650000,29.010000,29.480000,27.208496,44502600
2023-06-08,29.280001,29.379999,28.990000,29.230000,26.977758,41483100
2023-06-09,29.200001,29.400000,29.080000,29.270000,27.014673,32692000
2023-06-12,29.299999,29.559999,28.910000,29.129999,26.885464,41011300
2023-06-13,29.129999,29.799999,29.030001,29.400000,27.134659,42718800
2023-06-14,29.570000,29.730000,28.990000,29.120001,26.876238,38322800
2023-06-15,28.900000,29.469999,28.690001,29.370001,27.106972,42044900
2023-06-16,29.530001,29.680000,29.160000,29.190001,26.940838,53050200
2023-06-20,29.010000,29.040001,28.580000,28.870001,26.645496,39040900
2023-06-21,28.780001,29.000000,28.540001,28.570000,26.368612,39553400
2023-06-22,28.500000,28.530001,27.900000,27.959999,25.805616,50742900
2023-06-23,27.740000,27.889999,27.590000,27.750000,25.611797,55181100
2023-06-26,27.799999,28.280001,27.790001,28.090000,25.925596,47519300
2023-06-27,28.100000,28.400000,27.950001,28.240000,26.064039,39081800
2023-06-28,28.250000,28.270000,27.900000,28.070000,25.907141,37803800
2023-06-29,28.500000,29.000000,28.400000,28.660000,26.451677,68376400
2023-06-30,28.940001,29.110001,28.670000,28.690001,26.479368,50479000
2023-07-03,28.700001,29.350000,28.650000,29.200001,26.950071,30995800
2023-07-05,29.139999,29.420000,28.950001,29.080000,26.839315,37492000
2023-07-06,28.799999,28.820000,28.100000,28.280001,26.100960,52098000
2023-07-07,28.299999,28.820000,28.290001,28.530001,26.331696,34288000
2023-07-10,28.590000,28.850000,28.469999,28.660000,26.451677,36086000
2023-07-11,28.660000,29.080000,28.420000,29.020000,26.783937,40978700
2023-07-12,29.510000,29.889999,29.270000,29.360001,27.097744,41855500
2023-07-13,29.520000,29.870001,29.410000,29.670000,27.383854,39589000
2023-07-14,30.000000,30.100000,29.049999,29.110001,26.867008,58720300
2023-07-17,29.150000,29.559999,29.120001,29.400000,27.134659,49477200
2023-07-18,30.000000,30.860001,29.920000,30.700001,28.334490,98253800
2023-07-19,30.889999,31.700001,30.690001,31.530001,29.100538,70619800
2023-07-20,31.330000,31.799999,31.260000,31.690001,29.248211,42128800
2023-07-21,31.870001,32.110001,31.420000,31.980000,29.515865,70872400
2023-07-24,32.000000,32.849998,31.980000,32.650002,30.134245,64548600
2023-07-25,32.759998,32.790001,32.070000,32.150002,29.672766,51208800
2023-07-26,32.240002,32.540001,32.150002,32.410000,29.912731,41814600
2023-07-27,32.430000,32.740002,31.820000,31.950001,29.488176,45529500
2023-07-28,32.150002,32.160000,31.709999,31.900000,29.442028,33296500
2023-07-31,31.900000,32.250000,31.780001,32.000000,29.534323,29093400
2023-08-01,31.840000,31.940001,31.420000,31.620001,29.183607,32712000
2023-08-02,31.160000,31.280001,30.780001,31.190001,28.786739,38855100
2023-08-03,30.940001,31.549999,30.879999,31.410000,28.989786,27933400
2023-08-04,31.360001,31.670000,31.170000,31.299999,28.888260,30768100
2023-08-07,31.410000,31.900000,31.410000,31.879999,29.423567,31745200
2023-08-08,31.299999,31.309999,30.480000,31.270000,28.860575,45951800
2023-08-09,31.219999,31.280001,30.830000,30.860001,28.482166,30732100
2023-08-10,31.010000,31.320000,30.799999,30.940001,28.556004,26062600
2023-08-11,30.799999,31.400000,30.750000,31.290001,28.879032,35720700
2023-08-14,31.049999,31.110001,30.750000,30.930000,28.546772,32563700
2023-08-15,30.500000,30.549999,29.840000,29.940001,27.633051,43406100
2023-08-16,29.750000,29.840000,29.209999,29.290001,27.033134,47220400
2023-08-17,29.440001,29.540001,29.110001,29.280001,27.023907,37202200
2023-08-18,29.040001,29.350000,28.980000,29.110001,26.867008,31430400
2023-08-21,29.219999,29.299999,28.799999,29.150000,26.903921,34959000
2023-08-22,29.129999,29.240000,28.420000,28.440001,26.248631,37564200
2023-08-23,28.450001,28.510000,28.180000,28.450001,26.257856,44686600
2023-08-24,28.400000,28.790001,28.370001,28.620001,26.414761,31934800
2023-08-25,28.639999,28.790001,28.299999,28.500000,26.304005,34253200
2023-08-28,28.690001,29.000000,28.570000,28.760000,26.543976,33075200
2023-08-29,28.889999,29.260000,28.719999,29.170000,26.922382,30428200
2023-08-30,29.219999,29.270000,28.930000,29.040001,26.802399,33366400
2023-08-31,28.930000,28.969999,28.530001,28.670000,26.681412,37243000
2023-09-01,28.760000,29.129999,28.760000,28.980000,26.969913,35228600
2023-09-05,28.940001,29.120001,28.500000,28.650000,26.662802,46543600
2023-09-06,28.400000,28.559999,28.120001,28.389999,26.420835,45022600
2023-09-07,28.410000,28.549999,28.059999,28.129999,26.178869,35023600
2023-09-08,28.120001,28.379999,27.959999,28.360001,26.392916,36513900
2023-09-11,28.510000,28.760000,28.400000,28.480000,26.504597,34168300
2023-09-12,28.459999,29.139999,28.400000,28.969999,26.960609,42284000
2023-09-13,29.120001,29.190001,28.700001,28.879999,26.876848,37215700
2023-09-14,29.170000,29.440001,29.100000,29.200001,27.174656,44634800
2023-09-15,28.950001,29.090000,28.750000,28.840000,26.839624,61661100
2023-09-18,28.799999,28.799999,28.490000,28.760000,26.765175,25752300
2023-09-19,28.760000,28.940001,28.510000,28.650000,26.662802,34888100
2023-09-20,28.809999,28.969999,28.530001,28.549999,26.569738,26641100
2023-09-21,28.360001,28.590000,28.020000,28.049999,26.104416,39906000
2023-09-22,28.070000,28.190001,27.600000,27.639999,25.722857,41284400
2023-09-25,27.500000,27.620001,27.350000,27.600000,25.685629,32749200
2023-09-26,27.340000,27.500000,27.010000,27.170000,25.285458,42237400
2023-09-27,27.230000,27.610001,27.070000,27.270000,25.378525,38296300
2023-09-28,27.170000,27.639999,27.170000,27.559999,25.648409,36734300
2023-09-29,27.889999,27.990000,27.270000,27.379999,25.480890,40645900
2023-10-02,27.270000,27.360001,26.580000,26.700001,24.848059,50388600
2023-10-03,26.490000,26.520000,25.820000,25.910000,24.112854,62144500
2023-10-04,25.879999,26.010000,25.580000,25.940001,24.140772,55696400
2023-10-05,25.780001,26.090000,25.559999,26.059999,24.252445,49044100
2023-10-06,25.770000,26.230000,25.469999,26.070000,24.261757,58177300
2023-10-09,25.760000,26.360001,25.719999,26.309999,24.485109,39953700
2023-10-10,26.610001,27.299999,26.570000,27.010000,25.136555,51960100
2023-10-11,27.170000,27.440001,26.900000,27.020000,25.145861,38508200
2023-10-12,26.969999,27.080000,26.610001,26.900000,25.034184,44249800
2023-10-13,27.430000,27.719999,26.520000,26.760000,24.903896,55089700
2023-10-16,27.160000,27.180000,26.770000,26.990000,25.117943,56817500
2023-10-17,27.049999,27.870001,26.719999,27.620001,25.704248,95344200
2023-10-18,27.540001,28.040001,27.209999,27.309999,25.415749,68371100
2023-10-19,27.250000,27.780001,26.879999,26.959999,25.090025,58611000
2023-10-20,26.799999,26.940001,26.240000,26.309999,24.485109,62058400
2023-10-23,26.129999,26.209999,25.520000,25.570000,23.796434,59857200
2023-10-24,25.740000,25.870001,25.400000,25.469999,23.703375,55975700
2023-10-25,25.379999,25.650000,25.180000,25.549999,23.777822,45522400
2023-10-26,25.490000,26.360001,25.440001,26.120001,24.308289,60921000
2023-10-27,26.070000,26.070000,24.959999,25.170000,23.424179,64709300
2023-10-30,25.320000,25.780001,25.280001,25.690001,23.908113,41891900
2023-10-31,25.740000,26.379999,25.719999,26.340000,24.513027,50106700
2023-11-01,26.440001,26.620001,26.150000,26.400000,24.568867,44046300
2023-11-02,26.709999,27.660000,26.590000,27.620001,25.704248,63278300
2023-11-03,28.160000,28.930000,28.129999,28.420000,26.448755,62613600
2023-11-06,28.559999,28.770000,28.020000,28.330000,26.365002,45548000
2023-11-07,28.049999,28.260000,27.950001,28.160000,26.206789,33081900
2023-11-08,28.160000,28.200001,27.670000,27.889999,25.955521,31896000
2023-11-09,28.070000,28.080000,27.400000,27.530001,25.620489,32267900
2023-11-10,27.760000,27.770000,27.340000,27.680000,25.760084,32858500
2023-11-13,27.540001,27.850000,27.420000,27.700001,25.778698,28521800
2023-11-14,28.500000,29.410000,28.469999,29.219999,27.193270,66676300
2023-11-15,29.200001,29.730000,29.200001,29.620001,27.565523,46968900
2023-11-16,29.430000,29.700001,29.219999,29.540001,27.491074,36952800
2023-11-17,29.709999,30.000000,29.549999,29.980000,27.900555,38493300
2023-11-20,29.980000,30.250000,29.750000,30.010000,27.928471,46783400
2023-11-21,29.990000,29.990000,29.549999,29.660000,27.602749,41611900
2023-11-22,29.740000,29.790001,29.520000,29.629999,27.574825,41422700
2023-11-24,29.480000,29.889999,29.480000,29.730000,27.667894,15815600
2023-11-27,29.600000,29.690001,29.510000,29.559999,27.509687,42039500
2023-11-28,29.530001,29.650000,29.320000,29.530001,27.481766,29705800
2023-11-29,29.879999,30.610001,29.809999,30.309999,28.207661,57954900
2023-11-30,30.209999,30.549999,30.040001,30.490000,28.601652,52547700
2023-12-01,30.400000,31.049999,30.350000,30.959999,29.042542,46133300
2023-12-04,30.530001,31.000000,30.520000,30.820000,28.911211,37811300
2023-12-05,30.680000,30.790001,30.330000,30.580000,28.686079,45723100
2023-12-06,30.780001,31.520000,30.440001,30.530001,28.639174,49803100
2023-12-07,30.590000,30.930000,30.540001,30.660000,28.761124,32699600
2023-12-08,30.670000,31.139999,30.610001,30.959999,29.042542,34794300
2023-12-11,30.920000,31.080000,30.709999,30.850000,28.939356,32254000
2023-12-12,30.770000,30.860001,30.450001,30.740000,28.836168,34566700
2023-12-13,30.750000,32.130001,30.629999,32.040001,30.055656,60311100
2023-12-14,32.619999,34.070000,32.570000,33.939999,31.837980,107190000
2023-12-15,33.820000,34.020000,33.290001,33.599998,31.519043,83771800
2023-12-18,33.709999,33.790001,33.410000,33.430000,31.359568,40694700
2023-12-19,33.029999,33.669998,32.799999,33.509998,31.434612,44534800
2023-12-20,33.380001,33.709999,32.950001,32.980000,30.937441,44711400
2023-12-21,33.240002,33.450001,32.889999,33.200001,31.143814,32325700
2023-12-22,33.209999,33.669998,33.200001,33.430000,31.359568,37265900
2023-12-26,33.450001,33.959999,33.369999,33.860001,31.762938,24845400
2023-12-27,33.799999,33.950001,33.660000,33.840000,31.744177,24498600
2023-12-28,33.820000,33.970001,33.770000,33.880001,31.781696,21799600
2023-12-29,33.939999,33.990002,33.549999,33.669998,31.584700,28060700
2024-01-02,33.389999,34.070000,33.270000,33.900002,31.800461,36668600
2024-01-03,33.650002,33.770000,33.240002,33.529999,31.453373,45988700
2024-01-04,33.570000,34.310001,33.540001,33.799999,31.706656,39834600
2024-01-05,33.799999,34.689999,33.709999,34.430000,32.297630,49242400
2024-01-08,34.299999,34.299999,33.639999,34.160000,32.044357,40253900
2024-01-09,33.820000,33.840000,33.509998,33.630001,31.547184,39268800
2024-01-10,33.500000,33.630001,33.240002,33.599998,31.519043,34904000
2024-01-11,33.360001,33.500000,32.779999,33.150002,31.096910,48790600
2024-01-12,32.250000,33.189999,31.959999,32.799999,30.768583,74344300
2024-01-16,32.410000,32.509998,31.820000,32.119999,30.130703,58420800
2024-01-17,31.719999,31.990000,31.270000,31.799999,29.830521,48811300
2024-01-18,31.750000,31.770000,31.400000,31.730000,29.764854,35484400
2024-01-19,31.799999,32.230000,31.570000,32.220001,30.224510,49493600
2024-01-22,32.360001,32.990002,32.320000,32.549999,30.534065,43903400
2024-01-23,32.540001,32.820000,32.389999,32.770000,30.740444,30003400
2024-01-24,33.029999,33.340000,32.910000,32.980000,30.937441,36403900
2024-01-25,33.209999,33.450001,32.830002,33.389999,31.322041,46204000
2024-01-26,33.400002,33.669998,33.320000,33.430000,31.359568,30839800
2024-01-29,33.400002,33.650002,33.240002,33.610001,31.528419,30269300
2024-01-30,33.900002,34.889999,33.840000,34.790001,32.635338,60315700
2024-01-31,34.570000,35.099998,34.000000,34.009998,31.903645,54716000
2024-02-01,33.930000,34.250000,32.930000,33.549999,31.472134,57084800
2024-02-02,33.369999,33.709999,33.169998,33.470001,31.397093,40416000
2024-02-05,33.110001,33.290001,32.860001,32.990002,30.946821,43573000
2024-02-06,32.919998,33.360001,32.880001,33.040001,30.993727,27188000
2024-02-07,33.060001,33.259998,32.630001,33.180000,31.125051,29660100
2024-02-08,33.049999,33.279999,32.799999,33.119999,31.068764,36852200
2024-02-09,33.099998,33.250000,32.840000,33.070000,31.021858,36176000
2024-02-12,33.000000,33.970001,32.980000,33.619999,31.537800,34160400
2024-02-13,33.119999,33.310001,32.349998,32.750000,30.721678,43801500
2024-02-14,32.980000,33.180000,32.869999,33.130001,31.078146,27833900
2024-02-15,33.320000,34.240002,33.320000,34.070000,31.959930,41683100
2024-02-16,33.919998,34.150002,32.490002,34.090000,31.978693,33290700
2024-02-20,33.779999,34.090000,33.770000,33.959999,31.856743,30372900
2024-02-21,33.360001,33.740002,33.169998,33.700001,31.612843,37847100
2024-02-22,33.369999,34.070000,33.369999,33.610001,31.528419,42756900
2024-02-23,33.730000,34.049999,33.490002,33.919998,31.819220,30586000
2024-02-26,33.790001,34.220001,33.529999,33.610001,31.528419,31129200
2024-02-27,33.730000,34.430000,33.709999,34.279999,32.156925,40536300
2024-02-28,34.220001,34.599998,34.110001,34.310001,32.185070,39548600
2024-02-29,34.330002,34.650002,34.150002,34.520000,32.610168,43863400
2024-03-01,34.529999,34.650002,34.029999,34.349998,32.449577,38432300
2024-03-04,34.290001,35.419998,34.250000,35.150002,33.205315,49136400
2024-03-05,34.930000,35.720001,34.869999,35.389999,33.432037,47591600
2024-03-06,35.650002,35.790001,35.070000,35.419998,33.460373,49149700
2024-03-07,35.599998,35.900002,35.250000,35.630001,33.658764,35900700
2024-03-08,35.869999,36.130001,35.500000,35.599998,33.630421,42769900
2024-03-11,35.389999,35.930000,35.270000,35.889999,33.904373,34131500
2024-03-12,35.900002,36.150002,35.779999,35.959999,33.970493,29260400
2024-03-13,35.959999,36.450001,35.959999,36.080002,34.083862,38289600
2024-03-14,35.919998,36.220001,35.480000,35.689999,33.715439,40178100
2024-03-15,35.279999,36.009998,35.240002,35.410000,33.450928,69646400
2024-03-18,35.660000,36.090000,35.389999,36.009998,34.017735,50617900
2024-03-19,35.889999,36.389999,35.849998,36.029999,34.036625,46113800
2024-03-20,35.840000,36.880001,35.730000,36.750000,34.716793,40519000
2024-03-21,36.930000,37.599998,36.880001,37.509998,35.434750,43219500
2024-03-22,37.410000,37.610001,37.000000,37.049999,35.000198,29001100
2024-03-25,37.099998,37.279999,36.840000,36.860001,34.820705,30480200
2024-03-26,37.000000,37.240002,36.799999,37.090000,35.037987,33673400
2024-03-27,37.250000,37.849998,37.240002,37.810001,35.718151,36350200
2024-03-28,37.720001,38.000000,37.419998,37.919998,35.822063,42262500
2024-04-01,37.939999,38.349998,37.439999,37.520000,35.444199,33908000
2024-04-02,37.189999,37.580002,37.160000,37.299999,35.236362,34806800
2024-04-03,37.400002,38.020000,37.270000,37.439999,35.368614,33338500
2024-04-04,37.700001,37.959999,36.869999,36.919998,34.877384,42888200
2024-04-05,36.810001,37.340000,36.730000,37.110001,35.056881,30823500
2024-04-08,37.200001,37.580002,37.130001,37.500000,35.425297,29470300
2024-04-09,37.509998,37.770000,37.200001,37.730000,35.642574,30967300
2024-04-10,37.180000,37.230000,36.549999,36.650002,34.622322,37610700
2024-04-11,36.750000,36.750000,36.049999,36.349998,34.338921,38604000
2024-04-12,35.810001,36.090000,35.529999,35.790001,33.809906,47126100
2024-04-15,36.330002,36.759998,35.759998,35.950001,33.961056,44392000
2024-04-16,36.099998,36.169998,34.150002,34.680000,32.761322,95566100
2024-04-17,34.889999,35.750000,34.750000,35.230000,33.280895,65951400
2024-04-18,35.540001,35.990002,35.180000,35.770000,33.791023,44506200
2024-04-19,36.099998,37.119999,36.060001,36.970001,34.924625,56273700
2024-04-22,37.000000,37.910000,36.869999,37.730000,35.642574,43867100
2024-04-23,37.939999,38.419998,37.830002,38.369999,36.247166,39180300
2024-04-24,38.020000,38.490002,38.000000,38.320000,36.199936,28670600
2024-04-25,37.930000,38.270000,37.380001,37.910000,35.812622,41116000
2024-04-26,37.930000,38.310001,37.779999,37.830002,35.737049,28668700
2024-04-29,37.840000,38.060001,37.450001,37.549999,35.472534,26438800
2024-04-30,37.349998,37.669998,36.980000,37.009998,34.962410,30283800
2024-05-01,37.209999,37.509998,36.770000,36.950001,34.905731,32272000
2024-05-02,37.369999,37.490002,36.650002,36.880001,34.839603,34860300
2024-05-03,37.250000,37.529999,37.080002,37.250000,35.189137,34082700
2024-05-06,37.660000,37.790001,37.360001,37.689999,35.604790,28422300
2024-05-07,37.700001,38.150002,37.700001,37.840000,35.746490,29119500
2024-05-08,37.700001,37.820000,37.520000,37.709999,35.623680,32803300
2024-05-09,37.529999,38.419998,37.459999,38.279999,36.162148,26855400
2024-05-10,38.480000,38.779999,38.330002,38.450001,36.322742,27359100
2024-05-13,38.619999,38.779999,38.180000,38.209999,36.096024,24060600
2024-05-14,38.400002,38.790001,38.369999,38.490002,36.360527,27594800
2024-05-15,38.799999,39.240002,38.779999,38.910000,36.757290,34084400
2024-05-16,38.919998,39.360001,38.709999,39.220001,37.050140,32554200
2024-05-17,39.450001,39.490002,39.160000,39.290001,37.116268,25537300
2024-05-20,39.259998,39.470001,38.790001,38.820000,36.672272,28369800
2024-05-21,38.770000,39.750000,38.770000,39.650002,37.456348,31799200
2024-05-22,39.410000,39.810001,39.340000,39.759998,37.560265,42837600
2024-05-23,39.770000,39.840000,38.939999,39.169998,37.002903,39033900
2024-05-24,39.160000,39.779999,39.070000,39.700001,37.503586,22166300
2024-05-28,39.650002,39.740002,39.110001,39.320000,37.144608,31217900
2024-05-29,38.840000,38.900002,38.560001,38.720001,36.577797,26677500
2024-05-30,38.730000,39.119999,37.590000,38.630001,36.492779,50989100
2024-05-31,38.700001,40.080002,38.660000,39.990002,37.777538,58188400
2024-06-03,40.040001,40.189999,39.360001,39.880001,37.673630,31898600
2024-06-04,39.619999,40.139999,39.419998,39.680000,37.484699,26974200
2024-06-05,39.820000,39.990002,39.520000,39.959999,37.749207,34140300
2024-06-06,39.910000,40.000000,39.419998,39.700001,37.503586,38676400
2024-06-07,39.279999,39.959999,39.279999,39.779999,37.807720,25928700
2024-06-10,39.580002,39.840000,39.209999,39.669998,37.703167,37176200
2024-06-11,39.330002,39.349998,38.459999,38.860001,36.933327,44629000
2024-06-12,39.799999,39.880001,39.099998,39.410000,37.456062,38964700
2024-06-13,39.290001,39.349998,38.930000,39.259998,37.313499,40018700
2024-06-14,39.099998,39.480000,38.910000,39.240002,37.294495,32347900
2024-06-17,39.090000,39.529999,38.980000,39.509998,37.551105,26135400
2024-06-18,39.560001,40.020000,39.459999,39.990002,38.007305,30804500
2024-06-20,39.779999,40.310001,39.750000,39.990002,38.007305,29383300
2024-06-21,39.849998,39.910000,39.369999,39.490002,37.532097,72244900
2024-06-24,39.770000,40.340000,39.650002,40.020000,38.035820,31064900
2024-06-25,39.779999,40.070000,39.349998,39.380001,37.427555,30596000
2024-06-26,39.169998,39.349998,38.470001,39.000000,37.066391,44310200
2024-06-27,38.700001,39.349998,38.340000,39.250000,37.304001,29464200
2024-06-28,39.740002,40.060001,39.320000,39.770000,37.798214,52028200
2024-07-01,39.910000,40.340000,39.669998,40.009998,38.026314,26770500
2024-07-02,40.000000,40.959999,39.959999,40.930000,38.900707,35626100
2024-07-03,41.020000,41.200001,40.750000,40.900002,38.872192,17100700
2024-07-05,40.930000,40.959999,40.290001,40.410000,38.406483,23489000
2024-07-08,40.599998,41.040001,40.430000,40.619999,38.606068,26728500
2024-07-09,40.759998,41.830002,40.599998,41.419998,39.366405,34697200
2024-07-10,41.279999,41.759998,41.070000,41.740002,39.670544,25333400
2024-07-11,41.770000,41.900002,41.389999,41.810001,39.737072,33824600
2024-07-12,41.490002,41.919998,41.090000,41.590000,39.527985,31856600
2024-07-15,41.849998,42.230000,41.700001,41.889999,39.813099,36648100
2024-07-16,42.520000,44.400002,42.220001,44.130001,41.942047,75953300
2024-07-17,43.650002,44.439999,43.650002,43.980000,41.799480,65713600
2024-07-18,43.619999,44.240002,42.930000,43.009998,40.877571,48549200
2024-07-19,42.860001,43.560001,42.689999,42.900002,40.773029,43903000
2024-07-22,42.639999,42.869999,41.959999,42.299999,40.202774,42838300
2024-07-23,42.220001,42.779999,42.150002,42.410000,40.307331,36705100
2024-07-24,42.279999,42.750000,42.070000,42.189999,40.098228,36567200
2024-07-25,42.020000,42.299999,41.660000,41.680000,39.613514,41593900
2024-07-26,41.580002,41.959999,41.410000,41.669998,39.604008,52049300
2024-07-29,41.779999,41.880001,40.980000,41.090000,39.052769,37133100
2024-07-30,41.049999,41.889999,40.810001,41.279999,39.233356,44163200
2024-07-31,41.230000,41.380001,40.220001,40.310001,38.311443,50851600
2024-08-01,40.439999,40.450001,38.980000,39.500000,37.541603,60107800
2024-08-02,38.000000,38.529999,37.180000,37.580002,35.716793,76728000
2024-08-05,35.650002,36.959999,35.139999,36.650002,34.832901,76075200
2024-08-06,36.650002,37.310001,36.540001,36.919998,35.089516,40614100
2024-08-07,38.099998,38.590000,37.270000,37.299999,35.450672,44952400
2024-08-08,37.820000,38.419998,37.660000,38.209999,36.315563,36557800
2024-08-09,38.160000,38.450001,37.910000,38.279999,36.382084,26411200
2024-08-12,38.500000,38.730000,38.009998,38.169998,36.277542,33040600
2024-08-13,38.369999,38.480000,38.119999,38.459999,36.553162,21553500
2024-08-14,38.520000,38.919998,38.430000,38.810001,36.885815,25658900
2024-08-15,39.430000,39.680000,38.970001,39.029999,37.094906,37379800
2024-08-16,39.000000,39.419998,38.990002,39.340000,37.389538,26886600
2024-08-19,39.480000,39.740002,39.450001,39.669998,37.703167,27268900
2024-08-20,39.119999,39.240002,38.340000,38.689999,36.771755,44440800
2024-08-21,38.869999,38.990002,38.389999,38.750000,36.828785,33751100
2024-08-22,38.779999,39.290001,38.570000,39.240002,37.294495,35421600
2024-08-23,39.270000,40.169998,39.270000,39.770000,37.798214,45616600
2024-08-26,40.000000,40.200001,39.660000,39.919998,37.940777,44659500
2024-08-27,40.000000,40.130001,39.610001,39.669998,37.703167,32323900
2024-08-28,39.340000,40.270000,39.330002,39.950001,37.969292,40700500
2024-08-29,40.049999,40.340000,39.529999,40.169998,38.178383,34810800
2024-08-30,40.169998,40.860001,40.130001,40.750000,38.729630,49098200
2024-09-03,40.580002,40.900002,40.230000,40.700001,38.682114,48489300
2024-09-04,40.660000,40.950001,40.279999,40.500000,38.492027,39629600
2024-09-05,40.799999,40.939999,40.009998,40.139999,38.149876,34214500
2024-09-06,39.770000,39.880001,38.560001,38.759998,37.078461,47007600
2024-09-09,39.250000,39.709999,39.099998,39.470001,37.757656,37610200
2024-09-10,39.840000,39.840000,38.330002,39.279999,37.575905,53983900
2024-09-11,38.990002,39.029999,38.009998,39.000000,37.308052,41190000
2024-09-12,39.049999,39.330002,38.529999,38.779999,37.097591,39921600
2024-09-13,38.880001,39.090000,38.439999,38.650002,36.973232,31887300
2024-09-16,38.810001,39.209999,38.790001,39.099998,37.403709,26336400
2024-09-17,39.279999,39.799999,39.209999,39.549999,37.834187,27769400
2024-09-18,39.619999,40.119999,39.419998,39.619999,37.901154,42527800
2024-09-19,40.040001,41.049999,40.009998,40.869999,39.096920,57977800
2024-09-20,40.619999,40.730000,40.240002,40.270000,38.522953,70725000
2024-09-23,40.209999,40.439999,39.750000,39.869999,38.140305,31714800
2024-09-24,39.849998,39.980000,39.250000,39.450001,37.738525,32534900
2024-09-25,39.250000,39.410000,38.939999,39.250000,37.547203,28866000
2024-09-26,39.389999,39.720001,39.110001,39.520000,37.805492,39601400
2024-09-27,39.650002,39.900002,39.349998,39.400002,37.690697,27861100
2024-09-30,39.230000,39.790001,39.020000,39.680000,37.958546,35055200
2024-10-01,39.509998,39.560001,38.939999,39.220001,37.518509,26291200
2024-10-02,39.250000,39.540001,39.049999,39.230000,37.528072,23302700
2024-10-03,38.980000,39.270000,38.730000,39.250000,37.547203,26030200
2024-10-04,39.930000,40.250000,39.619999,40.110001,38.369892,34209900
2024-10-07,40.209999,40.439999,39.709999,39.959999,38.226395,27177500
2024-10-08,40.049999,40.150002,39.810001,39.930000,38.197704,26023600
2024-10-09,39.869999,40.389999,39.720001,40.189999,38.446419,27421000
2024-10-10,40.009998,40.130001,39.770000,39.970001,38.235966,26182300
2024-10-11,40.500000,42.169998,40.400002,41.950001,40.130066,50660700
2024-10-14,41.959999,42.180000,41.720001,41.910000,40.091805,28098900
2024-10-15,43.230000,43.360001,42.049999,42.139999,40.311825,61490000
2024-10-16,42.209999,43.099998,42.150002,42.799999,40.943184,42437800
2024-10-17,42.830002,43.000000,42.470001,42.599998,40.751862,31708600
2024-10-18,42.430000,42.650002,42.110001,42.320000,40.484016,30593500
2024-10-21,42.250000,42.410000,41.740002,41.759998,39.948307,26589500
2024-10-22,41.650002,42.410000,41.570000,42.299999,40.464886,37104400
2024-10-23,42.200001,42.470001,42.020000,42.340000,40.503151,28569400
2024-10-24,42.320000,42.660000,41.970001,42.650002,40.799706,28392000
2024-10-25,42.919998,42.980000,41.790001,41.889999,40.072666,27466900
2024-10-28,42.070000,42.750000,42.009998,42.619999,40.771000,24527600
2024-10-29,42.590000,42.810001,42.470001,42.529999,40.684906,22313500
2024-10-30,41.709999,42.900002,41.639999,42.310001,40.474453,38100500
2024-10-31,42.290001,42.549999,41.799999,41.820000,40.005711,28138200
2024-11-01,42.150002,42.430000,41.750000,41.759998,39.948307,31220000
2024-11-04,41.610001,42.020000,41.110001,41.330002,39.536968,31110100
2024-11-05,41.509998,42.009998,41.380001,41.880001,40.063107,30851400
2024-11-06,44.799999,45.549999,44.000000,45.410000,43.439960,110086700
2024-11-07,45.040001,45.230000,44.509998,44.770000,42.827724,48339700
2024-11-08,45.139999,45.500000,44.950001,45.130001,43.172112,38331800
2024-11-11,45.599998,46.520000,45.580002,46.080002,44.080894,43293500
2024-11-12,46.139999,46.450001,45.840000,45.860001,43.870438,38155900
2024-11-13,46.200001,46.480000,45.830002,45.869999,43.880005,36903900
2024-11-14,45.950001,46.160000,45.730000,45.900002,43.908703,35733100
2024-11-15,45.619999,46.840000,45.619999,46.750000,44.721825,40488900
2024-11-18,46.750000,47.020000,46.490002,46.720001,44.693130,32360300
2024-11-19,45.990002,46.619999,45.950001,46.410000,44.396576,28534100
2024-11-20,46.570000,46.639999,45.919998,46.060001,44.061760,28021000
2024-11-21,46.389999,47.049999,46.299999,46.459999,44.444412,45336500
2024-11-22,46.369999,47.220001,46.279999,47.000000,44.960983,37996200
2024-11-25,47.259998,47.740002,47.160000,47.500000,45.439293,42718600
2024-11-26,47.509998,47.840000,47.209999,47.750000,45.678444,30301500
2024-11-27,47.820000,47.980000,47.650002,47.770000,45.697578,23278400
2024-11-29,47.799999,48.080002,47.500000,47.509998,45.448853,23262000
2024-12-02,47.740002,47.820000,46.849998,47.040001,44.999249,35891500
2024-12-03,47.369999,47.480000,46.650002,46.820000,44.788792,38123800
2024-12-04,46.689999,46.779999,46.130001,46.369999,44.358311,24941300
2024-12-05,46.560001,47.240002,46.500000,47.000000,44.960983,31572100
2024-12-06,47.060001,47.060001,46.400002,46.750000,44.970604,28931700
2024-12-09,46.560001,46.750000,45.900002,45.910000,44.162575,34660900
2024-12-10,45.910000,46.290001,45.590000,45.750000,44.008659,35665800
2024-12-11,46.000000,46.160000,45.470001,46.080002,44.326107,36790500
2024-12-12,46.139999,46.470001,45.919998,46.080002,44.326107,24017300
2024-12-13,46.090000,46.099998,45.380001,45.669998,43.931709,32902300
2024-12-16,45.590000,45.680000,45.160000,45.470001,43.739319,27330400
2024-12-17,45.189999,45.189999,44.619999,45.049999,43.335308,33054600
2024-12-18,45.139999,45.430000,43.349998,43.500000,41.844303,41771900
2024-12-19,43.970001,44.480000,43.310001,43.380001,41.728874,38583600
2024-12-20,43.200001,44.400002,43.099998,44.169998,42.488804,74222200
2024-12-23,43.900002,44.110001,42.779999,43.889999,42.219460,35374800
2024-12-24,43.930000,44.419998,43.930000,44.380001,42.690807,12054400
2024-12-26,44.209999,44.580002,44.110001,44.549999,42.854340,16077400
2024-12-27,44.240002,44.779999,44.060001,44.340000,42.652328,17972500
2024-12-30,43.889999,44.139999,43.549999,43.910000,42.238701,16109800
2024-12-31,44.040001,44.230000,43.709999,43.950001,42.277176,16110400
2025-01-02,44.139999,44.590000,43.799999,44.290001,42.604233,25610600
2025-01-03,44.750000,44.849998,44.150002,44.810001,43.104443,23455700
2025-01-06,45.160000,46.150002,45.099998,45.400002,43.671986,30518500
2025-01-07,46.279999,46.650002,45.650002,46.080002,44.326107,41111200
2025-01-08,45.900002,46.259998,45.689999,46.209999,44.451157,40246000
2025-01-10,46.000000,46.049999,44.740002,45.110001,43.393021,40741300
2025-01-13,45.099998,45.340000,44.689999,45.060001,43.344925,34353600
2025-01-14,45.599998,45.919998,45.230000,45.779999,44.037521,36379000
2025-01-15,47.119999,47.459999,46.840000,47.099998,45.307274,57154800
2025-01-16,47.000000,47.509998,45.820000,46.639999,44.864788,56339300
2025-01-17,46.610001,46.880001,46.080002,46.529999,44.758976,44486100
2025-01-21,46.619999,47.150002,46.540001,46.660000,44.884026,52089100
2025-01-22,46.599998,46.730000,45.759998,45.790001,44.047142,40296200
2025-01-23,46.049999,46.889999,46.049999,46.389999,44.624302,35324100
2025-01-24,46.230000,46.860001,46.150002,46.520000,44.749355,24655100
2025-01-27,46.549999,47.139999,46.380001,47.090000,45.297657,44260000
2025-01-28,47.080002,47.439999,46.709999,46.840000,45.057175,27156600
2025-01-29,46.750000,47.389999,46.639999,46.750000,44.970604,23681500
2025-01-30,47.110001,47.169998,46.400002,46.720001,44.941742,31199900
2025-01-31,46.700001,46.830002,46.160000,46.299999,44.537731,30388900
2025-02-03,45.419998,46.480000,45.110001,46.209999,44.451157,36497700
2025-02-04,46.349998,47.130001,46.270000,46.709999,44.932121,32894000
2025-02-05,46.980000,47.130001,46.639999,47.110001,45.316898,27696600
2025-02-06,47.439999,47.980000,47.169998,47.740002,45.922924,39793400
2025-02-07,47.840000,47.970001,47.380001,47.400002,45.595860,26504700
2025-02-10,47.480000,47.560001,46.400002,46.669998,44.893646,26725200
2025-02-11,46.549999,46.930000,46.279999,46.790001,45.009075,20314900
2025-02-12,46.570000,46.580002,45.939999,46.209999,44.451157,29777100
2025-02-13,46.520000,46.570000,45.970001,46.330002,44.566586,26815400
2025-02-14,46.480000,47.090000,46.480000,46.959999,45.172607,25960500
2025-02-18,46.560001,46.650002,46.160000,46.529999,44.758976,37824100
2025-02-19,45.880001,46.060001,45.419998,46.009998,44.258770,38967800
2025-02-20,45.900002,46.189999,45.040001,45.299999,43.575787,40001100
2025-02-21,45.250000,45.509998,44.540001,44.810001,43.104443,43485900
2025-02-24,45.029999,45.389999,44.439999,44.459999,42.767761,35512200
2025-02-25,44.529999,44.840000,43.349998,43.939999,42.267559,38119000
2025-02-26,44.040001,44.549999,43.860001,43.939999,42.267559,32251700
2025-02-27,44.090000,44.779999,43.939999,44.119999,42.440701,28477700
2025-02-28,44.320000,46.200001,44.200001,46.099998,44.345345,62621100
2025-03-03,46.209999,46.959999,45.220001,45.560001,43.825893,46946000
2025-03-04,44.730000,44.840000,42.029999,42.669998,41.045891,78278100
2025-03-05,42.650002,42.730000,41.709999,42.290001,40.680355,52588900
2025-03-06,41.590000,41.889999,40.959999,41.459999,39.881947,58103500
2025-03-07,41.310001,41.730000,40.610001,41.400002,40.075554,50651400
2025-03-10,40.400002,40.619999,39.180000,39.830002,38.555779,77498400
2025-03-11,39.700001,40.660000,39.270000,39.610001,38.342815,50608400
2025-03-12,40.310001,40.500000,39.200001,39.910000,38.633213,42290700
2025-03-13,39.970001,40.189999,39.330002,39.669998,38.400898,37766100
2025-03-14,40.259998,41.020000,40.169998,40.889999,39.581867,35979900
2025-03-17,40.919998,41.770000,40.590000,41.439999,40.114277,37242800
2025-03-18,41.720001,41.830002,41.290001,41.650002,40.317554,37644500
2025-03-19,41.720001,42.700001,41.299999,42.209999,40.859638,42471100
2025-03-20,41.759998,42.720001,41.650002,42.480000,41.120998,41018100
2025-03-21,42.160000,42.660000,41.889999,42.470001,41.111324,65011000
2025-03-24,42.930000,43.150002,42.750000,43.070000,41.692123,30646100
2025-03-25,43.349998,43.529999,43.040001,43.279999,41.895409,25445300
2025-03-26,43.459999,43.720001,42.730000,42.820000,41.450123,30012100
2025-03-27,42.820000,43.090000,42.520000,42.560001,41.198441,25619200
2025-03-28,42.439999,42.619999,40.990002,41.250000,39.930355,34253000
2025-03-31,40.779999,41.900002,40.599998,41.730000,40.394993,36390000
2025-04-01,41.320000,41.700001,40.970001,41.490002,40.162674,25578500
2025-04-02,40.880001,41.970001,40.820000,41.849998,40.511154,28216100
2025-04-03,38.630001,38.840000,37.020000,37.220001,36.029274,115497900
2025-04-04,35.290001,35.790001,33.669998,34.389999,33.289814,107761200
2025-04-07,34.970001,36.630001,33.540001,35.580002,34.441746,137329100
2025-04-08,36.860001,37.330002,34.330002,35.029999,33.909336,79116300
2025-04-09,34.049999,37.849998,33.070000,37.150002,35.961514,161173500
2025-04-10,36.320000,36.400002,34.630001,35.849998,34.703098,90451800
2025-04-11,35.200001,36.230000,34.810001,35.950001,34.799904,63671900
2025-04-14,36.490002,36.990002,36.270000,36.669998,35.496872,46830600
2025-04-15,37.799999,38.750000,37.799999,37.990002,36.774643,84677800
2025-04-16,37.860001,38.160000,36.970001,37.330002,36.135761,52872700
2025-04-17,37.509998,37.869999,37.240002,37.410000,36.213196,47144400
2025-04-21,37.070000,37.279999,36.490002,36.919998,35.738869,34928300
2025-04-22,37.570000,38.490002,37.400002,38.320000,37.094086,42288900
2025-04-23,39.410000,40.130001,38.669998,38.750000,37.510334,54428400
2025-04-24,38.660000,39.700001,38.599998,39.580002,38.313778,42457100
2025-04-25,39.540001,39.790001,39.320000,39.689999,38.420254,32694200
2025-04-28,39.799999,40.080002,39.459999,39.779999,38.507381,37428000
2025-04-29,39.630001,40.139999,39.480000,39.990002,38.710659,33792500
2025-04-30,39.360001,40.000000,38.820000,39.880001,38.604176,40994600
2025-05-01,39.820000,40.439999,39.580002,40.169998,38.884899,33569100
2025-05-02,40.910000,41.230000,40.700001,41.070000,39.756111,41613000
2025-05-05,40.849998,41.490002,40.619999,41.119999,39.804508,32829200
2025-05-06,40.650002,41.270000,40.560001,40.840000,39.533466,29541800
2025-05-07,41.040001,41.340000,40.860001,40.930000,39.620586,30925900
2025-05-08,41.290001,42.150002,41.250000,41.599998,40.269150,41861700
2025-05-09,41.730000,41.980000,41.689999,41.790001,40.453075,27222800
2025-05-12,43.320000,43.959999,42.939999,43.360001,41.972855,44875100
2025-05-13,43.419998,44.490002,43.419998,44.279999,42.863415,43232500
2025-05-14,44.189999,44.919998,44.130001,44.740002,43.308704,42419500
2025-05-15,44.599998,44.980000,44.009998,44.380001,42.960217,47379400
2025-05-16,44.340000,44.790001,43.660000,44.689999,43.260296,49488100
2025-05-19,44.110001,45.139999,44.110001,44.770000,43.337742,37915700
2025-05-20,44.590000,44.910000,44.410000,44.689999,43.260296,33424300
2025-05-21,44.369999,44.490002,43.150002,43.250000,41.866367,55594100
2025-05-22,43.180000,43.570000,42.959999,43.310001,41.924454,29026200
2025-05-23,42.480000,43.430000,42.349998,43.200001,41.817970,34875100
2025-05-27,43.790001,44.220001,43.299999,44.220001,42.805336,36322000
2025-05-28,44.209999,44.439999,43.959999,44.060001,42.650459,35673800
2025-05-29,44.369999,44.459999,43.900002,44.240002,42.824699,28545100
2025-05-30,44.189999,44.299999,43.720001,44.130001,42.718216,66537500
2025-06-02,43.880001,44.150002,43.360001,44.080002,42.669815,28582600
2025-06-03,44.009998,44.730000,43.939999,44.650002,43.221584,31320200
2025-06-04,44.599998,45.090000,44.340000,44.360001,42.940857,30591700
2025-06-05,44.450001,44.580002,44.009998,44.380001,42.960217,32020900
2025-06-06,44.689999,45.169998,44.639999,44.970001,43.787872,37013000
2025-06-09,45.110001,45.400002,44.779999,44.869999,43.690498,32414000
2025-06-10,44.799999,45.200001,44.750000,45.090000,43.904716,32229100
2025-06-11,45.200001,45.410000,44.549999,44.730000,43.554180,47873500
2025-06-12,44.400002,44.650002,44.020000,44.619999,43.447075,30165400
2025-06-13,44.000000,44.459999,43.660000,44.090000,42.931004,43281700
2025-06-16,44.639999,44.889999,44.349998,44.410000,43.242592,34103600
2025-06-17,44.270000,44.669998,44.060001,44.230000,43.067322,27489600
2025-06-18,44.259998,45.200001,44.209999,45.060001,43.875511,37684700
2025-06-20,45.310001,45.650002,45.270000,45.500000,44.303944,64591600
2025-06-23,45.400002,46.369999,45.110001,46.299999,45.082909,42683600
2025-06-24,46.750000,47.189999,46.570000,46.660000,45.433445,45437600
2025-06-25,46.580002,46.980000,46.459999,46.849998,45.618446,33532400
2025-06-26,46.950001,47.580002,46.900002,47.459999,46.212418,40127000
2025-06-27,47.450001,47.669998,46.910000,47.119999,45.881355,56705000
2025-06-30,47.619999,47.619999,47.029999,47.320000,46.076099,47921200
2025-07-01,47.020000,48.419998,46.939999,48.150002,46.884281,48540900
2025-07-02,48.360001,48.730000,48.060001,48.709999,47.429554,48003600
2025-07-03,48.950001,49.310001,48.810001,48.930000,47.643772,21620300
2025-07-07,48.740002,49.209999,48.369999,48.660000,47.380871,35567900
2025-07-08,47.500000,47.790001,46.759998,47.150002,45.910568,88086500
2025-07-09,47.160000,47.450001,46.709999,46.840000,45.608715,46227900
2025-07-10,46.900002,47.220001,46.779999,46.970001,45.735298,44225000
2025-07-11,46.639999,46.810001,46.250000,46.730000,45.501602,31653000
2025-07-14,46.810001,47.070000,46.549999,47.070000,45.832668,36381200
2025-07-15,46.880001,47.009998,45.950001,46.150002,44.936855,55145000
2025-07-16,46.250000,46.560001,45.009998,46.029999,44.820007,61296600
2025-07-17,45.639999,47.220001,45.439999,47.020000,45.783985,56480700
2025-07-18,47.009998,47.380001,46.900002,47.320000,46.076099,48314200
2025-07-21,47.540001,48.040001,47.200001,47.480000,46.231892,32199700
2025-07-22,47.599998,48.169998,47.459999,47.770000,46.514271,34749400
2025-07-23,48.009998,48.310001,47.810001,48.139999,46.874542,31380100
2025-07-24,48.490002,49.000000,48.209999,48.389999,47.117970,42967600
2025-07-25,48.389999,48.549999,47.939999,48.450001,47.176395,24461200
2025-07-28,48.450001,48.540001,48.080002,48.230000,46.962181,20590400
2025-07-29,48.389999,48.509998,47.889999,47.950001,46.689533,26216500
2025-07-30,48.259998,48.500000,47.740002,47.959999,46.699276,32265900
2025-07-31,47.759998,48.029999,47.189999,47.270000,46.027409,40016300
2025-08-01,46.360001,46.410000,45.320000,45.660000,44.459732,52310400
2025-08-04,45.959999,46.110001,45.639999,45.849998,44.644737,31038900
2025-08-05,45.950001,46.000000,44.750000,45.560001,44.362362,36798300
2025-08-06,45.709999,45.939999,45.389999,45.419998,44.226040,27916800
2025-08-07,45.709999,45.759998,44.779999,44.919998,43.739185,30609900
2025-08-08,45.150002,46.299999,44.980000,46.009998,44.800533,37131600
2025-08-11,46.060001,46.520000,45.810001,46.160000,44.946594,35559400
2025-08-12,46.480000,47.660000,46.360001,47.500000,46.251366,35481200
2025-08-13,47.680000,47.759998,46.990002,47.240002,45.998207,29465100
2025-08-14,47.090000,47.730000,46.889999,47.709999,46.455845,21073800
2025-08-15,47.750000,47.820000,46.900002,46.939999,45.706085,26276900
2025-08-18,46.919998,48.040001,46.790001,47.919998,46.660324,43125100
2025-08-19,47.820000,48.119999,47.630001,48.080002,46.816124,33783400
2025-08-20,48.169998,48.500000,47.869999,48.349998,47.079021,30822200
2025-08-21,48.270000,48.490002,47.810001,48.259998,46.991386,28713200
2025-08-22,48.520000,49.660000,48.459999,49.480000,48.179317,45078900
2025-08-25,49.389999,49.660000,49.209999,49.480000,48.179317,34715700
2025-08-26,49.250000,50.259998,49.250000,50.250000,48.929073,40609300
2025-08-27,50.029999,50.630001,49.990002,50.380001,49.055664,42428200
2025-08-28,50.549999,50.639999,50.279999,50.490002,49.162769,32949400
2025-08-29,50.509998,50.919998,50.509998,50.740002,49.406197,32496500
2025-09-02,50.220001,50.470001,49.669998,50.419998,49.094608,52719800
2025-09-03,50.400002,50.570000,49.700001,50.060001,48.744072,38344200
2025-09-04,50.240002,50.830002,50.119999,50.619999,49.289345,34796900
2025-09-05,50.439999,50.790001,49.230000,49.770000,48.731247,40063300
2025-09-08,49.799999,49.910000,48.880001,49.459999,48.427711,48033100
2025-09-09,49.500000,50.560001,49.459999,50.290001,49.240395,40060100
2025-09-10,50.369999,50.630001,49.970001,50.130001,49.083736,31706300
2025-09-11,50.139999,50.959999,49.990002,50.750000,49.690792,28055200
2025-09-12,50.700001,50.930000,50.459999,50.580002,49.524342,27851100
2025-09-15,50.849998,51.090000,50.459999,50.590000,49.534134,29043600
2025-09-16,50.639999,50.880001,50.209999,50.660000,49.602676,31624400
2025-09-17,50.860001,51.630001,50.790001,51.400002,50.327232,38337900
2025-09-18,51.490002,52.189999,51.299999,52.130001,51.041996,35246900
2025-09-19,52.150002,52.660000,51.759998,52.250000,51.159489,98970700
2025-09-22,51.759998,52.349998,51.759998,51.919998,50.836372,27468000
2025-09-23,52.000000,52.880001,51.520000,51.700001,50.620964,28278200
2025-09-24,51.849998,52.250000,51.459999,51.700001,50.620964,27010400
2025-09-25,51.480000,52.330002,51.439999,51.849998,50.767830,22957900
2025-09-26,52.110001,52.619999,51.980000,52.209999,51.120319,20025800
2025-09-29,52.360001,52.549999,52.110001,52.419998,51.325935,23701000
2025-09-30,52.480000,52.570000,51.020000,51.590000,50.513264,29945000
2025-10-01,51.299999,51.680000,50.560001,50.680000,49.622253,27709100
2025-10-02,50.650002,50.849998,50.070000,50.480000,49.426430,22757200
2025-10-03,50.619999,51.130001,50.549999,50.639999,49.583088,24565700
2025-10-06,50.930000,51.320000,49.889999,50.389999,49.338306,25386300
2025-10-07,50.549999,50.910000,50.130001,50.290001,49.240395,24107300
2025-10-08,50.400002,50.509998,49.779999,49.840000,48.799782,24014200
2025-10-09,50.000000,50.279999,49.669998,49.790001,48.750832,21816900
2025-10-10,49.930000,50.139999,48.549999,48.650002,47.634628,31831900
2025-10-13,49.200001,49.400002,48.810001,48.860001,47.840240,34462800
2025-10-14,48.849998,50.500000,48.529999,50.090000,49.044571,42462600
2025-10-15,51.570000,52.849998,51.230000,52.279999,51.188862,69992200
2025-10-16,52.599998,52.759998,50.000000,50.439999,49.387260,49027700
2025-10-17,50.950001,51.770000,50.330002,51.279999,50.209732,48915400
2025-10-20,51.439999,52.279999,51.369999,52.040001,50.953869,25786000
2025-10-21,52.090000,52.369999,51.439999,51.520000,50.444729,27303400
2025-10-22,51.500000,51.580002,50.439999,51.099998,50.033493,34955000
2025-10-23,51.480000,51.799999,51.110001,51.759998,50.679710,26028800
2025-10-24,51.849998,52.820000,51.849998,52.570000,51.472809,38923900
2025-10-27,52.799999,53.070000,52.529999,53.020000,51.913418,27345800
2025-10-28,53.000000,53.279999,52.340000,52.869999,51.766548,29575200
2025-10-29,52.660000,53.009998,52.320000,52.580002,51.482605,29158800
2025-10-30,52.669998,53.439999,52.560001,53.029999,51.923203,37548600
2025-10-31,52.790001,53.639999,52.770000,53.450001,52.334442,39295700
2025-11-03,53.259998,53.639999,52.709999,53.560001,52.442142,31252300
2025-11-04,53.020000,54.000000,52.720001,53.540001,52.422565,47226600
2025-11-05,52.959999,53.070000,51.740002,52.450001,51.355316,54353600
2025-11-06,53.419998,53.750000,52.770000,53.290001,52.177784,55296000
2025-11-07,53.150002,53.580002,52.709999,53.200001,52.089661,40537700
2025-11-10,53.410000,53.990002,53.340000,53.419998,52.305069,26094600
2025-11-11,53.750000,53.980000,53.279999,53.630001,52.510685,22244300
2025-11-12,53.889999,54.689999,53.770000,54.110001,52.980667,40536700
2025-11-13,53.790001,54.209999,52.770000,52.869999,51.766548,37716100
2025-11-14,52.860001,52.900002,52.029999,52.610001,51.511974,32363100
2025-11-17,52.580002,52.580002,51.389999,51.480000,50.405560,35546800
2025-11-18,51.279999,52.180000,51.150002,51.639999,50.562218,35189500
2025-11-19,51.669998,52.490002,51.669998,52.020000,50.934292,28112300
2025-11-20,52.500000,52.950001,50.970001,51.000000,49.935574,36661600
2025-11-21,51.290001,51.779999,50.700001,51.560001,50.483891,43867200
2025-11-24,51.650002,52.240002,51.400002,51.930000,50.846165,52852100
2025-11-25,52.250000,52.880001,51.860001,52.480000,51.384686,41310100
2025-11-26,52.700001,53.250000,52.549999,52.990002,51.884045,32045600
2025-11-28,53.110001,53.939999,53.049999,53.650002,52.530270,18920800
2025-12-01,53.500000,53.900002,53.209999,53.240002,52.128826,30536500
2025-12-02,53.529999,53.639999,52.970001,53.189999,52.079868,46073500
2025-12-03,53.250000,54.240002,53.180000,54.090000,52.961082,37134400
2025-12-04,54.209999,54.689999,54.000000,54.160000,53.029625,38529600
2025-12-05,53.930000,54.830002,53.740002,53.950001,53.098522,33986500
2025-12-08,53.900002,54.209999,53.490002,53.900002,53.049309,34386600
2025-12-09,53.970001,54.279999,53.270000,53.540001,52.694992,47189300
2025-12-10,53.590000,54.549999,53.340000,54.080002,53.226471,54424400
2025-12-11,53.950001,54.650002,53.750000,54.560001,53.698895,35686900
2025-12-12,54.779999,55.299999,54.349998,55.139999,54.269733,40539400
2025-12-15,55.410000,56.070000,55.070000,55.330002,54.456738,32881300
2025-12-16,55.139999,55.349998,54.689999,54.810001,53.944946,32931900
2025-12-17,55.119999,55.570000,54.459999,54.549999,53.689049,35304100
2025-12-18,54.799999,55.150002,53.770000,54.259998,53.403625,87452700
2025-12-19,54.520000,55.310001,54.380001,55.270000,54.397686,73001900
2025-12-22,55.369999,56.110001,55.340000,55.880001,54.998058,33408800
2025-12-23,55.810001,56.220001,55.810001,55.970001,55.086639,22274600
2025-12-24,56.130001,56.500000,55.889999,56.250000,55.362217,13634400
2025-12-26,56.279999,56.549999,56.029999,56.169998,55.283478,15259400
2025-12-29,56.110001,56.250000,55.270000,55.349998,54.476421,21040100
2025-12-30,55.490002,55.639999,55.169998,55.279999,54.407528,17427600
2025-12-31,55.320000,55.419998,54.930000,55.000000,54.131947,16293000
2026-01-02,55.029999,55.990002,54.880001,55.950001,55.066956,25503600
2026-01-05,56.169998,57.549999,56.139999,56.889999,55.992115,36096600
2026-01-06,57.009998,57.410000,56.750000,57.250000,56.346436,31791900
2026-01-07,56.689999,56.810001,55.439999,55.639999,54.761845,49695500
2026-01-08,55.480000,56.580002,55.470001,56.180000,55.293324,30933700
2026-01-09,56.169998,56.610001,55.790001,55.849998,54.968533,30768800
2026-01-12,55.290001,55.450001,54.730000,55.189999,54.318951,45860600
2026-01-13,55.270000,55.520000,54.299999,54.540001,53.679207,43542200
2026-01-14,52.880001,53.480000,51.660000,52.480000,51.651718,84750000
2026-01-15,52.720001,53.040001,52.230000,52.590000,51.759983,51018300
2026-01-16,52.689999,53.380001,52.250000,52.970001,52.133987,52178400
2026-01-20,52.320000,53.480000,51.959999,52.099998,51.277714,49172700
2026-01-21,52.230000,52.860001,52.049999,52.070000,51.248192,36340000
2026-01-22,52.470001,53.130001,52.330002,52.450001,51.622196,31229200
2026-01-23,52.110001,52.200001,51.380001,51.720001,50.903713,34553500
2026-01-26,51.799999,52.279999,51.669998,52.020000,51.198982,27728400
2026-01-27,52.209999,52.250000,51.810001,52.169998,51.346611,26494300
2026-01-28,51.950001,52.139999,51.310001,51.810001,50.992294,35030200
2026-01-29,51.980000,53.090000,51.950001,53.080002,52.242252,35200500
2026-01-30,52.869999,53.410000,52.770000,53.200001,52.360355,34549100
2026-02-02,53.200001,54.090000,52.950001,54.029999,53.177258,34624500
2026-02-03,54.200001,55.119999,53.680000,54.450001,53.590630,41208400
2026-02-04,54.779999,56.040001,54.709999,55.380001,54.505955,54522500
2026-02-05,55.020000,55.290001,54.250000,54.939999,54.072895,32959700
2026-02-06,55.549999,56.869999,55.290001,56.529999,55.637798,42468000
2026-02-09,56.389999,56.720001,56.180000,56.410000,55.519695,31968400
2026-02-10,56.439999,56.830002,54.270000,55.389999,54.515789,48304700
2026-02-11,55.970001,56.110001,53.240002,53.849998,53.000095,48973500
2026-02-12,53.910000,53.939999,51.790001,52.520000,51.691086,55481600
2026-02-13,51.910000,52.820000,51.439999,52.549999,51.720615,31772100
2026-02-17,53.040001,53.549999,52.619999,52.740002,51.907619,35542400
2026-02-18,52.990002,53.610001,52.790001,53.360001,52.517834,30698900
2026-02-19,51.910000,52.810001,51.830002,52.770000,51.937145,47148600
2026-02-20,52.529999,53.090000,51.830002,53.060001,52.222569,33552000
2026-02-23,52.840000,53.259998,50.889999,51.070000,50.263973,50602500
2026-02-24,50.740002,50.880001,49.470001,50.410000,49.614388,53062700
2026-02-25,50.330002,51.770000,50.310001,51.689999,50.874187,41375000
2026-02-26,51.880001,52.669998,51.740002,52.299999,51.474560,52418500
2026-02-27,51.080002,51.410000,49.320000,49.830002,49.043545,77728700
2026-03-02,48.779999,50.419998,48.580002,49.810001,49.023865,40595200
2026-03-03,48.759998,50.509998,48.500000,49.970001,49.181335,51242900
2026-03-04,49.889999,50.410000,49.209999,50.299999,49.506126,34208500
2026-03-05,49.820000,50.430000,49.330002,49.810001,49.023865,39073900
2026-03-06,48.549999,48.700001,47.619999,48.639999,48.142956,47016000
2026-03-09,47.939999,48.150002,46.770000,47.900002,47.410519,62752800
2026-03-10,48.279999,49.150002,47.599998,48.560001,48.063774,50271100
2026-03-11,48.360001,48.650002,47.779999,48.520000,48.024181,42185800
2026-03-12,47.700001,47.779999,46.790001,47.130001,46.648388,58354500
2026-03-13,47.520000,47.820000,46.660000,46.720001,46.242577,45473100
2026-03-16,47.119999,47.680000,46.900002,47.060001,46.579105,38055600
2026-03-17,47.660000,48.080002,47.200001,47.279999,46.796852,33427800
2026-03-18,47.220001,47.880001,46.689999,46.830002,46.351452,40251800
2026-03-19,46.419998,47.189999,46.119999,47.009998,46.529610,38601400
2026-03-20,47.130001,47.459999,46.689999,47.160000,46.678078,78060900
2026-03-23,48.340000,48.389999,47.480000,47.520000,47.034401,42333200
2026-03-24,47.049999,48.459999,47.020000,48.139999,47.648064,39804100
2026-03-25,48.520000,49.110001,48.180000,48.750000,48.251831,29988300
2026-03-26,48.709999,48.869999,48.029999,48.240002,47.747044,32502600
2026-03-27,48.070000,48.250000,46.840000,46.970001,46.490025,36781900
2026-03-30,47.549999,47.860001,46.930000,47.230000,46.747360,43375900
2026-03-31,47.680000,48.770000,47.369999,48.750000,48.251831,49060600
2026-04-01,49.700001,50.049999,48.779999,49.270000,48.766518,32947000
2026-04-02,48.750000,49.570000,48.160000,49.380001,48.875393,27548200
2026-04-06,49.430000,50.119999,49.250000,50.060001,49.548447,28507200
2026-04-07,49.799999,50.480000,49.619999,50.279999,49.766197,28473200
2026-04-08,51.939999,52.259998,51.369999,51.880001,51.349850,36473500
2026-04-09,51.630001,52.840000,51.630001,52.709999,52.171364,32008000
2026-04-10,52.799999,52.830002,52.200001,52.540001,52.003101,25225300
2026-04-13,52.180000,53.439999,51.849998,53.349998,52.804825,27835300
2026-04-14,53.099998,53.570000,52.799999,53.349998,52.804825,40178500
2026-04-15,54.250000,55.400002,53.709999,54.320000,53.764912,63838200
2026-04-16,54.040001,54.509998,53.470001,53.509998,52.963188,35206700
2026-04-17,54.160000,54.599998,53.750000,53.910000,53.359100,43484700
2026-04-20,53.500000,53.950001,53.180000,53.950001,53.398693,43999200
2026-04-21,54.000000,54.650002,53.209999,53.480000,52.933498,34266300
2026-04-22,53.669998,53.799999,53.000000,53.119999,52.577171,24097600
2026-04-23,53.060001,53.520000,52.250000,52.470001,51.933819,31956300
2026-04-24,52.320000,52.509998,51.930000,52.049999,51.518108,30265400
2026-04-27,51.990002,52.930000,51.830002,52.630001,52.092182,28043700
2026-04-28,53.020000,53.430000,52.630001,52.660000,52.121876,21164100
2026-04-29,52.430000,53.020000,51.830002,52.880001,52.339630,26250700
2026-04-30,52.610001,53.660000,52.150002,53.459999,52.913700,27089200
2026-05-01,53.689999,54.060001,53.090000,53.240002,52.695950,24825000
2026-05-04,53.070000,53.070000,52.000000,52.189999,51.656677,42929000
2026-05-05,52.570000,53.360001,52.279999,53.119999,52.577171,28458600
2026-05-06,53.820000,54.200001,53.470001,53.599998,53.052269,27541200
2026-05-07,53.549999,54.000000,52.500000,52.750000,52.210957,28682100
2026-05-08,52.980000,53.009998,51.099998,51.310001,50.785671,36111200
2026-05-11,51.209999,51.389999,50.270000,50.549999,50.033436,33132200
2026-05-12,50.860001,51.080002,49.840000,50.779999,50.261086,33518800
2026-05-13,50.360001,50.779999,49.799999,49.840000,49.330692,29838000
2026-05-14,50.060001,50.470001,49.490002,49.849998,49.340588,37671800
2026-05-15,49.619999,49.990002,49.299999,49.770000,49.261410,46282300
2026-05-18,49.720001,50.919998,49.720001,50.689999,50.172005,33404100
2026-05-19,50.730000,51.279999,50.380001,50.700001,50.181904,44154600
2026-05-20,50.990002,51.580002,50.490002,51.230000,50.706486,47739400
2026-05-21,51.000000,51.500000,50.759998,51.490002,50.963833,27461900
2026-05-22,51.689999,52.150002,51.650002,51.799999,51.270664,26683700
2026-05-26,52.220001,52.500000,51.880001,52.200001,51.666576,27397600
2026-05-27,52.389999,52.490002,50.759998,51.099998,50.577816,48581500
2026-05-28,50.919998,51.500000,50.639999,50.770000,50.251190,48550100
2026-05-29,50.970001,51.799999,50.610001,51.599998,51.072704,57930600
2026-06-01,51.310001,51.830002,50.849998,51.509998,50.983627,34303700
2026-06-02,51.259998,52.709999,51.259998,52.480000,51.943714,42126500
2026-06-03,52.259998,52.549999,51.220001,52.400002,51.864532,48065400
2026-06-04,53.130001,54.330002,52.799999,54.169998,53.616444,51883600
2026-06-05,54.169998,54.279999,53.320000,53.830002,53.556751,38829400
2026-06-08,53.720001,54.349998,53.570000,53.630001,53.357765,30332100
2026-06-09,54.000000,54.619999,53.650002,54.419998,54.143753,32329000
2026-06-10,54.540001,55.299999,54.220001,54.540001,54.263145,37025500
2026-06-11,54.720001,55.310001,54.070000,55.160000,54.879997,31746300
2026-06-12,55.360001,56.189999,55.259998,56.020000,55.735634,32989000
2026-06-15,56.619999,57.000000,55.740002,55.869999,55.586391,31666500
2026-06-16,56.500000,57.070000,56.230000,56.840000,56.551472,33409800
2026-06-17,57.139999,57.980000,56.299999,56.529999,56.243042,40439300
2026-06-18,57.230000,57.330002,56.029999,56.200001,55.914719,70438800
2026-06-22,56.849998,57.730000,56.810001,57.369999,57.078777,38653800
2026-06-23,57.520000,58.009998,57.200001,57.910000,57.616039,30045700
2026-06-24,58.209999,58.330002,57.389999,57.730000,57.436951,30324900
2026-06-25,57.849998,59.200001,57.849998,58.189999,57.894615,33747400
2026-06-26,58.540001,58.630001,57.439999,57.880001,57.586193,48757600
2026-06-29,57.759998,58.340000,57.610001,57.880001,57.586193,28920800
2026-06-30,57.470001,57.750000,56.840000,56.980000,56.690758,41324600
2026-07-01,57.130001,58.480000,56.849998,58.360001,58.063755,35288400
2026-07-02,58.939999,59.000000,57.939999,58.730000,58.431877,29329700
2026-07-06,59.139999,59.939999,58.919998,59.900002,59.595940,34645400
2026-07-07,60.290001,60.830002,59.790001,59.860001,59.556141,29306100
2026-07-08,59.369999,59.570000,58.299999,58.299999,58.004059,29802400
2026-07-09,58.450001,59.430000,58.410000,59.250000,58.949238,29203400
2026-07-10,59.639999,59.869999,59.389999,59.669998,59.367104,21916600
2026-07-13,59.700001,60.049999,58.849998,59.500000,59.197968,27837800
2026-07-14,59.000000,61.209999,58.669998,60.619999,60.312283,49432700
2026-07-15,61.320000,62.029999,61.110001,61.590000,61.277359,43361000
2026-07-16,61.980000,62.000000,60.990002,61.490002,61.177868,37351900
2026-07-17,61.250000,62.119999,60.660000,61.270000,60.958984,45045200
2026-07-20,61.349998,61.490002,60.369999,60.419998,60.113297,30741100
2026-07-21,60.900002,61.529999,60.070000,61.220001,60.909237,31631600
2026-07-22,61.400002,61.900002,61.150002,61.619999,61.307205,51484900
2026-07-23,61.349998,61.500000,60.709999,61.279999,60.968929,29253200
2026-07-24,61.529999,62.279999,61.279999,62.049999,61.735023,29035400
2026-07-27,62.520000,62.990002,61.840000,62.130001,61.814617,36899800
2026-07-28,62.299999,62.660000,61.900002,62.619999,62.302128,28737900
2026-07-29,62.509998,62.650002,60.910000,61.070000,60.759998,37919000
2026-07-30,61.520000,61.930000,61.029999,61.730000,61.416649,24844000
2026-07-31,61.540001,62.240002,61.540001,61.950001,61.635532,27301100
2026-08-03,62.259998,62.509998,61.709999,62.480000,62.162842,24013700
2026-08-04,62.470001,63.540001,62.349998,62.900002,62.580711,28242100
2026-08-05,63.000000,63.570000,62.830002,63.250000,62.928932,30266000
2026-08-06,63.910000,63.970001,62.730000,63.000000,62.680202,24482900
2026-08-07,62.709999,63.220001,62.389999,63.169998,62.849335,22620500
2026-08-10,63.160000,64.000000,63.000000,63.860001,63.535835,25400400
2026-08-11,63.980000,64.269997,63.709999,64.000000,63.675125,20738600
2026-08-12,64.120003,64.949997,63.840000,64.809998,64.481010,27541500
2026-08-13,65.199997,65.199997,63.900002,64.089996,63.764664,27306400
2026-08-14,64.040001,64.550003,63.810001,64.489998,64.162636,21847900
2026-08-17,64.400002,65.230003,63.880001,63.889999,63.565681,27349400
2026-08-18,64.000000,64.400002,63.570000,64.230003,63.903961,28774000
2026-08-19,64.199997,64.430000,62.980000,63.169998,62.849335,24082600
2026-08-20,63.060001,63.240002,61.810001,61.860001,61.545990,34979400
2026-08-21,62.330002,62.520000,61.520000,61.689999,61.376850,33434800
2026-08-24,61.740002,62.759998,61.520000,62.330002,62.013603,27349700
2026-08-25,62.200001,62.750000,61.869999,62.430000,62.113094,23386900
2026-08-26,62.389999,62.580002,61.939999,62.230000,61.914108,22537100
2026-08-27,61.750000,62.020000,61.099998,61.169998,60.859489,49432100
2026-08-28,61.380001,62.560001,61.360001,62.320000,62.003654,33509700
2026-08-31,62.250000,62.490002,61.900002,61.939999,61.625580,43470400
2026-09-01,61.970001,62.830002,61.720001,61.990002,61.675331,25053700
2026-09-02,62.279999,63.549999,61.939999,62.599998,62.282230,28433700
2026-09-03,62.810001,63.270000,62.320000,63.040001,62.719997,29942000
2026-09-04,62.560001,62.919998,61.959999,62.680000,62.680000,26587200
2026-09-08,62.490002,62.820000,62.110001,62.389999,62.389999,28338000
2026-09-09,61.970001,63.189999,61.424999,62.669998,62.669998,35254412
