date,open,high,low,close,adj_close,volume
2012-01-03,92.769997,95.110001,92.769997,93.980003,65.485237,8177000
2012-01-04,93.410004,95.510002,93.410004,94.849998,66.091423,7335200
2012-01-05,94.839996,96.160004,93.900002,95.519997,66.558258,5555900
2012-01-06,96.029999,96.199997,95.320000,95.760002,66.725517,5474100
2012-01-09,96.089996,97.410004,96.000000,97.099998,67.659225,6536300
2012-01-10,98.449997,99.980003,98.279999,99.959999,69.652084,9545000
2012-01-11,99.830002,100.449997,99.400002,99.639999,69.429092,7226500
2012-01-12,99.989998,102.040001,98.660004,101.940002,71.031723,10471800
2012-01-13,100.720001,102.699997,100.550003,102.480003,71.408020,9914300
2012-01-17,103.820000,104.800003,103.320000,103.370003,72.028152,8864700
2012-01-18,102.660004,104.500000,102.500000,104.260002,72.973061,6794400
2012-01-19,104.650002,105.760002,103.629997,105.750000,74.015930,9464800
2012-01-20,105.349998,105.919998,104.839996,105.639999,73.938911,6601100
2012-01-23,105.910004,107.239998,105.639999,106.370003,74.449883,7003800
2012-01-24,105.430000,106.800003,105.150002,106.290001,74.393875,5577300
2012-01-25,106.000000,109.279999,105.989998,109.050003,76.325630,10649400
2012-01-26,112.209999,114.000000,110.699997,111.309998,77.907455,18539000
2012-01-27,110.529999,111.980003,109.669998,111.279999,77.886459,7835100
2012-01-30,110.019997,110.750000,104.449997,110.410004,77.277527,5968400
2012-01-31,111.290001,112.000000,108.709999,109.120003,76.374641,7608300
2012-02-01,110.750000,111.389999,109.940002,110.519997,77.354515,6737900
2012-02-02,110.800003,111.019997,109.860001,110.330002,77.221527,5125400
2012-02-03,112.169998,114.650002,111.900002,113.940002,79.748199,10225500
2012-02-06,113.239998,114.250000,112.800003,113.779999,79.636230,5029600
2012-02-07,113.050003,114.099998,112.489998,113.809998,79.657219,5139200
2012-02-08,113.820000,114.330002,113.220001,114.040001,79.818199,4123800
2012-02-09,114.389999,114.639999,112.589996,112.830002,78.971313,7566200
2012-02-10,111.010002,111.779999,110.330002,111.750000,78.215385,6351700
2012-02-13,112.699997,113.860001,111.680000,113.699997,79.580269,5702400
2012-02-14,113.320000,114.480003,113.209999,114.449997,80.105179,6425000
2012-02-15,114.489998,114.699997,111.940002,112.529999,78.761314,8201900
2012-02-16,112.720001,114.050003,112.389999,113.959999,79.762199,5456900
2012-02-17,114.379997,114.500000,113.029999,113.949997,79.755219,4296000
2012-02-21,114.500000,116.440002,114.389999,115.000000,80.490089,7520200
2012-02-22,114.760002,116.449997,114.500000,115.809998,81.057045,5004800
2012-02-23,115.879997,116.449997,115.000000,116.199997,81.330002,5064900
2012-02-24,116.290001,116.949997,115.669998,116.000000,81.190041,4473500
2012-02-27,114.839996,116.500000,114.550003,115.629997,80.931053,4909600
2012-02-28,115.809998,116.220001,115.199997,115.760002,81.022034,4013200
2012-02-29,116.129997,116.400002,113.680000,114.209999,79.937202,6780300
2012-03-01,114.669998,115.379997,113.010002,113.389999,79.363243,7465000
2012-03-02,113.160004,113.940002,111.800003,112.489998,78.733345,5404800
2012-03-05,111.550003,111.900002,109.519997,110.089996,77.053558,8392200
2012-03-06,106.570000,107.160004,105.199997,105.930000,74.141891,12630800
2012-03-07,106.660004,108.620003,106.320000,108.279999,75.786713,7385800
2012-03-08,109.589996,110.559998,108.660004,110.279999,77.186508,6171200
2012-03-09,110.879997,111.089996,109.800003,110.220001,77.144547,6526500
2012-03-12,110.110001,110.949997,108.680000,108.940002,76.248650,6499200
2012-03-13,109.730003,113.379997,109.309998,113.300003,79.300278,8077600
2012-03-14,113.209999,113.449997,111.260002,112.269997,78.579353,6181000
2012-03-15,112.879997,113.480003,111.389999,113.449997,79.405266,5316700
2012-03-16,114.019997,114.250000,113.040001,113.580002,79.496239,5776000
2012-03-19,113.500000,114.089996,112.779999,113.730003,79.601234,4736500
2012-03-20,111.989998,112.000000,110.510002,110.760002,77.522499,8086900
2012-03-21,110.849998,111.349998,109.000000,109.000000,76.290627,7925000
2012-03-22,107.279999,107.940002,105.699997,106.430000,74.491852,9449700
2012-03-23,106.589996,108.610001,105.800003,107.830002,75.471725,6025000
2012-03-26,108.800003,109.699997,108.120003,108.750000,76.115623,4570800
2012-03-27,108.680000,109.570000,107.879997,108.059998,75.632721,4211400
2012-03-28,107.959999,107.970001,103.550003,104.260002,72.973061,10244900
2012-03-29,103.620003,106.269997,103.480003,106.019997,74.204895,8316800
2012-03-30,106.699997,106.930000,105.580002,106.519997,74.554848,4780300
2012-04-02,105.989998,107.940002,105.040001,107.250000,75.065796,5211700
2012-04-03,107.639999,108.089996,105.820000,106.209999,74.337875,5828000
2012-04-04,104.769997,106.839996,104.339996,106.260002,74.372856,5583200
2012-04-05,105.709999,107.139999,105.410004,105.870003,74.099922,4576600
2012-04-09,103.570000,104.290001,102.800003,103.570000,72.490105,6335700
2012-04-10,103.540001,103.660004,99.800003,100.430000,70.292381,9162300
2012-04-11,101.769997,102.500000,100.500000,101.750000,71.216263,6178100
2012-04-12,102.169998,106.500000,102.129997,106.440002,74.498848,8973200
2012-04-13,106.160004,106.919998,105.239998,105.889999,74.113892,6321600
2012-04-16,107.919998,108.959999,106.160004,106.739998,74.708809,6813500
2012-04-17,107.900002,109.199997,106.720001,108.410004,75.877670,5321000
2012-04-18,107.650002,109.730003,107.650002,109.209999,76.437630,4871700
2012-04-19,109.209999,109.769997,106.370003,107.360001,75.460640,5628500
2012-04-20,107.769997,108.620003,107.610001,107.730003,75.720657,4014600
2012-04-23,106.330002,107.040001,105.120003,106.900002,75.137337,5462600
2012-04-24,107.250000,108.790001,107.099998,108.400002,76.191628,5703200
2012-04-25,106.849998,107.110001,102.300003,103.440002,72.705353,15948300
2012-04-26,103.970001,104.550003,103.000000,104.389999,73.373077,7317200
2012-04-27,104.989998,105.050003,104.110001,104.559998,73.492569,4687200
2012-04-30,103.989998,104.120003,102.550003,102.769997,72.234444,5325600
2012-05-01,102.809998,103.500000,101.739998,102.110001,71.770531,5732800
2012-05-02,101.580002,102.720001,100.650002,102.629997,72.136024,5620200
2012-05-03,102.900002,103.379997,100.500000,100.669998,70.758377,6102000
2012-05-04,100.000000,100.129997,98.000000,98.440002,69.190994,9055000
2012-05-07,97.669998,98.199997,97.029999,97.190002,68.312393,7245700
2012-05-08,96.839996,96.949997,93.919998,96.489998,67.820381,10411600
2012-05-09,94.839996,97.300003,94.080002,95.989998,67.468971,7733500
2012-05-10,97.150002,97.389999,95.180000,95.440002,67.082367,4982000
2012-05-11,94.500000,96.690002,94.300003,95.500000,67.124527,4531900
2012-05-14,94.330002,94.769997,93.449997,93.599998,65.789085,5213300
2012-05-15,93.849998,94.660004,92.290001,92.680000,65.142448,5304800
2012-05-16,93.430000,94.080002,91.709999,91.860001,64.566063,5803400
2012-05-17,91.019997,91.639999,87.599998,87.800003,61.712399,12695100
2012-05-18,88.260002,89.809998,88.019997,88.680000,62.330910,8655900
2012-05-21,89.529999,92.300003,89.320000,91.980003,64.650406,6811300
2012-05-22,92.760002,92.980003,90.889999,91.489998,64.305984,7210500
2012-05-23,90.510002,92.790001,89.860001,92.470001,64.994820,6668600
2012-05-24,92.949997,92.959999,90.169998,91.419998,64.256783,6421600
2012-05-25,91.389999,91.669998,89.629997,89.940002,63.216549,4637400
2012-05-29,91.199997,93.930000,90.889999,92.519997,65.029984,8238800
2012-05-30,90.989998,91.000000,89.500000,90.180000,63.385231,6350800
2012-05-31,88.419998,88.500000,86.010002,87.620003,61.585869,12370400
2012-06-01,85.080002,86.800003,84.720001,85.519997,60.109852,9572500
2012-06-04,85.940002,85.949997,82.730003,83.260002,58.521339,9812600
2012-06-05,83.019997,84.800003,83.019997,83.650002,58.795486,9212900
2012-06-06,84.720001,86.660004,84.519997,86.660004,60.911129,8464000
2012-06-07,88.820000,89.870003,86.919998,87.139999,61.248501,7773300
2012-06-08,86.830002,87.669998,85.330002,87.599998,61.571819,4399100
2012-06-11,89.199997,89.459999,85.089996,85.190002,59.877869,6436400
2012-06-12,85.820000,87.050003,84.760002,87.050003,61.185238,5270100
2012-06-13,86.250000,87.000000,84.680000,85.290001,59.948181,8308300
2012-06-14,85.309998,86.250000,84.500000,85.889999,60.369907,6124300
2012-06-15,86.400002,86.949997,85.690002,86.930000,61.100914,6571800
2012-06-18,86.349998,87.089996,85.669998,86.739998,60.967335,4722600
2012-06-19,87.570000,89.790001,87.199997,88.839996,62.443401,6254700
2012-06-20,88.139999,88.720001,86.500000,87.169998,61.269588,9413700
2012-06-21,87.089996,87.449997,84.839996,84.980003,59.730278,8578400
2012-06-22,85.500000,86.050003,84.849998,84.959999,59.716228,6408200
2012-06-25,83.949997,83.980003,82.120003,82.889999,58.261288,7390700
2012-06-26,83.309998,83.519997,81.800003,82.730003,58.148827,5590300
2012-06-27,82.629997,82.870003,81.709999,82.250000,57.811420,7407600
2012-06-28,81.660004,82.699997,80.959999,82.629997,58.078522,9716100
2012-06-29,84.320000,84.940002,83.809998,84.910004,59.681099,7053400
2012-07-02,85.349998,85.480003,83.040001,83.680000,58.816532,6420600
2012-07-03,83.900002,86.699997,83.879997,86.459999,60.770542,4357800
2012-07-05,86.629997,87.559998,85.629997,86.790001,61.002518,5547600
2012-07-06,85.250000,85.250000,83.830002,84.610001,59.470226,6952000
2012-07-09,83.940002,84.349998,82.959999,83.139999,58.436996,6291200
2012-07-10,83.559998,84.300003,79.120003,80.269997,56.419743,15154700
2012-07-11,80.519997,80.739998,79.250000,79.739998,56.047226,8184100
2012-07-12,78.980003,80.330002,78.250000,79.639999,55.976940,8743600
2012-07-13,79.949997,82.139999,79.550003,82.070000,57.684921,7619500
2012-07-16,81.849998,81.849998,80.199997,81.150002,57.038284,4989800
2012-07-17,81.889999,82.290001,79.949997,81.910004,57.572456,6462700
2012-07-18,80.529999,83.349998,80.089996,82.519997,58.371815,7457800
2012-07-19,82.959999,83.400002,82.050003,82.629997,58.449585,5616100
2012-07-20,81.930000,82.570000,80.660004,80.949997,57.261219,5897000
2012-07-23,79.660004,82.599998,78.790001,81.580002,57.706890,7567700
2012-07-24,82.750000,83.300003,80.269997,81.430000,57.600758,8780500
2012-07-25,85.129997,85.449997,80.290001,82.599998,58.428375,19877300
2012-07-26,83.839996,84.650002,82.099998,83.300003,58.923534,10138200
2012-07-27,83.180000,86.599998,82.029999,86.160004,60.946587,11229000
2012-07-30,86.620003,86.970001,85.000000,85.690002,60.614109,6504600
2012-07-31,85.769997,86.360001,84.139999,84.209999,59.567219,9192500
2012-08-01,85.000000,85.070000,82.500000,82.650002,58.463745,9366200
2012-08-02,82.459999,84.300003,82.099998,83.120003,58.796207,8097300
2012-08-03,84.529999,86.000000,84.070000,85.019997,60.140202,6941300
2012-08-06,85.730003,87.000000,85.480003,86.349998,61.080994,6384800
2012-08-07,87.000000,88.320000,86.750000,87.220001,61.696396,6049800
2012-08-08,86.489998,87.879997,86.349998,87.220001,61.696396,6139600
2012-08-09,87.410004,88.790001,87.250000,88.400002,62.531105,6700600
2012-08-10,88.260002,88.959999,87.639999,88.940002,62.913067,5500300
2012-08-13,88.839996,89.269997,87.599998,88.610001,62.679653,5403400
2012-08-14,89.489998,89.650002,87.760002,87.870003,62.156193,5485600
2012-08-15,87.250000,87.730003,86.160004,87.610001,61.972290,6345200
2012-08-16,87.739998,88.830002,87.230003,88.589996,62.665508,4979200
2012-08-17,89.860001,90.099998,89.099998,90.010002,63.669933,7848500
2012-08-20,89.739998,90.480003,89.230003,90.440002,63.974136,5296000
2012-08-21,91.000000,92.080002,89.949997,90.290001,63.868023,7159700
2012-08-22,90.040001,90.279999,87.629997,88.720001,62.757458,8843500
2012-08-23,88.639999,88.720001,87.139999,87.629997,61.986439,5469400
2012-08-24,86.919998,87.750000,86.400002,87.470001,61.873238,4979000
2012-08-27,87.650002,88.000000,86.540001,86.629997,61.279057,4273400
2012-08-28,86.370003,86.989998,85.879997,86.010002,60.840485,4697200
2012-08-29,85.580002,86.330002,84.449997,86.089996,60.897064,8731900
2012-08-30,85.559998,85.820000,84.459999,84.470001,59.751152,5170100
2012-08-31,85.180000,85.940002,84.250000,85.330002,60.359493,5481300
2012-09-04,85.029999,85.129997,82.209999,82.660004,58.470818,11287600
2012-09-05,82.599998,83.080002,81.779999,82.750000,58.534492,6234700
2012-09-06,83.550003,84.930000,83.349998,84.790001,59.977520,6982600
2012-09-07,87.260002,88.440002,86.750000,88.099998,62.318886,10698000
2012-09-10,87.940002,88.629997,87.080002,87.099998,61.611523,5591600
2012-09-11,87.699997,89.120003,87.410004,88.599998,62.672550,5877800
2012-09-12,89.489998,90.239998,88.660004,89.120003,63.040398,6016400
2012-09-13,88.629997,90.970001,88.300003,90.680000,64.143906,7836600
2012-09-14,92.209999,94.279999,91.980003,93.169998,65.905258,11375700
2012-09-17,92.940002,93.500000,91.730003,91.989998,65.070541,7996500
2012-09-18,91.769997,93.070000,91.769997,93.070000,65.834518,6596500
2012-09-19,93.300003,94.230003,92.809998,93.940002,66.449898,6785200
2012-09-20,92.989998,92.989998,91.250000,92.540001,65.459572,7094100
2012-09-21,93.419998,93.419998,91.370003,91.720001,64.879555,10786300
2012-09-24,90.449997,91.779999,90.449997,90.870003,64.278267,8604700
2012-09-25,88.660004,89.550003,87.000000,87.010002,61.547863,13936300
2012-09-26,86.900002,87.930000,85.800003,86.949997,61.505409,8864800
2012-09-27,87.839996,87.949997,86.750000,86.919998,61.484192,7585300
2012-09-28,86.360001,86.589996,85.430000,86.040001,60.861698,7519300
2012-10-01,86.720001,87.150002,85.239998,85.470001,60.458530,7385000
2012-10-02,85.629997,85.930000,84.349998,85.470001,60.458530,8819000
2012-10-03,85.510002,85.639999,84.550003,85.279999,60.324131,5584500
2012-10-04,85.519997,86.500000,85.199997,85.959999,60.805138,5076900
2012-10-05,86.849998,87.339996,85.010002,85.430000,60.430210,6547700
2012-10-08,84.940002,85.809998,84.430000,85.440002,60.437290,4532600
2012-10-09,85.720001,86.150002,84.500000,84.750000,59.949200,5810600
2012-10-10,83.889999,84.370003,82.599998,83.160004,58.824524,10634900
2012-10-11,83.389999,83.699997,82.250000,82.849998,58.605228,7643800
2012-10-12,83.000000,84.099998,82.459999,82.820000,58.583988,6012400
2012-10-15,82.910004,83.199997,82.099998,82.809998,58.576916,6357300
2012-10-16,83.589996,85.040001,83.209999,84.959999,60.097755,6943000
2012-10-17,85.620003,86.769997,85.209999,86.629997,61.279057,7339000
2012-10-18,86.379997,87.529999,85.830002,86.620003,61.641998,6813600
2012-10-19,85.330002,85.480003,83.489998,83.860001,59.677898,9874300
2012-10-22,82.940002,86.040001,82.290001,85.080002,60.546059,17158300
2012-10-23,83.900002,84.139999,82.980003,83.580002,59.478634,7496100
2012-10-24,84.070000,84.139999,82.519997,82.730003,58.873730,5509000
2012-10-25,83.389999,83.540001,82.360001,83.529999,59.443024,5983300
2012-10-26,83.480003,84.320000,83.239998,84.250000,59.955387,7165300
2012-10-31,85.529999,85.919998,84.449997,84.809998,60.353928,5914600
2012-11-01,85.220001,87.860001,85.000000,87.650002,62.375008,8550000
2012-11-02,88.489998,88.500000,85.699997,85.790001,61.051323,6982000
2012-11-05,85.849998,86.779999,85.589996,86.769997,61.748741,4044600
2012-11-06,87.349998,88.599998,87.300003,88.080002,62.681000,7048900
2012-11-07,86.730003,87.230003,84.839996,85.019997,60.503368,8209200
2012-11-08,85.160004,85.239998,83.519997,83.660004,59.535553,6240600
2012-11-09,83.000000,85.290001,82.900002,84.949997,60.453560,7282200
2012-11-12,84.440002,85.570000,84.230003,85.180000,60.617218,5800500
2012-11-13,84.720001,85.180000,83.169998,83.260002,59.250893,7695300
2012-11-14,83.900002,83.900002,80.879997,81.099998,57.713768,8497000
2012-11-15,81.349998,82.570000,80.500000,81.300003,57.856102,7794600
2012-11-16,81.370003,82.209999,80.160004,81.930000,58.304436,8050900
2012-11-19,83.370003,83.839996,83.150002,83.620003,59.507076,5674800
2012-11-20,83.699997,83.769997,82.589996,83.330002,59.300705,5535900
2012-11-21,82.949997,83.739998,82.650002,83.050003,59.101456,4517100
2012-11-23,83.620003,84.190002,83.250000,84.160004,59.891373,2663700
2012-11-26,83.809998,84.809998,83.809998,84.650002,60.240070,4240800
2012-11-27,84.500000,85.120003,83.900002,84.010002,59.784626,4195600
2012-11-28,83.629997,85.089996,83.000000,84.940002,60.446445,4884700
2012-11-29,85.550003,86.480003,85.480003,86.250000,61.378677,7846300
2012-11-30,86.330002,86.349998,85.029999,85.239998,60.659920,5663400
2012-12-03,85.919998,85.919998,84.430000,84.489998,60.126190,4714100
2012-12-04,84.050003,84.959999,83.750000,84.160004,59.891373,4468400
2012-12-05,84.620003,86.570000,84.570000,86.050003,61.236355,8604400
2012-12-06,85.830002,86.330002,85.080002,85.949997,61.165218,4132300
2012-12-07,86.699997,87.550003,86.519997,86.989998,61.905304,7337200
2012-12-10,86.809998,87.449997,86.379997,87.230003,62.076092,4336600
2012-12-11,87.599998,88.160004,87.040001,87.330002,62.147266,5371600
2012-12-12,87.889999,88.769997,87.459999,87.949997,62.588478,7093300
2012-12-13,87.849998,89.309998,87.820000,88.360001,62.880249,6100000
2012-12-14,88.349998,89.500000,88.320000,89.000000,63.335690,5866400
2012-12-17,89.250000,89.690002,88.900002,89.639999,63.791130,6092800
2012-12-18,89.669998,91.089996,89.669998,90.769997,64.595291,6653300
2012-12-19,90.910004,91.830002,90.739998,90.790001,64.609520,7065800
2012-12-20,89.900002,90.129997,88.639999,89.500000,64.058395,6893600
2012-12-21,87.500000,88.180000,86.480003,87.900002,62.913246,10727800
2012-12-24,87.510002,87.830002,87.160004,87.480003,62.612633,2326700
2012-12-26,87.669998,88.680000,87.570000,87.669998,62.748623,3236100
2012-12-27,87.870003,88.410004,86.550003,87.660004,62.741463,3953800
2012-12-28,87.089996,87.599998,86.690002,86.809998,62.133087,3309200
2012-12-31,86.809998,89.800003,86.669998,89.610001,64.137146,7213000
2013-01-02,92.949997,94.440002,92.949997,93.500000,66.921364,11590000
2013-01-03,93.220001,94.989998,92.889999,94.400002,67.565514,9329000
2013-01-04,94.570000,94.919998,94.040001,94.919998,67.937721,5658600
2013-01-07,94.570000,95.669998,94.400002,95.209999,68.145279,5368800
2013-01-08,94.669998,95.190002,93.570000,94.000000,67.279205,5616100
2013-01-09,94.099998,94.769997,94.099998,94.440002,67.594170,3546100
2013-01-10,95.110001,95.190002,94.230003,95.080002,68.052208,4596400
2013-01-11,94.559998,95.389999,94.120003,95.190002,68.130959,4288500
2013-01-14,95.320000,95.480003,94.150002,94.629997,67.730118,3685800
2013-01-15,94.209999,95.830002,94.180000,95.669998,68.474518,4789800
2013-01-16,95.099998,95.669998,94.830002,95.190002,68.130959,3809700
2013-01-17,95.709999,96.290001,95.089996,95.699997,68.495972,4824100
2013-01-18,96.430000,97.620003,96.089996,97.620003,69.870201,8330900
2013-01-22,96.389999,97.730003,96.050003,97.720001,69.941772,8330100
2013-01-23,97.480003,97.720001,96.599998,96.849998,69.319061,4971000
2013-01-24,96.000000,97.739998,96.000000,96.599998,69.140137,5816300
2013-01-25,95.919998,96.279999,94.660004,95.580002,68.410080,8902700
2013-01-28,98.059998,98.739998,96.430000,97.449997,69.748505,15997500
2013-01-29,97.919998,99.199997,97.720001,98.599998,70.571579,6961900
2013-01-30,98.830002,98.959999,98.250000,98.650002,70.607407,5681000
2013-01-31,97.989998,98.709999,97.900002,98.389999,70.421288,7154500
2013-02-01,99.000000,99.699997,98.949997,99.489998,71.208595,6138500
2013-02-04,98.760002,98.870003,97.910004,98.260002,70.328270,5765000
2013-02-05,98.580002,99.099998,98.320000,98.440002,70.457092,4178000
2013-02-06,97.870003,98.750000,97.360001,97.699997,69.927460,4489600
2013-02-07,97.419998,98.160004,95.209999,96.110001,68.789406,6210100
2013-02-08,96.099998,97.500000,96.099998,96.849998,69.319061,3934200
2013-02-11,96.959999,96.989998,96.300003,96.599998,69.140137,2739200
2013-02-12,96.669998,97.410004,96.669998,97.220001,69.583900,4149000
2013-02-13,97.089996,97.500000,96.019997,96.379997,68.982674,3718500
2013-02-14,96.059998,96.680000,95.680000,96.070000,68.760796,3586300
2013-02-15,96.260002,96.419998,95.290001,95.610001,68.431580,4377200
2013-02-19,95.739998,96.370003,95.129997,95.599998,68.424393,4368800
2013-02-20,95.000000,95.099998,93.050003,93.220001,66.720932,8570800
2013-02-21,92.760002,92.790001,90.570000,91.529999,65.511360,7193400
2013-02-22,91.989998,92.489998,91.050003,91.540001,65.518517,5851800
2013-02-25,91.809998,92.220001,89.080002,89.160004,63.815063,7540300
2013-02-26,89.589996,90.199997,88.500000,89.949997,64.380486,7114200
2013-02-27,90.059998,92.360001,90.059998,92.250000,66.026695,6147300
2013-02-28,92.489998,93.160004,92.230003,92.370003,66.112556,5446500
2013-03-01,91.540001,91.959999,90.129997,91.360001,65.389679,4924400
2013-03-04,90.610001,90.750000,89.190002,89.750000,64.237328,6350500
2013-03-05,90.489998,91.279999,89.989998,90.209999,64.566566,5352500
2013-03-06,90.970001,91.050003,89.410004,89.639999,64.158623,7135900
2013-03-07,89.900002,90.400002,89.269997,89.650002,64.165771,4738200
2013-03-08,90.430000,90.720001,90.010002,90.510002,64.781288,5084900
2013-03-11,90.489998,91.519997,90.099998,91.180000,65.260857,4846300
2013-03-12,91.160004,91.160004,89.400002,89.739998,64.230179,6593300
2013-03-13,89.800003,89.910004,89.129997,89.279999,63.900970,5836100
2013-03-14,89.470001,89.550003,88.169998,88.699997,63.485825,7328500
2013-03-15,88.610001,89.250000,88.110001,88.830002,63.578876,7379400
2013-03-18,87.889999,90.019997,87.669998,89.360001,63.958225,7159800
2013-03-19,89.400002,89.400002,87.440002,88.269997,63.178043,7509300
2013-03-20,87.610001,87.879997,86.419998,86.940002,62.226116,9389000
2013-03-21,86.430000,87.320000,86.430000,86.830002,62.147396,5449600
2013-03-22,87.010002,87.629997,86.970001,87.480003,62.612633,5115500
2013-03-25,87.930000,87.959999,86.050003,86.639999,62.011391,6685300
2013-03-26,87.059998,87.389999,86.660004,87.000000,62.269047,4173000
2013-03-27,86.430000,87.160004,85.800003,86.900002,62.197502,4838700
2013-03-28,87.050003,87.980003,86.650002,86.970001,62.247589,6213400
2013-04-01,86.860001,86.940002,85.410004,85.639999,61.295654,5666900
2013-04-02,86.019997,86.019997,84.470001,84.879997,60.751698,6514300
2013-04-03,83.910004,84.620003,83.599998,84.120003,60.207741,9222400
2013-04-04,84.169998,84.730003,83.839996,84.629997,60.572773,7646200
2013-04-05,83.410004,85.360001,83.050003,84.599998,60.551304,8985600
2013-04-08,84.690002,85.349998,83.709999,84.190002,60.257858,6722000
2013-04-09,84.379997,86.650002,84.050003,85.900002,61.481758,10533700
2013-04-10,86.379997,86.879997,85.900002,86.570000,61.961277,6258700
2013-04-11,86.889999,87.000000,85.300003,85.699997,61.338585,6920000
2013-04-12,84.989998,85.330002,84.300003,85.050003,60.873398,4934500
2013-04-15,84.239998,84.330002,81.910004,82.269997,58.883621,10345400
2013-04-16,83.629997,83.730003,82.120003,82.610001,59.126968,6566500
2013-04-17,81.540001,81.620003,80.620003,81.470001,58.311073,9405300
2013-04-18,81.339996,81.339996,80.050003,80.459999,57.958065,6886900
2013-04-19,80.949997,81.160004,80.010002,80.430000,57.936493,7009500
2013-04-22,81.239998,83.129997,79.489998,82.709999,59.578838,18449600
2013-04-23,83.910004,84.720001,82.739998,84.099998,60.580101,12932500
2013-04-24,84.279999,84.650002,83.290001,83.779999,60.349602,7022000
2013-04-25,84.699997,85.019997,84.019997,84.510002,60.875446,6556100
2013-04-26,84.349998,85.080002,84.250000,84.680000,60.997906,6160700
2013-04-29,85.110001,85.500000,84.070000,84.800003,61.084332,6065100
2013-04-30,84.809998,85.379997,83.360001,84.669998,60.990677,6954300
2013-05-01,84.070000,84.349998,82.660004,83.080002,59.845352,11607000
2013-05-02,83.339996,84.559998,83.099998,84.260002,60.695347,5798600
2013-05-03,85.589996,87.480003,85.480003,86.980003,62.654667,11890000
2013-05-06,87.129997,87.949997,86.879997,87.589996,63.094040,6381000
2013-05-07,88.110001,89.809998,87.910004,89.790001,64.678802,10406900
2013-05-08,89.760002,90.400002,89.180000,90.309998,65.053368,7431000
2013-05-09,89.980003,90.690002,89.550003,89.949997,64.794044,5166100
2013-05-10,89.959999,90.250000,87.900002,88.620003,63.835999,6967500
2013-05-13,88.190002,88.489998,87.750000,88.070000,63.439846,5483600
2013-05-14,87.820000,88.000000,86.860001,87.550003,63.065258,6856900
2013-05-15,86.970001,87.180000,86.440002,87.000000,62.669033,6925400
2013-05-16,86.550003,87.650002,86.099998,86.779999,62.510571,8192200
2013-05-17,87.389999,87.860001,87.099998,87.669998,63.151672,6690800
2013-05-20,87.570000,88.750000,87.269997,88.330002,63.627121,5603200
2013-05-21,88.650002,88.980003,87.730003,88.099998,63.461422,4730000
2013-05-22,88.089996,89.089996,87.150002,87.699997,63.173275,6479100
2013-05-23,86.029999,87.379997,85.779999,86.949997,62.633041,6026800
2013-05-24,86.260002,86.720001,85.769997,86.209999,62.100010,4637400
2013-05-28,87.040001,87.389999,85.900002,86.190002,62.085602,5800400
2013-05-29,85.730003,86.660004,85.330002,86.489998,62.301682,5110500
2013-05-30,86.470001,87.000000,85.989998,86.410004,62.244072,3568000
2013-05-31,86.230003,86.949997,85.800003,85.800003,61.804665,5522300
2013-06-03,85.910004,86.300003,85.739998,86.129997,62.042362,6092700
2013-06-04,85.949997,86.470001,85.440002,85.919998,61.891094,5105500
2013-06-05,85.470001,85.730003,84.230003,84.419998,60.810589,7359000
2013-06-06,84.300003,84.309998,83.300003,84.000000,60.508034,7009400
2013-06-07,84.650002,85.370003,83.639999,84.650002,60.976288,5474100
2013-06-10,84.709999,84.769997,83.629997,83.800003,60.364014,4965200
2013-06-11,83.029999,83.970001,82.629997,83.519997,60.162289,5275900
2013-06-12,84.169998,84.379997,83.010002,83.209999,59.938992,4748100
2013-06-13,83.320000,85.279999,83.190002,85.139999,61.329235,6352100
2013-06-14,85.010002,85.139999,83.400002,83.870003,60.414436,5147500
2013-06-17,83.550003,84.430000,83.419998,83.919998,60.450439,4389500
2013-06-18,84.089996,84.870003,83.959999,84.550003,60.904259,3723900
2013-06-19,84.500000,85.290001,84.250000,84.250000,60.688126,4711700
2013-06-20,83.190002,83.680000,82.349998,83.199997,59.931789,7628100
2013-06-21,84.019997,84.019997,81.930000,83.120003,59.874161,9736500
2013-06-24,82.059998,82.250000,80.860001,81.519997,58.721626,7525600
2013-06-25,82.339996,82.680000,81.970001,82.330002,59.305099,6249000
2013-06-26,82.919998,83.430000,81.699997,82.099998,59.139427,6950600
2013-06-27,82.550003,83.169998,82.550003,82.959999,59.758900,4658000
2013-06-28,82.760002,83.190002,82.309998,82.489998,59.420357,8448800
2013-07-01,83.040001,83.250000,82.269997,82.720001,59.586063,4676300
2013-07-02,82.769997,83.589996,82.040001,82.480003,59.413139,3659900
2013-07-03,82.150002,82.500000,81.559998,81.849998,58.959370,2928200
2013-07-05,82.529999,82.629997,81.400002,82.139999,59.168243,4819500
2013-07-08,82.400002,83.199997,82.250000,83.199997,59.931789,4879100
2013-07-09,84.070000,86.250000,83.720001,85.330002,61.466103,7882100
2013-07-10,85.419998,85.769997,84.790001,84.959999,61.199558,4216800
2013-07-11,86.459999,86.889999,86.099998,86.699997,62.452946,5434500
2013-07-12,86.629997,87.269997,86.540001,87.169998,62.791534,4876100
2013-07-15,87.239998,88.029999,87.190002,87.400002,62.957199,4161800
2013-07-16,87.720001,88.529999,87.419998,88.169998,63.511848,5432100
2013-07-17,88.449997,89.000000,85.879997,86.669998,62.431339,15077400
2013-07-18,85.879997,86.599998,85.419998,85.720001,62.177464,7045900
2013-07-19,85.449997,85.889999,85.150002,85.650002,62.126709,5086200
2013-07-22,85.379997,86.550003,85.379997,86.000000,62.380566,4835000
2013-07-23,85.489998,86.379997,85.120003,85.519997,62.032429,6891800
2013-07-24,84.580002,85.279999,82.639999,83.440002,60.523666,16602100
2013-07-25,82.050003,82.580002,81.349998,82.139999,59.580715,9941300
2013-07-26,81.879997,82.080002,81.430000,82.059998,59.522671,5727000
2013-07-29,82.419998,83.349998,82.000000,83.019997,60.219021,9068800
2013-07-30,83.470001,83.750000,82.660004,83.190002,60.342323,5266000
2013-07-31,83.580002,83.900002,82.839996,82.910004,60.139221,7012900
2013-08-01,83.620003,84.809998,83.110001,84.440002,61.249031,6570400
2013-08-02,84.290001,84.680000,83.500000,84.300003,61.147484,4864700
2013-08-05,84.110001,84.290001,83.500000,83.559998,60.610718,3758400
2013-08-06,83.309998,83.320000,82.150002,82.529999,59.863586,7223600
2013-08-07,82.379997,82.769997,81.800003,82.430000,59.791054,4292400
2013-08-08,82.949997,84.589996,82.919998,83.959999,60.900837,6400600
2013-08-09,83.800003,84.790001,83.500000,84.510002,61.299786,5478600
2013-08-12,84.190002,86.449997,84.059998,86.320000,62.612701,8608300
2013-08-13,86.620003,87.430000,86.449997,86.570000,62.794018,6710300
2013-08-14,86.860001,87.000000,85.709999,85.820000,62.250008,4462900
2013-08-15,84.959999,86.529999,84.879997,85.860001,62.279041,5138900
2013-08-16,85.849998,86.400002,85.139999,85.160004,61.771305,4706500
2013-08-19,85.150002,85.500000,83.949997,84.199997,61.074947,3766000
2013-08-20,83.800003,84.459999,83.269997,83.860001,60.828342,4690000
2013-08-21,83.519997,83.849998,82.830002,82.940002,60.160992,5562600
2013-08-22,83.309998,84.489998,83.059998,84.169998,61.053181,4739900
2013-08-23,84.379997,84.400002,83.400002,83.889999,60.850060,4487200
2013-08-26,83.980003,84.779999,83.519997,83.559998,60.610718,4123300
2013-08-27,82.879997,83.540001,82.480003,82.699997,59.986889,5569900
2013-08-28,81.809998,82.660004,81.459999,82.449997,59.805550,6762900
2013-08-29,82.500000,83.059998,82.019997,82.529999,59.863586,3706400
2013-08-30,82.589996,82.760002,82.209999,82.540001,59.870850,4425700
2013-09-03,83.150002,83.540001,81.720001,82.510002,59.849094,7544200
2013-09-04,82.750000,83.739998,82.300003,83.540001,60.596207,4482200
2013-09-05,83.370003,83.519997,82.709999,82.949997,60.168255,3728400
2013-09-06,83.220001,84.220001,82.400002,83.389999,60.487415,5566500
2013-09-09,84.040001,86.029999,84.019997,85.589996,62.083179,6702200
2013-09-10,86.809998,86.889999,86.180000,86.610001,62.823040,6298400
2013-09-11,86.500000,87.129997,86.260002,87.129997,63.200233,4382900
2013-09-12,86.940002,87.220001,86.620003,86.839996,62.989864,3980600
2013-09-13,87.099998,87.199997,86.379997,87.010002,63.113205,3276000
2013-09-16,87.959999,88.220001,87.029999,87.180000,63.236500,4866600
2013-09-17,87.360001,87.449997,86.669998,87.070000,63.156719,3415400
2013-09-18,86.309998,88.010002,86.199997,87.839996,63.715218,5564700
2013-09-19,88.040001,88.250000,87.309998,87.750000,63.649952,4765200
2013-09-20,87.610001,87.650002,84.750000,84.750000,61.473888,13435200
2013-09-23,85.000000,85.389999,84.379997,85.029999,61.677002,6048400
2013-09-24,85.129997,85.440002,84.529999,85.110001,61.735004,3720900
2013-09-25,85.139999,85.550003,84.430000,84.500000,61.292545,3824700
2013-09-26,84.589996,84.849998,83.900002,84.199997,61.074947,3475100
2013-09-27,83.620003,83.919998,83.379997,83.800003,60.784824,3017600
2013-09-30,82.949997,83.830002,82.830002,83.400002,60.494671,5401500
2013-10-01,83.559998,84.300003,83.080002,83.760002,60.755779,3866000
2013-10-02,83.519997,84.250000,83.330002,84.070000,60.980648,3324900
2013-10-03,83.889999,84.269997,83.419998,83.970001,60.908119,4223500
2013-10-04,83.970001,84.349998,83.540001,84.199997,61.074947,3212000
2013-10-07,83.459999,84.160004,83.300003,83.529999,60.588959,3364300
2013-10-08,83.540001,83.889999,82.629997,82.849998,60.095722,5671300
2013-10-09,83.050003,83.889999,82.449997,83.519997,60.581703,4577500
2013-10-10,84.440002,84.949997,84.070000,84.730003,61.459404,4317100
2013-10-11,84.639999,85.849998,84.349998,85.610001,62.097698,4110300
2013-10-14,85.059998,86.419998,84.860001,86.239998,62.554665,4689600
2013-10-15,86.239998,86.750000,85.690002,85.750000,62.199226,4896500
2013-10-16,86.059998,86.489998,85.599998,86.269997,62.576427,3549500
2013-10-17,85.330002,85.989998,84.949997,85.849998,62.707901,3850700
2013-10-18,86.309998,87.760002,86.269997,87.339996,63.796272,6752700
2013-10-21,87.720001,87.800003,87.190002,87.699997,64.059189,3883500
2013-10-22,87.879997,89.169998,87.540001,89.169998,65.132965,9152900
2013-10-23,84.150002,84.650002,83.050003,83.760002,61.181271,20968800
2013-10-24,83.320000,85.000000,83.129997,84.529999,61.743721,8368700
2013-10-25,84.320000,84.779999,83.610001,84.769997,61.919029,4886400
2013-10-28,84.500000,84.730003,84.150002,84.279999,61.561127,3979200
2013-10-29,83.910004,84.099998,83.290001,84.070000,61.407749,5324100
2013-10-30,84.169998,84.349998,83.209999,83.489998,60.984055,4657000
2013-10-31,83.440002,84.269997,83.360001,83.360001,60.889130,4651300
2013-11-01,83.779999,83.800003,82.800003,83.589996,61.057114,5880200
2013-11-04,83.809998,83.989998,83.449997,83.889999,61.276241,3892500
2013-11-05,83.610001,84.190002,83.360001,84.050003,61.393131,4010900
2013-11-06,84.300003,84.360001,83.849998,84.220001,61.517319,3664100
2013-11-07,83.949997,84.430000,83.500000,83.650002,61.100948,5431600
2013-11-08,83.519997,84.320000,83.500000,84.239998,61.531887,4557300
2013-11-11,84.190002,84.470001,83.820000,84.150002,61.466171,2522500
2013-11-12,83.980003,84.279999,83.540001,83.849998,61.247028,3483000
2013-11-13,83.459999,84.250000,83.000000,84.199997,61.502674,3952800
2013-11-14,84.000000,84.199997,83.559998,83.760002,61.181271,4496300
2013-11-15,84.000000,84.110001,83.500000,83.739998,61.166660,4743900
2013-11-18,84.050003,84.970001,83.739998,84.040001,61.385826,4803100
2013-11-19,84.110001,84.500000,83.480003,83.669998,61.115562,5010300
2013-11-20,83.180000,83.709999,82.459999,82.680000,60.392414,7443000
2013-11-21,83.050003,83.089996,81.870003,82.120003,59.983387,6208500
2013-11-22,82.220001,82.949997,82.000000,82.879997,60.538494,4403800
2013-11-25,84.400002,84.940002,83.870003,84.400002,61.648773,8111400
2013-11-26,84.800003,84.830002,84.010002,84.360001,61.619556,3834900
2013-11-27,84.430000,84.930000,84.330002,84.669998,61.846001,3053600
2013-11-29,84.639999,85.180000,84.529999,84.599998,61.794880,2284400
2013-12-02,84.699997,85.089996,84.029999,84.250000,61.539188,4834700
2013-12-03,83.800003,83.949997,83.269997,83.870003,61.261627,3924300
2013-12-04,83.750000,84.379997,83.110001,83.970001,61.334682,5246700
2013-12-05,83.919998,84.580002,83.699997,84.410004,61.656097,5291900
2013-12-06,85.059998,85.580002,84.930000,85.500000,62.452232,5759300
2013-12-09,85.699997,86.529999,85.559998,86.089996,62.883224,6023400
2013-12-10,85.970001,86.870003,85.919998,86.419998,63.124268,4987000
2013-12-11,86.029999,86.220001,85.120003,85.279999,62.291550,5624100
2013-12-12,85.370003,85.699997,84.839996,85.570000,62.503357,4551700
2013-12-13,85.669998,86.230003,85.570000,86.050003,62.853989,4226200
2013-12-16,86.500000,87.849998,86.440002,87.379997,63.825485,6976200
2013-12-17,87.220001,87.650002,86.379997,86.919998,63.489464,4764400
2013-12-18,87.010002,88.459999,86.650002,88.169998,64.402489,6963200
2013-12-19,87.500000,87.839996,87.260002,87.540001,63.942352,4299700
2013-12-20,87.849998,89.110001,87.809998,88.930000,64.957664,7389700
2013-12-23,89.309998,90.070000,89.269997,89.959999,65.709999,5733300
2013-12-24,90.000000,90.980003,89.989998,90.910004,66.403931,2675700
2013-12-26,90.989998,91.669998,90.699997,91.150002,66.579208,4790800
2013-12-27,91.139999,91.430000,90.559998,90.870003,66.374702,3373800
2013-12-30,90.849998,91.029999,90.279999,90.870003,66.374702,2625000
2013-12-31,91.000000,91.180000,90.459999,90.809998,66.330856,3098900
2014-01-02,90.410004,90.449997,89.330002,89.870003,65.644249,4898000
2014-01-03,90.000000,90.250000,89.589996,89.820000,65.607742,3722000
2014-01-06,90.190002,90.300003,88.379997,88.639999,64.745834,5233900
2014-01-07,88.769997,89.230003,88.750000,88.930000,64.957664,3512100
2014-01-08,88.779999,89.820000,88.669998,89.139999,65.111031,4421600
2014-01-09,89.260002,89.800003,88.690002,89.709999,65.527382,4466400
2014-01-10,89.410004,90.599998,89.290001,90.510002,66.111740,5416000
2014-01-13,90.260002,91.260002,89.820000,89.889999,65.658875,5213600
2014-01-14,89.860001,90.709999,89.860001,90.559998,66.148247,3712100
2014-01-15,90.879997,93.199997,90.879997,92.410004,67.499542,10121900
2014-01-16,91.889999,92.860001,91.699997,92.010002,67.646591,4771000
2014-01-17,92.150002,92.260002,91.010002,91.440002,67.227524,6833400
2014-01-21,91.599998,91.849998,89.639999,90.599998,66.609978,5544900
2014-01-22,90.589996,90.820000,89.349998,89.639999,65.904167,4787300
2014-01-23,88.699997,89.080002,88.050003,88.480003,65.051300,5014800
2014-01-24,87.980003,87.989998,85.879997,86.169998,63.352955,8087400
2014-01-27,91.769997,92.309998,89.070000,91.290001,67.117264,22202300
2014-01-28,91.400002,92.669998,91.349998,92.470001,67.984818,9409600
2014-01-29,91.309998,91.959999,90.290001,90.620003,66.624641,8145900
2014-01-30,91.529999,93.849998,90.730003,93.199997,68.521477,14764700
2014-01-31,92.160004,94.690002,92.010002,93.910004,69.043495,9697300
2014-02-03,93.739998,93.940002,91.949997,92.419998,67.948044,9084100
2014-02-04,92.480003,92.650002,91.489998,92.500000,68.006866,6839700
2014-02-05,92.239998,92.510002,91.059998,91.959999,67.609833,5134500
2014-02-06,91.940002,94.230003,91.790001,93.830002,68.984695,6844200
2014-02-07,94.169998,95.239998,93.879997,94.870003,69.749313,9140200
2014-02-10,94.970001,94.980003,93.629997,94.500000,69.477264,5933400
2014-02-11,94.620003,95.339996,94.279999,94.959999,69.815483,6006100
2014-02-12,95.309998,96.639999,95.169998,96.169998,70.705063,8002000
2014-02-13,95.290001,96.410004,95.110001,96.110001,70.660965,4387000
2014-02-14,95.860001,96.680000,95.839996,96.550003,70.984428,4145300
2014-02-18,95.849998,96.940002,95.849998,96.559998,70.991791,4871700
2014-02-19,96.190002,97.669998,96.110001,96.209999,70.734467,5865200
2014-02-20,96.510002,97.519997,95.300003,96.919998,71.256508,7718400
2014-02-21,97.110001,97.949997,96.919998,97.500000,71.682907,5554600
2014-02-24,97.550003,98.239998,97.180000,97.320000,71.550568,4887800
2014-02-25,96.839996,96.980003,95.820000,96.410004,70.881523,5989200
2014-02-26,96.660004,97.910004,96.339996,97.199997,71.462326,4753900
2014-02-27,97.209999,97.639999,96.519997,96.699997,71.094727,4337700
2014-02-28,96.629997,97.519997,96.300003,96.970001,71.293251,5411100
2014-03-03,96.320000,96.669998,95.599998,96.309998,70.807999,4859200
2014-03-04,97.199997,97.459999,96.559998,97.019997,71.329964,6261300
2014-03-05,96.540001,96.900002,95.879997,96.370003,70.852112,5384800
2014-03-06,96.949997,98.150002,96.660004,97.599998,71.756416,6714300
2014-03-07,97.779999,97.870003,96.500000,97.050003,71.352081,5259200
2014-03-10,96.639999,96.800003,95.860001,96.750000,71.131493,4640300
2014-03-11,97.089996,97.910004,96.620003,96.839996,71.197655,5731200
2014-03-12,96.300003,97.239998,96.300003,96.820000,71.182968,4448600
2014-03-13,97.199997,97.730003,95.059998,95.610001,70.293350,8434600
2014-03-14,95.449997,96.250000,95.199997,95.389999,70.131622,5002000
2014-03-17,95.989998,96.449997,95.550003,95.669998,70.337486,4697200
2014-03-18,96.120003,96.650002,95.699997,96.410004,70.881523,4921300
2014-03-19,96.089996,96.720001,95.250000,96.040001,70.609474,5109200
2014-03-20,95.709999,96.239998,95.099998,96.209999,70.734467,4396000
2014-03-21,97.070000,97.629997,96.669998,97.389999,71.602051,8339700
2014-03-24,97.599998,97.599998,96.419998,96.849998,71.205032,4808600
2014-03-25,97.360001,99.339996,97.150002,98.589996,72.484291,9070400
2014-03-26,99.279999,99.599998,97.800003,97.800003,71.903458,5610200
2014-03-27,97.820000,98.889999,97.290001,98.449997,72.381378,4947700
2014-03-28,98.910004,99.620003,98.779999,99.389999,73.072456,5821500
2014-03-31,100.000000,100.629997,99.050003,99.370003,73.057762,5772600
2014-04-01,98.940002,100.080002,98.940002,99.809998,73.381256,4814300
2014-04-02,100.040001,102.760002,99.879997,102.629997,75.454544,9358300
2014-04-03,101.919998,103.199997,101.610001,102.550003,75.395706,8230200
2014-04-04,102.889999,103.379997,101.910004,102.169998,75.116348,4889200
2014-04-07,101.610001,102.070000,100.410004,101.110001,74.337021,5215100
2014-04-08,100.980003,103.250000,100.959999,102.389999,75.278076,6626900
2014-04-09,102.650002,103.199997,101.849998,102.989998,75.719208,4062000
2014-04-10,102.910004,103.720001,101.989998,102.260002,75.182510,4538900
2014-04-11,101.099998,102.099998,100.970001,101.449997,74.586990,5363900
2014-04-14,102.180000,102.830002,100.949997,102.779999,75.564827,4114100
2014-04-15,102.629997,103.089996,101.260002,102.500000,75.358932,6317900
2014-04-16,102.620003,103.150002,102.209999,102.930000,76.120705,3801400
2014-04-17,103.050003,103.440002,102.599998,102.830002,76.046715,3556800
2014-04-21,102.900002,102.980003,101.550003,102.639999,75.906227,3821400
2014-04-22,102.779999,104.139999,102.760002,103.690002,76.682747,4528500
2014-04-23,103.559998,104.620003,103.180000,103.379997,76.453438,6427400
2014-04-24,106.019997,107.400002,104.790001,105.279999,77.858604,8849200
2014-04-25,105.029999,105.279999,103.290001,104.690002,77.422264,5731800
2014-04-28,104.989998,105.419998,103.250000,104.260002,77.104263,4036200
2014-04-29,104.790001,105.500000,103.830002,105.300003,77.873413,4975800
2014-04-30,105.230003,106.239998,104.989998,105.400002,77.947334,5199300
2014-05-01,105.199997,105.790001,104.629997,105.070000,77.703278,2970800
2014-05-02,104.930000,105.580002,104.730003,105.010002,77.658913,2677000
2014-05-05,104.660004,104.800003,103.809998,104.519997,77.296516,3166400
2014-05-06,104.209999,104.470001,103.599998,103.870003,76.815842,2836300
2014-05-07,104.099998,104.660004,103.430000,104.620003,77.370491,3399800
2014-05-08,104.550003,105.019997,104.150002,104.940002,77.607170,3118400
2014-05-09,104.959999,105.300003,104.300003,105.059998,77.695900,2761800
2014-05-12,105.709999,106.500000,105.650002,106.199997,78.538956,3664200
2014-05-13,106.500000,108.209999,105.820000,107.150002,79.241501,3951500
2014-05-14,106.849998,107.040001,106.300003,106.529999,78.783020,3082300
2014-05-15,106.489998,106.739998,104.040001,104.989998,77.644135,5151000
2014-05-16,105.050003,106.050003,104.169998,106.029999,78.413254,4403300
2014-05-19,105.419998,105.529999,104.720001,105.389999,77.939941,3924300
2014-05-20,104.790001,104.809998,100.720001,101.559998,75.107491,9277600
2014-05-21,101.480003,103.000000,101.480003,102.879997,76.083702,5460200
2014-05-22,102.900002,103.879997,102.510002,103.080002,76.231606,3112300
2014-05-23,103.150002,104.150002,103.150002,104.029999,76.934166,2888600
2014-05-27,104.199997,104.480003,103.459999,103.680000,76.675331,3443400
2014-05-28,103.529999,103.860001,102.849998,102.910004,76.105873,3353300
2014-05-29,103.279999,103.669998,102.559998,103.599998,76.616158,3071200
2014-05-30,102.900002,102.980003,101.550003,102.230003,75.602974,5939300
2014-06-02,102.419998,103.940002,102.010002,103.760002,76.734497,3747000
2014-06-03,103.419998,104.570000,103.050003,104.489998,77.274330,3643600
2014-06-04,104.419998,105.099998,104.070000,104.309998,77.141228,2879900
2014-06-05,104.800003,107.120003,104.769997,106.959999,79.100998,5389200
2014-06-06,107.080002,108.360001,106.980003,108.180000,80.003250,4299600
2014-06-09,107.739998,109.300003,107.660004,108.750000,80.424782,3900400
2014-06-10,108.500000,109.500000,108.400002,109.309998,80.838966,4752700
2014-06-11,108.930000,108.980003,108.330002,108.690002,80.380424,2738800
2014-06-12,108.470001,108.500000,106.440002,106.650002,78.871742,3408600
2014-06-13,106.550003,107.230003,106.070000,106.769997,78.960495,2009100
2014-06-16,106.500000,106.879997,105.730003,106.809998,78.990067,2137200
2014-06-17,106.510002,107.000000,106.000000,106.669998,78.886513,2138400
2014-06-18,106.629997,107.599998,106.050003,107.480003,79.485573,2218700
2014-06-19,106.989998,107.419998,106.690002,107.250000,79.315483,2592400
2014-06-20,108.050003,109.529999,107.639999,109.379997,80.890686,7762900
2014-06-23,109.250000,109.849998,108.290001,108.779999,80.446968,2839500
2014-06-24,108.559998,109.339996,107.000000,107.809998,79.729622,2864200
2014-06-25,107.480003,108.879997,107.349998,108.440002,80.195518,2176200
2014-06-26,108.550003,108.800003,107.849998,108.519997,80.254692,1522900
2014-06-27,108.339996,108.879997,107.730003,108.779999,80.446968,3632100
2014-06-30,108.680000,109.029999,107.970001,108.669998,80.365616,2249200
2014-07-01,109.080002,109.750000,109.010002,109.169998,80.735397,2346300
2014-07-02,109.320000,109.949997,109.300003,109.559998,81.023819,1849000
2014-07-03,109.900002,111.160004,109.690002,111.080002,82.147911,2876200
2014-07-07,110.180000,110.449997,109.570000,110.160004,81.467560,2697100
2014-07-08,110.209999,110.379997,109.400002,109.459999,80.949844,2450600
2014-07-09,109.790001,110.290001,109.419998,110.139999,81.452736,2270600
2014-07-10,108.139999,109.570000,107.800003,109.360001,80.875877,2303600
2014-07-11,109.500000,109.989998,108.650002,109.959999,81.319641,1992300
2014-07-14,110.430000,111.040001,110.089996,110.089996,81.415756,2375100
2014-07-15,110.250000,110.419998,109.400002,109.849998,81.238266,3212900
2014-07-16,110.180000,111.459999,109.919998,111.400002,82.384560,3974100
2014-07-17,110.400002,110.669998,108.930000,109.070000,81.171494,3164700
2014-07-18,109.430000,110.169998,109.050003,110.169998,81.990112,2424900
2014-07-21,110.000000,110.550003,109.449997,110.230003,82.034805,2075900
2014-07-22,110.839996,111.279999,109.800003,110.059998,81.908264,2879400
2014-07-23,109.790001,109.980003,108.209999,108.379997,80.657990,4471400
2014-07-24,105.599998,106.230003,104.089996,105.040001,78.172287,8690300
2014-07-25,104.139999,105.349998,104.099998,104.849998,78.030899,4126200
2014-07-28,104.779999,104.900002,103.169998,104.150002,77.509964,4474300
2014-07-29,105.000000,106.440002,104.690002,104.690002,77.911827,7947100
2014-07-30,105.080002,105.320000,103.029999,103.379997,76.936890,5856900
2014-07-31,102.239998,102.690002,100.739998,100.750000,74.979645,6711400
2014-08-01,100.519997,100.849998,99.110001,100.519997,74.808456,6011900
2014-08-04,100.360001,102.050003,100.099998,101.809998,75.768494,5183900
2014-08-05,101.110001,102.470001,100.940002,101.500000,75.537796,5685400
2014-08-06,100.760002,101.849998,100.610001,101.489998,75.530319,5526900
2014-08-07,102.660004,103.470001,101.879997,101.940002,75.865234,5752800
2014-08-08,102.010002,103.440002,101.779999,103.279999,76.862495,4690200
2014-08-11,104.610001,104.849998,103.930000,104.500000,77.770424,5197900
2014-08-12,104.589996,105.160004,104.129997,104.330002,77.643898,4200900
2014-08-13,104.330002,105.500000,104.330002,105.160004,78.261604,4664900
2014-08-14,105.510002,106.000000,104.989998,105.660004,78.633736,4178800
2014-08-15,106.010002,106.419998,105.129997,105.739998,78.693245,4099200
2014-08-18,106.690002,107.099998,106.279999,106.980003,79.616096,3478600
2014-08-19,107.260002,107.699997,106.870003,107.300003,79.854225,3639200
2014-08-20,107.389999,108.150002,107.199997,107.699997,80.151917,5341600
2014-08-21,108.169998,108.570000,107.540001,107.970001,80.352859,4118100
2014-08-22,107.580002,107.820000,106.540001,107.309998,79.861671,4603700
2014-08-25,107.959999,108.330002,107.730003,107.970001,80.352859,3014100
2014-08-26,108.050003,108.639999,107.980003,108.059998,80.419830,2865800
2014-08-27,108.129997,108.919998,108.080002,108.550003,80.784523,3281900
2014-08-28,108.019997,108.820000,107.800003,108.650002,80.858925,3227800
2014-08-29,108.900002,109.099998,108.250000,109.070000,81.171494,4437200
2014-09-02,109.029999,109.730003,108.830002,108.919998,81.059860,4040200
2014-09-03,109.449997,109.660004,108.050003,108.459999,80.717529,4669000
2014-09-04,108.300003,109.489998,108.160004,108.820000,80.985435,4604000
2014-09-05,109.000000,109.180000,108.190002,108.540001,80.777077,4305000
2014-09-08,108.230003,108.459999,107.519997,107.910004,80.308205,3496900
2014-09-09,107.820000,108.199997,107.190002,107.400002,79.928642,3578500
2014-09-10,105.610001,106.120003,105.379997,105.930000,78.834663,8154700
2014-09-11,105.660004,105.660004,104.589996,105.589996,78.581612,5460100
2014-09-12,104.970001,105.089996,104.400002,105.019997,78.157425,6904200
2014-09-15,104.320000,104.900002,103.220001,104.860001,78.038338,7051900
2014-09-16,104.209999,105.830002,103.769997,104.860001,78.038338,5289700
2014-09-17,105.180000,105.410004,103.879997,103.989998,77.390869,5122200
2014-09-18,104.300003,104.550003,103.400002,104.339996,77.651344,3915800
2014-09-19,104.849998,105.000000,102.080002,102.510002,76.289444,8285400
2014-09-22,102.099998,102.260002,100.820000,100.900002,75.091270,5093200
2014-09-23,100.860001,101.089996,99.879997,99.989998,74.414040,5710300
2014-09-24,100.040001,101.489998,99.889999,101.199997,75.314529,5797000
2014-09-25,101.000000,101.199997,99.190002,99.510002,74.056786,4960800
2014-09-26,99.440002,100.639999,99.239998,100.379997,74.704239,2935900
2014-09-29,99.349998,100.099998,98.260002,99.830002,74.294968,3156400
2014-09-30,100.029999,100.099998,98.800003,99.029999,73.699554,3746100
2014-10-01,98.639999,99.000000,97.269997,97.610001,72.642784,4827300
2014-10-02,97.650002,97.980003,96.150002,97.410004,72.493942,4460800
2014-10-03,98.040001,98.339996,97.029999,97.389999,72.479073,3921900
2014-10-06,97.809998,98.129997,96.910004,98.000000,72.933022,3982400
2014-10-07,97.089996,97.510002,94.690002,94.699997,70.477127,6479500
2014-10-08,94.580002,96.860001,93.639999,96.650002,71.928345,6214200
2014-10-09,96.209999,96.519997,93.239998,93.500000,69.584076,6414500
2014-10-10,93.239998,94.570000,91.610001,93.129997,69.308701,6179100
2014-10-13,93.290001,94.059998,91.620003,91.680000,68.229591,5852400
2014-10-14,92.510002,95.010002,92.389999,92.800003,69.063126,6791300
2014-10-15,91.430000,92.750000,90.050003,92.589996,68.906837,9377600
2014-10-16,90.269997,94.150002,90.269997,93.239998,69.919159,7439400
2014-10-17,94.199997,95.599998,93.980003,95.050003,71.276474,7442600
2014-10-20,94.529999,95.300003,93.269997,94.029999,70.511581,4270800
2014-10-21,95.040001,96.320000,95.040001,95.889999,71.906372,3990500
2014-10-22,95.529999,95.980003,94.050003,94.570000,70.916534,6211300
2014-10-23,97.599998,99.940002,97.339996,99.269997,74.440979,11670100
2014-10-24,99.510002,99.680000,98.370003,99.440002,74.568436,4133800
2014-10-27,98.680000,98.769997,97.150002,98.540001,73.893547,4346100
2014-10-28,99.440002,101.160004,99.029999,101.160004,75.858261,5069600
2014-10-29,101.529999,101.839996,99.839996,100.190002,75.130859,4426400
2014-10-30,99.629997,100.580002,99.059998,100.160004,75.108376,2650900
2014-10-31,101.349998,102.370003,100.839996,101.410004,76.045715,5367700
2014-11-03,101.610001,101.760002,99.769997,100.220001,75.153366,4434300
2014-11-04,99.750000,100.000000,98.040001,98.610001,73.946045,4849000
2014-11-05,99.449997,99.639999,98.449997,99.410004,74.545990,3515600
2014-11-06,99.510002,100.989998,99.239998,100.910004,75.670769,3427700
2014-11-07,101.260002,101.830002,100.900002,101.760002,76.308174,2708200
2014-11-10,101.860001,102.550003,101.860001,102.209999,76.645630,3308100
2014-11-11,102.309998,102.800003,101.599998,102.529999,76.885590,2464400
2014-11-12,102.169998,103.220001,101.519997,102.989998,77.230537,2808700
2014-11-13,103.059998,103.180000,100.680000,101.110001,75.820755,3924100
2014-11-14,101.000000,101.699997,100.650002,101.339996,75.993225,2660500
2014-11-17,101.250000,102.080002,100.449997,101.699997,76.263176,2477000
2014-11-18,101.699997,102.449997,101.309998,102.040001,76.518173,2761200
2014-11-19,101.860001,102.300003,100.889999,101.300003,75.963234,4679100
2014-11-20,100.330002,102.139999,100.070000,102.089996,76.555618,3052600
2014-11-21,104.300003,107.120003,104.199997,106.449997,79.825119,8738000
2014-11-24,106.400002,106.470001,105.099998,105.959999,79.457703,4108600
2014-11-25,106.099998,106.629997,105.330002,106.239998,79.667664,3321500
2014-11-26,106.290001,106.440002,105.449997,105.790001,79.330215,2463800
2014-11-28,104.389999,104.610001,100.120003,100.599998,75.438332,5780900
2014-12-01,100.239998,100.470001,97.790001,99.000000,74.238495,7431800
2014-12-02,99.480003,99.959999,98.720001,99.510002,74.620934,3900400
2014-12-03,100.040001,101.459999,99.959999,100.180000,75.123375,6930700
2014-12-04,99.690002,100.870003,99.510002,99.669998,74.740936,3390100
2014-12-05,99.809998,99.959999,98.709999,98.779999,74.073540,3605000
2014-12-08,98.660004,98.760002,95.199997,95.250000,71.426445,7192100
2014-12-09,94.169998,96.169998,93.800003,95.449997,71.576416,6562900
2014-12-10,94.910004,95.019997,92.750000,93.019997,69.754211,6749600
2014-12-11,93.680000,94.290001,92.529999,92.690002,69.506729,4664900
2014-12-12,92.000000,92.000000,89.959999,90.500000,67.864479,10327200
2014-12-15,91.250000,91.290001,89.389999,89.750000,67.302101,6924100
2014-12-16,89.230003,92.250000,89.150002,89.339996,66.994606,7649500
2014-12-17,89.400002,90.139999,88.029999,89.750000,67.302101,8671600
2014-12-18,91.889999,91.889999,90.550003,91.690002,68.756859,8344400
2014-12-19,91.580002,91.980003,90.879997,91.709999,68.771843,9689200
2014-12-22,92.459999,92.809998,91.849998,92.320000,69.229286,4577200
2014-12-23,92.989998,93.940002,92.650002,93.500000,70.114143,3554200
2014-12-24,93.639999,93.980003,93.269997,93.720001,70.279114,1654200
2014-12-26,93.949997,94.660004,93.720001,94.230003,70.661583,3127800
2014-12-29,94.199997,94.279999,93.589996,93.709999,70.271599,2390500
2014-12-30,93.599998,93.629997,92.510002,92.589996,69.431763,3197400
2014-12-31,92.889999,93.570000,91.449997,91.529999,68.636864,3251100
2015-01-02,91.769997,92.370003,90.660004,91.879997,68.899338,3767900
2015-01-05,90.349998,90.419998,86.599998,87.029999,65.262405,11301400
2015-01-06,87.279999,87.680000,85.169998,86.470001,64.842468,8660600
2015-01-07,87.370003,88.139999,86.419998,87.809998,65.847313,6511100
2015-01-08,89.180000,89.279999,87.839996,88.709999,66.522194,7617800
2015-01-09,88.760002,88.889999,87.019997,87.650002,65.727318,4857100
2015-01-12,87.730003,87.769997,86.070000,86.889999,65.157372,4351600
2015-01-13,87.680000,87.900002,85.199997,86.370003,64.767479,5078100
2015-01-14,84.889999,86.220001,84.269997,86.070000,64.542511,10366700
2015-01-15,86.029999,86.169998,84.300003,84.320000,63.748665,6683900
2015-01-16,84.239998,84.320000,83.050003,83.860001,63.400898,10424800
2015-01-20,84.419998,84.500000,83.190002,83.970001,63.484055,5937300
2015-01-21,83.589996,85.400002,83.589996,85.370003,64.542503,6613100
2015-01-22,86.050003,87.360001,85.430000,86.820000,65.638748,5567800
2015-01-23,86.790001,87.000000,85.199997,85.610001,64.723961,5027500
2015-01-26,85.360001,86.260002,84.900002,86.029999,65.041496,8140500
2015-01-27,79.739998,81.349998,79.099998,79.849998,60.369186,27489500
2015-01-28,80.400002,81.199997,79.959999,80.010002,60.490196,14269300
2015-01-29,79.910004,80.180000,78.809998,80.000000,60.482609,9157000
2015-01-30,79.510002,80.820000,79.419998,79.970001,60.459927,8150700
2015-02-02,80.080002,80.879997,79.489998,80.839996,61.117661,7149000
2015-02-03,81.220001,84.110001,81.150002,83.919998,63.446251,10895300
2015-02-04,82.779999,83.320000,81.660004,81.949997,61.956882,8806500
2015-02-05,82.400002,83.629997,81.870003,83.570000,63.181648,6640200
2015-02-06,83.599998,84.139999,82.800003,83.209999,62.909485,5581500
2015-02-09,83.050003,84.870003,82.949997,84.669998,64.013268,7693800
2015-02-10,85.000000,85.000000,83.459999,83.900002,63.431126,6569100
2015-02-11,83.559998,83.669998,82.239998,83.410004,63.060673,5722600
2015-02-12,84.080002,84.250000,83.309998,83.529999,63.151413,4623000
2015-02-13,84.110001,85.489998,84.029999,85.129997,64.361061,5645500
2015-02-17,84.860001,85.580002,84.199997,85.379997,64.550095,3924400
2015-02-18,84.919998,85.809998,84.580002,84.800003,64.111603,3568600
2015-02-19,83.809998,84.000000,82.209999,83.300003,62.977524,5733500
2015-02-20,83.300003,84.620003,82.400002,84.440002,63.839401,6029400
2015-02-23,83.900002,83.980003,83.139999,83.489998,63.121181,5180000
2015-02-24,83.769997,84.690002,83.599998,84.500000,63.884731,3678700
2015-02-25,84.519997,85.360001,84.169998,85.150002,64.376167,3449500
2015-02-26,85.099998,85.099998,83.559998,83.800003,63.355553,4457000
2015-02-27,84.180000,84.180000,82.889999,82.900002,62.675121,4370500
2015-03-02,82.900002,83.070000,82.239998,83.000000,62.750725,4155000
2015-03-03,82.709999,83.790001,82.650002,82.839996,62.629749,4331700
2015-03-04,82.570000,82.610001,80.830002,81.730003,61.790554,6863600
2015-03-05,81.730003,81.730003,80.059998,81.510002,61.624241,7123500
2015-03-06,80.370003,81.209999,79.550003,80.059998,60.527973,7913800
2015-03-09,80.169998,81.339996,80.099998,80.809998,61.095013,4740500
2015-03-10,80.019997,80.760002,79.739998,79.910004,60.414577,4850500
2015-03-11,80.150002,80.150002,79.260002,79.699997,60.255810,4612200
2015-03-12,80.269997,80.480003,79.800003,80.190002,60.626266,3612500
2015-03-13,79.900002,79.910004,78.190002,79.230003,59.900471,7272700
2015-03-16,79.570000,80.000000,79.059998,79.970001,60.459927,3598500
2015-03-17,79.349998,79.349998,78.250000,78.449997,59.310753,6979900
2015-03-18,78.250000,81.440002,78.250000,81.330002,61.488129,12154300
2015-03-19,80.500000,80.500000,79.559998,80.089996,60.550663,5236200
2015-03-20,80.620003,81.250000,80.190002,81.190002,61.382298,8216600
2015-03-23,81.190002,81.919998,81.019997,81.089996,61.306683,4704000
2015-03-24,81.150002,81.199997,80.199997,80.480003,60.845512,3978700
2015-03-25,81.029999,81.040001,79.830002,79.860001,60.376766,4803000
2015-03-26,79.639999,80.800003,79.510002,79.879997,60.391884,4238500
2015-03-27,79.459999,79.879997,78.760002,79.669998,60.233116,6336900
2015-03-30,80.010002,81.519997,80.000000,81.370003,61.518383,4621200
2015-03-31,80.510002,80.650002,79.809998,80.029999,60.505302,4848600
2015-04-01,80.029999,80.519997,79.389999,79.639999,60.210426,4446200
2015-04-02,79.599998,80.500000,79.400002,80.239998,60.664070,3555300
2015-04-06,80.349998,82.000000,79.980003,81.489998,61.609112,4495400
2015-04-07,81.220001,81.430000,80.500000,80.540001,60.890858,3526300
2015-04-08,80.839996,81.239998,79.919998,80.440002,60.815258,4196200
2015-04-09,80.500000,81.209999,80.279999,80.680000,60.996731,4291900
2015-04-10,81.099998,82.800003,80.739998,82.599998,62.448288,6831900
2015-04-13,82.599998,82.610001,81.599998,82.139999,62.100513,5293900
2015-04-14,82.550003,83.239998,81.540001,83.000000,62.750725,5898700
2015-04-15,83.290001,85.730003,83.000000,85.160004,64.383728,9643800
2015-04-16,84.400002,84.900002,84.000000,84.339996,64.292274,5692300
2015-04-17,83.500000,83.589996,82.660004,83.279999,63.484245,5314000
2015-04-20,83.959999,84.750000,83.879997,84.599998,64.490471,3914600
2015-04-21,84.660004,84.970001,83.610001,83.919998,63.972092,5620900
2015-04-22,84.129997,84.940002,83.089996,84.870003,64.696312,6520700
2015-04-23,86.849998,87.500000,83.849998,84.790001,64.635307,18917600
2015-04-24,84.699997,85.169998,84.019997,84.599998,64.490471,5848100
2015-04-27,84.769997,85.940002,84.400002,85.330002,65.046936,5912000
2015-04-28,85.419998,86.220001,84.500000,86.199997,65.710152,5736500
2015-04-29,85.690002,87.919998,85.459999,87.500000,66.701149,7021800
2015-04-30,86.849998,87.300003,86.230003,86.879997,66.228523,5460100
2015-05-01,87.690002,88.279999,86.760002,87.370003,66.602036,4850100
2015-05-04,87.730003,87.959999,87.169998,87.300003,66.548691,2754500
2015-05-05,87.570000,88.220001,86.699997,87.000000,66.319984,4623700
2015-05-06,87.750000,87.940002,86.419998,86.989998,66.312370,4464700
2015-05-07,86.650002,86.879997,85.889999,86.430000,65.885468,3892800
2015-05-08,87.779999,87.839996,86.699997,87.309998,66.556282,3577100
2015-05-11,88.400002,89.440002,88.089996,88.769997,67.669228,6882600
2015-05-12,88.190002,88.339996,87.260002,88.160004,67.204247,4066400
2015-05-13,88.589996,89.070000,88.209999,88.440002,67.417694,3178300
2015-05-14,88.779999,89.589996,88.650002,88.739998,67.646393,3228400
2015-05-15,88.500000,88.559998,87.599998,88.430000,67.410080,3205000
2015-05-18,88.389999,88.500000,87.650002,88.290001,67.303368,3074400
2015-05-19,87.889999,87.910004,86.510002,87.239998,66.502914,5676800
2015-05-20,87.629997,88.129997,87.129997,87.930000,67.028900,3841500
2015-05-21,88.230003,89.620003,87.940002,89.330002,68.096115,8155500
2015-05-22,89.180000,89.500000,88.629997,88.629997,67.562515,3483800
2015-05-26,88.129997,88.150002,87.290001,87.839996,66.960312,3149600
2015-05-27,87.989998,88.820000,87.650002,87.919998,67.021324,4517100
2015-05-28,87.330002,87.449997,85.730003,86.010002,65.565308,5899100
2015-05-29,85.739998,86.330002,85.110001,85.320000,65.039330,4685700
2015-06-01,86.059998,86.370003,84.699997,85.529999,65.199409,3976900
2015-06-02,85.209999,86.680000,85.070000,86.169998,65.687256,2817800
2015-06-03,86.599998,87.059998,85.809998,86.230003,65.733009,2841800
2015-06-04,85.500000,86.400002,85.320000,85.470001,65.153648,3775200
2015-06-05,85.010002,86.500000,84.910004,86.050003,65.595787,3937600
2015-06-08,85.800003,86.480003,85.779999,86.150002,65.672035,3355800
2015-06-09,86.459999,87.620003,86.419998,86.730003,66.114159,3984900
2015-06-10,87.449997,88.709999,87.360001,88.480003,67.448189,4717100
2015-06-11,88.620003,88.760002,87.919998,88.169998,67.211861,2872900
2015-06-12,87.949997,88.410004,87.570000,87.849998,66.967934,2212800
2015-06-15,87.139999,87.389999,86.349998,87.129997,66.419098,2721000
2015-06-16,86.790001,87.019997,86.239998,86.589996,66.007431,2895000
2015-06-17,86.889999,87.550003,86.320000,87.250000,66.510551,3402800
2015-06-18,86.830002,87.739998,86.830002,87.440002,66.655388,3372600
2015-06-19,87.269997,87.959999,87.150002,87.519997,66.716370,3910900
2015-06-22,87.970001,88.320000,87.709999,88.269997,67.288094,3648600
2015-06-23,88.419998,88.620003,88.010002,88.449997,67.425323,2539000
2015-06-24,88.790001,88.809998,88.070000,88.169998,67.211861,3413600
2015-06-25,88.220001,88.330002,86.660004,86.720001,66.106560,3239100
2015-06-26,86.500000,86.949997,85.809998,86.820000,66.182762,4387300
2015-06-29,86.220001,86.739998,85.099998,85.300003,65.024071,4747300
2015-06-30,86.089996,86.250000,84.800003,84.820000,64.658165,4077900
2015-07-01,85.389999,85.449997,83.540001,83.949997,63.994972,5296200
2015-07-02,84.529999,84.779999,83.849998,84.379997,64.322769,2582200
2015-07-06,83.650002,84.150002,82.730003,83.150002,63.385143,4896600
2015-07-07,82.989998,84.120003,81.849998,83.989998,64.025459,5192000
2015-07-08,83.050003,83.230003,81.760002,82.269997,62.714279,4325100
2015-07-09,83.430000,83.699997,81.459999,81.690002,62.272167,4570700
2015-07-10,82.639999,82.910004,81.870003,82.150002,62.622841,3495000
2015-07-13,82.870003,84.029999,82.680000,83.639999,63.758656,4228500
2015-07-14,83.529999,84.680000,83.519997,84.459999,64.383720,3797700
2015-07-15,84.550003,84.860001,83.750000,84.160004,64.155060,3661700
2015-07-16,84.750000,84.889999,83.410004,83.760002,64.439697,3686000
2015-07-17,83.550003,83.650002,82.760002,83.160004,63.978111,2931500
2015-07-20,83.059998,83.290001,82.139999,82.250000,63.278019,4291400
2015-07-21,81.800003,82.889999,81.250000,82.220001,63.254925,4691900
2015-07-22,81.000000,81.120003,79.150002,79.760002,61.362366,10180700
2015-07-23,77.699997,79.040001,76.650002,76.879997,59.146660,13909900
2015-07-24,76.910004,77.089996,75.849998,76.099998,58.546577,9175900
2015-07-27,75.180000,75.720001,74.769997,75.320000,57.946484,10269600
2015-07-28,75.919998,78.150002,75.790001,77.779999,59.839066,15699000
2015-07-29,77.300003,77.459999,76.510002,77.330002,59.492874,13794800
2015-07-30,76.980003,78.370003,76.680000,78.349998,60.277588,7386200
2015-07-31,78.599998,79.040001,78.150002,78.629997,60.493000,6203600
2015-08-03,78.419998,78.430000,76.750000,77.260002,59.439011,6443300
2015-08-04,77.330002,77.860001,76.320000,76.599998,58.931252,5822300
2015-08-05,77.500000,77.919998,76.720001,76.879997,59.146660,4581900
2015-08-06,76.980003,77.650002,76.180000,77.459999,59.592873,5609500
2015-08-07,77.519997,78.150002,76.940002,77.290001,59.462086,7851300
2015-08-10,78.040001,80.309998,77.900002,80.160004,61.670113,9041600
2015-08-11,78.730003,78.930000,77.230003,78.040001,60.039108,8992500
2015-08-12,77.309998,79.120003,76.919998,78.919998,60.716125,7236800
2015-08-13,78.550003,78.580002,77.699997,77.760002,59.823666,5662500
2015-08-14,77.660004,78.730003,77.599998,78.489998,60.385277,3811500
2015-08-17,78.129997,78.639999,77.209999,78.540001,60.423759,5226800
2015-08-18,78.510002,79.000000,78.180000,78.820000,60.639172,5146400
2015-08-19,78.250000,78.540001,77.050003,77.410004,59.554417,5862700
2015-08-20,77.279999,77.830002,76.410004,76.410004,58.785084,7767300
2015-08-21,75.940002,76.300003,74.959999,75.000000,57.700321,11805500
2015-08-24,71.820000,74.879997,70.230003,72.820000,56.023167,15209300
2015-08-25,75.220001,75.489998,72.029999,72.059998,55.438446,9427200
2015-08-26,73.820000,74.080002,72.529999,73.870003,56.830975,8288100
2015-08-27,75.040001,76.220001,74.230003,75.660004,58.208061,8537700
2015-08-28,75.190002,76.019997,74.629997,75.949997,58.431202,6649500
2015-08-31,75.320000,76.769997,74.900002,76.440002,58.808159,7019600
2015-09-01,74.500000,75.940002,74.459999,74.900002,57.623379,9053100
2015-09-02,75.900002,76.160004,74.949997,76.099998,58.546577,5325900
2015-09-03,75.949997,76.010002,73.779999,74.449997,57.277184,11077100
2015-09-04,73.000000,73.660004,72.349998,73.099998,56.238575,12007300
2015-09-08,74.580002,74.620003,73.559998,74.300003,57.161777,5647800
2015-09-09,75.000000,75.199997,72.779999,72.959999,56.130875,5859200
2015-09-10,72.889999,73.309998,72.029999,72.419998,55.715420,6109100
2015-09-11,72.230003,72.919998,71.879997,72.629997,55.876968,4413800
2015-09-14,72.349998,72.889999,72.010002,72.769997,55.984680,4231800
2015-09-15,73.019997,74.739998,72.650002,74.580002,57.377178,5109400
2015-09-16,74.849998,75.870003,74.580002,75.639999,58.192677,5225800
2015-09-17,75.400002,75.680000,73.910004,74.059998,56.977139,7745000
2015-09-18,73.330002,73.500000,71.610001,71.860001,55.284615,9260100
2015-09-21,72.300003,72.839996,71.910004,72.160004,55.515411,7594900
2015-09-22,71.120003,71.800003,70.639999,71.680000,55.146111,5717300
2015-09-23,71.669998,71.809998,70.160004,70.199997,54.007504,4754300
2015-09-24,66.199997,66.699997,64.650002,65.800003,50.622402,22589600
2015-09-25,65.000000,65.769997,64.739998,64.980003,49.991562,12365100
2015-09-28,64.239998,64.320000,62.990002,63.790001,49.076042,12572000
2015-09-29,63.650002,65.389999,63.599998,64.309998,49.476082,8784400
2015-09-30,64.949997,65.639999,64.150002,65.360001,50.283905,7850300
2015-10-01,65.629997,66.099998,63.610001,64.389999,49.537651,7933000
2015-10-02,63.790001,65.730003,63.099998,65.699997,50.545471,8782700
2015-10-05,66.690002,69.480003,66.519997,69.180000,53.222763,10661900
2015-10-06,69.540001,71.150002,69.080002,70.820000,54.484493,9664100
2015-10-07,71.360001,72.709999,69.150002,70.379997,54.145985,8307700
2015-10-08,70.320000,72.180000,69.849998,71.839996,55.269218,6091600
2015-10-09,71.839996,72.489998,70.860001,71.300003,54.853771,5573500
2015-10-12,71.510002,71.529999,70.320000,70.500000,54.238304,4643500
2015-10-13,69.959999,71.029999,69.260002,70.169998,53.984421,4724800
2015-10-14,70.110001,71.059998,69.570000,70.709999,54.399849,4042700
2015-10-15,70.470001,70.919998,69.760002,70.830002,54.492180,4547900
2015-10-16,70.620003,70.830002,69.110001,69.680000,53.607437,8310000
2015-10-19,69.250000,69.470001,68.800003,69.269997,53.291988,5712000
2015-10-20,68.860001,71.190002,68.510002,70.269997,54.061359,6385800
2015-10-21,70.589996,71.900002,69.580002,69.669998,53.599751,8679400
2015-10-22,67.919998,72.830002,67.809998,70.879997,55.140045,13909200
2015-10-23,71.709999,72.430000,70.660004,71.750000,55.816875,7942500
2015-10-26,71.790001,72.300003,71.419998,71.519997,55.637932,6254500
2015-10-27,70.180000,71.080002,68.339996,70.389999,54.758869,8280500
2015-10-28,70.750000,72.110001,70.480003,71.970001,55.988022,5486900
2015-10-29,71.489998,72.570000,71.279999,71.970001,55.988022,4321300
2015-10-30,72.269997,73.279999,71.629997,72.989998,56.781494,7388700
2015-11-02,73.000000,74.639999,72.830002,74.339996,57.831703,5876500
2015-11-03,74.440002,75.320000,74.199997,74.750000,58.150658,5006100
2015-11-04,75.339996,75.930000,74.330002,74.550003,57.995075,5477800
2015-11-05,74.650002,75.559998,73.209999,74.220001,57.738350,6238900
2015-11-06,73.419998,73.849998,72.330002,73.839996,57.442738,5538600
2015-11-09,73.430000,73.610001,71.480003,71.889999,55.925766,5914800
2015-11-10,71.790001,72.580002,71.629997,72.430000,56.345871,4373800
2015-11-11,72.540001,72.849998,71.820000,71.910004,55.941334,4190700
2015-11-12,70.820000,70.989998,68.410004,68.660004,53.413048,8731700
2015-11-13,68.699997,70.129997,68.500000,69.629997,54.167637,6429600
2015-11-16,69.480003,70.620003,69.230003,70.389999,54.758869,5167600
2015-11-17,70.129997,70.360001,69.050003,69.389999,53.980938,4812000
2015-11-18,69.900002,70.449997,69.379997,70.320000,54.704414,3788300
2015-11-19,69.500000,70.110001,68.599998,70.019997,54.471050,6296000
2015-11-20,70.480003,71.209999,70.160004,71.139999,55.342331,6495100
2015-11-23,70.980003,71.900002,70.889999,71.019997,55.248962,3847600
2015-11-24,70.779999,71.709999,70.440002,71.400002,55.544582,3846500
2015-11-25,71.739998,71.889999,70.720001,71.489998,55.614601,3493000
2015-11-27,71.180000,71.529999,70.699997,71.220001,55.404568,1642100
2015-11-30,71.330002,72.790001,71.150002,72.650002,56.517006,5632900
2015-12-01,72.330002,72.639999,70.849998,71.559998,55.669056,6578400
2015-12-02,71.199997,72.129997,70.620003,71.029999,55.256737,5068200
2015-12-03,71.150002,71.220001,69.370003,69.639999,54.175419,8130800
2015-12-04,69.360001,70.029999,68.800003,69.980003,54.439919,5252000
2015-12-07,68.680000,68.730003,67.720001,68.360001,53.179661,6805900
2015-12-08,66.989998,67.160004,66.180000,66.540001,51.763832,6866300
2015-12-09,66.300003,67.019997,65.160004,65.910004,51.273731,8578000
2015-12-10,65.980003,67.089996,65.910004,66.379997,51.639347,5768700
2015-12-11,65.379997,66.099998,64.480003,65.430000,50.900314,7572600
2015-12-14,65.629997,66.180000,64.730003,66.120003,51.437088,7371100
2015-12-15,65.459999,66.959999,65.239998,66.750000,51.927193,6061200
2015-12-16,66.220001,67.879997,66.139999,67.720001,52.681774,6747600
2015-12-17,67.180000,67.510002,64.879997,64.900002,50.487995,6800000
2015-12-18,64.599998,65.870003,64.099998,65.110001,50.651386,13490900
2015-12-21,65.589996,65.820000,64.379997,65.239998,50.752491,5311500
2015-12-22,66.250000,68.790001,66.110001,68.410004,53.218544,9697200
2015-12-23,69.589996,70.489998,68.989998,69.889999,54.369900,7586300
2015-12-24,69.750000,69.900002,69.059998,69.379997,53.973152,2322100
2015-12-28,69.120003,69.180000,68.029999,68.580002,53.350800,3884000
2015-12-29,69.220001,69.570000,68.620003,69.190002,53.825356,3539500
2015-12-30,68.660004,69.629997,68.570000,68.690002,53.436382,3158500
2015-12-31,68.449997,69.099998,67.940002,67.959999,52.868504,4356400
2016-01-04,66.879997,68.080002,65.720001,67.989998,52.891811,8586900
2016-01-05,68.379997,68.440002,66.419998,67.279999,52.339470,6139100
2016-01-06,65.980003,66.849998,65.620003,66.220001,51.514893,6639300
2016-01-07,65.080002,65.519997,63.660000,63.939999,49.741192,8601500
2016-01-08,64.330002,64.529999,62.930000,63.290001,49.235523,8278500
2016-01-11,63.669998,63.700001,60.849998,61.470001,47.819687,9669400
2016-01-12,62.439999,62.500000,60.389999,61.599998,47.920815,8593100
2016-01-13,62.070000,62.759998,60.389999,60.889999,47.368496,7237300
2016-01-14,61.240002,62.970001,60.380001,62.270000,48.442020,9241800
2016-01-15,59.520000,60.090000,58.750000,59.869999,47.158127,12674500
2016-01-19,60.259998,60.540001,58.480000,59.029999,46.496490,8501100
2016-01-20,58.080002,59.380001,56.360001,58.810001,46.323189,10857700
2016-01-21,59.000000,60.419998,58.250000,59.689999,47.016335,8798300
2016-01-22,61.230000,62.560001,60.599998,60.980000,48.032444,7815600
2016-01-25,58.959999,59.349998,57.759998,57.910000,45.614277,10971500
2016-01-26,58.400002,59.660000,58.090000,59.160000,46.598869,8141900
2016-01-27,58.430000,59.889999,57.459999,58.320000,45.937218,11013800
2016-01-28,62.009998,62.450001,58.570000,61.080002,48.111214,13567000
2016-01-29,61.689999,62.290001,60.759998,62.240002,49.024914,8221000
2016-02-01,61.970001,63.080002,61.380001,62.700001,49.387249,5955700
2016-02-02,61.279999,61.549999,60.480000,60.669998,47.788261,6282300
2016-02-03,61.470001,63.599998,59.799999,63.270000,49.836216,8332100
2016-02-04,63.599998,66.989998,63.599998,65.959999,51.955074,12598000
2016-02-05,65.669998,66.760002,65.180000,66.120003,52.081104,7463700
2016-02-08,65.419998,65.639999,63.660000,64.580002,50.868088,6315500
2016-02-09,63.900002,64.410004,63.119999,63.930000,50.356083,5638500
2016-02-10,64.269997,64.379997,62.000000,62.139999,48.946144,5955400
2016-02-11,60.910000,62.310001,60.509998,61.410000,48.371147,7055000
2016-02-12,61.990002,63.470001,61.820000,63.150002,49.741703,4297400
2016-02-16,64.160004,65.550003,63.509998,65.209999,51.364311,4819400
2016-02-17,66.000000,67.790001,65.720001,67.260002,52.979042,7373800
2016-02-18,67.150002,67.599998,65.139999,66.120003,52.081104,6175500
2016-02-19,64.919998,65.519997,64.080002,65.419998,51.529713,4994900
2016-02-22,65.419998,67.519997,65.419998,67.309998,53.018425,5787700
2016-02-23,67.110001,67.239998,65.699997,65.779999,51.813290,5599400
2016-02-24,64.699997,65.970001,63.070000,65.879997,51.892048,6439200
2016-02-25,65.889999,66.470001,64.839996,66.470001,52.356781,4277200
2016-02-26,67.389999,68.000000,66.449997,66.870003,52.671844,4149800
2016-02-29,67.139999,68.580002,66.489998,67.699997,53.325611,8643200
2016-03-01,68.440002,69.489998,67.339996,69.089996,54.420506,4451600
2016-03-02,68.750000,69.930000,68.209999,69.379997,54.648903,4801300
2016-03-03,69.620003,72.080002,69.389999,71.750000,56.515713,7172700
2016-03-04,72.089996,73.959999,71.540001,72.839996,57.374268,9521500
2016-03-07,72.800003,75.730003,72.800003,74.769997,58.894470,10740400
2016-03-08,73.779999,74.110001,71.519997,71.730003,56.499973,8748400
2016-03-09,72.330002,72.699997,71.260002,71.870003,56.610222,4907900
2016-03-10,72.029999,72.029999,70.489998,71.360001,56.208508,6352400
2016-03-11,72.360001,73.099998,72.279999,72.800003,57.342758,4787000
2016-03-14,72.730003,73.440002,72.129997,72.730003,57.287640,5060000
2016-03-15,71.440002,72.470001,70.860001,72.440002,57.059200,4674400
2016-03-16,72.589996,74.510002,72.199997,74.339996,58.555798,6641200
2016-03-17,74.199997,76.300003,73.519997,75.900002,59.784561,13316000
2016-03-18,76.080002,76.940002,74.639999,75.470001,59.445881,13750200
2016-03-21,75.529999,76.349998,75.040001,75.889999,59.776714,4315700
2016-03-22,75.589996,76.080002,75.239998,75.550003,59.508877,3625600
2016-03-23,74.970001,75.120003,73.570000,73.680000,58.035923,5352900
2016-03-24,72.930000,75.349998,72.730003,75.290001,59.304070,7036100
2016-03-28,75.150002,75.550003,74.459999,75.320000,59.327698,3425400
2016-03-29,74.970001,76.050003,74.190002,76.010002,59.871189,4085000
2016-03-30,76.940002,77.250000,76.010002,76.510002,60.265045,4886800
2016-03-31,76.300003,77.129997,76.239998,76.540001,60.288689,4348700
2016-04-01,75.650002,76.870003,74.669998,76.790001,60.485603,4878300
2016-04-04,76.559998,77.040001,75.419998,75.720001,59.642796,4349500
2016-04-05,75.320000,75.849998,74.599998,75.239998,59.264687,4386800
2016-04-06,75.519997,75.570000,73.699997,75.220001,59.248943,4929800
2016-04-07,74.489998,74.680000,73.760002,74.169998,58.421886,4800800
2016-04-08,75.029999,75.250000,74.000000,74.349998,58.563652,4911000
2016-04-11,74.610001,75.779999,74.610001,74.629997,58.784199,3904800
2016-04-12,75.059998,76.739998,74.470001,76.099998,59.942081,5129600
2016-04-13,76.870003,79.160004,76.559998,79.129997,62.328762,9365700
2016-04-14,79.440002,79.720001,78.370003,79.050003,62.265736,5372300
2016-04-15,79.379997,79.779999,78.730003,79.169998,62.360256,5508500
2016-04-18,78.470001,79.870003,78.139999,79.250000,62.423264,4822200
2016-04-19,79.989998,80.889999,79.459999,80.389999,63.321194,6283500
2016-04-20,80.250000,80.599998,79.300003,79.739998,62.809238,5356800
2016-04-21,78.750000,79.580002,78.190002,78.660004,62.562679,6509100
2016-04-22,78.930000,79.180000,77.199997,78.320000,62.292259,10099600
2016-04-25,78.500000,78.860001,76.199997,76.790001,61.075359,8079800
2016-04-26,77.150002,77.739998,76.470001,77.650002,61.759350,6085900
2016-04-27,77.980003,78.889999,77.599998,78.680000,62.578587,4459300
2016-04-28,78.029999,79.169998,77.599998,77.750000,61.838909,4844600
2016-04-29,78.019997,79.000000,77.320000,77.720001,61.815044,7702700
2016-05-02,77.349998,78.070000,76.620003,77.839996,61.910477,3330100
2016-05-03,76.849998,77.099998,75.580002,76.360001,60.733341,4790900
2016-05-04,76.180000,76.309998,73.900002,74.239998,59.047203,6938100
2016-05-05,74.150002,74.599998,72.699997,72.790001,57.893940,8071200
2016-05-06,72.160004,73.419998,71.620003,73.360001,58.347286,6942800
2016-05-09,72.330002,72.629997,70.570000,70.779999,56.295250,9405000
2016-05-10,70.779999,72.709999,70.589996,72.510002,57.671238,6507300
2016-05-11,72.849998,73.610001,72.360001,72.430000,57.607616,4691900
2016-05-12,72.919998,73.239998,71.180000,71.699997,57.026978,4526500
2016-05-13,71.629997,71.779999,70.059998,70.070000,55.730560,6417200
2016-05-16,70.389999,71.699997,70.099998,70.699997,56.231636,4515900
2016-05-17,70.699997,72.180000,70.449997,71.050003,56.510025,4841900
2016-05-18,70.620003,71.870003,70.080002,70.589996,56.144161,5166000
2016-05-19,69.930000,70.120003,69.040001,69.430000,55.221542,6137100
2016-05-20,70.000000,70.779999,69.750000,69.870003,55.571495,5731600
2016-05-23,69.800003,70.949997,69.589996,70.400002,55.993046,4002000
2016-05-24,70.779999,71.250000,70.250000,71.089996,56.541828,3872400
2016-05-25,71.629997,72.699997,71.260002,72.570000,57.718971,5035400
2016-05-26,73.239998,73.589996,72.059998,72.080002,57.329239,4146400
2016-05-27,72.150002,72.199997,71.500000,71.959999,57.233772,3002100
2016-05-31,72.029999,73.169998,71.949997,72.510002,57.671238,4072600
2016-06-01,71.980003,72.489998,71.269997,72.269997,57.480339,2699900
2016-06-02,72.599998,73.639999,72.279999,73.620003,58.554100,4615300
2016-06-03,73.650002,75.139999,73.099998,75.040001,59.683491,6619300
2016-06-06,75.360001,76.529999,75.110001,76.419998,60.781067,4775100
2016-06-07,76.529999,77.279999,76.440002,76.809998,61.091267,4235200
2016-06-08,77.500000,78.699997,77.260002,78.110001,62.125198,5987800
2016-06-09,77.389999,77.500000,76.639999,77.160004,61.369652,3784600
2016-06-10,76.320000,76.559998,75.379997,76.029999,60.470890,4879500
2016-06-13,75.699997,76.339996,75.230003,75.230003,59.834602,4086700
2016-06-14,75.059998,75.550003,73.949997,74.860001,59.540333,4058400
2016-06-15,75.190002,75.949997,74.339996,75.070000,59.707340,3802000
2016-06-16,74.410004,75.139999,73.349998,74.989998,59.643711,4064800
2016-06-17,75.349998,76.660004,75.239998,75.930000,60.391384,5442000
2016-06-20,76.910004,77.349998,76.389999,76.430000,60.789036,4090800
2016-06-21,76.449997,76.900002,76.010002,76.489998,60.836754,3292100
2016-06-22,76.889999,77.089996,76.180000,76.430000,60.789036,3056800
2016-06-23,77.660004,78.250000,77.220001,78.220001,62.212700,3600800
2016-06-24,75.199997,75.610001,72.989998,73.029999,58.084820,12179500
2016-06-27,72.500000,72.709999,70.529999,71.379997,56.772476,7337400
2016-06-28,72.239998,72.900002,71.510002,72.519997,57.679199,4743700
2016-06-29,73.250000,74.400002,72.790001,74.230003,59.039253,4015400
2016-06-30,74.169998,75.849998,73.970001,75.809998,60.295879,4695500
2016-07-01,75.379997,76.989998,75.320000,76.449997,60.804943,4630100
2016-07-05,75.660004,75.949997,73.699997,74.379997,59.158554,4776300
2016-07-06,74.589996,74.870003,73.459999,74.830002,59.516449,3740500
2016-07-07,75.070000,75.730003,74.379997,75.050003,59.691452,3080900
2016-07-08,75.919998,77.430000,75.779999,77.370003,61.536659,5491500
2016-07-11,78.000000,78.540001,77.320000,77.800003,61.878681,4511300
2016-07-12,78.720001,79.940002,78.300003,79.800003,63.469364,5545800
2016-07-13,79.980003,80.330002,79.070000,79.690002,63.381886,5162500
2016-07-14,80.500000,81.000000,79.970001,80.059998,63.676159,5441700
2016-07-15,80.489998,80.800003,80.160004,80.699997,64.185196,4642100
2016-07-18,79.879997,79.889999,78.870003,79.820000,64.096870,4136700
2016-07-19,79.339996,79.769997,79.150002,79.739998,64.032631,3308400
2016-07-20,79.449997,79.860001,78.930000,79.690002,63.992470,4185500
2016-07-21,80.449997,81.379997,79.739998,80.010002,64.249435,6472300
2016-07-22,79.779999,79.790001,78.860001,79.379997,63.743542,4133800
2016-07-25,79.150002,79.190002,78.339996,78.690002,63.189453,5798100
2016-07-26,79.040001,83.000000,78.739998,82.750000,66.449692,11007600
2016-07-27,82.720001,84.290001,82.720001,84.099998,67.533768,8460900
2016-07-28,83.699997,83.709999,82.449997,82.919998,66.586227,5065600
2016-07-29,82.800003,83.139999,82.129997,82.760002,66.457748,4274200
2016-08-01,82.760002,82.879997,81.529999,81.949997,65.807297,3377100
2016-08-02,82.000000,82.190002,80.919998,81.239998,65.237144,3909500
2016-08-03,81.150002,82.300003,80.930000,82.029999,65.871513,3101700
2016-08-04,81.820000,82.540001,81.400002,81.769997,65.662750,2407500
2016-08-05,82.220001,82.959999,82.000000,82.559998,66.297134,3286100
2016-08-08,83.000000,83.790001,82.800003,83.440002,67.003792,3544800
2016-08-09,83.519997,83.750000,82.699997,82.830002,66.513954,2314900
2016-08-10,83.309998,83.309998,82.480003,82.650002,66.369408,2290300
2016-08-11,83.000000,83.650002,82.989998,83.239998,66.843193,2229300
2016-08-12,83.260002,83.779999,82.580002,83.000000,66.650475,4342800
2016-08-15,83.000000,84.279999,82.959999,84.150002,67.573929,4056000
2016-08-16,84.209999,84.360001,83.639999,84.290001,67.686356,3161800
2016-08-17,84.410004,84.730003,83.839996,84.410004,67.782738,2983400
2016-08-18,83.410004,83.610001,82.510002,83.379997,66.955620,5003100
2016-08-19,83.059998,84.379997,82.760002,83.839996,67.324989,3823900
2016-08-22,83.620003,83.779999,83.000000,83.589996,67.124237,2885000
2016-08-23,83.980003,84.680000,83.949997,84.010002,67.461525,3178400
2016-08-24,83.410004,84.099998,82.970001,83.150002,66.770927,2200600
2016-08-25,83.070000,83.169998,82.589996,82.839996,66.521988,3082900
2016-08-26,83.209999,83.900002,82.279999,82.660004,66.377426,3596800
2016-08-29,82.510002,83.349998,82.410004,83.099998,66.730743,2253600
2016-08-30,82.860001,83.150002,82.309998,82.480003,66.232903,3468700
2016-08-31,82.059998,82.339996,81.610001,81.949997,65.807297,4041700
2016-09-01,81.589996,82.000000,80.570000,81.449997,65.405807,4102200
2016-09-02,82.190002,82.370003,81.470001,81.690002,65.598511,2449400
2016-09-06,82.010002,82.230003,81.480003,82.080002,65.911697,3071000
2016-09-07,82.500000,83.730003,82.410004,83.720001,67.228622,3996700
2016-09-08,83.500000,83.959999,83.080002,83.540001,67.084084,3400500
2016-09-09,82.889999,83.000000,80.760002,80.790001,64.875778,5311600
2016-09-12,80.269997,82.120003,80.099998,81.919998,65.783180,4110800
2016-09-13,81.099998,81.260002,79.930000,80.230003,64.426109,4740600
2016-09-14,80.379997,81.620003,80.230003,81.019997,65.060501,5324800
2016-09-15,80.830002,82.349998,80.739998,82.029999,65.871513,3499400
2016-09-16,81.620003,82.080002,81.209999,82.050003,65.887604,6715400
2016-09-19,82.180000,82.349998,81.349998,81.879997,65.751083,4351200
2016-09-20,82.459999,82.669998,81.660004,81.699997,65.606560,2774600
2016-09-21,82.300003,83.489998,82.010002,83.470001,67.027847,4264300
2016-09-22,83.970001,84.449997,83.309998,83.500000,67.051964,3925200
2016-09-23,83.510002,83.580002,82.389999,82.440002,66.200790,3031500
2016-09-26,82.199997,82.680000,82.010002,82.370003,66.144554,3340800
2016-09-27,82.190002,82.879997,81.669998,82.879997,66.554092,4295600
2016-09-28,83.250000,86.660004,83.139999,86.589996,69.533295,9497100
2016-09-29,86.279999,88.849998,86.279999,87.470001,70.239960,10616400
2016-09-30,87.989998,88.980003,87.809998,88.769997,71.283867,6379100
2016-10-03,88.230003,89.190002,88.169998,88.279999,70.890388,4294600
2016-10-04,88.500000,88.949997,87.180000,87.510002,70.272087,4743300
2016-10-05,88.120003,89.870003,88.040001,89.419998,71.805832,5189500
2016-10-06,88.959999,89.660004,88.709999,89.290001,71.701454,3786900
2016-10-07,89.519997,89.739998,87.940002,88.470001,71.042969,3774200
2016-10-10,89.099998,89.500000,88.139999,88.220001,70.842224,3785700
2016-10-11,89.099998,89.320000,87.260002,87.470001,70.239960,6471900
2016-10-12,87.500000,87.750000,87.019997,87.580002,70.328300,3950000
2016-10-13,86.900002,87.070000,86.260002,86.970001,69.838432,5677000
2016-10-14,87.830002,88.419998,87.559998,87.669998,70.400551,3601000
2016-10-17,87.379997,87.720001,86.900002,87.290001,70.095421,4479700
2016-10-18,88.110001,88.199997,86.769997,87.220001,70.039177,3715700
2016-10-19,87.309998,88.279999,86.860001,88.000000,70.665550,5943900
2016-10-20,87.059998,87.269997,86.230003,86.629997,70.179489,4576600
2016-10-21,85.730003,86.629997,85.360001,86.330002,69.936462,3592500
2016-10-24,86.120003,87.129997,85.540001,85.989998,69.661011,5096500
2016-10-25,85.860001,87.650002,83.879997,84.480003,68.437759,11639200
2016-10-26,83.809998,84.389999,82.879997,84.129997,68.154213,6582100
2016-10-27,84.279999,84.339996,82.709999,83.010002,67.246902,5003200
2016-10-28,83.320000,84.169998,83.000000,83.879997,67.951660,4974000
2016-10-31,84.190002,84.379997,83.410004,83.459999,67.611435,4679400
2016-11-01,83.470001,83.650002,81.650002,82.239998,66.623123,5139600
2016-11-02,82.150002,82.150002,80.330002,81.110001,65.707710,5228600
2016-11-03,81.639999,81.669998,80.680000,81.269997,65.837311,3859000
2016-11-04,81.339996,82.900002,80.589996,82.309998,66.679817,5745800
2016-11-07,83.739998,84.160004,82.970001,83.750000,67.846382,3786400
2016-11-08,83.769997,85.000000,83.059998,84.680000,68.599777,3407700
2016-11-09,89.779999,93.199997,89.360001,91.199997,73.881676,19281900
2016-11-10,92.040001,94.949997,91.839996,93.449997,75.704422,14174400
2016-11-11,93.389999,94.339996,91.820000,93.010002,75.347961,7369900
2016-11-14,93.250000,95.500000,93.019997,94.169998,76.287697,7552800
2016-11-15,93.459999,94.459999,92.639999,94.440002,76.506416,4645400
2016-11-16,93.769997,94.400002,92.839996,93.349998,75.623398,3297200
2016-11-17,93.500000,93.500000,92.400002,92.779999,75.161629,3942200
2016-11-18,93.010002,93.400002,91.900002,92.339996,74.805191,4715900
2016-11-21,93.129997,93.849998,92.779999,92.900002,75.258858,3783200
2016-11-22,93.400002,93.709999,92.800003,93.620003,75.842133,3172800
2016-11-23,94.809998,96.419998,94.220001,96.180000,77.916016,6535900
2016-11-25,95.959999,96.440002,95.209999,95.809998,77.616272,2006900
2016-11-28,95.510002,95.860001,94.470001,94.900002,76.879059,4916000
2016-11-29,94.000000,94.570000,93.629997,94.040001,76.182365,3806000
2016-11-30,95.750000,95.900002,94.349998,95.559998,77.413712,4641900
2016-12-01,96.000000,97.389999,94.050003,96.239998,77.964615,9361600
2016-12-02,95.360001,96.150002,94.930000,95.139999,77.073479,5038300
2016-12-05,95.870003,95.989998,94.150002,94.449997,76.514511,4980300
2016-12-06,94.099998,95.309998,94.070000,95.220001,77.138298,3663100
2016-12-07,95.250000,97.330002,94.930000,97.330002,78.847626,4901100
2016-12-08,97.260002,97.400002,96.129997,96.269997,77.988907,3861600
2016-12-09,96.230003,96.300003,95.190002,95.529999,77.389427,6550200
2016-12-12,96.010002,96.650002,94.910004,95.080002,77.024872,3596700
2016-12-13,95.739998,96.500000,95.180000,96.019997,77.786385,3803300
2016-12-14,95.769997,96.000000,93.610001,93.739998,75.939354,5647400
2016-12-15,93.800003,94.730003,93.050003,94.529999,76.579330,4200100
2016-12-16,94.349998,94.480003,92.529999,92.580002,74.999626,7872700
2016-12-19,91.930000,92.779999,91.000000,92.709999,75.104965,3856300
2016-12-20,93.639999,94.830002,93.300003,94.339996,76.425415,4302400
2016-12-21,94.260002,94.300003,93.680000,93.820000,76.004158,2829300
2016-12-22,93.779999,94.449997,93.720001,94.120003,76.247200,2534900
2016-12-23,93.790001,94.400002,93.639999,94.320000,76.409203,1545900
2016-12-27,94.339996,94.800003,94.099998,94.550003,76.595512,1735200
2016-12-28,94.599998,94.900002,92.820000,93.150002,75.461411,2700300
2016-12-29,93.279999,93.849998,93.000000,93.290001,75.574806,2387200
2016-12-30,93.040001,93.250000,92.330002,92.739998,75.129250,3471200
2017-01-03,94.000000,95.190002,93.250000,93.989998,76.141891,5054900
2017-01-04,94.459999,94.500000,93.430000,93.570000,75.801636,3772100
2017-01-05,93.180000,94.459999,92.419998,93.000000,75.339859,4698800
2017-01-06,93.449997,93.599998,92.410004,93.040001,75.372276,4023100
2017-01-09,92.930000,93.489998,92.199997,92.370003,74.829506,3095000
2017-01-10,92.980003,94.440002,92.769997,93.830002,76.012268,3980200
2017-01-11,94.470001,94.750000,93.389999,94.650002,76.676537,3720500
2017-01-12,94.370003,94.370003,92.779999,93.989998,76.141891,3102700
2017-01-13,94.070000,94.629997,93.680000,94.480003,76.538803,2609500
2017-01-17,94.239998,94.290001,93.220001,93.570000,75.801636,5040300
2017-01-18,92.790001,93.419998,92.529999,93.330002,76.234535,3425700
2017-01-19,93.580002,93.980003,92.959999,93.379997,76.275352,3540100
2017-01-20,94.010002,95.000000,93.620003,94.580002,77.255562,5045200
2017-01-23,94.599998,94.739998,93.559998,94.459999,77.157555,3254900
2017-01-24,95.019997,96.730003,94.800003,96.239998,78.611496,5768200
2017-01-25,97.820000,98.589996,97.320000,98.150002,80.171654,7557900
2017-01-26,98.449997,98.980003,96.019997,97.220001,79.412010,9097300
2017-01-27,97.690002,99.459999,97.500000,98.989998,80.857788,6371400
2017-01-30,98.400002,98.589996,96.570000,96.790001,79.060760,5221800
2017-01-31,96.589996,96.629997,94.589996,95.660004,78.137756,5724700
2017-02-01,95.809998,96.519997,94.400002,95.110001,77.688492,3582500
2017-02-02,94.769997,95.129997,93.500000,93.769997,76.593933,3807500
2017-02-03,94.320000,94.449997,92.809998,93.279999,76.193741,4677900
2017-02-06,92.809998,93.120003,92.430000,92.870003,75.858803,4621300
2017-02-07,94.320000,94.919998,93.019997,93.309998,76.218208,4995600
2017-02-08,93.000000,93.000000,92.110001,92.910004,75.891479,4083500
2017-02-09,93.059998,94.180000,92.690002,93.959999,76.749161,3994300
2017-02-10,94.870003,96.620003,94.500000,96.309998,78.668686,5600200
2017-02-13,97.690002,99.050003,97.160004,98.500000,80.457535,6995100
2017-02-14,98.290001,98.739998,97.260002,98.089996,80.122643,4342600
2017-02-15,98.110001,99.019997,98.000000,99.019997,80.882294,4326000
2017-02-16,99.050003,99.070000,97.800003,98.260002,80.261497,3062400
2017-02-17,98.070000,98.949997,97.540001,98.849998,80.743439,3631500
2017-02-21,98.870003,99.199997,97.919998,98.099998,80.130829,3916600
2017-02-22,98.040001,98.730003,97.620003,98.199997,80.212479,3031100
2017-02-23,98.440002,98.500000,95.120003,95.550003,78.047882,6024800
2017-02-24,94.860001,95.500000,93.500000,95.480003,77.990715,5018200
2017-02-27,95.480003,97.519997,95.120003,97.440002,79.591705,5445000
2017-02-28,97.239998,97.599998,96.440002,96.660004,78.954590,3951700
2017-03-01,98.199997,98.970001,97.430000,98.580002,80.522881,5564900
2017-03-02,98.489998,98.730003,92.839996,94.360001,77.075859,23059200
2017-03-03,94.360001,95.900002,94.209999,95.120003,77.696663,8163300
2017-03-06,94.320000,95.940002,94.099998,95.660004,78.137756,4706100
2017-03-07,95.650002,96.230003,94.760002,95.930000,78.358299,4683100
2017-03-08,94.099998,95.480003,92.860001,93.230003,76.152855,9370400
2017-03-09,92.449997,93.220001,90.410004,91.389999,74.649895,9260900
2017-03-10,91.889999,93.099998,90.809998,92.309998,75.401390,7169000
2017-03-13,93.330002,93.529999,92.260002,92.639999,75.670921,4376100
2017-03-14,91.220001,92.000000,90.620003,91.860001,75.033798,5781100
2017-03-15,92.370003,93.790001,92.059998,93.360001,76.259041,6434600
2017-03-16,93.970001,94.089996,92.639999,92.849998,75.842484,3717900
2017-03-17,92.989998,93.320000,92.650002,92.910004,75.891479,7141400
2017-03-20,93.129997,95.480003,92.889999,95.400002,77.925369,6516200
2017-03-21,95.379997,95.389999,92.089996,92.430000,75.499405,7720200
2017-03-22,92.000000,93.129997,91.720001,92.430000,75.499405,5035600
2017-03-23,92.449997,93.000000,91.959999,92.230003,75.336052,2585700
2017-03-24,92.239998,93.239998,91.559998,92.150002,75.270668,3634600
2017-03-27,90.900002,91.970001,90.339996,91.510002,74.747910,3425700
2017-03-28,91.559998,93.160004,91.510002,92.949997,75.924118,3866100
2017-03-29,92.760002,93.250000,92.400002,92.860001,75.850632,2513700
2017-03-30,92.980003,93.370003,92.400002,93.220001,76.144707,3672600
2017-03-31,92.629997,93.239998,92.019997,92.760002,75.768951,4020600
2017-04-03,92.430000,92.839996,91.000000,92.269997,75.368675,3685800
2017-04-04,93.889999,94.779999,93.059998,94.129997,76.888000,5797500
2017-04-05,94.919998,96.730003,93.959999,94.239998,76.977867,6061300
2017-04-06,94.419998,96.419998,94.260002,95.820000,78.268448,5421600
2017-04-07,95.870003,96.620003,95.419998,95.519997,78.023399,4463800
2017-04-10,96.309998,97.889999,96.099998,97.139999,79.346672,5168300
2017-04-11,97.300003,97.309998,95.669998,97.099998,79.313988,4250400
2017-04-12,96.690002,96.769997,94.660004,94.860001,77.484306,4773900
2017-04-13,94.599998,94.860001,93.089996,93.099998,76.046669,4706000
2017-04-17,93.690002,94.349998,93.489998,94.139999,76.896187,3719100
2017-04-18,93.500000,94.540001,93.120003,94.389999,77.100388,3310400
2017-04-19,94.860001,95.970001,93.290001,93.470001,76.348923,5550400
2017-04-20,93.279999,94.959999,92.980003,94.660004,77.963181,4852500
2017-04-21,95.190002,95.250000,93.809998,94.320000,77.683159,4128700
2017-04-24,95.839996,97.059998,95.800003,96.809998,79.733932,6739400
2017-04-25,102.879997,104.889999,102.000000,104.419998,86.001625,18383500
2017-04-26,103.800003,105.980003,103.639999,104.660004,86.199310,9856100
2017-04-27,104.050003,104.239998,102.559998,102.680000,84.568550,6727400
2017-04-28,102.830002,103.529999,102.230003,102.260002,84.222656,4016000
2017-05-01,102.650002,102.989998,101.410004,102.000000,84.008514,4512100
2017-05-02,102.269997,102.709999,101.250000,101.510002,83.604935,4516400
2017-05-03,101.040001,102.169998,100.779999,101.540001,83.629639,4278400
2017-05-04,101.440002,101.500000,98.639999,99.389999,81.858894,7271600
2017-05-05,99.500000,99.989998,99.019997,99.639999,82.064766,4086800
2017-05-08,99.480003,100.099998,98.940002,99.370003,81.842415,5094600
2017-05-09,99.720001,100.209999,99.250000,99.290001,81.776527,9742000
2017-05-10,99.720001,100.709999,99.300003,100.360001,82.657761,4696700
2017-05-11,101.900002,101.919998,100.150002,100.989998,83.176628,5220300
2017-05-12,100.589996,100.949997,100.169998,100.709999,82.946060,4112000
2017-05-15,101.589996,102.559998,101.410004,102.419998,84.354431,3756100
2017-05-16,102.750000,102.800003,101.269997,102.339996,84.288528,3115900
2017-05-17,102.339996,102.339996,99.889999,100.139999,82.476578,4618500
2017-05-18,99.139999,100.669998,97.739998,100.220001,82.542450,5931500
2017-05-19,101.570000,102.860001,101.269997,102.430000,84.362656,4636500
2017-05-22,102.669998,103.050003,101.809998,102.290001,84.247337,4376300
2017-05-23,102.300003,103.750000,102.059998,103.629997,85.350990,3327200
2017-05-24,103.330002,104.910004,103.150002,103.949997,85.614540,5170900
2017-05-25,104.449997,105.940002,104.239998,105.019997,86.495789,5220000
2017-05-26,105.000000,105.709999,104.620003,105.660004,87.022926,2894100
2017-05-30,105.260002,105.860001,105.010002,105.470001,86.866432,3211700
2017-05-31,105.250000,105.760002,103.599998,105.430000,86.833488,4131400
2017-06-01,105.769997,106.430000,105.160004,105.650002,87.014694,4211300
2017-06-02,105.669998,106.760002,105.180000,105.949997,87.261772,3702800
2017-06-05,105.580002,107.169998,105.139999,105.199997,86.644043,4319500
2017-06-06,104.790001,105.519997,104.059998,104.550003,86.108727,3800200
2017-06-07,104.300003,104.690002,102.449997,103.510002,85.252151,5121700
2017-06-08,103.510002,105.389999,103.510002,105.010002,86.487564,4649300
2017-06-09,105.089996,107.019997,105.029999,105.919998,87.237061,3881000
2017-06-12,105.919998,106.349998,104.900002,106.070000,87.360611,4167400
2017-06-13,106.180000,106.660004,105.510002,105.750000,87.097046,3522700
2017-06-14,105.800003,105.989998,103.989998,104.709999,86.240494,4100200
2017-06-15,103.800003,106.639999,103.800003,106.400002,87.632378,5974100
2017-06-16,106.760002,107.910004,106.400002,107.599998,88.620720,7350400
2017-06-19,107.949997,108.040001,106.669998,107.489998,88.530128,4347600
2017-06-20,108.059998,108.180000,106.919998,107.040001,88.159500,5314100
2017-06-21,106.629997,106.760002,103.150002,103.470001,85.219215,6274100
2017-06-22,103.570000,104.660004,103.489998,103.839996,85.523941,3652500
2017-06-23,102.500000,104.269997,102.300003,104.110001,85.746300,12089800
2017-06-26,104.660004,105.629997,103.440002,104.250000,85.861626,2857700
2017-06-27,104.500000,105.230003,103.690002,103.930000,85.598076,3380700
2017-06-28,104.849998,106.629997,104.760002,106.449997,87.673569,4118300
2017-06-29,106.449997,106.970001,104.809998,105.639999,87.006439,3550000
2017-06-30,106.099998,108.040001,105.830002,107.459999,88.505432,4702100
2017-07-03,106.510002,107.839996,106.480003,106.970001,88.101860,2404900
2017-07-05,107.000000,107.879997,106.650002,107.489998,88.530128,3483600
2017-07-06,107.230003,107.889999,106.300003,106.510002,87.722992,2921700
2017-07-07,106.610001,107.580002,105.849998,106.919998,88.060669,2767900
2017-07-10,106.730003,108.489998,106.239998,107.839996,88.818375,2951500
2017-07-11,107.910004,108.470001,107.050003,108.239998,89.147850,2559900
2017-07-12,108.919998,110.000000,108.839996,108.959999,89.740875,3611600
2017-07-13,108.889999,109.250000,107.970001,108.470001,89.337273,3051100
2017-07-14,108.550003,109.360001,108.050003,108.769997,89.584328,4480200
2017-07-17,108.000000,109.379997,107.980003,108.839996,89.642021,2969500
2017-07-18,108.220001,108.220001,106.570000,107.070000,88.820732,3984400
2017-07-19,107.300003,108.000000,107.139999,107.849998,89.467796,2857900
2017-07-20,107.879997,108.150002,107.059998,107.320000,89.028152,3759700
2017-07-21,106.709999,106.949997,105.110001,106.589996,88.422569,4258100
2017-07-24,107.860001,108.500000,107.290001,108.180000,89.741539,5980400
2017-07-25,113.239998,114.889999,111.800003,114.540001,95.017570,14264600
2017-07-26,114.250000,114.540001,113.080002,113.519997,94.171394,5741200
2017-07-27,113.720001,114.389999,113.250000,114.370003,94.876518,5583500
2017-07-28,114.449997,114.900002,113.480003,114.099998,94.652542,4704500
2017-07-31,114.500000,114.660004,113.690002,113.949997,94.528107,4477200
2017-08-01,114.269997,114.430000,112.519997,113.099998,93.822952,3683700
2017-08-02,113.150002,113.580002,112.089996,113.089996,93.814697,2830600
2017-08-03,112.849998,113.720001,112.849998,113.559998,94.204590,2438900
2017-08-04,113.879997,114.639999,113.449997,114.349998,94.859932,2631900
2017-08-07,114.480003,114.989998,114.300003,114.709999,95.158585,2269400
2017-08-08,114.589996,115.250000,114.190002,114.410004,94.909698,2601200
2017-08-09,114.389999,115.459999,114.110001,114.339996,94.851631,3170100
2017-08-10,113.889999,114.129997,112.860001,113.150002,93.864456,3186700
2017-08-11,113.070000,113.669998,112.750000,112.849998,93.615593,2130300
2017-08-14,113.459999,114.370003,113.269997,113.709999,94.329018,1968900
2017-08-15,114.000000,114.230003,113.320000,113.650002,94.279236,2826800
2017-08-16,113.809998,114.510002,113.629997,114.120003,94.669121,2268600
2017-08-17,114.000000,114.370003,113.139999,113.139999,93.856155,2905100
2017-08-18,112.989998,114.639999,112.690002,113.919998,94.503227,3875700
2017-08-21,113.750000,114.089996,113.269997,113.599998,94.237747,3137400
2017-08-22,114.209999,115.860001,114.000000,115.820000,96.079384,3881100
2017-08-23,115.000000,115.379997,114.750000,114.750000,95.191742,2447600
2017-08-24,115.000000,115.050003,114.389999,114.779999,95.216621,1861200
2017-08-25,115.470001,116.639999,115.150002,115.349998,95.689484,3282200
2017-08-28,115.760002,116.059998,114.660004,115.070000,95.457207,2011000
2017-08-29,114.379997,116.599998,114.300003,116.010002,96.236984,4355700
2017-08-30,116.120003,117.690002,115.879997,117.550003,97.514519,3401000
2017-08-31,117.949997,118.830002,117.349998,117.489998,97.464745,3357700
2017-09-01,117.489998,118.820000,117.400002,118.279999,98.120071,2992200
2017-09-05,118.139999,119.129997,117.820000,118.300003,98.136665,3826800
2017-09-06,118.750000,119.190002,116.980003,116.980003,97.041664,4292600
2017-09-07,117.379997,117.930000,116.500000,117.769997,97.697006,3270100
2017-09-08,117.230003,118.849998,117.000000,117.820000,97.738510,2787000
2017-09-11,118.820000,118.919998,117.470001,118.870003,98.609528,3527500
2017-09-12,119.190002,121.389999,119.059998,120.940002,100.326721,5554000
2017-09-13,120.500000,121.000000,119.410004,119.629997,99.240005,2532200
2017-09-14,119.790001,120.790001,119.209999,120.480003,99.945107,2904900
2017-09-15,121.010002,121.570000,120.309998,121.370003,100.683441,4610100
2017-09-18,123.620003,124.430000,122.849998,123.830002,102.724144,4349000
2017-09-19,123.959999,124.930000,123.760002,124.739998,103.479042,3050000
2017-09-20,124.970001,125.279999,124.180000,124.849998,103.570274,3151600
2017-09-21,124.519997,125.040001,123.820000,124.790001,103.520515,2615400
2017-09-22,124.580002,125.419998,124.349998,124.430000,103.221870,2616700
2017-09-25,124.370003,124.779999,123.650002,124.320000,103.130608,3268500
2017-09-26,124.699997,125.070000,124.320000,124.510002,103.288216,2301900
2017-09-27,125.209999,125.419998,124.339996,124.519997,103.296524,2140600
2017-09-28,123.910004,125.279999,123.620003,125.230003,103.885529,2067800
2017-09-29,125.349998,125.550003,124.510002,124.709999,103.454163,2273500
2017-10-02,124.400002,124.830002,123.949997,124.720001,103.462448,2502600
2017-10-03,124.980003,125.529999,124.349998,125.510002,104.117790,2166100
2017-10-04,125.690002,127.089996,125.599998,126.739998,105.138138,2792300
2017-10-05,126.800003,126.910004,126.010002,126.400002,104.856102,2496200
2017-10-06,126.120003,126.989998,125.980003,126.930000,105.295776,2697400
2017-10-09,126.919998,126.930000,125.940002,126.879997,105.254311,1979600
2017-10-10,127.519997,128.289993,127.269997,128.190002,106.341003,4414300
2017-10-11,128.169998,128.850006,127.669998,128.600006,106.681145,2177800
2017-10-12,128.399994,130.160004,128.380005,129.990005,107.834198,3372300
2017-10-13,131.000000,131.410004,129.199997,130.710007,108.431519,3478200
2017-10-16,131.250000,132.119995,130.940002,131.470001,109.061958,2914200
2017-10-17,131.139999,131.470001,130.320007,130.539993,108.290474,2380300
2017-10-18,130.500000,131.649994,130.500000,131.289993,108.912628,2511400
2017-10-19,131.000000,131.630005,129.399994,131.550003,109.128326,4837600
2017-10-20,131.339996,131.910004,130.479996,131.360001,109.620644,3086800
2017-10-23,131.949997,132.339996,131.160004,131.679993,109.887695,5549500
2017-10-24,140.059998,140.440002,136.630005,138.240005,115.362099,18886700
2017-10-25,137.210007,137.830002,134.789993,136.839996,114.193733,7438600
2017-10-26,136.880005,138.240005,136.850006,136.940002,114.277229,5745400
2017-10-27,136.919998,138.399994,136.899994,137.809998,115.003250,4064600
2017-10-30,137.300003,137.809998,136.479996,136.490005,113.901703,3044500
2017-10-31,136.500000,136.619995,135.080002,135.800003,113.325905,3988300
2017-11-01,135.669998,137.300003,135.429993,136.289993,113.734779,3629000
2017-11-02,136.419998,136.990005,135.690002,136.470001,113.885040,2722600
2017-11-03,136.479996,136.949997,136.360001,136.630005,114.018524,2105400
2017-11-06,136.800003,138.449997,136.789993,137.710007,114.919800,2780900
2017-11-07,137.800003,138.899994,136.660004,138.809998,115.837715,3222100
2017-11-08,138.399994,138.750000,137.179993,137.289993,114.569275,1933300
2017-11-09,136.440002,136.750000,134.649994,135.339996,112.942001,2940300
2017-11-10,135.089996,136.889999,135.070007,136.479996,113.893349,2016900
2017-11-13,135.529999,136.550003,134.869995,136.529999,113.935097,1894100
2017-11-14,138.000000,138.119995,136.470001,137.539993,114.777908,3041300
2017-11-15,136.479996,136.759995,133.809998,134.100006,111.907219,3746200
2017-11-16,135.470001,137.410004,135.100006,136.360001,113.793236,2812900
2017-11-17,135.800003,136.360001,135.020004,136.130005,113.601280,2312700
2017-11-20,136.440002,137.809998,136.250000,136.910004,114.252182,2124000
2017-11-21,137.770004,138.000000,137.169998,137.600006,114.828003,2221400
2017-11-22,138.220001,138.419998,137.199997,138.009995,115.170143,4887500
2017-11-24,138.100006,138.419998,137.339996,137.389999,114.652802,944400
2017-11-27,137.470001,138.270004,136.889999,137.190002,114.485832,2585400
2017-11-28,137.509995,139.000000,137.270004,138.990005,115.987968,2592700
2017-11-29,138.169998,139.210007,137.199997,138.059998,115.211845,3098200
2017-11-30,138.899994,141.330002,137.110001,141.149994,117.790482,7507800
2017-12-01,141.600006,142.399994,138.380005,141.520004,118.099243,5481600
2017-12-04,144.250000,145.190002,141.440002,141.500000,118.082558,4922300
2017-12-05,141.750000,142.190002,139.729996,140.139999,116.947662,3884100
2017-12-06,140.149994,141.139999,139.500000,140.339996,117.114532,2881400
2017-12-07,139.779999,143.000000,139.190002,142.889999,119.242531,2977100
2017-12-08,143.869995,144.320007,142.929993,143.860001,120.052025,2490100
2017-12-11,144.630005,144.710007,143.479996,143.770004,119.976898,1913500
2017-12-12,144.039993,144.800003,143.210007,143.419998,119.684814,3397100
2017-12-13,144.179993,149.050003,144.070007,148.570007,123.982544,6486500
2017-12-14,148.850006,149.000000,145.880005,146.279999,122.071564,4616900
2017-12-15,147.350006,147.839996,145.490005,146.690002,122.413628,7931700
2017-12-18,147.750000,149.809998,146.800003,149.770004,124.983932,3534800
2017-12-19,149.899994,151.089996,148.529999,150.910004,125.935249,3554100
2017-12-20,151.929993,152.600006,150.699997,152.520004,127.278793,3076000
2017-12-21,152.690002,155.100006,151.809998,154.639999,129.047958,4017400
2017-12-22,154.770004,155.800003,153.949997,155.750000,129.974243,2486400
2017-12-26,156.039993,156.979996,155.660004,156.440002,130.550079,1870600
2017-12-27,156.940002,157.690002,156.309998,157.520004,131.451309,2520500
2017-12-28,157.940002,158.649994,157.229996,158.419998,132.202408,4064000
2017-12-29,158.050003,158.500000,157.509995,157.580002,131.501419,2616100
2018-01-02,158.300003,159.389999,156.029999,157.039993,131.050751,5108400
2018-01-03,157.039993,157.490005,155.399994,157.279999,131.251083,4146100
2018-01-04,157.889999,159.580002,157.020004,159.440002,133.053635,4865800
2018-01-05,160.259995,162.050003,159.639999,161.960007,135.156586,3945400
2018-01-08,164.110001,166.429993,162.550003,166.029999,138.552994,5929200
2018-01-09,166.330002,167.410004,165.089996,166.429993,138.886765,4522900
2018-01-10,165.899994,167.529999,164.500000,165.869995,138.419464,5478600
2018-01-11,166.899994,169.529999,165.639999,169.199997,141.198395,4199000
2018-01-12,169.990005,170.669998,169.229996,170.300003,142.116318,4127900
2018-01-16,172.899994,173.240005,167.570007,169.309998,141.290207,8530600
2018-01-17,169.320007,170.110001,168.500000,168.500000,140.614212,5571400
2018-01-18,169.330002,170.759995,168.089996,168.830002,140.889618,4668800
2018-01-19,169.630005,170.449997,168.610001,170.410004,142.868179,5796700
2018-01-22,170.320007,170.910004,168.479996,170.889999,143.270569,3540900
2018-01-23,172.000000,172.050003,169.199997,169.429993,142.046524,5036500
2018-01-24,171.399994,172.449997,167.669998,168.339996,141.132736,8241000
2018-01-25,173.100006,173.100006,162.460007,169.369995,141.996307,16937100
2018-01-26,168.809998,169.000000,164.550003,167.059998,140.059616,9045300
2018-01-29,165.580002,165.880005,159.419998,162.580002,136.303665,9496800
2018-01-30,160.330002,164.710007,159.809998,163.759995,137.292969,8694800
2018-01-31,164.699997,165.789993,161.889999,162.779999,136.471359,7014000
2018-02-01,161.240005,163.740005,160.179993,162.240005,136.018631,4323600
2018-02-02,160.770004,160.800003,156.529999,157.490005,132.036407,7602800
2018-02-05,154.929993,158.929993,142.850006,151.080002,126.662331,11390500
2018-02-06,148.070007,156.559998,146.809998,156.410004,131.130844,13908700
2018-02-07,155.360001,158.089996,154.279999,154.339996,129.395447,7156500
2018-02-08,153.850006,154.190002,145.919998,145.990005,122.394997,9101900
2018-02-09,148.710007,150.889999,142.880005,149.210007,125.094589,9528100
2018-02-12,151.869995,153.449997,150.250000,152.289993,127.676765,5756800
2018-02-13,151.250000,155.199997,151.000000,153.970001,129.085266,5512100
2018-02-14,152.389999,158.589996,152.339996,158.059998,132.514236,5560100
2018-02-15,159.800003,160.339996,157.479996,159.979996,134.123886,4914500
2018-02-16,160.130005,161.000000,156.089996,156.289993,131.030258,5991600
2018-02-20,155.169998,158.250000,154.270004,155.559998,130.418213,5094600
2018-02-21,155.699997,158.399994,155.039993,155.229996,130.141556,4179400
2018-02-22,156.410004,159.779999,156.199997,158.860001,133.184906,4723300
2018-02-23,159.399994,162.479996,159.220001,162.410004,136.161148,4450800
2018-02-26,163.050003,164.050003,161.550003,163.690002,137.234283,6254400
2018-02-27,163.259995,164.600006,161.240005,161.259995,135.197021,4127700
2018-02-28,161.500000,162.339996,154.169998,154.630005,129.638580,7298600
2018-03-01,153.669998,156.190002,148.509995,150.229996,125.949699,9434800
2018-03-02,149.130005,149.880005,145.860001,146.380005,122.721947,9509400
2018-03-05,145.149994,151.860001,144.009995,151.119995,126.695869,8453000
2018-03-06,152.639999,154.979996,151.669998,153.750000,128.900757,5795600
2018-03-07,150.000000,152.270004,148.809998,151.509995,127.022835,5491000
2018-03-08,151.729996,153.970001,150.289993,153.589996,128.766678,4105000
2018-03-09,155.119995,158.419998,154.330002,158.250000,132.673508,4576700
2018-03-12,158.240005,159.339996,153.850006,154.500000,129.529602,4880400
2018-03-13,156.300003,157.869995,153.199997,153.690002,128.850494,4819100
2018-03-14,154.800003,155.250000,151.309998,152.539993,127.886345,4873600
2018-03-15,153.179993,155.589996,151.649994,154.570007,129.588257,5268800
2018-03-16,154.320007,157.449997,153.309998,156.460007,131.172760,10897600
2018-03-19,154.240005,154.830002,150.820007,152.149994,127.559425,5479200
2018-03-20,153.000000,155.199997,152.539993,154.059998,129.160660,3557600
2018-03-21,154.160004,157.279999,153.210007,155.800003,130.619492,3887400
2018-03-22,152.869995,153.500000,146.250000,146.899994,123.157883,8225600
2018-03-23,147.699997,148.570007,143.789993,144.289993,120.969734,6533100
2018-03-26,147.820007,149.559998,145.259995,149.190002,125.077759,5454900
2018-03-27,149.899994,151.119995,145.789993,146.990005,123.233360,4915300
2018-03-28,146.990005,148.240005,143.630005,145.160004,121.699089,4933900
2018-03-29,146.210007,148.770004,145.570007,147.380005,123.560333,4209400
2018-04-02,146.440002,147.350006,141.759995,143.889999,120.634361,5397500
2018-04-03,144.800003,145.649994,142.380005,145.059998,121.615311,4845700
2018-04-04,139.880005,145.460007,138.050003,145.179993,121.715843,6188200
2018-04-05,146.509995,148.880005,146.470001,148.130005,124.189079,4584800
2018-04-06,145.770004,147.000000,140.820007,142.990005,119.879852,5707400
2018-04-09,144.800003,146.789993,142.800003,143.080002,119.955276,4050800
2018-04-10,146.750000,149.009995,145.619995,148.089996,124.155579,3991600
2018-04-11,146.679993,148.350006,146.320007,146.789993,123.065651,3218900
2018-04-12,147.639999,151.160004,147.639999,150.139999,125.874245,3958000
2018-04-13,151.750000,152.910004,148.990005,150.229996,125.949699,3603200
2018-04-16,151.740005,153.419998,150.279999,152.139999,127.550987,3055600
2018-04-17,153.339996,155.539993,153.009995,153.309998,128.531906,3817200
2018-04-18,155.190002,157.119995,154.570007,155.949997,130.745224,3087100
2018-04-19,155.389999,156.320007,153.960007,155.699997,130.535629,4013200
2018-04-20,155.250000,156.139999,152.369995,153.250000,129.128494,4057800
2018-04-23,154.649994,155.740005,152.179993,153.990005,129.751968,5350300
2018-04-24,159.750000,161.100006,143.360001,144.440002,121.705162,24122300
2018-04-25,143.830002,147.600006,142.160004,145.190002,122.337120,9963700
2018-04-26,145.320007,147.399994,144.009995,146.309998,123.280838,6558900
2018-04-27,145.669998,146.600006,144.160004,144.720001,121.941101,3860600
2018-04-30,145.210007,146.199997,143.600006,144.360001,121.637764,4764800
2018-05-01,143.080002,144.429993,140.300003,144.419998,121.688362,5004400
2018-05-02,143.990005,146.649994,143.479996,143.860001,121.216476,4637600
2018-05-03,141.690002,145.149994,138.149994,143.779999,121.149048,7703200
2018-05-04,142.240005,147.190002,141.050003,146.369995,123.331383,4678400
2018-05-07,148.179993,151.460007,148.000000,149.820007,126.238373,6844600
2018-05-08,150.649994,151.070007,148.570007,149.929993,126.331032,3853600
2018-05-09,150.750000,153.350006,150.500000,152.610001,128.589233,4668200
2018-05-10,153.199997,155.440002,152.809998,153.970001,129.735199,3911000
2018-05-11,154.250000,156.740005,153.770004,154.860001,130.485046,3507900
2018-05-14,155.610001,156.399994,154.389999,155.279999,130.838959,3563900
2018-05-15,153.820007,154.399994,151.710007,152.589996,128.572357,4127200
2018-05-16,152.550003,153.869995,152.350006,153.800003,129.591904,2693400
2018-05-17,153.699997,155.250000,152.759995,153.690002,129.499222,2885800
2018-05-18,154.149994,156.839996,154.009995,155.710007,131.201263,3889300
2018-05-21,159.259995,161.600006,158.699997,158.919998,133.906082,5849700
2018-05-22,159.029999,159.350006,156.139999,156.199997,131.614151,3512400
2018-05-23,154.649994,158.000000,153.720001,157.740005,132.911789,4010000
2018-05-24,157.210007,158.399994,156.029999,157.699997,132.878052,2891000
2018-05-25,156.919998,157.570007,155.229996,155.850006,131.319260,2359700
2018-05-29,154.259995,155.720001,152.639999,153.619995,129.440262,3795800
2018-05-30,154.600006,155.979996,153.839996,155.460007,130.990662,2688200
2018-05-31,155.300003,155.309998,151.500000,151.910004,127.999397,4546000
2018-06-01,153.300003,154.190002,152.259995,153.520004,129.355988,2755500
2018-06-04,154.789993,154.929993,152.080002,152.500000,128.496521,2470900
2018-06-05,152.399994,153.100006,152.020004,153.009995,128.926270,2916600
2018-06-06,153.649994,156.539993,153.009995,156.509995,131.875320,3689300
2018-06-07,157.110001,157.929993,155.529999,156.289993,131.689987,3149100
2018-06-08,156.190002,156.649994,155.039993,155.320007,130.872635,3254100
2018-06-11,155.190002,157.080002,154.720001,156.300003,131.698441,2758300
2018-06-12,156.449997,159.190002,156.389999,157.490005,132.701157,2595600
2018-06-13,157.179993,157.350006,154.509995,154.710007,130.358658,4189300
2018-06-14,155.699997,157.360001,152.759995,153.139999,129.035782,3967600
2018-06-15,150.850006,151.000000,148.429993,150.020004,126.406906,8852500
2018-06-18,148.419998,149.460007,147.720001,148.679993,125.277786,3651600
2018-06-19,146.000000,146.300003,142.320007,143.300003,120.744606,6792000
2018-06-20,144.220001,144.690002,141.820007,143.130005,120.601402,4128300
2018-06-21,142.250000,142.389999,139.119995,139.529999,117.568008,5914900
2018-06-22,140.899994,142.500000,139.770004,139.940002,117.913452,5114700
2018-06-25,138.860001,138.979996,135.179993,136.580002,115.082329,6078200
2018-06-26,136.750000,137.330002,135.279999,135.539993,114.206039,4285300
2018-06-27,136.770004,139.460007,134.580002,134.610001,113.422432,5665000
2018-06-28,134.179993,136.720001,132.679993,136.029999,114.618912,4215900
2018-06-29,136.610001,137.850006,135.580002,135.669998,114.315598,4107900
2018-07-02,133.800003,136.429993,133.199997,136.289993,114.837975,3172600
2018-07-03,137.000000,137.350006,133.330002,133.830002,112.765175,1837400
2018-07-05,135.009995,136.089996,134.089996,135.809998,114.433548,3366300
2018-07-06,135.110001,135.860001,133.320007,135.410004,114.096497,3179600
2018-07-09,136.220001,141.050003,136.100006,140.970001,118.781403,5562300
2018-07-10,141.610001,141.860001,140.139999,141.250000,119.017288,3761700
2018-07-11,138.130005,139.389999,135.839996,136.759995,115.233971,5231700
2018-07-12,138.500000,139.729996,136.830002,139.419998,117.475311,4250800
2018-07-13,139.539993,141.250000,139.070007,140.750000,118.596024,2838700
2018-07-16,140.880005,140.880005,137.899994,138.080002,116.346283,3723100
2018-07-17,136.979996,139.330002,136.529999,138.949997,117.079300,3306000
2018-07-18,139.000000,141.500000,138.330002,141.119995,118.907730,4394800
2018-07-19,139.570007,140.539993,139.050003,139.419998,118.195602,3576700
2018-07-20,138.360001,138.580002,136.639999,136.820007,115.991402,5247000
2018-07-23,136.619995,136.800003,135.600006,136.279999,115.533669,3542300
2018-07-24,138.899994,140.600006,137.360001,137.970001,116.966393,5064700
2018-07-25,138.000000,141.050003,136.669998,140.479996,119.094246,5041800
2018-07-26,140.750000,143.550003,140.070007,142.580002,120.874588,5385600
2018-07-27,143.949997,143.949997,140.779999,142.559998,120.857597,4649400
2018-07-30,145.710007,146.699997,139.059998,139.750000,118.475365,13837700
2018-07-31,141.970001,144.779999,140.169998,143.800003,121.908791,7608700
2018-08-01,142.970001,143.070007,138.110001,138.539993,117.449570,6364500
2018-08-02,137.070007,138.710007,135.690002,138.009995,117.000267,4195000
2018-08-03,138.199997,138.600006,137.070007,138.509995,117.424149,3594100
2018-08-06,138.520004,140.669998,137.970001,139.479996,118.246490,3125200
2018-08-07,140.610001,143.320007,140.300003,142.380005,120.705017,4813000
2018-08-08,142.320007,142.399994,139.259995,139.710007,118.441490,3435100
2018-08-09,140.100006,140.899994,138.250000,138.520004,117.432640,3338500
2018-08-10,137.520004,137.520004,134.729996,135.919998,115.228447,6268600
2018-08-13,135.919998,136.729996,134.720001,135.020004,114.465439,3879400
2018-08-14,135.600006,136.449997,134.669998,134.919998,114.380676,3537900
2018-08-15,133.250000,133.250000,129.429993,132.020004,111.922173,5682200
2018-08-16,133.720001,136.550003,133.649994,136.259995,115.516685,5539400
2018-08-17,135.649994,140.210007,135.440002,139.339996,118.127800,6611700
2018-08-20,139.820007,140.550003,138.559998,138.669998,117.559822,3311100
2018-08-21,139.070007,140.960007,139.070007,139.990005,118.678841,3021400
2018-08-22,140.320007,140.699997,139.360001,139.630005,118.373688,2209500
2018-08-23,139.050003,139.169998,136.419998,136.789993,115.965981,3905300
2018-08-24,137.820007,138.550003,136.889999,138.210007,117.169861,2565400
2018-08-27,139.399994,142.380005,139.300003,142.039993,120.416794,4770900
2018-08-28,143.419998,143.770004,141.490005,142.000000,120.382866,3234000
2018-08-29,142.429993,142.589996,141.289993,141.860001,120.264175,3369900
2018-08-30,141.029999,141.470001,138.449997,139.059998,117.890381,4773300
2018-08-31,138.520004,140.220001,138.380005,138.850006,117.712410,4552200
2018-09-04,137.860001,139.000000,136.929993,138.240005,117.195267,3955600
2018-09-05,138.330002,141.100006,137.679993,140.589996,119.187515,4579400
2018-09-06,140.339996,141.869995,140.059998,141.570007,120.018333,4588100
2018-09-07,140.729996,142.139999,140.050003,141.320007,119.806389,4173400
2018-09-10,141.770004,142.509995,141.690002,142.050003,120.425262,3069100
2018-09-11,140.610001,142.449997,140.369995,142.029999,120.408257,2583200
2018-09-12,141.580002,144.750000,140.619995,144.279999,122.315765,5630600
2018-09-13,145.050003,146.460007,144.520004,145.539993,123.383972,3670700
2018-09-14,145.630005,147.199997,143.229996,144.899994,122.841393,4699600
2018-09-17,144.850006,148.059998,144.550003,146.220001,123.960449,3827100
2018-09-18,147.000000,149.279999,146.270004,149.070007,126.376602,4496400
2018-09-19,149.759995,153.110001,149.369995,152.759995,129.504822,6000100
2018-09-20,155.410004,157.720001,154.460007,156.000000,132.251572,6774100
2018-09-21,156.630005,157.289993,154.800003,156.380005,132.573792,5932100
2018-09-24,156.000000,156.100006,153.770004,154.000000,130.556107,3844500
2018-09-25,154.119995,154.500000,152.809998,154.089996,130.632416,3454600
2018-09-26,153.949997,155.149994,152.889999,153.169998,129.852417,3096100
2018-09-27,153.020004,154.050003,151.199997,152.470001,129.258972,2674100
2018-09-28,152.000000,152.910004,150.559998,152.490005,129.275940,3599900
2018-10-01,153.610001,154.500000,151.679993,152.279999,129.097931,3736300
2018-10-02,152.289993,155.380005,151.500000,154.820007,131.251221,4344000
2018-10-03,156.000000,159.369995,155.789993,158.220001,134.133652,6043300
2018-10-04,158.029999,158.550003,155.199997,156.750000,132.887421,4130800
2018-10-05,156.509995,156.809998,151.610001,153.309998,129.971115,4955100
2018-10-08,151.949997,153.660004,150.880005,153.350006,130.004990,3463200
2018-10-09,152.610001,152.610001,149.080002,149.460007,126.707191,4996900
2018-10-10,148.699997,149.169998,143.720001,143.720001,121.841019,9419300
2018-10-11,142.949997,145.889999,139.839996,140.970001,119.509689,7608300
2018-10-12,144.020004,144.399994,139.750000,142.070007,120.442207,5596200
2018-10-15,142.000000,143.179993,141.119995,141.800003,120.213295,3741700
2018-10-16,143.350006,143.889999,141.270004,143.710007,121.832542,3573400
2018-10-17,143.080002,143.520004,141.110001,141.339996,119.823372,4807500
2018-10-18,140.160004,140.800003,134.470001,135.800003,115.126709,10250200
2018-10-19,136.190002,136.929993,131.270004,131.320007,112.038246,7055100
2018-10-22,132.679993,133.130005,128.660004,128.710007,109.811447,7858900
2018-10-23,119.680000,122.500000,115.620003,118.980003,101.510132,24113300
2018-10-24,120.000000,121.639999,112.250000,112.339996,95.845062,15304200
2018-10-25,114.830002,117.089996,112.500000,115.629997,98.652000,13568900
2018-10-26,114.099998,116.430000,112.360001,115.050003,98.157150,10820400
2018-10-29,116.879997,118.349998,112.059998,113.980003,97.244263,8069600
2018-10-30,114.000000,117.739998,113.099998,117.459999,100.213310,8057600
2018-10-31,119.410004,122.889999,119.260002,121.320000,103.506546,10341300
2018-11-01,122.589996,125.230003,120.940002,124.699997,106.390251,10138900
2018-11-02,127.050003,128.300003,124.260002,125.790001,107.320206,7683900
2018-11-05,126.089996,126.949997,124.550003,126.410004,107.849182,4844200
2018-11-06,126.400002,129.500000,126.309998,129.330002,110.340416,4728200
2018-11-07,133.520004,135.220001,130.880005,135.100006,115.263237,7551900
2018-11-08,133.830002,134.699997,130.899994,131.389999,112.097969,6269400
2018-11-09,129.589996,129.600006,125.730003,126.910004,108.275757,7248400
2018-11-12,127.180000,128.410004,124.589996,125.000000,106.646194,5870100
2018-11-13,125.500000,129.789993,125.279999,125.959999,107.465225,5820200
2018-11-14,127.269997,129.000000,123.730003,125.099998,106.731522,5516300
2018-11-15,124.320000,130.279999,123.129997,129.419998,110.417206,5815200
2018-11-16,128.789993,131.919998,128.050003,129.960007,110.877937,5957700
2018-11-19,129.149994,129.490005,125.599998,125.980003,107.482315,5385600
2018-11-20,123.849998,123.970001,121.230003,122.269997,104.317047,7746200
2018-11-21,122.820000,126.220001,122.510002,123.870003,105.682121,4759500
2018-11-23,121.959999,124.050003,121.570000,122.320000,104.359688,3130100
2018-11-26,123.650002,125.790001,123.160004,124.800003,106.475571,4696600
2018-11-27,124.000000,124.599998,122.389999,124.599998,106.304947,4049400
2018-11-28,125.300003,130.779999,123.839996,130.770004,111.568985,5745200
2018-11-29,130.800003,130.910004,127.589996,130.229996,111.108292,4999600
2018-11-30,130.050003,135.970001,129.839996,135.669998,115.749535,8458200
2018-12-03,141.880005,142.410004,138.529999,138.949997,118.547897,9365800
2018-12-04,138.080002,138.080002,129.039993,129.320007,110.331924,8113400
2018-12-06,125.220001,128.690002,124.050003,128.369995,109.521378,6595200
2018-12-07,129.100006,129.979996,122.750000,123.550003,105.409103,6413700
2018-12-10,122.410004,124.370003,121.160004,123.389999,105.272583,5970900
2018-12-11,127.180000,127.980003,122.250000,123.239998,105.144608,4449900
2018-12-12,125.739998,127.970001,125.099998,125.370003,106.961876,5544100
2018-12-13,126.449997,129.110001,125.040001,125.900002,107.414055,4544100
2018-12-14,123.419998,127.739998,123.150002,126.769997,108.156296,4483300
2018-12-17,126.800003,127.650002,123.680000,124.470001,106.194016,5662300
2018-12-18,125.870003,128.750000,123.599998,124.269997,106.023369,5377900
2018-12-19,125.070000,128.949997,120.800003,122.330002,104.368233,6416500
2018-12-20,121.739998,124.540001,120.760002,121.550003,103.702774,7563500
2018-12-21,121.730003,123.730003,119.570000,120.070000,102.440079,10034100
2018-12-24,118.169998,119.589996,116.669998,116.949997,99.778183,2986600
2018-12-26,118.000000,124.769997,116.089996,124.760002,106.441444,5093700
2018-12-27,121.800003,126.690002,120.930000,126.669998,108.071014,4599000
2018-12-28,127.129997,128.250000,125.050003,125.610001,107.166634,3813500
2018-12-31,126.599998,128.110001,124.500000,127.070000,108.412262,3455200
2019-01-02,124.029999,127.879997,123.000000,126.379997,107.823563,4783200
2019-01-03,125.309998,125.500000,120.440002,121.510002,103.668640,6165800
2019-01-04,124.169998,128.589996,123.699997,128.149994,109.333672,5456600
2019-01-07,128.589996,129.600006,126.699997,128.229996,109.401932,4653400
2019-01-08,129.899994,131.500000,128.229996,129.770004,110.715820,4202600
2019-01-09,131.089996,132.220001,129.910004,130.270004,111.142418,4865600
2019-01-10,128.610001,133.119995,127.250000,132.960007,113.437431,3418500
2019-01-11,131.080002,132.320007,130.050003,132.100006,112.703682,2908600
2019-01-14,130.309998,132.389999,129.130005,131.800003,112.447762,4482300
2019-01-15,132.110001,133.110001,129.559998,130.690002,111.500732,3224100
2019-01-16,130.759995,132.520004,130.240005,131.660004,112.328308,3636900
2019-01-17,130.470001,135.899994,129.160004,134.539993,114.785439,6878500
2019-01-18,135.100006,137.720001,133.660004,136.600006,117.292717,6122400
2019-01-22,134.929993,134.940002,131.169998,132.240005,113.548958,5188700
2019-01-23,133.039993,133.490005,130.149994,131.820007,113.188347,3123600
2019-01-24,131.410004,132.990005,131.199997,132.729996,113.969727,3943600
2019-01-25,134.770004,136.889999,133.889999,136.860001,117.515968,6417400
2019-01-28,126.989998,127.800003,123.150002,124.370003,106.791321,17421400
2019-01-29,125.610001,128.389999,125.610001,126.529999,108.646049,8550800
2019-01-30,127.930000,131.350006,126.309998,130.110001,111.720024,7181600
2019-01-31,130.320007,133.339996,129.039993,133.160004,114.338936,6643300
2019-02-01,133.029999,133.860001,130.110001,130.910004,112.406960,5646700
2019-02-04,130.880005,131.309998,130.100006,130.880005,112.381195,4541700
2019-02-05,130.630005,132.100006,130.600006,132.000000,113.342888,3614500
2019-02-06,131.270004,132.100006,130.360001,130.539993,112.089241,3098200
2019-02-07,129.289993,130.440002,127.360001,128.779999,110.578018,3682100
2019-02-08,127.480003,128.600006,126.550003,128.600006,110.423470,3135000
2019-02-11,128.949997,130.070007,128.690002,128.929993,110.706810,2648100
2019-02-12,130.259995,133.559998,130.000000,132.669998,113.918198,4505600
2019-02-13,134.199997,134.309998,132.449997,133.100006,114.287430,3189600
2019-02-14,131.779999,133.250000,131.270004,132.619995,113.875275,2877500
2019-02-15,134.100006,136.250000,133.679993,136.199997,116.949249,5217500
2019-02-19,135.350006,136.979996,135.000000,135.800003,116.605804,3881300
2019-02-20,136.389999,140.690002,136.339996,140.309998,120.478355,6199000
2019-02-21,139.750000,140.979996,138.410004,138.880005,119.250488,4051100
2019-02-22,138.779999,139.690002,137.929993,138.679993,119.078712,3485000
2019-02-25,140.990005,142.550003,140.179993,141.410004,121.422859,4444100
2019-02-26,136.529999,139.029999,135.270004,137.979996,118.477654,7275600
2019-02-27,137.860001,139.639999,137.139999,139.580002,119.851547,3441000
2019-02-28,138.550003,139.000000,137.139999,137.339996,117.928101,4024000
2019-03-01,138.860001,139.500000,136.940002,137.470001,118.039780,3811000
2019-03-04,138.800003,139.770004,137.100006,138.350006,118.795403,3859800
2019-03-05,138.059998,138.460007,137.000000,137.139999,117.756393,3122900
2019-03-06,137.539993,137.660004,134.729996,134.830002,115.772903,3886000
2019-03-07,134.380005,134.809998,131.619995,132.800003,114.029816,4290800
2019-03-08,130.500000,132.130005,130.229996,131.350006,112.784790,4238000
2019-03-11,131.910004,133.399994,131.600006,133.110001,114.296028,3914800
2019-03-12,133.240005,133.380005,131.919998,132.479996,113.755051,4208800
2019-03-13,133.979996,134.309998,132.690002,133.500000,114.630890,4285200
2019-03-14,132.839996,134.070007,132.020004,133.690002,114.794029,3742200
2019-03-15,133.869995,134.529999,131.979996,132.669998,113.918198,7049900
2019-03-18,132.699997,134.199997,132.529999,134.100006,115.146072,4095400
2019-03-19,135.350006,135.710007,133.509995,134.149994,115.189003,3315900
2019-03-20,133.830002,134.149994,132.059998,133.009995,114.210144,3522100
2019-03-21,132.160004,134.600006,132.009995,134.059998,115.111732,2635700
2019-03-22,132.990005,133.300003,129.490005,129.770004,111.428078,5745800
2019-03-25,129.589996,132.000000,129.229996,131.380005,112.810509,3199800
2019-03-26,132.690002,133.559998,131.130005,131.839996,113.205521,2638200
2019-03-27,132.270004,132.470001,130.250000,131.199997,112.655952,2378300
2019-03-28,131.899994,132.800003,131.160004,132.369995,113.660583,2487200
2019-03-29,134.000000,136.279999,133.619995,135.490005,116.339607,4681600
2019-04-01,137.690002,140.369995,136.320007,140.250000,120.426804,5081500
2019-04-02,140.149994,140.690002,139.229996,140.190002,120.375328,2529000
2019-04-03,139.850006,140.550003,138.410004,139.259995,119.576736,4821800
2019-04-04,139.139999,140.869995,139.000000,140.130005,120.323792,2988900
2019-04-05,141.100006,141.149994,139.919998,140.360001,120.521309,2812300
2019-04-08,140.000000,140.119995,138.610001,139.820007,120.057617,2497300
2019-04-09,138.649994,138.910004,136.070007,136.350006,117.078033,3316500
2019-04-10,137.160004,138.210007,136.279999,137.529999,118.091278,3310600
2019-04-11,137.589996,139.589996,136.979996,138.869995,119.241867,2762900
2019-04-12,141.000000,141.919998,139.809998,141.199997,121.242523,4383000
2019-04-15,141.669998,142.429993,139.669998,140.250000,120.426804,3030200
2019-04-16,140.559998,142.210007,139.589996,142.029999,121.955223,2672800
2019-04-17,143.000000,144.500000,142.460007,142.740005,122.564941,3469400
2019-04-18,142.800003,144.770004,142.419998,143.360001,123.843399,4504500
2019-04-22,142.949997,143.179993,141.429993,142.380005,122.996811,3637500
2019-04-23,142.000000,143.130005,141.440002,142.029999,122.694489,5930500
2019-04-24,139.750000,140.300003,136.559998,137.729996,118.979851,8694400
2019-04-25,137.050003,137.460007,134.089996,136.130005,117.597679,5094700
2019-04-26,136.559998,139.029999,135.889999,139.029999,120.102875,5119200
2019-04-29,139.500000,140.449997,138.820007,139.020004,120.094238,3374300
2019-04-30,139.990005,140.000000,137.580002,139.419998,120.439789,3862000
2019-05-01,139.580002,139.929993,137.639999,138.149994,119.342659,3652000
2019-05-02,138.520004,138.539993,134.380005,135.169998,116.768372,5405700
2019-05-03,136.119995,139.199997,135.800003,139.059998,120.128792,4154800
2019-05-06,134.779999,137.490005,134.309998,136.759995,118.141914,4866500
2019-05-07,135.199997,136.000000,132.059998,133.669998,115.472565,5622900
2019-05-08,133.020004,134.419998,131.789993,131.949997,113.986717,4140500
2019-05-09,130.220001,131.679993,128.179993,131.199997,113.338837,5906200
2019-05-10,130.529999,131.729996,127.919998,131.339996,113.459785,5240600
2019-05-13,127.510002,127.519997,124.080002,125.300003,108.242043,8580700
2019-05-14,126.500000,128.559998,125.699997,127.470001,110.116623,4019100
2019-05-15,125.910004,127.959999,124.980003,127.300003,109.969772,2875900
2019-05-16,128.429993,128.529999,126.419998,126.610001,109.373695,4316600
2019-05-17,124.379997,125.529999,122.320000,122.760002,106.047806,6122600
2019-05-20,121.559998,123.029999,121.309998,122.430000,105.762764,6312500
2019-05-21,123.330002,125.070000,122.720001,124.949997,107.939690,5492900
2019-05-22,124.250000,125.440002,123.519997,123.559998,106.738892,4620400
2019-05-23,122.099998,123.760002,121.410004,122.260002,105.615898,4964900
2019-05-24,123.519997,124.080002,122.209999,122.900002,106.168755,3802500
2019-05-28,122.900002,123.459999,121.510002,121.589996,105.037094,4889400
2019-05-29,120.500000,122.830002,120.260002,121.480003,104.942093,5330000
2019-05-30,121.610001,122.680000,121.279999,121.839996,105.253052,2878300
2019-05-31,119.790001,120.750000,118.739998,119.809998,103.499435,4711500
2019-06-03,119.910004,121.690002,119.760002,120.650002,104.225090,4161800
2019-06-04,121.809998,122.769997,120.750000,122.080002,105.460411,4060400
2019-06-05,123.400002,123.639999,121.959999,123.120003,106.358818,3598400
2019-06-06,123.099998,123.949997,122.230003,123.389999,106.592041,3295700
2019-06-07,124.379997,125.629997,124.080002,124.459999,107.516388,2547500
2019-06-10,125.470001,127.279999,125.239998,125.739998,108.622124,3705000
2019-06-11,129.000000,129.600006,126.959999,127.279999,109.952507,4516200
2019-06-12,126.750000,127.519997,126.080002,127.099998,109.796974,3034600
2019-06-13,127.349998,128.399994,126.760002,127.169998,109.857468,3495200
2019-06-14,126.610001,127.650002,125.500000,127.230003,109.909294,2530100
2019-06-17,127.209999,128.229996,126.680000,127.320000,109.987022,2607900
2019-06-18,128.399994,131.350006,128.210007,130.330002,112.587250,4756100
2019-06-19,130.320007,131.539993,129.869995,130.610001,112.829147,3847200
2019-06-20,132.899994,133.800003,131.509995,133.630005,115.438034,3803600
2019-06-21,133.350006,135.250000,132.550003,133.889999,115.662582,5742500
2019-06-24,133.639999,134.949997,133.550003,134.369995,116.077248,3197700
2019-06-25,134.580002,134.910004,132.630005,133.710007,115.507133,3751800
2019-06-26,134.259995,135.649994,134.179993,135.149994,116.751091,3343700
2019-06-27,135.699997,136.009995,133.970001,135.500000,117.053421,3594400
2019-06-28,136.000000,137.270004,136.000000,136.289993,117.735863,10469400
2019-07-01,139.300003,140.169998,134.970001,136.600006,118.003685,4834800
2019-07-02,136.600006,136.990005,135.070007,135.850006,117.355812,3204900
2019-07-03,136.440002,136.479996,134.330002,135.589996,117.131210,2538600
2019-07-05,134.429993,135.589996,133.220001,135.490005,117.044792,3071800
2019-07-08,135.149994,136.130005,134.429993,134.839996,116.483292,2742100
2019-07-09,134.110001,134.440002,133.350006,134.289993,116.008171,2618700
2019-07-10,134.729996,135.490005,132.550003,132.639999,114.582794,3933300
2019-07-11,133.199997,134.009995,132.589996,133.960007,115.723091,3164200
2019-07-12,134.710007,138.380005,134.600006,138.360001,119.524117,4149800
2019-07-15,138.380005,139.990005,138.259995,139.639999,120.629814,4498700
2019-07-16,139.410004,140.619995,138.160004,139.089996,120.154701,4051600
2019-07-17,138.199997,138.509995,135.729996,135.729996,117.252136,3750200
2019-07-18,134.869995,135.929993,134.039993,134.889999,116.526482,3548200
2019-07-19,134.220001,137.050003,134.220001,136.229996,118.589592,4837100
2019-07-22,136.369995,136.660004,134.600006,135.240005,117.727768,3267800
2019-07-23,135.929993,138.229996,135.529999,138.100006,120.217422,4122200
2019-07-24,130.979996,134.309998,128.449997,131.910004,114.828979,12664900
2019-07-25,131.080002,134.899994,131.009995,134.710007,117.266426,4823200
2019-07-26,134.449997,134.729996,132.630005,132.919998,115.708176,4238000
2019-07-29,133.490005,134.649994,132.850006,134.460007,117.048805,2715600
2019-07-30,133.320007,133.570007,131.490005,132.949997,115.734337,3257200
2019-07-31,132.899994,134.369995,131.009995,131.669998,114.620079,4322000
2019-08-01,131.639999,133.190002,126.419998,126.790001,110.371964,5530100
2019-08-02,126.550003,126.800003,123.500000,124.540001,108.413330,5968600
2019-08-05,122.110001,122.809998,120.330002,121.650002,105.897560,5482500
2019-08-06,122.779999,123.650002,120.639999,122.080002,106.271873,3713900
2019-08-07,120.000000,121.199997,118.650002,120.779999,105.140213,5048700
2019-08-08,121.000000,122.099998,120.370003,122.019997,106.219635,3734800
2019-08-09,121.510002,121.699997,118.809998,119.379997,103.921486,3805600
2019-08-12,118.949997,119.029999,116.070000,116.720001,101.605949,4321500
2019-08-13,116.940002,122.000000,116.790001,119.010002,103.599403,4331900
2019-08-14,116.580002,116.900002,115.040001,115.209999,100.291481,5543100
2019-08-15,115.080002,115.599998,113.970001,115.250000,100.326279,4171900
2019-08-16,116.250000,117.870003,115.919998,116.430000,101.353485,3551900
2019-08-19,118.220001,118.489998,116.709999,117.360001,102.163078,2630900
2019-08-20,117.589996,117.790001,116.470001,116.669998,101.562393,2402000
2019-08-21,118.000000,119.320000,117.540001,117.680000,102.441628,2783000
2019-08-22,118.330002,118.940002,117.220001,117.889999,102.624420,2118200
2019-08-23,116.250000,116.900002,113.320000,114.059998,99.290382,6102000
2019-08-26,115.059998,115.669998,113.839996,114.419998,99.603767,5200400
2019-08-27,115.160004,115.459999,113.150002,113.379997,98.698441,3160700
2019-08-28,112.860001,114.949997,111.750000,114.860001,99.986809,3187900
2019-08-29,116.620003,118.129997,116.489998,117.769997,102.519966,3442900
2019-08-30,119.019997,119.589996,118.449997,119.000000,103.590706,2912000
2019-09-03,117.900002,117.900002,115.400002,117.029999,101.875801,3780600
2019-09-04,118.419998,119.239998,118.260002,119.099998,103.677742,3688400
2019-09-05,120.500000,124.239998,120.500000,122.989998,107.064026,5355100
2019-09-06,123.709999,124.339996,122.459999,122.699997,106.811584,3315700
2019-09-09,123.389999,127.389999,123.199997,127.250000,110.772400,4433300
2019-09-10,127.260002,130.289993,127.220001,130.289993,113.418747,8479700
2019-09-11,130.850006,133.190002,129.470001,133.089996,115.856155,7592600
2019-09-12,132.000000,132.690002,130.070007,131.750000,114.689690,5594600
2019-09-13,132.800003,133.990005,131.130005,133.779999,116.456848,3704900
2019-09-16,132.990005,133.800003,131.990005,133.149994,115.908401,2876500
2019-09-17,132.589996,132.759995,131.190002,132.169998,115.055305,2888900
2019-09-18,131.630005,132.220001,129.720001,131.070007,114.097778,3005700
2019-09-19,131.470001,132.029999,129.869995,130.119995,113.270782,2725700
2019-09-20,130.009995,130.990005,127.870003,128.160004,111.564560,6412300
2019-09-23,127.339996,128.880005,126.339996,128.419998,111.790894,2723500
2019-09-24,128.740005,129.000000,125.570000,125.989998,109.675552,3370700
2019-09-25,125.849998,126.820000,125.019997,126.610001,110.215279,2354100
2019-09-26,126.790001,126.919998,125.650002,126.389999,110.023773,2227400
2019-09-27,127.000000,127.379997,125.660004,126.589996,110.197868,2214300
2019-09-30,126.339996,127.099998,125.879997,126.309998,109.954132,2795300
2019-10-01,127.400002,128.500000,122.300003,122.370003,106.524315,3718200
2019-10-02,121.150002,121.849998,119.339996,119.959999,104.426384,4255800
2019-10-03,119.339996,120.059998,117.250000,120.040001,104.496040,3110200
2019-10-04,119.720001,121.150002,119.349998,121.040001,105.366547,2442300
2019-10-07,120.849998,121.699997,119.750000,120.250000,104.678825,2334500
2019-10-08,118.790001,119.199997,117.690002,117.970001,102.694077,3530000
2019-10-09,119.489998,120.059998,118.000000,119.440002,103.973740,2557300
2019-10-10,120.040001,123.029999,119.760002,122.690002,106.802879,3242900
2019-10-11,125.610001,130.380005,125.400002,128.399994,111.773491,6747800
2019-10-14,126.809998,128.559998,126.010002,128.380005,111.756081,2851500
2019-10-15,127.989998,131.679993,127.650002,131.029999,114.062927,3289000
2019-10-16,131.000000,132.809998,130.110001,130.190002,113.331696,3038300
2019-10-17,130.970001,132.860001,130.179993,132.070007,114.968277,3418300
2019-10-18,130.149994,132.029999,129.990005,130.710007,114.678757,4329200
2019-10-21,131.949997,133.449997,131.500000,132.229996,116.012321,4225200
2019-10-22,132.589996,134.259995,130.940002,133.690002,117.293266,4681600
2019-10-23,134.229996,135.990005,130.699997,135.339996,118.740852,11295900
2019-10-24,135.089996,135.289993,132.380005,133.850006,117.433617,3916200
2019-10-25,135.000000,139.979996,134.850006,139.729996,122.592453,8319500
2019-10-28,139.970001,141.630005,138.869995,140.059998,122.881996,6174000
2019-10-29,139.380005,141.449997,138.770004,141.330002,123.996223,4427900
2019-10-30,141.000000,141.000000,139.610001,140.339996,123.127647,3948100
2019-10-31,139.369995,140.339996,136.389999,137.800003,120.899178,4037600
2019-11-01,139.369995,144.610001,139.229996,144.490005,126.768692,6220200
2019-11-04,145.350006,147.000000,145.020004,146.919998,128.900604,5437800
2019-11-05,146.860001,148.000000,145.669998,146.369995,128.418091,4516700
2019-11-06,146.470001,146.470001,144.660004,145.490005,127.646027,3736600
2019-11-07,147.389999,148.410004,146.750000,147.009995,128.979553,3816700
2019-11-08,146.660004,148.179993,145.800003,148.160004,129.988525,2776600
2019-11-11,146.740005,148.149994,146.610001,148.000000,129.848160,2205100
2019-11-12,148.110001,148.470001,146.020004,146.339996,128.391739,2843100
2019-11-13,144.360001,145.860001,143.690002,144.490005,126.768692,3194400
2019-11-14,144.210007,145.339996,143.210007,143.440002,125.847427,2581700
2019-11-15,144.559998,145.880005,144.509995,145.309998,127.488113,2827400
2019-11-18,144.240005,144.779999,143.020004,143.589996,125.979073,2638600
2019-11-19,144.350006,144.759995,142.759995,143.179993,125.619308,2085100
2019-11-20,142.449997,142.699997,140.100006,141.520004,124.162964,3484700
2019-11-21,141.550003,143.940002,140.949997,143.360001,125.777260,3297700
2019-11-22,143.919998,144.460007,143.029999,143.880005,126.233490,2258300
2019-11-25,144.750000,146.570007,143.800003,146.419998,128.461945,3085200
2019-11-26,146.399994,146.649994,145.490005,146.089996,128.172424,2468100
2019-11-27,145.020004,145.720001,143.699997,145.690002,127.821503,2660200
2019-11-29,144.190002,145.460007,143.789993,144.729996,126.979218,1652500
2019-12-02,145.199997,146.039993,142.839996,142.960007,125.426315,2896200
2019-12-03,140.050003,140.429993,138.559998,140.059998,122.881996,3839600
2019-12-04,140.979996,142.279999,140.000000,140.119995,122.934631,2484600
2019-12-05,140.580002,141.119995,139.529999,141.050003,123.750572,2277700
2019-12-06,142.910004,143.419998,142.169998,142.720001,125.215767,2271400
2019-12-09,142.970001,143.279999,142.369995,142.830002,125.312294,1585100
2019-12-10,142.690002,143.589996,141.750000,142.869995,125.347374,1888900
2019-12-11,143.770004,144.619995,143.289993,144.000000,126.338737,2265700
2019-12-12,143.539993,147.399994,143.000000,146.779999,128.777817,3714100
2019-12-13,146.800003,148.399994,145.149994,145.529999,127.681084,3311700
2019-12-16,147.710007,148.300003,145.229996,145.360001,127.531967,2414800
2019-12-17,145.500000,146.990005,145.460007,146.369995,128.418091,2850800
2019-12-18,146.500000,147.300003,145.600006,147.119995,129.076111,2629500
2019-12-19,146.979996,146.979996,144.300003,145.020004,127.233681,3576800
2019-12-20,147.380005,147.770004,145.240005,147.570007,129.470917,6805400
2019-12-23,147.679993,148.529999,146.779999,148.500000,130.286865,2346500
2019-12-24,148.699997,148.800003,147.289993,147.479996,129.391907,966200
2019-12-26,147.899994,148.229996,146.990005,148.220001,130.041183,1576900
2019-12-27,148.639999,148.929993,147.990005,148.279999,130.093826,1544500
2019-12-30,148.419998,148.470001,147.009995,147.520004,129.427032,1789200
2019-12-31,147.429993,148.229996,146.789993,147.679993,129.567444,1952500
2020-01-02,149.000000,150.550003,147.979996,150.529999,132.067871,3311900
2020-01-03,148.770004,149.960007,147.449997,148.440002,130.234222,3100600
2020-01-06,147.270004,148.559998,146.539993,148.339996,130.146469,2549600
2020-01-07,147.350006,147.570007,145.509995,146.380005,128.426865,2841900
2020-01-08,146.830002,148.570007,146.460007,147.679993,129.567444,2153200
2020-01-09,147.809998,147.970001,146.509995,147.309998,129.242783,2272500
2020-01-10,147.449997,147.720001,145.830002,146.130005,128.207489,2393700
2020-01-13,146.529999,146.830002,145.550003,146.820007,128.812897,3355200
2020-01-14,147.449997,147.979996,146.309998,146.679993,128.690048,2742200
2020-01-15,146.220001,146.740005,145.199997,145.570007,127.716232,2640500
2020-01-16,146.429993,147.929993,146.240005,147.869995,129.734146,3070900
2020-01-17,147.210007,148.270004,146.600006,147.779999,130.564606,3331500
2020-01-21,147.199997,147.869995,145.690002,145.850006,128.859436,2476700
2020-01-22,146.250000,146.559998,142.520004,142.630005,126.014587,3602400
2020-01-23,141.809998,143.210007,139.800003,142.750000,126.120552,3182700
2020-01-24,142.550003,142.699997,139.259995,140.380005,124.026657,2526200
2020-01-27,136.899994,137.809998,135.570007,135.729996,119.918358,2920500
2020-01-28,137.020004,137.600006,135.619995,136.740005,120.810730,2763800
2020-01-29,137.589996,137.759995,135.669998,135.779999,119.962540,2620000
2020-01-30,134.759995,135.970001,132.910004,135.369995,119.600288,3862600
2020-01-31,133.820007,134.990005,130.539993,131.350006,116.048592,6785700
2020-02-03,131.440002,133.160004,129.300003,129.770004,114.652672,4385300
2020-02-04,133.000000,134.779999,132.679993,133.509995,117.956955,3501600
2020-02-05,135.550003,137.470001,135.440002,137.440002,121.429161,4448100
2020-02-06,138.199997,138.330002,136.130005,137.250000,121.261269,2283800
2020-02-07,136.039993,136.490005,133.000000,133.369995,117.833260,3812300
2020-02-10,133.039993,134.330002,132.779999,134.320007,118.672600,2331600
2020-02-11,135.490005,137.229996,135.059998,136.190002,120.324760,2381900
2020-02-12,138.399994,139.940002,138.089996,139.589996,123.328690,3222000
2020-02-13,140.000000,140.500000,138.429993,139.720001,123.443550,3318800
2020-02-14,139.490005,139.619995,136.889999,137.990005,121.915100,2813400
2020-02-18,137.460007,138.570007,135.080002,136.580002,120.669350,3869700
2020-02-19,136.789993,137.210007,136.059998,136.860001,120.916710,2134900
2020-02-20,136.259995,138.889999,136.199997,136.929993,120.978554,2678200
2020-02-21,136.500000,137.440002,135.110001,137.210007,121.225922,2855600
2020-02-24,132.529999,133.860001,132.050003,132.169998,116.773079,4964800
2020-02-25,132.970001,133.139999,128.250000,129.000000,113.972366,4840200
2020-02-26,129.649994,130.990005,127.550003,128.250000,113.309738,3902500
2020-02-27,125.599998,128.529999,123.220001,123.269997,108.909843,7369000
2020-02-28,119.570000,124.239998,119.029999,124.239998,109.766846,8300700
2020-03-02,125.050003,127.879997,123.010002,127.599998,112.735443,6100200
2020-03-03,127.000000,129.559998,123.779999,124.379997,109.890549,6358100
2020-03-04,126.070000,127.440002,124.309998,127.400002,112.558739,5074700
2020-03-05,123.150002,124.849998,121.239998,121.970001,107.761307,6015300
2020-03-06,119.000000,121.849998,118.830002,121.410004,107.266525,5767900
2020-03-09,112.989998,112.989998,104.029999,104.070000,91.946541,8636200
2020-03-10,108.639999,109.059998,99.110001,106.489998,94.084610,8293200
2020-03-11,103.800003,104.750000,100.070000,100.690002,88.960274,6543600
2020-03-12,93.500000,94.279999,87.500000,92.260002,81.512321,10285900
2020-03-13,98.389999,99.910004,90.139999,99.639999,88.032608,8718600
2020-03-16,89.000000,105.849998,88.500000,93.410004,82.528351,9899000
2020-03-17,96.010002,100.440002,92.970001,100.199997,88.527374,7206100
2020-03-18,93.989998,102.949997,93.110001,100.120003,88.456688,6995100
2020-03-19,99.230003,104.400002,97.250000,103.010002,91.010017,6870800
2020-03-20,103.120003,103.989998,94.160004,95.500000,84.374886,7650300
2020-03-23,93.900002,96.239998,90.639999,91.849998,81.150078,6737500
2020-03-24,96.059998,102.029999,95.169998,101.339996,89.534554,7417100
2020-03-25,101.169998,108.500000,98.500000,104.669998,92.476639,6578100
2020-03-26,104.849998,110.970001,102.889999,110.500000,97.627487,6059600
2020-03-27,104.430000,109.639999,103.400002,105.440002,93.156937,5746500
2020-03-30,106.330002,112.839996,104.930000,111.709999,98.696518,5725600
2020-03-31,110.730003,116.910004,110.260002,116.040001,102.522110,8970800
2020-04-01,112.089996,116.750000,109.500000,111.349998,98.378471,6847000
2020-04-02,111.230003,118.519997,111.129997,116.739998,103.140549,8106500
2020-04-03,115.500000,116.839996,112.120003,114.669998,101.311707,5036400
2020-04-06,120.040001,121.730003,118.129997,120.430000,106.400711,5785600
2020-04-07,122.889999,128.800003,120.510002,121.919998,107.717110,8489900
2020-04-08,122.989998,128.179993,121.040001,127.400002,112.558739,4686100
2020-04-09,128.649994,129.600006,123.150002,125.029999,110.464851,4752100
2020-04-13,119.949997,120.050003,113.580002,114.139999,100.843437,10519600
2020-04-14,116.500000,117.839996,114.510002,116.480003,102.910851,7166300
2020-04-15,112.959999,113.099998,109.800003,111.529999,98.537491,5652800
2020-04-16,111.849998,113.470001,108.860001,113.220001,100.030594,5926400
2020-04-17,114.449997,116.540001,113.849998,116.300003,103.695145,4132300
2020-04-20,114.440002,117.070000,112.120003,114.599998,102.179413,4083800
2020-04-21,111.040001,111.040001,108.599998,109.849998,97.944237,5743300
2020-04-22,112.029999,112.099998,109.209999,110.639999,98.648613,3794000
2020-04-23,111.330002,115.230003,110.949997,112.910004,100.672607,3545400
2020-04-24,113.989998,114.379997,111.209999,114.040001,101.680122,3045300
2020-04-27,110.849998,116.129997,109.730003,115.199997,102.714371,5344800
2020-04-28,117.860001,118.000000,113.370003,115.459999,102.946213,5604600
2020-04-29,116.959999,120.820000,116.529999,120.059998,107.047676,4261100
2020-04-30,118.000000,118.250000,115.330002,116.379997,103.766502,4040500
2020-05-01,114.000000,114.589996,110.570000,110.879997,98.862587,3960400
2020-05-04,110.019997,110.279999,106.580002,107.720001,96.045090,4500700
2020-05-05,109.239998,111.089996,108.739998,108.910004,97.106117,3477400
2020-05-06,110.029999,110.239998,106.699997,107.669998,96.000519,4465300
2020-05-07,109.019997,110.050003,106.779999,107.290001,95.661682,4377900
2020-05-08,108.970001,112.199997,108.300003,112.110001,99.959297,3911300
2020-05-11,110.160004,110.769997,108.180000,108.610001,96.838623,4207300
2020-05-12,109.110001,109.330002,105.000000,105.000000,93.619873,3874100
2020-05-13,105.139999,105.290001,102.550003,104.480003,93.156250,5376100
2020-05-14,102.500000,106.279999,100.220001,106.190002,94.680908,5542400
2020-05-15,105.180000,107.989998,104.279999,107.919998,96.223404,6583100
2020-05-18,112.220001,115.660004,112.010002,115.019997,102.553894,5603500
2020-05-19,114.949997,115.440002,112.010002,112.080002,99.932556,3404900
2020-05-20,113.309998,117.480003,113.050003,115.690002,103.151299,3735700
2020-05-21,114.949997,115.680000,113.820000,114.059998,101.697937,2342300
2020-05-22,114.129997,114.160004,111.470001,112.470001,100.280273,2735100
2020-05-26,115.980003,118.559998,115.980003,117.410004,104.684868,4185100
2020-05-27,119.720001,122.489998,119.529999,122.419998,109.151886,4462700
2020-05-28,124.750000,124.830002,120.279999,120.739998,107.653931,3743700
2020-05-29,119.629997,120.709999,117.570000,120.129997,107.110062,4219000
2020-06-01,119.860001,121.199997,117.610001,120.500000,107.439941,2131300
2020-06-02,121.839996,123.820000,121.279999,123.320000,109.954338,2977500
2020-06-03,125.449997,127.349998,125.010002,127.089996,113.315720,3712600
2020-06-04,125.410004,129.029999,124.739998,128.960007,114.983055,3076700
2020-06-05,137.850006,139.369995,133.389999,135.119995,120.475426,5591900
2020-06-08,135.320007,139.940002,135.320007,137.720001,122.793617,4139200
2020-06-09,135.020004,135.410004,133.210007,134.190002,119.646217,3819600
2020-06-10,133.720001,135.380005,130.559998,132.440002,118.085876,4018700
2020-06-11,126.410004,126.839996,121.519997,121.550003,108.376160,5969300
2020-06-12,124.400002,125.169998,119.349998,123.150002,109.802750,4492700
2020-06-15,118.510002,124.379997,118.010002,123.610001,110.212891,4093100
2020-06-16,131.369995,132.440002,126.389999,130.110001,116.008408,6892400
2020-06-17,130.160004,130.470001,127.760002,128.229996,114.332161,3228100
2020-06-18,127.139999,128.979996,126.699997,127.589996,113.761536,2467700
2020-06-19,130.000000,130.000000,125.730003,127.459999,113.645645,6488000
2020-06-22,126.360001,126.480003,124.599998,125.790001,112.156647,2806300
2020-06-23,127.389999,127.570000,125.830002,126.250000,112.566780,2357100
2020-06-24,124.790001,124.839996,121.830002,122.059998,108.830879,3766500
2020-06-25,121.610001,124.830002,120.800003,124.709999,111.193665,2903400
2020-06-26,124.330002,124.440002,121.449997,122.389999,109.125114,3645800
2020-06-29,123.720001,126.040001,123.279999,125.250000,111.675156,2798700
2020-06-30,124.010002,127.059998,124.010002,126.500000,112.789696,2778800
2020-07-01,129.380005,129.399994,125.879997,126.059998,112.397377,2807800
2020-07-02,128.250000,130.339996,127.190002,127.720001,113.877449,2527500
2020-07-06,130.130005,130.500000,128.169998,129.429993,115.402122,2491900
2020-07-07,127.739998,128.750000,126.800003,127.199997,113.413811,2018100
2020-07-08,129.330002,129.330002,126.470001,128.130005,114.243027,2279500
2020-07-09,127.540001,128.350006,125.120003,125.730003,112.103134,2663500
2020-07-10,125.970001,128.229996,125.820000,128.009995,114.136009,2691400
2020-07-13,129.419998,132.089996,128.850006,130.570007,116.418571,3708400
2020-07-14,130.320007,137.309998,129.229996,136.880005,122.044670,6540800
2020-07-15,140.169998,140.169998,137.110001,138.360001,123.364250,4915200
2020-07-16,138.300003,140.990005,137.600006,138.559998,123.542595,3621500
2020-07-17,137.869995,138.429993,136.529999,136.899994,122.976654,2458200
2020-07-20,135.759995,136.949997,134.259995,134.630005,120.937538,2478000
2020-07-21,134.770004,137.179993,134.429993,135.869995,122.051422,3221100
2020-07-22,135.250000,137.869995,135.190002,136.979996,123.048538,2156800
2020-07-23,136.899994,137.520004,135.710007,136.600006,122.707184,1613700
2020-07-24,137.199997,138.690002,136.850006,137.580002,123.587502,2036300
2020-07-27,137.149994,140.339996,137.059998,139.889999,125.662529,2506900
2020-07-28,138.940002,139.990005,137.919998,138.029999,123.991722,2029900
2020-07-29,138.580002,141.080002,137.800003,140.529999,126.237511,2338300
2020-07-30,139.080002,139.100006,135.970001,136.729996,122.823959,3063500
2020-07-31,132.429993,135.149994,130.210007,132.880005,119.365547,6780900
2020-08-03,132.300003,133.000000,131.100006,131.779999,118.377380,2851100
2020-08-04,131.369995,132.440002,130.669998,131.520004,118.143814,2301800
2020-08-05,132.779999,135.940002,132.610001,134.970001,121.242935,2767800
2020-08-06,134.520004,135.210007,133.699997,134.389999,120.721924,2446400
2020-08-07,134.000000,135.110001,132.520004,134.919998,121.198029,2223700
2020-08-10,135.729996,142.160004,135.679993,142.020004,127.575935,5181600
2020-08-11,144.020004,146.199997,142.289993,142.529999,128.034058,4206000
2020-08-12,143.949997,144.169998,141.330002,142.570007,128.070038,2541200
2020-08-13,141.600006,142.740005,139.770004,140.669998,126.363220,2939900
2020-08-14,139.449997,140.889999,138.770004,139.960007,125.725418,2038500
2020-08-17,140.149994,140.600006,138.300003,138.720001,124.611534,2284000
2020-08-18,138.949997,140.110001,138.080002,138.369995,124.297112,1563200
2020-08-19,138.500000,139.919998,137.460007,138.020004,123.982742,1849500
2020-08-20,136.020004,137.979996,135.649994,137.479996,123.497643,2279700
2020-08-21,136.800003,139.000000,136.800003,138.429993,124.351051,2524600
2020-08-24,139.759995,142.250000,139.080002,141.679993,127.270515,2921700
2020-08-25,142.669998,144.929993,140.539993,141.149994,126.794395,2467500
2020-08-26,140.479996,142.440002,139.809998,141.830002,127.405273,2379900
2020-08-27,142.130005,144.339996,141.279999,143.369995,128.788605,3010300
2020-08-28,144.279999,145.850006,142.690002,143.630005,129.022171,3698700
2020-08-31,143.500000,143.600006,142.270004,142.309998,127.836388,2886500
2020-09-01,141.669998,146.119995,140.910004,146.050003,131.196045,2673900
2020-09-02,146.869995,149.550003,146.399994,149.270004,134.088562,4515500
2020-09-03,148.589996,151.199997,145.300003,146.759995,131.833862,4479100
2020-09-04,148.699997,150.779999,146.039993,148.179993,133.109421,5129400
2020-09-08,147.000000,150.759995,145.720001,148.520004,133.414825,4775200
2020-09-09,149.800003,155.479996,149.210007,152.690002,137.160767,5345100
2020-09-10,152.009995,153.250000,148.750000,149.860001,134.618530,4387000
2020-09-11,150.479996,154.399994,150.240005,153.830002,138.184814,3237100
2020-09-14,154.000000,154.800003,152.210007,153.509995,137.897339,2569300
2020-09-15,154.199997,154.470001,148.360001,148.600006,133.486725,4092400
2020-09-16,150.000000,151.979996,148.369995,151.110001,135.741425,3302000
2020-09-17,149.850006,156.250000,149.149994,153.869995,138.220718,4487000
2020-09-18,153.679993,156.210007,152.059998,152.389999,136.891266,5113500
2020-09-21,148.559998,149.500000,143.869995,145.330002,130.549286,4278200
2020-09-22,145.009995,147.500000,144.500000,147.149994,132.184219,2579500
2020-09-23,147.479996,148.910004,143.600006,144.380005,129.695908,2420100
2020-09-24,144.020004,147.440002,142.729996,145.139999,130.378616,2138800
2020-09-25,143.889999,146.699997,143.009995,145.910004,131.070297,1848900
2020-09-28,148.000000,150.309998,147.410004,147.679993,132.660278,2212700
2020-09-29,148.369995,148.970001,146.210007,147.410004,132.417755,1605600
2020-09-30,148.000000,150.949997,147.740005,149.149994,133.980789,3642800
2020-10-01,149.919998,150.309998,145.649994,146.710007,131.788940,2157400
2020-10-02,144.270004,151.250000,143.750000,149.940002,134.690414,3220500
2020-10-05,152.169998,154.449997,151.619995,153.490005,137.879395,2597700
2020-10-06,154.000000,155.449997,151.279999,151.529999,136.118683,2559800
2020-10-07,153.279999,156.059998,153.199997,154.770004,139.029190,2334200
2020-10-08,155.750000,156.729996,154.240005,156.660004,140.726959,1842900
2020-10-09,157.869995,159.389999,157.399994,158.940002,142.775085,4084200
2020-10-12,159.970001,163.199997,159.520004,162.610001,146.071838,4279800
2020-10-13,161.720001,163.179993,161.119995,162.119995,145.631638,3319000
2020-10-14,162.660004,164.820007,162.500000,163.610001,146.970139,4087100
2020-10-15,160.270004,165.779999,160.149994,165.039993,148.254715,2958500
2020-10-16,167.250000,170.509995,166.619995,168.750000,151.587402,5569000
2020-10-19,168.740005,170.020004,166.800003,167.529999,150.491470,2757700
2020-10-20,168.199997,171.259995,167.910004,168.990005,151.802979,3007100
2020-10-21,169.809998,170.520004,166.740005,167.399994,150.374649,2502000
2020-10-22,167.979996,169.850006,166.889999,169.660004,152.404816,2356800
2020-10-23,169.369995,170.649994,167.559998,168.589996,152.368683,2857300
2020-10-26,166.639999,166.639999,160.830002,163.199997,147.497269,4506600
2020-10-27,160.960007,161.850006,157.009995,157.910004,142.716263,4857900
2020-10-28,153.800003,155.429993,150.520004,151.160004,136.615784,5645100
2020-10-29,150.600006,155.509995,149.630005,154.669998,139.788010,3867200
2020-10-30,153.960007,157.289993,153.039993,157.050003,141.939041,4373500
2020-11-02,159.199997,163.850006,157.649994,163.270004,147.560516,4072400
2020-11-03,165.000000,169.000000,163.070007,167.690002,151.555237,4843600
2020-11-04,159.179993,162.380005,155.229996,155.229996,140.294128,9081700
2020-11-05,157.669998,164.960007,157.600006,163.089996,147.397888,4821600
2020-11-06,163.940002,165.539993,160.759995,161.289993,145.771042,2983000
2020-11-09,174.029999,176.369995,170.119995,170.820007,154.384094,5969600
2020-11-10,171.899994,174.990005,170.770004,172.300003,155.721695,3499100
2020-11-11,172.380005,172.740005,167.470001,169.460007,153.154999,2345500
2020-11-12,168.830002,171.100006,167.649994,169.130005,152.856689,2185500
2020-11-13,170.300003,172.220001,169.190002,171.710007,155.188461,2120200
2020-11-16,175.000000,175.000000,171.830002,173.190002,156.526077,3902400
2020-11-17,172.169998,172.479996,170.190002,171.910004,155.369232,2110800
2020-11-18,172.039993,175.380005,172.039993,172.740005,156.119354,3165100
2020-11-19,172.500000,173.250000,170.710007,172.899994,156.263962,2012100
2020-11-20,172.449997,173.119995,171.309998,172.229996,155.658432,2449800
2020-11-23,173.759995,175.500000,173.240005,174.779999,157.963043,2403500
2020-11-24,176.250000,178.320007,175.270004,176.899994,159.879089,3447000
2020-11-25,176.460007,176.479996,172.779999,174.630005,157.827499,2506400
2020-11-27,174.410004,175.919998,173.880005,175.080002,158.234222,976900
2020-11-30,173.610001,174.880005,172.429993,173.589996,156.887589,2382600
2020-12-01,175.389999,176.570007,172.940002,173.259995,156.589340,2710200
2020-12-02,173.259995,174.419998,172.279999,173.869995,157.140625,1971000
2020-12-03,173.869995,175.080002,173.279999,174.630005,157.827499,2903900
2020-12-04,175.919998,183.809998,175.619995,182.210007,164.678177,6086200
2020-12-07,180.389999,180.389999,176.559998,178.710007,161.514938,4587400
2020-12-08,177.660004,180.740005,177.500000,178.839996,161.632462,2001600
2020-12-09,179.619995,180.479996,177.000000,180.070007,162.744125,2915500
2020-12-10,179.240005,179.529999,177.139999,178.850006,161.641510,3109400
2020-12-11,176.990005,179.779999,176.229996,179.289993,162.039154,2673400
2020-12-14,180.600006,183.330002,177.779999,178.050003,160.918427,2533600
2020-12-15,179.929993,182.759995,179.020004,181.740005,164.253418,2360300
2020-12-16,180.850006,181.270004,178.360001,179.500000,162.228943,2031800
2020-12-17,180.669998,180.729996,178.580002,179.169998,161.930679,2296500
2020-12-18,180.070007,181.300003,177.470001,180.960007,163.548462,5262700
2020-12-21,176.940002,180.889999,176.320007,180.160004,162.825424,2071000
2020-12-22,179.289993,180.160004,176.479996,176.580002,159.589905,2493300
2020-12-23,177.449997,179.289993,177.009995,178.419998,161.252838,1862500
2020-12-24,179.449997,179.850006,178.350006,179.559998,162.283142,585700
2020-12-28,180.479996,181.119995,178.309998,178.369995,161.207626,1508800
2020-12-29,179.169998,179.380005,175.110001,176.649994,159.653152,1490300
2020-12-30,179.770004,182.229996,178.690002,180.039993,162.716965,2720600
2020-12-31,180.250000,182.100006,178.750000,182.020004,164.506439,1717800
2021-01-04,183.000000,185.979996,180.250000,182.149994,164.623917,4078300
2021-01-05,181.210007,185.800003,181.210007,183.639999,165.970596,2933700
2021-01-06,187.149994,197.279999,186.149994,193.860001,175.207260,8034700
2021-01-07,196.850006,197.369995,192.199997,194.229996,175.541687,5297500
2021-01-08,193.850006,195.259995,191.320007,194.259995,175.568771,3186600
2021-01-11,191.559998,195.460007,190.309998,193.860001,175.207260,2540800
2021-01-12,194.679993,198.000000,193.309998,197.539993,178.533127,2466100
2021-01-13,198.789993,200.169998,195.800003,195.889999,177.041946,3154700
2021-01-14,196.100006,197.910004,195.360001,197.399994,178.406616,2486600
2021-01-15,195.660004,195.710007,190.880005,194.619995,175.894119,3317100
2021-01-19,194.289993,196.110001,193.440002,194.059998,176.321152,2361200
2021-01-20,192.660004,193.899994,190.419998,192.339996,174.758377,2501100
2021-01-21,192.350006,193.720001,190.050003,192.190002,174.622116,1951200
2021-01-22,190.850006,192.820007,189.309998,191.940002,174.394897,2027000
2021-01-25,190.559998,191.369995,186.970001,187.339996,170.215424,3837100
2021-01-26,187.600006,189.410004,186.830002,187.210007,170.097336,2506000
2021-01-27,184.199997,185.550003,179.339996,180.630005,164.118774,4095300
2021-01-28,182.259995,187.610001,181.309998,184.339996,167.489670,3445400
2021-01-29,183.500000,188.820007,180.729996,182.839996,166.126785,4541400
2021-02-01,185.960007,186.800003,182.020004,184.720001,167.834930,2738200
2021-02-02,186.500000,192.779999,185.639999,192.500000,174.903763,5265400
2021-02-03,190.910004,191.529999,189.059998,191.449997,173.949722,2979000
2021-02-04,192.000000,192.610001,190.199997,191.649994,174.131454,2253800
2021-02-05,192.520004,194.330002,190.009995,193.000000,175.358047,2240000
2021-02-08,195.000000,197.539993,194.669998,197.449997,179.401306,2725700
2021-02-09,197.539993,198.660004,194.889999,197.279999,179.246841,2331600
2021-02-10,198.500000,199.710007,196.259995,197.720001,179.646591,2816400
2021-02-11,197.589996,198.419998,194.389999,198.350006,180.219009,2178200
2021-02-12,197.979996,198.759995,196.759995,197.990005,179.891937,1804200
2021-02-16,199.750000,205.179993,199.240005,202.380005,183.880646,3722700
2021-02-17,202.389999,202.899994,199.789993,202.300003,183.807938,2290400
2021-02-18,201.550003,202.880005,198.580002,199.919998,181.645477,2345800
2021-02-19,203.250000,211.460007,202.699997,209.910004,190.722336,4937300
2021-02-22,209.630005,218.869995,209.339996,218.059998,198.127350,4578300
2021-02-23,219.529999,220.740005,213.279999,220.179993,200.053528,4125100
2021-02-24,220.410004,226.669998,219.880005,222.470001,202.134216,4925000
2021-02-25,223.619995,224.399994,219.720001,221.820007,201.543640,4313000
2021-02-26,220.750000,222.399994,215.820007,215.880005,196.146652,4461300
2021-03-01,219.309998,222.580002,218.899994,219.759995,199.671951,2871200
2021-03-02,218.690002,219.339996,215.009995,215.820007,196.092117,2854300
2021-03-03,212.139999,217.550003,212.009995,214.910004,195.265259,2664000
2021-03-04,214.479996,216.669998,208.470001,212.770004,193.320908,3568400
2021-03-05,214.339996,220.779999,211.500000,220.160004,200.035400,3602300
2021-03-08,220.970001,224.300003,218.210007,221.580002,201.325562,3048700
2021-03-09,221.380005,222.330002,216.139999,216.800003,196.982513,2902400
2021-03-10,217.729996,222.050003,217.190002,221.059998,200.853088,2435800
2021-03-11,223.000000,223.600006,219.149994,219.759995,199.671951,2960000
2021-03-12,219.000000,229.020004,218.119995,229.000000,208.067337,4756500
2021-03-15,228.869995,231.800003,225.830002,230.740005,209.648254,4215300
2021-03-16,227.720001,231.210007,224.770004,226.460007,205.759537,3539200
2021-03-17,228.130005,234.300003,227.130005,233.630005,212.274094,3518500
2021-03-18,234.000000,237.779999,229.740005,230.679993,209.593750,4336200
2021-03-19,228.750000,229.649994,224.050003,225.289993,204.696442,7485100
2021-03-22,226.619995,227.179993,223.570007,226.020004,205.359726,2211600
2021-03-23,222.059998,225.240005,216.649994,218.250000,198.299973,4017600
2021-03-24,220.509995,227.110001,220.509995,221.229996,201.007599,4258000
2021-03-25,219.229996,224.970001,216.039993,224.250000,203.751541,2901800
2021-03-26,226.350006,229.839996,225.210007,229.500000,208.521637,3040100
2021-03-29,228.100006,231.850006,227.710007,230.220001,209.175812,3003200
2021-03-30,231.199997,234.720001,231.139999,233.080002,211.774384,3139100
2021-03-31,234.350006,237.009995,228.850006,231.869995,210.674988,4512300
2021-04-01,231.300003,235.000000,227.589996,232.740005,211.465469,3787100
2021-04-05,235.000000,235.660004,232.369995,233.710007,212.346771,2323400
2021-04-06,232.500000,236.679993,230.229996,230.639999,209.557419,2614500
2021-04-07,231.960007,234.190002,229.350006,230.410004,209.348450,2449600
2021-04-08,230.130005,231.050003,227.169998,230.479996,209.412064,2158900
2021-04-09,231.300003,232.199997,227.539993,230.750000,209.657349,2482900
2021-04-12,230.300003,231.300003,228.929993,230.929993,209.820877,1688200
2021-04-13,233.410004,233.500000,228.050003,229.350006,208.385330,2286400
2021-04-14,229.600006,234.220001,229.550003,232.580002,211.320053,2491000
2021-04-15,233.149994,233.440002,230.740005,232.520004,211.265564,1860200
2021-04-16,234.619995,235.940002,232.270004,233.360001,212.028763,2128400
2021-04-19,232.899994,233.100006,229.910004,232.389999,211.147446,1712600
2021-04-20,230.899994,231.300003,225.600006,227.630005,206.822571,2815800
2021-04-21,227.320007,232.610001,226.020004,232.460007,211.211075,1977700
2021-04-22,233.250000,233.429993,228.770004,228.889999,207.967392,2410700
2021-04-23,229.360001,231.649994,227.880005,230.110001,210.020935,3458300
2021-04-26,230.570007,232.850006,229.960007,230.559998,210.431656,1864800
2021-04-27,230.289993,230.860001,228.080002,230.339996,210.230881,1959300
2021-04-28,230.050003,233.720001,229.380005,232.300003,212.019791,2965300
2021-04-29,235.000000,235.199997,223.199997,227.470001,207.611450,5442400
2021-04-30,225.520004,228.389999,224.880005,228.110001,208.195511,3953500
2021-05-03,230.000000,230.929993,227.210007,228.169998,208.250320,3182900
2021-05-04,227.000000,234.000000,225.350006,233.410004,213.032852,4040700
2021-05-05,234.619995,239.330002,231.850006,237.880005,217.112610,3690600
2021-05-06,238.000000,240.979996,236.000000,237.070007,216.373306,4527000
2021-05-07,235.639999,241.889999,233.160004,240.990005,219.951111,3327900
2021-05-10,243.500000,245.779999,242.589996,242.610001,221.429688,3752900
2021-05-11,238.779999,242.990005,236.539993,239.300003,218.408661,3163100
2021-05-12,241.270004,243.229996,236.440002,237.320007,216.601501,3668500
2021-05-13,236.039993,240.990005,234.570007,240.070007,219.111404,2228100
2021-05-14,242.000000,243.350006,240.080002,242.229996,221.082886,2041600
2021-05-17,242.740005,245.449997,241.119995,244.789993,223.419357,1998400
2021-05-18,244.789993,245.539993,239.410004,239.470001,218.563828,2436200
2021-05-19,236.100006,237.080002,231.940002,236.869995,216.190781,3143100
2021-05-20,237.479996,237.600006,232.589996,234.990005,214.474945,3339200
2021-05-21,236.600006,239.399994,235.009995,237.240005,216.528488,2479100
2021-05-24,237.690002,239.710007,236.220001,239.050003,218.180450,2372700
2021-05-25,239.509995,241.889999,236.740005,237.169998,216.464600,2265700
2021-05-26,237.410004,239.500000,236.619995,237.710007,216.957428,2070000
2021-05-27,241.500000,243.369995,238.929993,241.279999,220.215790,3594700
2021-05-28,241.910004,242.259995,238.789993,241.080002,220.033234,2290700
2021-06-01,244.009995,244.929993,241.809998,242.759995,221.566589,2476000
2021-06-02,243.070007,245.100006,240.699997,243.460007,222.205475,2348500
2021-06-03,242.429993,246.440002,240.869995,243.839996,222.552292,1923200
2021-06-04,245.119995,246.690002,242.320007,244.020004,222.716568,1837900
2021-06-07,244.050003,244.330002,238.619995,239.759995,218.828522,2330700
2021-06-08,239.399994,241.210007,236.059998,240.160004,219.193588,2212300
2021-06-09,239.000000,239.190002,234.449997,234.649994,214.164612,2919600
2021-06-10,236.139999,236.649994,225.580002,225.729996,206.023361,6281800
2021-06-11,226.300003,227.919998,220.029999,220.699997,201.432480,8734900
2021-06-14,220.070007,221.970001,215.600006,219.009995,199.890015,7213300
2021-06-15,219.889999,220.779999,216.259995,219.460007,200.300705,5055900
2021-06-16,219.009995,219.389999,216.699997,217.160004,198.201492,4156900
2021-06-17,216.970001,218.270004,207.880005,209.449997,191.164642,7995300
2021-06-18,206.179993,211.809998,205.500000,208.860001,190.626099,7156400
2021-06-21,211.550003,215.229996,211.399994,213.210007,194.596405,5633900
2021-06-22,213.490005,214.830002,211.179993,213.130005,194.523331,3776400
2021-06-23,213.600006,216.770004,212.580002,213.789993,195.125717,3283400
2021-06-24,216.539993,221.929993,215.330002,219.339996,200.191177,6827600
2021-06-25,221.179993,221.750000,215.270004,216.309998,197.425720,11274200
2021-06-28,216.449997,216.779999,213.559998,216.270004,197.389221,3172000
2021-06-29,218.039993,218.699997,214.589996,215.100006,196.321365,3443400
2021-06-30,214.619995,217.949997,214.059998,217.630005,198.630463,3249500
2021-07-01,219.160004,219.789993,216.149994,216.710007,197.790802,2426300
2021-07-02,217.660004,218.369995,215.580002,217.759995,198.749130,2433600
2021-07-06,217.410004,217.559998,211.339996,213.520004,194.879272,4348100
2021-07-07,212.690002,215.059998,211.160004,214.690002,195.947174,2707700
2021-07-08,210.000000,213.899994,209.929993,212.110001,193.592392,3723800
2021-07-09,215.899994,218.589996,214.399994,217.419998,198.438843,3163800
2021-07-12,216.020004,218.949997,214.850006,218.580002,199.497528,2509000
2021-07-13,218.960007,219.050003,214.699997,215.190002,196.403503,2373300
2021-07-14,215.259995,215.639999,211.220001,211.639999,193.163422,3185200
2021-07-15,210.279999,213.389999,210.119995,211.410004,192.953522,2737500
2021-07-16,212.460007,212.699997,207.009995,207.949997,189.795547,4368800
2021-07-19,202.270004,203.750000,199.229996,203.080002,186.345398,5391100
2021-07-20,203.039993,208.630005,202.309998,207.960007,190.823288,3934300
2021-07-21,208.720001,210.960007,207.580002,210.729996,193.365005,3407300
2021-07-22,211.000000,211.380005,208.539993,209.160004,191.924393,1931500
2021-07-23,209.500000,210.369995,207.860001,209.529999,192.263901,2302600
2021-07-26,209.839996,212.070007,209.500000,211.029999,193.640259,2157600
2021-07-27,207.529999,211.059998,207.000000,209.899994,192.603378,2472000
2021-07-28,210.000000,212.690002,208.100006,211.440002,194.016449,3246900
2021-07-29,214.000000,214.509995,209.690002,212.559998,195.044220,3419700
2021-07-30,207.899994,208.669998,203.149994,206.750000,189.713028,5834900
2021-08-02,208.000000,210.899994,204.949997,205.160004,188.253998,3977100
2021-08-03,205.309998,209.289993,203.429993,208.500000,191.318787,3580500
2021-08-04,208.220001,209.589996,204.369995,204.520004,187.666748,2948700
2021-08-05,205.250000,207.660004,204.699997,207.190002,190.116714,2685800
2021-08-06,209.009995,210.389999,207.649994,208.350006,191.181122,2677100
2021-08-09,207.289993,209.880005,206.119995,208.889999,191.676636,2747200
2021-08-10,210.000000,214.899994,208.960007,214.070007,196.429794,4193600
2021-08-11,215.729996,222.570007,214.570007,221.660004,203.394363,7794100
2021-08-12,222.240005,223.759995,218.470001,220.240005,202.091370,4444500
2021-08-13,219.880005,220.550003,217.729996,218.570007,200.558975,2049400
2021-08-16,217.360001,218.000000,214.339996,217.710007,199.769882,3132500
2021-08-17,216.220001,216.389999,210.580002,213.440002,195.851730,4022800
2021-08-18,212.500000,213.550003,209.720001,209.809998,192.520828,2947700
2021-08-19,208.169998,208.960007,203.210007,204.449997,187.602509,4788100
2021-08-20,205.419998,207.259995,203.589996,204.940002,188.052155,2765500
2021-08-23,207.250000,209.750000,205.830002,209.139999,191.906052,2827400
2021-08-24,209.750000,213.270004,209.529999,212.589996,195.071747,2485900
2021-08-25,213.169998,215.699997,212.149994,214.759995,197.062943,2599800
2021-08-26,214.509995,214.509995,210.479996,211.240005,193.832993,2513900
2021-08-27,212.259995,214.029999,212.220001,212.830002,195.291977,2511400
2021-08-30,213.220001,213.740005,210.800003,211.449997,194.025665,1922100
2021-08-31,211.279999,212.300003,210.419998,210.869995,193.493454,2857900
2021-09-01,210.869995,210.990005,206.610001,207.960007,190.823288,4122900
2021-09-02,208.919998,212.949997,208.919998,211.779999,194.328461,2921600
2021-09-03,211.149994,212.800003,210.000000,210.369995,193.034683,2512000
2021-09-07,210.039993,210.339996,207.850006,208.229996,191.071030,2641100
2021-09-08,207.119995,208.119995,204.770004,206.770004,189.731339,2603100
2021-09-09,206.500000,208.149994,204.899994,205.419998,188.492584,2777900
2021-09-10,207.100006,207.880005,204.820007,205.009995,188.116364,2551200
2021-09-13,207.160004,207.860001,203.929993,206.199997,189.208267,2699100
2021-09-14,206.039993,206.100006,201.639999,202.330002,185.657150,3757600
2021-09-15,202.169998,206.589996,201.869995,205.729996,188.777023,3342700
2021-09-16,205.449997,206.389999,202.820007,203.600006,186.822571,3120100
2021-09-17,202.630005,203.270004,199.449997,199.750000,183.289825,6351100
2021-09-20,193.059998,193.990005,188.479996,190.820007,175.095718,9151100
2021-09-21,192.000000,192.710007,186.979996,189.839996,174.196442,5699900
2021-09-22,192.000000,194.500000,191.160004,191.350006,175.582016,3924400
2021-09-23,192.910004,197.600006,192.850006,196.619995,180.417694,3367800
2021-09-24,195.649994,197.789993,194.929993,196.820007,180.601288,2199500
2021-09-27,197.600006,201.990005,197.600006,200.000000,183.519211,3033100
2021-09-28,200.199997,201.889999,198.750000,200.550003,184.023865,3247500
2021-09-29,200.479996,201.160004,197.699997,197.869995,181.564728,2954700
2021-09-30,198.619995,198.869995,191.630005,191.970001,176.150940,4978100
2021-10-01,192.899994,195.869995,191.240005,194.330002,178.316452,3695500
2021-10-04,194.740005,195.910004,192.410004,193.130005,177.215347,2864600
2021-10-05,192.759995,194.399994,190.729996,192.500000,176.637268,3074600
2021-10-06,190.000000,192.389999,187.800003,191.860001,176.050018,3777700
2021-10-07,193.729996,196.389999,193.610001,195.750000,179.619431,3510500
2021-10-08,195.800003,196.580002,194.740005,195.160004,179.078018,2713200
2021-10-11,196.339996,197.169998,192.679993,192.889999,176.995117,2015200
2021-10-12,192.320007,193.580002,189.580002,189.919998,174.269821,4706700
2021-10-13,190.500000,191.250000,187.720001,188.940002,173.370605,3253200
2021-10-14,193.550003,194.800003,192.610001,194.330002,178.316452,5212900
2021-10-15,195.960007,199.449997,195.300003,199.020004,182.619934,4736300
2021-10-18,197.380005,198.679993,195.550003,198.179993,181.849167,2809400
2021-10-19,198.600006,201.479996,198.460007,201.139999,184.565277,2626900
2021-10-20,201.160004,205.179993,200.529999,204.190002,187.363953,2936000
2021-10-21,201.600006,202.300003,199.740005,202.139999,185.482864,3071300
2021-10-22,200.639999,202.350006,199.199997,200.649994,185.132248,2632400
2021-10-25,201.279999,203.309998,200.509995,202.210007,186.571640,3294700
2021-10-26,202.750000,202.789993,199.470001,199.639999,184.200378,2933600
2021-10-27,200.250000,200.429993,195.919998,196.130005,180.961792,3406700
2021-10-28,197.360001,204.500000,197.050003,204.089996,188.306229,4462700
2021-10-29,207.990005,209.750000,203.240005,204.009995,188.232407,4292200
2021-11-01,204.289993,206.880005,203.809998,205.380005,189.496460,3215200
2021-11-02,205.750000,207.809998,203.000000,207.119995,191.101898,3429600
2021-11-03,206.259995,206.580002,201.820007,203.550003,187.807983,3137000
2021-11-04,204.000000,204.889999,202.610001,203.589996,187.844864,2543500
2021-11-05,205.479996,208.880005,205.229996,205.880005,189.957779,2591300
2021-11-08,215.889999,216.470001,211.250000,214.250000,197.680466,5944700
2021-11-09,215.179993,215.570007,208.960007,209.809998,193.583878,3310300
2021-11-10,209.270004,209.949997,206.429993,206.669998,190.686661,3261800
2021-11-11,207.880005,210.440002,207.880005,208.529999,192.402847,4819800
2021-11-12,209.350006,210.690002,208.300003,209.270004,193.085648,2018000
2021-11-15,210.000000,210.690002,206.759995,207.710007,191.646240,2392600
2021-11-16,208.000000,208.179993,205.259995,205.429993,189.542587,2138000
2021-11-17,205.000000,205.190002,200.850006,202.979996,187.282043,3135700
2021-11-18,203.270004,203.710007,200.660004,201.419998,185.842697,2119900
2021-11-19,200.919998,202.919998,199.660004,200.440002,184.938492,2980100
2021-11-22,201.490005,204.529999,200.089996,202.380005,186.728455,2596500
2021-11-23,203.050003,205.570007,201.589996,205.330002,189.450302,3127100
2021-11-24,203.660004,208.259995,203.080002,207.070007,191.055740,3880500
2021-11-26,201.000000,201.449997,196.610001,198.729996,183.360733,3496000
2021-11-29,201.229996,201.500000,193.279999,195.919998,180.768051,4559900
2021-11-30,193.839996,196.779999,191.550003,193.350006,178.396835,6358000
2021-12-01,197.580002,198.429993,191.360001,191.470001,176.662247,3425300
2021-12-02,192.309998,197.619995,191.809998,196.789993,181.570770,3445700
2021-12-03,197.669998,199.389999,195.740005,197.800003,182.502670,3250900
2021-12-06,199.580002,203.259995,198.339996,201.279999,185.713531,2838400
2021-12-07,203.289993,206.210007,203.070007,204.490005,188.675278,2818000
2021-12-08,204.410004,206.199997,203.610001,204.190002,188.398514,2341200
2021-12-09,203.100006,204.970001,200.880005,204.130005,188.343140,1646600
2021-12-10,205.399994,205.899994,202.110001,203.460007,187.724915,3315200
2021-12-13,203.820007,204.250000,200.449997,201.250000,185.685883,1868500
2021-12-14,200.000000,203.979996,199.800003,201.639999,186.045685,2248800
2021-12-15,201.000000,202.600006,198.639999,202.550003,186.885315,2193700
2021-12-16,205.000000,208.229996,204.649994,206.169998,190.225342,2856800
2021-12-17,204.949997,205.250000,201.229996,201.369995,185.796570,6079600
2021-12-20,197.550003,197.550003,193.059998,195.460007,180.343674,3605100
2021-12-21,197.000000,199.020004,196.740005,198.309998,182.973236,2303400
2021-12-22,200.979996,203.399994,200.830002,202.149994,186.516220,3558700
2021-12-23,203.419998,207.300003,203.289993,206.199997,190.253036,2669600
2021-12-27,205.940002,206.899994,205.139999,206.380005,190.419083,1711200
2021-12-28,206.179993,208.259995,206.139999,206.619995,190.640533,1393000
2021-12-29,206.270004,208.550003,206.080002,207.330002,191.295624,1334900
2021-12-30,207.330002,208.910004,205.929993,206.080002,190.142303,1465900
2021-12-31,206.199997,207.740005,205.669998,206.740005,190.751266,1374500
2022-01-03,207.330002,208.600006,205.800003,207.000000,190.991150,2055600
2022-01-04,208.279999,218.919998,207.940002,218.080002,201.214294,5242300
2022-01-05,218.179993,223.360001,218.179993,219.750000,202.755142,5378200
2022-01-06,221.490005,222.710007,218.059998,221.990005,204.821884,3913200
2022-01-07,222.500000,225.970001,222.229996,224.190002,206.851715,3673400
2022-01-10,224.949997,225.750000,220.610001,221.639999,204.498947,3734900
2022-01-11,222.000000,222.089996,216.589996,219.949997,202.939651,2944300
2022-01-12,222.119995,223.690002,220.070007,222.399994,205.200180,2506900
2022-01-13,222.889999,227.880005,222.639999,227.000000,209.444412,5002300
2022-01-14,224.720001,229.639999,223.580002,228.940002,211.234406,3970600
2022-01-18,227.710007,230.429993,226.860001,229.869995,212.092453,5411900
2022-01-19,229.660004,229.809998,220.929993,221.660004,205.509796,4991700
2022-01-20,221.080002,221.869995,216.039993,216.630005,200.846252,3545600
2022-01-21,217.509995,217.509995,212.419998,214.089996,198.491302,3754700
2022-01-24,211.160004,214.970001,206.660004,214.330002,198.713852,5107300
2022-01-25,212.080002,216.830002,207.100006,214.309998,198.695282,4554300
2022-01-26,215.000000,218.880005,212.240005,214.289993,198.676727,3558500
2022-01-27,215.210007,217.899994,210.149994,212.169998,196.711197,3678100
2022-01-28,205.589996,208.000000,196.800003,201.160004,186.503403,10747300
2022-01-31,199.449997,201.600006,194.679993,201.559998,186.874283,6179000
2022-02-01,200.800003,205.789993,200.539993,205.350006,190.388107,4026400
2022-02-02,203.199997,205.800003,201.399994,204.940002,190.008011,3492300
2022-02-03,205.000000,205.869995,200.089996,200.589996,185.974930,2748200
2022-02-04,200.210007,201.009995,196.490005,198.410004,183.953766,3930800
2022-02-07,198.839996,201.529999,198.029999,199.820007,185.261063,2402000
2022-02-08,200.259995,202.309998,199.229996,201.500000,186.818604,2407100
2022-02-09,202.639999,204.100006,202.089996,203.600006,188.765640,2743700
2022-02-10,202.570007,206.750000,201.559998,203.070007,188.274231,3538500
2022-02-11,203.419998,204.649994,200.130005,201.240005,186.577591,3826700
2022-02-14,200.949997,201.699997,198.110001,199.889999,185.325943,2730500
2022-02-15,200.699997,204.449997,200.009995,203.410004,188.589478,2752600
2022-02-16,203.110001,205.419998,203.000000,203.639999,188.802719,2253900
2022-02-17,201.000000,201.759995,194.440002,194.740005,180.551163,4699600
2022-02-18,193.360001,195.619995,191.179993,191.949997,177.964478,4385200
2022-02-22,191.949997,194.899994,190.550003,191.210007,177.278366,3488000
2022-02-23,191.720001,192.320007,186.369995,186.669998,173.069153,3550400
2022-02-24,182.029999,185.270004,179.669998,184.690002,171.233429,5919500
2022-02-25,184.940002,187.929993,184.119995,187.059998,173.430725,3594600
2022-02-28,184.339996,188.770004,183.669998,187.580002,173.912857,5168500
2022-03-01,187.770004,188.220001,180.639999,182.830002,169.508896,5110600
2022-03-02,185.199997,193.559998,185.000000,192.610001,178.576324,5849900
2022-03-03,193.320007,196.580002,192.339996,194.850006,180.653152,4429700
2022-03-04,191.100006,196.009995,190.309998,195.660004,181.404175,4334700
2022-03-07,194.789993,203.500000,193.619995,196.699997,182.368347,6912300
2022-03-08,203.869995,214.889999,203.000000,210.000000,194.699280,9318600
2022-03-09,212.570007,213.600006,207.449997,209.779999,194.495316,4798300
2022-03-10,209.389999,217.520004,208.179993,211.789993,196.358902,4886300
2022-03-11,212.300003,217.770004,212.300003,214.830002,199.177383,4045500
2022-03-14,216.300003,218.479996,212.929993,215.440002,199.742950,3530700
2022-03-15,216.119995,217.380005,210.509995,216.460007,200.688644,4364200
2022-03-16,217.500000,219.490005,212.320007,216.080002,200.336365,4378700
2022-03-17,215.320007,221.779999,214.339996,221.699997,205.546829,3600400
2022-03-18,219.479996,221.699997,218.000000,220.910004,204.814407,4105100
2022-03-21,221.000000,227.050003,220.990005,223.710007,207.410431,2902200
2022-03-22,224.460007,225.850006,221.339996,222.710007,206.483276,2461500
2022-03-23,221.690002,224.779999,221.690002,222.169998,205.982605,2001700
2022-03-24,222.539993,225.000000,221.509995,222.210007,206.019684,2110900
2022-03-25,222.089996,223.800003,221.139999,223.360001,207.085907,1581100
2022-03-28,222.339996,222.679993,219.039993,221.850006,205.685928,3072500
2022-03-29,220.800003,221.429993,216.539993,221.039993,204.934937,3667800
2022-03-30,222.000000,225.880005,220.699997,223.080002,206.826324,2507400
2022-03-31,223.210007,225.190002,222.429993,222.820007,206.585251,3152100
2022-04-01,224.350006,225.520004,218.169998,219.770004,203.757492,2618300
2022-04-04,219.160004,221.350006,216.600006,220.809998,204.721710,2181300
2022-04-05,220.000000,222.369995,215.139999,216.020004,200.280701,3582100
2022-04-06,215.119995,217.130005,213.550003,216.210007,200.456894,2783300
2022-04-07,215.460007,216.309998,213.559998,215.899994,200.169449,2253600
2022-04-08,215.789993,217.880005,214.029999,217.029999,201.217102,2450200
2022-04-11,217.029999,218.759995,215.750000,216.050003,200.308517,2494700
2022-04-12,215.449997,219.479996,214.979996,216.699997,200.911133,2508200
2022-04-13,216.929993,219.679993,216.399994,218.270004,202.366791,1898900
2022-04-14,219.910004,229.220001,218.610001,227.809998,211.211655,5337900
2022-04-18,228.000000,234.380005,228.000000,229.919998,213.167923,3644000
2022-04-19,230.250000,232.940002,227.570007,232.160004,215.244751,2689400
2022-04-20,233.550003,236.369995,232.580002,235.080002,217.951950,2907700
2022-04-21,237.240005,237.899994,231.649994,232.570007,215.624832,3571400
2022-04-22,228.399994,229.789993,215.600006,216.300003,201.502029,5053700
2022-04-25,215.309998,217.000000,209.570007,216.699997,201.874619,4145500
2022-04-26,216.130005,218.199997,209.350006,210.300003,195.912506,4176700
2022-04-27,211.110001,215.550003,207.300003,213.960007,199.322113,3358300
2022-04-28,207.429993,212.960007,202.000000,212.440002,197.906128,6092800
2022-04-29,212.699997,217.210007,210.160004,210.539993,196.136078,3404000
2022-05-02,210.000000,212.770004,207.660004,212.070007,197.561417,2639500
2022-05-03,211.899994,215.360001,210.789993,213.619995,199.005371,2121100
2022-05-04,214.949997,223.289993,213.830002,222.589996,207.361649,3023700
2022-05-05,222.399994,223.149994,213.770004,215.929993,201.157349,3005600
2022-05-06,217.009995,217.009995,210.350006,214.649994,199.964874,2268400
2022-05-09,212.029999,212.050003,205.440002,206.289993,192.176834,2929900
2022-05-10,208.240005,209.520004,201.389999,202.990005,189.102615,3040400
2022-05-11,205.559998,209.710007,203.589996,205.210007,191.170761,2552400
2022-05-12,203.610001,205.339996,199.300003,203.029999,189.139893,3282000
2022-05-13,205.149994,206.460007,202.919998,204.330002,190.350937,2323800
2022-05-16,205.020004,209.210007,203.679993,207.190002,193.015274,2540800
2022-05-17,212.800003,213.770004,209.139999,213.089996,198.511597,2275900
2022-05-18,213.839996,217.899994,207.520004,207.940002,193.713989,4723300
2022-05-19,205.860001,209.279999,201.710007,206.759995,192.614685,2887700
2022-05-20,206.449997,206.630005,194.039993,197.820007,184.286331,5404500
2022-05-23,199.929993,205.490005,199.160004,204.149994,190.183228,3246600
2022-05-24,202.009995,205.699997,201.289993,205.649994,191.580597,2467800
2022-05-25,205.000000,210.089996,204.820007,209.309998,194.990219,3080200
2022-05-26,211.550003,213.639999,210.399994,212.990005,198.418503,2016000
2022-05-27,215.000000,217.630005,214.160004,217.139999,202.284592,2020400
2022-05-31,214.789993,218.089996,213.490005,215.850006,201.082825,3773500
2022-06-01,218.460007,219.000000,214.300003,217.570007,202.685181,2314000
2022-06-02,219.589996,220.839996,217.250000,220.000000,204.948853,1784100
2022-06-03,218.250000,224.100006,218.250000,222.899994,207.650497,2222500
2022-06-06,222.899994,224.759995,222.250000,223.630005,208.330521,1565400
2022-06-07,222.000000,227.270004,221.649994,227.100006,211.563171,1799000
2022-06-08,225.289993,232.350006,224.619995,229.800003,214.078430,4171300
2022-06-09,227.429993,228.210007,223.619995,223.669998,208.367798,3045700
2022-06-10,219.500000,220.220001,215.009995,215.179993,200.458588,2604100
2022-06-13,209.580002,209.869995,204.899994,206.880005,192.726501,3559400
2022-06-14,208.059998,209.729996,205.270004,206.690002,192.549484,2359000
2022-06-15,207.479996,208.649994,203.130005,206.000000,191.906677,2343100
2022-06-16,201.070007,201.250000,193.250000,194.789993,181.463562,4789900
2022-06-17,195.679993,197.740005,190.869995,192.639999,179.460709,7226100
2022-06-21,197.100006,198.419998,193.869995,196.369995,182.935516,2755400
2022-06-22,190.000000,192.789993,187.710007,187.830002,174.979797,4008700
2022-06-23,186.580002,187.229996,176.020004,178.669998,166.446442,6667900
2022-06-24,181.339996,185.600006,179.369995,185.490005,172.799866,4868900
2022-06-27,188.080002,190.080002,185.820007,187.589996,174.756195,3061100
2022-06-28,189.970001,193.100006,187.429993,187.440002,174.616470,3327200
2022-06-29,187.320007,187.570007,182.130005,183.479996,170.927353,2436900
2022-06-30,180.259995,182.139999,177.119995,178.759995,166.530289,4197100
2022-07-01,179.309998,181.320007,173.720001,178.289993,166.092407,3423100
2022-07-05,173.770004,174.419998,170.600006,173.759995,161.872375,3724900
2022-07-06,173.479996,174.669998,169.289993,172.309998,160.521530,3190600
2022-07-07,182.500000,182.500000,176.330002,180.279999,167.946289,4677600
2022-07-08,180.229996,181.240005,176.389999,179.100006,166.847015,2491100
2022-07-11,177.410004,179.770004,174.619995,175.020004,163.046173,2773300
2022-07-12,174.740005,177.240005,172.600006,174.490005,162.552399,2718400
2022-07-13,172.250000,175.250000,171.860001,173.869995,161.974823,2389000
2022-07-14,169.750000,170.699997,167.080002,169.940002,158.313721,2531200
2022-07-15,172.250000,173.380005,169.199997,173.380005,161.518372,2282100
2022-07-18,176.130005,176.699997,172.710007,173.490005,161.620834,2476400
2022-07-19,173.899994,179.699997,172.880005,179.490005,168.374954,2671400
2022-07-20,178.779999,180.800003,177.070007,179.970001,168.825226,2175900
2022-07-21,178.419998,181.070007,176.479996,180.990005,169.782104,2214500
2022-07-22,181.490005,182.800003,177.339996,178.619995,167.558823,1961500
2022-07-25,179.169998,182.600006,177.770004,181.809998,170.551285,1845600
2022-07-26,181.160004,183.649994,180.580002,181.229996,170.007217,1767700
2022-07-27,182.919998,186.179993,180.320007,185.250000,173.778275,1856500
2022-07-28,186.850006,189.520004,184.199997,187.839996,176.207901,2229200
2022-07-29,189.190002,199.490005,189.119995,198.250000,185.973236,5188100
2022-08-01,195.080002,197.190002,193.399994,194.860001,182.793152,3185100
2022-08-02,188.000000,189.470001,183.160004,183.509995,172.146027,8193100
2022-08-03,183.320007,185.440002,181.600006,182.869995,171.545654,4155900
2022-08-04,182.860001,185.929993,181.119995,183.639999,172.267960,2478900
2022-08-05,183.580002,186.100006,183.229996,185.389999,173.909622,1908500
2022-08-08,186.770004,188.000000,184.160004,185.809998,174.303574,2655000
2022-08-09,185.949997,187.880005,185.160004,186.029999,174.509964,2460000
2022-08-10,188.729996,191.520004,187.449997,190.720001,178.909546,2304300
2022-08-11,192.830002,195.580002,191.910004,194.000000,181.986435,2538900
2022-08-12,194.889999,196.970001,193.800003,196.839996,184.650543,1864800
2022-08-15,193.399994,196.500000,193.070007,195.949997,183.815659,1752400
2022-08-16,195.320007,198.399994,194.949997,197.520004,185.288452,1959300
2022-08-17,195.000000,196.899994,193.869995,195.929993,183.796890,1576200
2022-08-18,197.050003,197.630005,195.250000,197.350006,185.128952,1750900
2022-08-19,195.270004,197.220001,193.809998,195.600006,183.487335,2003600
2022-08-22,193.110001,193.929993,191.550003,191.759995,179.885132,2008900
2022-08-23,192.750000,198.139999,192.479996,197.210007,184.997650,2444900
2022-08-24,197.559998,198.679993,193.449997,194.160004,182.136505,2503200
2022-08-25,195.490005,198.910004,194.570007,198.880005,186.564240,1888700
2022-08-26,199.399994,200.369995,191.729996,191.919998,180.035187,2560400
2022-08-29,190.000000,193.169998,189.000000,191.779999,179.903885,1996600
2022-08-30,191.500000,191.960007,184.589996,186.940002,175.363632,2691200
2022-08-31,186.630005,188.059998,184.500000,184.710007,173.271713,2656600
2022-09-01,182.270004,183.210007,180.100006,182.440002,171.142303,2686200
2022-09-02,184.850006,185.740005,179.850006,180.830002,169.632004,2185400
2022-09-06,182.899994,183.660004,179.589996,180.660004,169.472519,2141700
2022-09-07,179.110001,181.839996,178.190002,180.860001,169.660080,2166900
2022-09-08,179.679993,183.279999,178.080002,183.149994,171.808319,2245700
2022-09-09,187.550003,189.759995,187.220001,189.490005,177.755722,2279600
2022-09-12,190.850006,192.699997,190.610001,192.399994,180.485519,1937200
2022-09-13,187.850006,190.050003,183.500000,184.309998,172.896469,2207500
2022-09-14,183.919998,185.139999,181.869995,184.649994,173.215424,2295000
2022-09-15,184.669998,186.539993,181.679993,182.490005,171.189209,1933100
2022-09-16,180.000000,180.339996,177.770004,179.470001,168.356216,5088300
2022-09-19,177.250000,182.729996,176.800003,182.110001,170.832718,2923700
2022-09-20,180.589996,180.720001,176.309998,177.990005,166.967850,2512400
2022-09-21,179.279999,180.490005,171.880005,171.949997,161.301865,4061900
2022-09-22,172.699997,174.619995,170.289993,170.550003,159.988571,2508400
2022-09-23,168.660004,169.440002,161.729996,164.240005,154.069351,4047200
2022-09-26,164.000000,165.850006,162.220001,162.619995,152.549637,3213400
2022-09-27,164.460007,164.570007,160.600006,162.440002,152.380829,2753500
2022-09-28,164.500000,168.479996,163.539993,167.759995,157.371353,3694800
2022-09-29,165.699997,166.589996,163.539993,165.899994,155.626572,3518100
2022-09-30,165.889999,167.779999,163.889999,164.080002,153.919235,2963000
2022-10-03,167.429993,173.369995,166.050003,171.229996,160.626450,3444700
2022-10-04,174.300003,180.190002,174.210007,179.630005,168.506317,4008200
2022-10-05,177.149994,180.259995,176.690002,178.380005,167.333725,3067400
2022-10-06,177.410004,180.979996,176.889999,178.809998,167.737030,2415000
2022-10-07,176.720001,178.960007,175.139999,177.550003,166.555099,2759200
2022-10-10,179.809998,181.160004,176.070007,178.669998,167.605743,2633900
2022-10-11,176.820007,183.080002,176.669998,179.750000,168.618851,2542400
2022-10-12,179.479996,181.119995,178.779999,179.500000,168.384338,2260800
2022-10-13,173.750000,184.949997,172.710007,183.139999,171.798935,3745900
2022-10-14,183.750000,184.330002,177.529999,178.190002,167.155457,2830200
2022-10-17,182.300003,184.309998,179.199997,180.800003,169.603836,2940000
2022-10-18,184.899994,185.529999,180.910004,183.550003,172.183533,2674000
2022-10-19,182.940002,185.699997,182.000000,184.410004,172.990295,2088700
2022-10-20,184.539993,185.740005,180.460007,180.539993,169.359940,2953900
2022-10-21,179.729996,190.410004,179.210007,190.220001,179.634506,3483800
2022-10-24,188.649994,192.139999,188.449997,191.300003,180.654404,2919500
2022-10-25,190.289993,195.669998,188.919998,194.839996,183.997391,2545000
2022-10-26,198.300003,199.580002,194.570007,196.960007,185.999435,3546000
2022-10-27,210.149994,217.130005,207.369995,212.139999,200.334656,7872200
2022-10-28,212.500000,219.500000,211.210007,219.339996,207.133987,5161000
2022-10-31,215.339996,218.869995,215.009995,216.460007,204.414261,3786100
2022-11-01,218.630005,219.470001,216.710007,218.500000,206.340759,2717500
2022-11-02,217.600006,221.699997,213.929993,214.539993,202.601151,3150000
2022-11-03,211.539993,221.789993,211.360001,219.259995,207.058426,3570400
2022-11-04,224.020004,229.729996,223.600006,227.850006,215.170441,4973800
2022-11-07,228.000000,229.130005,222.669998,228.610001,215.888138,3405600
2022-11-08,228.610001,232.630005,226.669998,229.809998,217.021332,3676600
2022-11-09,226.070007,229.139999,225.059998,225.539993,212.988953,6248300
2022-11-10,232.220001,232.589996,226.330002,232.449997,219.514420,4590800
2022-11-11,233.000000,238.399994,232.000000,236.490005,223.329651,3585400
2022-11-14,236.000000,239.850006,234.500000,236.500000,223.339035,3217700
2022-11-15,237.100006,239.399994,232.750000,234.589996,221.535339,3371000
2022-11-16,234.000000,234.660004,230.839996,232.419998,219.486099,3062000
2022-11-17,227.750000,230.529999,225.509995,230.440002,217.616318,3256900
2022-11-18,230.850006,231.839996,227.630005,231.429993,218.551208,2868700
2022-11-21,231.550003,233.669998,228.270004,232.169998,219.250000,2522600
2022-11-22,234.000000,237.479996,233.360001,237.259995,224.056763,2523300
2022-11-23,237.630005,239.630005,235.610001,236.919998,223.735687,2311300
2022-11-25,237.000000,237.490005,235.190002,235.699997,222.583572,1034800
2022-11-28,233.940002,234.960007,231.570007,232.300003,219.372787,2862100
2022-11-29,233.300003,235.729996,231.550003,235.119995,222.035843,2277900
2022-11-30,235.899994,236.759995,230.789993,236.410004,223.254074,3850000
2022-12-01,236.899994,237.000000,231.940002,235.690002,222.574127,2504700
2022-12-02,233.889999,238.470001,233.589996,236.130005,222.989639,2218300
2022-12-05,234.800003,235.910004,232.259995,232.570007,219.627762,2064500
2022-12-06,232.589996,233.050003,225.559998,228.289993,215.585938,3633800
2022-12-07,227.000000,229.839996,225.779999,228.979996,216.237518,3044000
2022-12-08,230.910004,232.500000,229.539993,230.919998,218.069565,2189400
2022-12-09,232.000000,232.809998,227.190002,227.289993,214.641586,2257000
2022-12-12,227.550003,233.399994,227.020004,233.059998,220.090500,2709200
2022-12-13,237.820007,237.919998,232.130005,235.490005,222.385269,2945200
2022-12-14,236.059998,238.220001,233.119995,234.479996,221.431427,3513800
2022-12-15,232.160004,232.929993,227.720001,230.660004,217.824081,2953200
2022-12-16,228.630005,233.220001,228.050003,232.720001,219.769409,7610700
2022-12-19,233.899994,236.929993,230.929993,232.289993,219.363342,2622400
2022-12-20,232.440002,235.720001,231.860001,235.139999,222.054718,2649900
2022-12-21,237.660004,241.910004,237.660004,241.729996,228.278046,4143600
2022-12-22,240.149994,240.800003,233.039993,237.539993,224.321167,3129900
2022-12-23,236.949997,240.539993,236.500000,239.869995,226.521515,1959900
2022-12-27,240.690002,245.050003,239.720001,243.139999,229.609558,3381500
2022-12-28,243.139999,243.820007,238.279999,239.380005,226.058823,2270000
2022-12-29,241.210007,241.610001,238.270004,240.199997,226.833160,1652500
2022-12-30,239.389999,240.160004,237.699997,239.559998,226.228806,1521100
2023-01-03,240.679993,240.679993,236.199997,238.880005,225.586624,2651900
2023-01-04,240.000000,242.130005,238.550003,241.360001,227.928619,2387900
2023-01-05,240.529999,241.539993,237.559998,240.279999,226.908722,2355900
2023-01-06,242.889999,249.910004,242.240005,248.860001,235.011246,3945100
2023-01-09,249.009995,250.970001,246.000000,246.619995,232.895905,3417100
2023-01-10,246.949997,250.839996,246.449997,250.509995,236.569412,3011900
2023-01-11,251.490005,251.889999,247.130005,250.729996,236.777191,2402400
2023-01-12,252.000000,257.380005,251.009995,255.070007,240.875687,3881500
2023-01-13,256.799988,258.579987,255.229996,258.459991,244.076981,3067800
2023-01-17,258.859985,260.500000,255.940002,256.260010,241.999451,4100100
2023-01-18,257.279999,258.910004,252.070007,252.820007,238.750854,3361400
2023-01-19,250.479996,251.250000,244.300003,245.750000,233.181091,4885200
2023-01-20,246.869995,249.919998,244.759995,249.710007,236.938568,2964100
2023-01-23,250.750000,253.679993,249.270004,252.699997,239.775635,2610200
2023-01-24,252.880005,259.049988,249.750000,257.609985,244.434494,3505100
2023-01-25,254.529999,259.190002,254.320007,258.440002,245.222061,2424900
2023-01-26,260.000000,262.260010,256.890015,262.119995,248.713882,2677200
2023-01-27,262.459991,266.040009,262.119995,264.540009,251.010147,2783000
2023-01-30,263.339996,265.000000,261.309998,261.500000,248.125565,3426900
2023-01-31,257.000000,257.390015,246.410004,252.289993,239.386597,10992100
2023-02-01,251.750000,252.699997,245.309998,249.539993,236.777237,6022000
2023-02-02,249.330002,249.529999,241.800003,244.899994,232.374573,6130300
2023-02-03,244.000000,250.949997,243.130005,247.759995,235.088303,4134700
2023-02-06,248.110001,252.139999,248.000000,251.419998,238.561096,3528800
2023-02-07,250.550003,252.000000,245.350006,249.660004,236.891098,3467900
2023-02-08,248.100006,251.559998,247.080002,248.869995,236.141525,2300300
2023-02-09,250.000000,251.970001,245.479996,246.279999,233.684006,2464900
2023-02-10,246.279999,248.630005,244.639999,247.669998,235.002884,2820300
2023-02-13,243.500000,248.380005,242.649994,248.149994,235.458344,3068100
2023-02-14,247.009995,247.309998,241.649994,244.360001,231.862183,2512900
2023-02-15,244.199997,248.770004,243.229996,248.699997,235.980225,2398200
2023-02-16,246.500000,248.529999,244.520004,246.520004,233.911728,1934900
2023-02-17,247.860001,250.860001,245.630005,247.789993,235.116730,3759300
2023-02-21,244.500000,248.000000,239.750000,240.710007,228.398880,3105900
2023-02-22,241.190002,242.229996,236.419998,237.889999,225.723114,3145200
2023-02-23,240.669998,240.830002,235.600006,237.949997,225.780014,3219000
2023-02-24,235.229996,236.690002,233.020004,236.169998,224.091080,2105500
2023-02-27,239.100006,241.250000,238.720001,239.979996,227.706161,1720900
2023-02-28,240.940002,241.100006,238.710007,239.550003,227.298218,2647700
2023-03-01,242.009995,249.699997,241.570007,248.669998,235.951767,4117700
2023-03-02,246.509995,252.490005,246.130005,252.179993,239.282211,2676500
2023-03-03,252.389999,255.399994,249.910004,255.309998,242.252136,2314700
2023-03-06,255.649994,255.699997,251.580002,253.979996,240.990158,2317100
2023-03-07,254.050003,254.750000,245.949997,246.139999,233.551147,3018400
2023-03-08,247.990005,251.110001,246.750000,248.720001,235.999191,2068600
2023-03-09,248.949997,250.130005,240.610001,240.960007,228.636078,2518800
2023-03-10,236.309998,238.130005,225.800003,227.009995,215.399551,5767500
2023-03-13,222.580002,228.330002,221.539993,224.699997,213.207733,4885100
2023-03-14,228.990005,229.589996,222.199997,225.669998,214.128067,3754900
2023-03-15,219.399994,221.179993,212.570007,217.259995,206.148209,5471700
2023-03-16,215.669998,219.809998,213.320007,218.710007,207.524063,3555000
2023-03-17,217.399994,217.399994,211.429993,215.009995,204.013290,7203000
2023-03-20,217.350006,221.869995,216.479996,220.309998,209.042221,3464200
2023-03-21,224.059998,226.000000,223.610001,224.919998,213.416443,3074600
2023-03-22,225.169998,226.589996,219.860001,219.949997,208.700592,2930200
2023-03-23,220.509995,225.300003,217.600006,219.440002,208.216736,2957400
2023-03-24,216.850006,217.429993,213.139999,217.009995,205.910995,2976800
2023-03-27,214.929993,218.960007,213.919998,218.000000,206.850357,3209500
2023-03-28,218.149994,220.559998,217.710007,220.160004,208.899887,1802000
2023-03-29,222.740005,223.220001,221.500000,223.000000,211.594666,1857300
2023-03-30,225.050003,226.339996,223.990005,224.539993,213.055878,1921100
2023-03-31,226.380005,229.059998,224.899994,228.839996,217.135971,2746700
2023-04-03,230.009995,233.850006,228.860001,229.869995,218.113251,2242500
2023-04-04,228.899994,229.490005,216.250000,217.449997,206.328476,4282100
2023-04-05,216.199997,217.880005,211.550003,213.529999,202.608978,4265300
2023-04-06,212.669998,213.000000,208.940002,209.169998,198.471970,4180100
2023-04-10,210.220001,216.089996,209.320007,215.529999,204.506699,3839000
2023-04-11,216.169998,222.899994,216.169998,220.600006,209.317398,3882000
2023-04-12,222.149994,223.220001,219.889999,220.500000,209.222519,2385100
2023-04-13,219.940002,222.179993,216.660004,221.669998,210.332657,2909100
2023-04-14,222.990005,225.830002,221.440002,223.679993,212.239853,2246900
2023-04-17,225.009995,226.919998,224.300003,225.240005,213.720093,1751800
2023-04-18,225.559998,227.500000,224.059998,225.199997,213.682129,2567100
2023-04-19,224.800003,225.149994,222.410004,224.649994,213.160248,2078400
2023-04-20,222.419998,224.220001,220.929993,222.270004,210.901978,2826800
2023-04-21,220.669998,220.990005,217.500000,220.270004,210.138763,2712500
2023-04-24,220.529999,223.690002,220.529999,223.429993,213.153412,2790700
2023-04-25,222.360001,223.229996,218.270004,218.630005,208.574203,2505600
2023-04-26,217.729996,220.389999,216.119995,216.190002,206.246414,3254700
2023-04-27,210.479996,216.080002,204.039993,214.330002,204.471985,7711100
2023-04-28,213.240005,220.559998,213.000000,218.800003,208.736359,4669500
2023-05-01,219.339996,221.960007,216.529999,217.270004,207.276764,2876400
2023-05-02,217.110001,217.110001,210.589996,215.149994,205.254272,2858000
2023-05-03,215.639999,219.169998,214.860001,215.639999,205.721741,2635100
2023-05-04,216.050003,216.929993,209.330002,210.380005,200.703659,3211000
2023-05-05,213.589996,215.679993,212.399994,215.089996,205.197021,2716600
2023-05-08,216.440002,218.110001,213.630005,214.789993,204.910812,2414100
2023-05-09,213.740005,215.389999,211.949997,213.490005,203.670639,4111900
2023-05-10,215.429993,215.990005,210.190002,213.169998,203.365326,2446100
2023-05-11,209.000000,210.279999,208.419998,210.029999,200.369766,3263300
2023-05-12,211.710007,212.550003,207.929993,209.539993,199.902298,2172600
2023-05-15,210.309998,213.309998,209.149994,211.289993,201.571808,1925600
2023-05-16,210.050003,210.270004,207.050003,207.199997,197.669968,2771500
2023-05-17,209.279999,213.839996,208.649994,212.100006,202.344528,2897400
2023-05-18,211.000000,215.660004,210.229996,214.720001,204.844040,2643600
2023-05-19,219.460007,219.889999,212.949997,214.779999,204.901276,4402100
2023-05-22,214.250000,217.160004,211.889999,214.259995,204.405212,2540600
2023-05-23,213.199997,215.259995,211.350006,212.710007,202.926498,2298300
2023-05-24,211.809998,212.479996,209.220001,209.699997,200.054916,2964000
2023-05-25,209.690002,211.789993,208.600006,209.979996,200.322037,2243600
2023-05-26,211.740005,213.279999,210.210007,211.800003,202.058319,1973900
2023-05-30,211.179993,212.889999,208.250000,209.899994,200.245712,2885900
2023-05-31,209.130005,210.779999,205.600006,205.750000,196.286621,5937000
2023-06-01,207.679993,210.570007,206.039993,209.070007,199.453918,2989100
2023-06-02,214.949997,227.779999,214.009995,226.630005,216.206223,8358200
2023-06-05,226.990005,226.990005,220.750000,222.470001,212.237595,3438400
2023-06-06,221.860001,228.270004,221.449997,226.679993,216.253937,3230100
2023-06-07,227.809998,236.360001,226.279999,235.550003,224.715988,5586400
2023-06-08,234.539993,236.279999,231.740005,234.449997,223.666565,3546800
2023-06-09,235.699997,235.809998,231.429993,235.029999,224.219894,2488500
2023-06-12,235.229996,238.889999,233.320007,237.899994,226.957855,3644200
2023-06-13,240.080002,246.679993,239.679993,245.440002,234.151093,4335100
2023-06-14,246.800003,248.320007,241.570007,243.320007,232.128616,3122400
2023-06-15,244.000000,248.380005,243.479996,247.669998,236.278503,2743900
2023-06-16,249.399994,250.889999,244.970001,245.270004,233.988892,5261200
2023-06-20,242.330002,243.220001,240.550003,241.149994,230.058411,2979800
2023-06-21,238.839996,245.259995,238.029999,241.479996,230.373184,2892500
2023-06-22,240.229996,240.979996,235.949997,237.339996,226.423599,2421600
2023-06-23,234.440002,235.860001,231.279999,234.440002,223.657013,3354000
2023-06-26,235.460007,239.619995,235.130005,236.949997,226.051575,1748300
2023-06-27,237.479996,240.839996,235.320007,240.690002,229.619553,2283000
2023-06-28,239.289993,242.050003,237.860001,241.869995,230.745316,2200100
2023-06-29,241.940002,246.860001,241.369995,244.240005,233.006302,2070000
2023-06-30,246.570007,246.929993,243.889999,246.050003,234.733017,2377900
2023-07-03,245.949997,248.389999,245.270004,247.330002,235.954147,1045700
2023-07-05,245.000000,247.500000,244.119995,244.830002,233.569122,1820600
2023-07-06,242.750000,243.869995,238.839996,240.580002,229.514618,3079700
2023-07-07,240.190002,247.800003,240.110001,245.179993,233.903046,2903900
2023-07-10,244.509995,249.360001,244.089996,248.809998,237.366089,2771900
2023-07-11,249.839996,254.470001,249.839996,252.850006,241.220230,3293300
2023-07-12,255.490005,257.640015,251.440002,253.600006,241.935776,2986200
2023-07-13,254.559998,256.459991,252.740005,255.860001,244.091843,1949400
2023-07-14,256.480011,256.480011,252.910004,255.619995,243.862839,1936800
2023-07-17,254.270004,258.850006,252.009995,257.459991,245.618210,2674500
2023-07-18,257.630005,264.160004,256.929993,263.809998,251.676147,3832400
2023-07-19,260.140015,262.920013,259.700012,262.750000,251.906219,2771900
2023-07-20,264.170013,265.399994,260.440002,261.089996,250.314774,2102300
2023-07-21,261.750000,261.760010,257.510010,257.649994,247.016708,2249900
2023-07-24,258.299988,262.440002,258.100006,259.369995,248.665756,2195300
2023-07-25,260.100006,263.880005,259.440002,262.059998,251.244690,2016600
2023-07-26,260.529999,262.540009,257.250000,258.320007,247.659103,2622800
2023-07-27,258.970001,261.100006,256.820007,258.299988,247.639862,2284400
2023-07-28,259.929993,262.980011,258.989990,260.429993,249.682007,2101200
2023-07-31,262.750000,265.209991,261.660004,265.170013,254.226456,3568700
2023-08-01,272.750000,288.779999,270.500000,288.649994,276.737366,11823200
2023-08-02,287.750000,293.880005,286.089996,287.570007,275.701904,6288300
2023-08-03,285.540009,287.940002,281.049988,281.450012,269.834534,4743500
2023-08-04,283.200012,283.500000,275.359985,276.440002,265.031281,3888200
2023-08-07,277.119995,281.959991,275.890015,281.649994,270.026245,2438200
2023-08-08,278.000000,283.950012,274.779999,282.890015,271.215118,2519500
2023-08-09,284.660004,287.119995,283.880005,284.529999,272.787415,3088600
2023-08-10,284.489990,287.660004,281.190002,283.820007,272.106720,2647100
2023-08-11,283.940002,286.040009,282.609985,285.220001,273.448914,1874100
2023-08-14,284.059998,285.600006,281.269989,284.540009,272.796967,2194000
2023-08-15,282.519989,282.640015,277.049988,277.369995,265.922852,2593600
2023-08-16,277.000000,281.709991,274.079987,274.510010,263.180969,2831300
2023-08-17,277.019989,279.549988,274.660004,275.170013,263.813660,2534700
2023-08-18,273.010010,275.690002,271.109985,273.799988,262.500244,2533000
2023-08-21,274.750000,276.239990,268.799988,272.750000,261.493530,2207400
2023-08-22,273.940002,274.130005,269.670013,270.200012,259.048798,1668800
2023-08-23,270.299988,273.760010,269.109985,273.029999,261.761963,1677800
2023-08-24,271.600006,274.690002,269.200012,269.299988,258.185913,1433600
2023-08-25,271.519989,273.619995,268.829987,272.559998,261.311401,1291700
2023-08-28,273.500000,277.000000,273.040009,274.790009,263.449402,1550700
2023-08-29,275.000000,280.130005,273.429993,280.029999,268.473114,2065800
2023-08-30,280.029999,283.809998,279.809998,282.329987,270.678162,1431000
2023-08-31,283.640015,284.809998,280.839996,281.130005,269.527710,2579000
2023-09-01,284.799988,287.070007,283.649994,286.250000,274.436401,2336600
2023-09-05,286.339996,289.410004,281.380005,281.630005,270.007080,2515600
2023-09-06,280.420013,284.470001,279.040009,282.899994,271.224670,1688900
2023-09-07,280.929993,283.480011,277.649994,281.429993,269.815308,1593200
2023-09-08,281.570007,283.390015,279.119995,282.279999,270.630280,1240100
2023-09-11,284.559998,285.000000,279.950012,282.049988,270.409668,1515300
2023-09-12,280.260010,284.709991,279.820007,281.809998,270.179688,1587300
2023-09-13,280.209991,282.739990,273.029999,275.920013,264.532715,2119300
2023-09-14,279.000000,283.179993,277.829987,282.559998,270.898712,2660500
2023-09-15,281.869995,281.869995,277.329987,279.149994,267.629425,4940900
2023-09-18,279.059998,282.750000,278.850006,280.940002,269.345551,1363200
2023-09-19,280.079987,283.500000,277.649994,279.670013,268.128021,2313500
2023-09-20,281.500000,286.600006,278.079987,278.609985,267.111725,2380300
2023-09-21,276.209991,276.209991,271.600006,272.029999,260.803314,2277600
2023-09-22,272.010010,275.100006,271.609985,273.059998,261.790741,1707800
2023-09-25,270.750000,274.829987,270.070007,274.269989,262.950806,1257400
2023-09-26,271.149994,273.420013,269.149994,269.519989,258.396881,1756400
2023-09-27,271.000000,274.230011,269.200012,272.709991,261.455231,1991600
2023-09-28,273.489990,278.250000,272.220001,276.239990,264.839569,1994700
2023-09-29,279.079987,279.549988,271.359985,273.000000,261.733276,2257800
2023-10-02,272.640015,276.809998,270.239990,271.720001,260.506104,1778200
2023-10-03,271.209991,273.579987,267.540009,268.970001,257.869568,2187900
2023-10-04,267.500000,267.820007,262.779999,265.029999,254.092133,2970100
2023-10-05,263.899994,265.940002,260.429993,260.799988,250.036728,2639300
2023-10-06,261.570007,268.420013,258.269989,266.040009,255.060471,2293400
2023-10-09,266.040009,271.609985,264.649994,271.299988,260.103302,1640800
2023-10-10,272.649994,275.100006,271.829987,273.209991,261.934540,2009000
2023-10-11,273.529999,274.410004,269.899994,272.829987,261.570221,1538200
2023-10-12,273.799988,273.799988,266.190002,269.609985,258.483124,1910500
2023-10-13,270.489990,273.940002,266.100006,267.940002,256.882111,1918300
2023-10-16,272.119995,273.970001,269.579987,270.790009,259.614471,1678600
2023-10-17,268.579987,275.559998,268.579987,272.649994,261.397675,2110100
2023-10-18,268.500000,269.000000,258.750000,259.220001,248.521942,4257100
2023-10-19,257.910004,260.000000,251.759995,252.889999,242.453186,3850000
2023-10-20,251.309998,253.490005,248.160004,249.199997,240.149979,3103500
2023-10-23,247.630005,251.610001,246.559998,247.320007,238.338257,3193200
2023-10-24,250.250000,251.720001,247.250000,249.550003,240.487289,2304600
2023-10-25,249.869995,250.770004,244.500000,244.940002,236.044693,2542400
2023-10-26,245.529999,246.729996,240.410004,242.429993,233.625839,3859200
2023-10-27,243.050003,243.919998,237.860001,238.559998,229.896393,3229900
2023-10-30,240.940002,243.600006,239.179993,242.160004,233.365646,4478300
2023-10-31,227.649994,230.539993,223.759995,226.050003,217.840714,12093300
2023-11-01,225.110001,232.649994,223.919998,231.830002,223.410797,4932800
2023-11-02,235.800003,239.589996,232.880005,239.119995,230.436066,7749900
2023-11-03,241.509995,244.240005,238.179993,240.750000,232.006866,3929500
2023-11-06,241.509995,242.919998,236.360001,238.279999,229.626541,2891500
2023-11-07,234.580002,237.139999,233.570007,234.919998,226.388580,4074000
2023-11-08,236.000000,237.789993,234.449997,234.820007,226.292221,2532500
2023-11-09,237.440002,239.279999,233.820007,234.149994,225.646530,2708800
2023-11-10,235.339996,240.149994,234.619995,239.679993,230.975708,2525200
2023-11-13,238.880005,243.309998,238.880005,241.669998,232.893448,3035700
2023-11-14,246.750000,249.550003,244.690002,247.860001,238.858658,3441800
2023-11-15,249.520004,252.929993,248.600006,251.089996,241.971359,3739900
2023-11-16,250.500000,252.919998,246.600006,248.210007,239.195938,2625000
2023-11-17,250.089996,254.259995,250.000000,253.070007,243.879440,2792500
2023-11-20,252.610001,252.899994,248.660004,250.449997,241.354630,2661400
2023-11-21,249.440002,249.850006,248.320007,249.410004,240.352371,1765500
2023-11-22,241.839996,247.630005,241.809998,246.009995,237.075836,3593700
2023-11-24,246.750000,248.899994,246.699997,247.360001,238.376831,982200
2023-11-27,246.960007,248.220001,246.320007,247.389999,238.405731,1743300
2023-11-28,247.740005,248.869995,246.009995,247.500000,238.511703,2149900
2023-11-29,249.679993,251.580002,248.309998,249.449997,240.390930,2224700
2023-11-30,251.039993,251.500000,247.839996,250.720001,241.614792,3210500
2023-12-01,251.910004,257.440002,251.009995,256.760010,247.435471,3731500
2023-12-04,253.570007,255.529999,252.419998,254.750000,245.498459,3028700
2023-12-05,253.779999,257.200012,253.779999,255.190002,245.922424,2682200
2023-12-06,256.799988,261.010010,255.570007,255.970001,246.674149,3632600
2023-12-07,257.209991,259.380005,255.809998,257.410004,248.061829,2162500
2023-12-08,257.380005,261.640015,257.000000,259.500000,250.075943,3258200
2023-12-11,259.839996,262.239990,259.500000,260.920013,251.444366,2898300
2023-12-12,259.989990,262.489990,259.119995,261.429993,251.935867,2375700
2023-12-13,261.399994,268.230011,259.279999,267.970001,258.238312,3708300
2023-12-14,272.450012,285.459991,270.549988,285.170013,274.813660,6464100
2023-12-15,280.100006,286.850006,279.980011,285.739990,275.363007,7321200
2023-12-18,286.739990,288.880005,284.570007,285.709991,275.334045,2691700
2023-12-19,286.799988,293.029999,286.160004,292.959991,282.320801,3659600
2023-12-20,291.929993,298.269989,289.519989,289.709991,279.188843,3818400
2023-12-21,289.899994,290.730011,286.600006,290.070007,279.535736,3209300
2023-12-22,290.309998,292.829987,288.910004,290.359985,279.815186,2833800
2023-12-26,291.589996,297.089996,291.000000,295.630005,284.893829,2019000
2023-12-27,295.630005,299.149994,294.730011,298.119995,287.293396,1876500
2023-12-28,297.100006,299.200012,296.040009,296.880005,286.098450,2267400
2023-12-29,296.850006,298.239990,293.200012,295.670013,284.932434,2300600
2024-01-02,293.429993,296.640015,291.350006,292.709991,282.079865,2433100
2024-01-03,288.390015,288.929993,283.320007,284.299988,273.975281,3043400
2024-01-04,284.410004,288.220001,283.790009,286.100006,275.709900,2995400
2024-01-05,286.250000,291.000000,285.470001,288.929993,278.437164,2684800
2024-01-08,287.559998,292.679993,285.239990,292.250000,281.636627,2369100
2024-01-09,289.230011,292.359985,288.000000,292.290009,281.675140,1974500
2024-01-10,292.149994,294.549988,291.459991,293.350006,282.696655,2048000
2024-01-11,294.600006,295.600006,289.410004,292.059998,281.453491,1941400
2024-01-12,295.269989,295.829987,288.929993,290.410004,279.863373,1955600
2024-01-16,288.880005,290.209991,285.600006,287.230011,276.798859,3140100
2024-01-17,278.829987,282.019989,276.940002,278.630005,268.511230,3789200
2024-01-18,280.019989,282.529999,277.660004,281.899994,271.662415,2479300
2024-01-19,282.320007,286.079987,278.950012,285.279999,276.193329,3116000
2024-01-22,286.100006,290.589996,286.100006,288.670013,279.475403,2072200
2024-01-23,290.500000,292.880005,287.519989,288.829987,279.630280,1866300
2024-01-24,290.839996,292.609985,288.339996,290.679993,281.421356,2765900
2024-01-25,294.000000,303.309998,293.130005,300.769989,291.190002,4647100
2024-01-26,301.000000,302.980011,298.660004,299.429993,289.892700,2920500
2024-01-29,299.019989,303.700012,297.450012,303.250000,293.590973,2101400
2024-01-30,300.510010,305.730011,300.510010,304.760010,295.052917,2150200
2024-01-31,305.570007,305.750000,299.929993,300.309998,290.744629,2813000
2024-02-01,303.239990,308.070007,301.940002,307.690002,297.889618,3196300
2024-02-02,307.000000,317.369995,306.000000,315.089996,305.053894,4661500
2024-02-05,334.869995,334.869995,315.910004,321.399994,311.162872,6557500
2024-02-06,323.190002,327.429993,319.070007,322.720001,312.440826,2825700
2024-02-07,322.940002,327.820007,321.100006,323.589996,313.283142,3203000
2024-02-08,324.670013,326.429993,321.420013,322.000000,311.743744,1986100
2024-02-09,322.000000,322.329987,315.570007,317.160004,307.057953,2823000
2024-02-12,317.209991,323.089996,316.510010,321.630005,311.385620,2483600
2024-02-13,315.790009,316.000000,310.790009,312.839996,302.875549,2923200
2024-02-14,316.010010,317.850006,313.970001,316.709991,306.622253,1887100
2024-02-15,315.950012,323.209991,315.459991,323.070007,312.779724,2362900
2024-02-16,323.720001,328.299988,321.440002,321.910004,311.656677,2513200
2024-02-20,317.260010,319.000000,312.739990,313.739990,303.746918,2701600
2024-02-21,312.899994,317.820007,312.899994,317.140015,307.038574,1779700
2024-02-22,321.000000,323.369995,320.339996,322.089996,311.830963,1875800
2024-02-23,323.000000,325.079987,322.049988,323.880005,313.563934,1575000
2024-02-26,323.649994,327.239990,322.250000,325.380005,315.016144,1650000
2024-02-27,326.980011,327.950012,323.769989,327.630005,317.194489,1640900
2024-02-28,327.390015,331.679993,326.989990,329.559998,319.062988,1471000
2024-02-29,331.000000,334.890015,330.100006,333.959991,323.322906,2699800
2024-03-01,334.000000,337.769989,333.600006,336.700012,325.975586,1815500
2024-03-04,335.600006,340.260010,334.790009,338.649994,327.863464,1551000
2024-03-05,335.420013,338.989990,331.739990,333.529999,322.906586,2030000
2024-03-06,336.250000,337.730011,334.160004,335.630005,324.939697,1542300
2024-03-07,338.510010,342.339996,338.429993,340.220001,329.383423,1732500
2024-03-08,342.070007,344.500000,338.100006,339.190002,328.386292,2307400
2024-03-11,337.000000,338.209991,331.529999,334.970001,324.300659,1868000
2024-03-12,335.279999,338.390015,332.739990,337.239990,326.498413,1645900
2024-03-13,338.140015,343.100006,337.390015,341.519989,330.642029,1818800
2024-03-14,344.549988,346.839996,338.940002,341.920013,331.029327,2110200
2024-03-15,342.970001,347.290009,341.149994,346.970001,335.918396,4406000
2024-03-18,348.079987,353.339996,347.859985,351.899994,340.691376,2528200
2024-03-19,351.600006,354.000000,349.619995,353.899994,342.627716,2207600
2024-03-20,351.119995,358.179993,348.140015,356.450012,345.096527,2563900
2024-03-21,357.670013,365.200012,356.720001,364.559998,352.948151,2616300
2024-03-22,364.600006,365.519989,357.859985,358.109985,346.703613,2052000
2024-03-25,356.959991,358.869995,355.029999,355.950012,344.612427,1774800
2024-03-26,356.459991,359.589996,356.000000,356.390015,345.038483,1637200
2024-03-27,358.720001,364.809998,357.880005,364.649994,353.035400,2262800
2024-03-28,364.619995,367.220001,363.529999,366.429993,354.758606,2028600
2024-04-01,367.480011,367.929993,362.640015,363.739990,352.154327,1953800
2024-04-02,362.309998,364.989990,361.480011,364.829987,353.209595,1968900
2024-04-03,365.489990,376.070007,364.600006,375.790009,363.820526,2623700
2024-04-04,377.369995,381.029999,368.880005,369.790009,358.011597,2492200
2024-04-05,372.500000,381.000000,371.790009,379.299988,367.218750,2068300
2024-04-08,379.109985,382.010010,372.890015,373.470001,361.574341,2690000
2024-04-09,375.029999,377.160004,365.510010,371.899994,360.054382,2042700
2024-04-10,366.200012,372.619995,364.390015,372.070007,360.218994,2148500
2024-04-11,372.630005,373.369995,366.899994,371.980011,360.131866,2535700
2024-04-12,368.640015,372.839996,362.679993,365.630005,353.984070,2072900
2024-04-15,372.970001,374.459991,362.109985,363.910004,352.318848,2171000
2024-04-16,363.019989,363.459991,357.179993,359.880005,348.417236,2513900
2024-04-17,362.649994,362.910004,352.880005,358.320007,346.906952,2313800
2024-04-18,361.149994,363.480011,356.170013,357.929993,346.529358,2380700
2024-04-19,358.290009,360.950012,352.140015,354.660004,344.615173,2929600
2024-04-22,356.100006,362.000000,353.239990,357.609985,347.481628,2085400
2024-04-23,360.000000,365.519989,359.040009,363.250000,352.961884,1810700
2024-04-24,363.950012,368.170013,358.899994,363.519989,353.224213,3032700
2024-04-25,330.440002,341.940002,330.320007,338.000000,328.427032,6459600
2024-04-26,338.440002,345.500000,338.329987,343.380005,333.654633,3324600
2024-04-29,343.980011,350.950012,343.980011,349.799988,339.892792,2171400
2024-04-30,347.019989,347.769989,333.119995,334.570007,325.094208,4201700
2024-05-01,333.380005,338.500000,330.739990,331.070007,321.693359,3520600
2024-05-02,333.519989,336.160004,329.250000,335.440002,325.939545,2492000
2024-05-03,338.089996,341.609985,334.980011,336.750000,327.212402,1977100
2024-05-06,340.869995,342.549988,339.700012,342.100006,332.410919,1653900
2024-05-07,344.470001,348.540009,343.399994,345.000000,335.228760,1965600
2024-05-08,340.000000,346.269989,338.739990,344.500000,334.742920,2260300
2024-05-09,345.920013,352.880005,345.429993,351.779999,341.816681,3208900
2024-05-10,355.000000,357.510010,353.519989,354.790009,344.741455,2210600
2024-05-13,354.799988,358.549988,354.369995,356.679993,346.577942,2051200
2024-05-14,357.720001,360.609985,357.029999,358.179993,348.035492,1563400
2024-05-15,361.470001,363.309998,358.119995,360.040009,349.842773,1913900
2024-05-16,356.750000,358.769989,349.609985,350.720001,340.786743,2821700
2024-05-17,352.970001,356.410004,351.559998,356.269989,346.179535,2104300
2024-05-20,356.399994,364.429993,354.769989,362.750000,352.476013,2247900
2024-05-21,362.260010,363.239990,357.500000,359.070007,348.900299,1841100
2024-05-22,358.500000,359.200012,352.559998,355.940002,345.858917,2104200
2024-05-23,360.399994,361.339996,348.790009,350.700012,340.767365,2749200
2024-05-24,352.640015,353.910004,346.679993,348.899994,339.018280,2635200
2024-05-28,348.000000,349.230011,344.399994,346.470001,336.657135,2264900
2024-05-29,345.000000,345.309998,337.720001,338.109985,328.533875,3040000
2024-05-30,338.470001,344.549988,338.470001,339.250000,329.641632,2745800
2024-05-31,339.339996,340.890015,335.059998,338.519989,328.932281,8319400
2024-06-03,340.869995,341.399994,325.750000,331.359985,321.975067,3878600
2024-06-04,328.709991,330.329987,324.500000,327.570007,318.292419,3706600
2024-06-05,329.480011,331.269989,326.700012,329.450012,320.119171,2616300
2024-06-06,330.220001,331.029999,327.089996,328.290009,318.992004,2452100
2024-06-07,326.200012,332.880005,323.720001,328.940002,319.623596,2499100
2024-06-10,328.709991,331.910004,328.440002,329.609985,320.274597,2640500
2024-06-11,327.760010,328.640015,323.730011,327.309998,318.039795,3247000
2024-06-12,333.149994,335.170013,326.000000,328.730011,319.419525,4817300
2024-06-13,327.500000,327.890015,321.450012,326.359985,317.116638,3183900
2024-06-14,321.390015,322.679993,315.850006,321.470001,312.365204,4195300
2024-06-17,321.470001,323.839996,318.880005,322.399994,313.268860,3198900
2024-06-18,323.049988,325.600006,321.000000,325.140015,315.931244,3275300
2024-06-20,325.059998,331.100006,324.579987,329.130005,319.808289,4463300
2024-06-21,330.529999,330.549988,326.179993,327.839996,318.554779,8265100
2024-06-24,329.359985,333.670013,326.070007,330.000000,320.653625,2447300
2024-06-25,328.010010,329.470001,324.369995,327.399994,318.127197,2990400
2024-06-26,326.250000,327.709991,323.779999,326.730011,317.476196,2198600
2024-06-27,326.029999,329.230011,324.670013,327.459991,318.185547,1995100
2024-06-28,328.510010,334.190002,328.320007,333.100006,323.665771,8891500
2024-07-01,335.109985,335.290009,325.369995,329.079987,319.759674,2950200
2024-07-02,328.000000,330.089996,325.579987,327.760010,318.477020,2119800
2024-07-03,328.260010,331.410004,328.260010,330.609985,321.246338,1352200
2024-07-05,331.570007,333.440002,326.630005,328.350006,319.050354,2280900
2024-07-08,330.359985,333.260010,327.140015,329.059998,319.740204,1913400
2024-07-09,328.540009,330.119995,325.829987,326.059998,316.825195,1896100
2024-07-10,326.100006,328.480011,321.640015,328.480011,319.176636,2904400
2024-07-11,330.000000,334.429993,329.299988,331.130005,321.751617,3016400
2024-07-12,334.950012,338.230011,333.429993,335.589996,326.085297,2451300
2024-07-15,339.100006,347.899994,337.839996,345.769989,335.976929,3394300
2024-07-16,346.829987,362.279999,345.260010,360.579987,350.367554,4637000
2024-07-17,358.970001,362.690002,356.200012,357.799988,347.666168,3061000
2024-07-18,356.500000,369.230011,355.750000,356.029999,345.946381,3876300
2024-07-19,355.350006,356.489990,346.690002,347.630005,337.784271,3462700
2024-07-22,348.000000,348.730011,341.380005,347.869995,339.394073,2659600
2024-07-23,345.730011,348.660004,341.380005,344.170013,335.784210,2027800
2024-07-24,342.950012,344.820007,335.450012,336.040009,327.852356,2835800
2024-07-25,335.510010,348.200012,333.950012,344.299988,335.911041,3291300
2024-07-26,348.640015,352.940002,346.880005,350.480011,341.940460,1894900
2024-07-29,350.179993,351.380005,343.130005,344.529999,336.135406,2190300
2024-07-30,343.660004,345.720001,338.619995,341.720001,333.393921,1970800
2024-07-31,345.350006,350.989990,340.850006,346.200012,337.764740,2568100
2024-08-01,346.299988,349.829987,328.079987,331.519989,323.442474,3747900
2024-08-02,322.750000,323.399994,317.660004,320.869995,313.051910,4246700
2024-08-05,309.000000,320.579987,307.049988,316.799988,309.081116,4681300
2024-08-06,314.049988,332.170013,310.500000,326.440002,318.486237,5071700
2024-08-07,333.510010,335.179993,324.450012,325.799988,317.861816,3011700
2024-08-08,330.000000,336.429993,327.609985,336.160004,327.969360,2268300
2024-08-09,336.000000,338.500000,332.480011,338.260010,330.018219,1668100
2024-08-12,338.260010,339.850006,333.600006,336.029999,327.842499,2127600
2024-08-13,337.179993,339.519989,333.730011,338.799988,330.545074,1503800
2024-08-14,339.600006,341.790009,334.600006,337.589996,329.364502,1610900
2024-08-15,344.500000,347.640015,340.790009,345.640015,337.218414,3232600
2024-08-16,345.250000,345.839996,340.760010,343.480011,335.111053,2483800
2024-08-19,343.679993,346.100006,343.299988,344.649994,336.252502,2252600
2024-08-20,345.000000,346.170013,341.820007,343.299988,334.935394,1479500
2024-08-21,344.579987,345.600006,341.850006,342.970001,334.613434,1433200
2024-08-22,343.000000,345.140015,341.769989,342.359985,334.018341,2021400
2024-08-23,344.970001,349.540009,343.070007,348.410004,339.920929,2183900
2024-08-26,349.809998,354.410004,348.940002,351.160004,342.603882,1718100
2024-08-27,350.350006,351.720001,347.100006,351.119995,342.564911,1210800
2024-08-28,350.589996,354.429993,345.839996,348.200012,339.716034,1514500
2024-08-29,351.220001,356.459991,347.489990,351.640015,343.072235,1664500
2024-08-30,352.589996,356.239990,349.829987,356.100006,347.423584,2974100
2024-09-03,352.209991,352.630005,338.399994,340.239990,331.949951,3107200
2024-09-04,338.589996,340.850006,335.290009,336.750000,328.544983,2782500
2024-09-05,336.019989,336.489990,330.559998,333.559998,325.432709,2525500
2024-09-06,334.200012,338.619995,328.119995,329.359985,321.335052,2676600
2024-09-09,333.910004,336.359985,332.970001,334.040009,325.901062,2355800
2024-09-10,335.109985,335.750000,329.390015,334.160004,326.018127,1869200
2024-09-11,333.000000,335.480011,326.109985,335.000000,326.837677,1934700
2024-09-12,335.279999,341.040009,333.679993,339.579987,331.306061,1747000
2024-09-13,342.420013,347.220001,340.350006,345.309998,336.896423,2518600
2024-09-16,348.350006,351.459991,344.290009,347.959991,339.481842,1648200
2024-09-17,350.000000,354.579987,349.239990,353.690002,345.072266,2088400
2024-09-18,355.000000,361.630005,352.320007,355.119995,346.467438,1990700
2024-09-19,363.000000,374.690002,361.269989,373.309998,364.214203,4066600
2024-09-20,370.399994,371.450012,365.839996,368.820007,359.833618,5440500
2024-09-23,368.989990,372.970001,366.980011,371.170013,362.126373,2442700
2024-09-24,380.000000,389.429993,379.500000,385.929993,376.526703,4024300
2024-09-25,387.000000,388.640015,377.920013,378.250000,369.033813,2661500
2024-09-26,390.010010,397.220001,386.200012,390.959991,381.434174,3906800
2024-09-27,391.000000,395.559998,389.140015,391.079987,381.551270,2683700
2024-09-30,389.380005,392.760010,386.820007,391.119995,381.590240,2251300
2024-10-01,391.269989,395.489990,386.630005,392.390015,382.829315,2091400
2024-10-02,391.980011,395.660004,388.640015,394.049988,384.448883,1767900
2024-10-03,392.339996,394.000000,388.720001,391.089996,381.560974,1866100
2024-10-04,396.720001,397.459991,391.850006,397.089996,387.414825,1675100
2024-10-07,396.450012,401.170013,396.140015,398.250000,388.546539,2224500
2024-10-08,394.260010,395.000000,384.850006,387.959991,378.507202,2438800
2024-10-09,388.170013,396.600006,387.500000,396.190002,386.536743,1757900
2024-10-10,395.179993,396.959991,390.500000,396.640015,386.975800,1331700
2024-10-11,396.640015,403.600006,396.640015,402.019989,392.224731,2110400
2024-10-14,393.390015,396.290009,386.869995,393.950012,384.351349,3006100
2024-10-15,390.630005,392.470001,387.589996,387.989990,378.536530,2715100
2024-10-16,387.399994,394.600006,386.929993,393.619995,384.029358,1551600
2024-10-17,395.149994,397.119995,393.160004,394.489990,384.878174,1561500
2024-10-18,396.250000,396.450012,389.720001,393.859985,384.263519,3024100
2024-10-21,392.290009,393.149994,389.239990,390.480011,382.334595,2375900
2024-10-22,389.730011,391.290009,385.730011,388.459991,380.356781,1523900
2024-10-23,386.950012,390.029999,382.690002,385.730011,377.683777,1500900
2024-10-24,386.950012,388.359985,382.220001,387.059998,378.985931,1844100
2024-10-25,389.609985,392.029999,384.309998,385.970001,377.918701,1606800
2024-10-28,388.390015,391.570007,387.369995,390.609985,382.461884,3213900
2024-10-29,389.500000,389.600006,385.549988,387.510010,379.426575,2186400
2024-10-30,374.000000,388.260010,367.200012,379.239990,371.329071,4037500
2024-10-31,377.350006,378.910004,372.750000,376.200012,368.352478,2394500
2024-11-01,378.070007,383.269989,376.940002,379.630005,371.710938,1633300
2024-11-04,378.100006,381.489990,375.299988,376.519989,368.665802,1793600
2024-11-05,377.130005,386.070007,375.649994,383.369995,375.372955,1724100
2024-11-06,405.170013,418.299988,404.010010,416.880005,408.183899,4720000
2024-11-07,414.920013,418.500000,407.540009,408.209991,399.694794,3211100
2024-11-08,400.959991,403.059998,392.399994,393.369995,385.164307,3345900
2024-11-11,397.910004,402.079987,395.010010,396.540009,388.268219,1858900
2024-11-12,397.790009,398.730011,391.149994,393.010010,384.811829,1737100
2024-11-13,388.950012,391.200012,385.670013,387.070007,378.995789,2001900
2024-11-14,388.500000,390.179993,386.209991,387.359985,379.279694,1372500
2024-11-15,385.989990,388.489990,382.200012,384.070007,376.058350,2165500
2024-11-18,386.000000,386.299988,382.920013,384.459991,376.440186,1626200
2024-11-19,378.029999,383.250000,378.029999,382.329987,374.354614,1793200
2024-11-20,384.010010,386.200012,378.470001,381.500000,373.541962,1859600
2024-11-21,383.920013,392.019989,379.000000,389.589996,381.463135,1833500
2024-11-22,390.359985,398.160004,387.890015,397.489990,389.198395,1893000
2024-11-25,400.000000,407.149994,400.000000,405.649994,397.188141,4398000
2024-11-26,403.649994,408.410004,401.760010,407.829987,399.322693,1796600
2024-11-27,408.399994,412.119995,403.239990,403.700012,395.278870,1371900
2024-11-29,407.329987,411.190002,405.000000,406.109985,397.638550,1962100
2024-12-02,407.459991,408.149994,400.790009,402.510010,394.113647,1548500
2024-12-03,403.519989,405.529999,396.600006,399.260010,390.931488,1716200
2024-12-04,398.570007,401.470001,396.130005,399.510010,391.176239,1193800
2024-12-05,400.500000,401.429993,394.209991,394.980011,386.740784,1291400
2024-12-06,398.149994,399.739990,392.739990,395.029999,386.789703,1331000
2024-12-09,402.540009,409.709991,398.440002,399.260010,390.931488,1739800
2024-12-10,390.720001,395.470001,385.609985,388.390015,380.288208,2251000
2024-12-11,390.480011,391.350006,387.429993,388.869995,380.758240,1651600
2024-12-12,389.049988,389.869995,380.149994,380.779999,372.836945,1804600
2024-12-13,380.600006,382.890015,378.890015,380.510010,372.572571,2034800
2024-12-16,381.769989,382.320007,377.760010,378.920013,371.015778,1311100
2024-12-17,376.029999,378.890015,373.829987,375.799988,367.960876,2138700
2024-12-18,378.700012,381.160004,363.029999,363.890015,356.299316,2820700
2024-12-19,368.440002,369.570007,360.010010,360.369995,352.852692,2616700
2024-12-20,358.500000,371.489990,357.239990,366.040009,358.404449,5142000
2024-12-23,364.869995,366.350006,361.500000,365.390015,357.768036,1804900
2024-12-24,364.450012,367.570007,362.660004,367.570007,359.902496,886000
2024-12-26,365.049988,367.489990,363.869995,367.119995,359.461914,1097900
2024-12-27,363.390015,367.399994,361.750000,364.859985,357.249054,1245800
2024-12-30,360.429993,364.820007,358.739990,363.010010,355.437653,1422200
2024-12-31,363.500000,365.769989,361.799988,362.760010,355.192841,1168100
2025-01-02,365.510010,368.850006,358.089996,359.769989,352.265228,1802600
2025-01-03,361.589996,364.480011,359.489990,363.790009,356.201385,1390800
2025-01-06,367.000000,370.839996,362.579987,364.200012,356.602844,1590700
2025-01-07,364.130005,366.089996,361.089996,363.000000,355.427856,1607400
2025-01-08,362.450012,362.880005,357.700012,361.070007,353.538147,1828800
2025-01-10,357.829987,359.850006,349.799988,351.000000,343.678162,2773900
2025-01-13,352.959991,363.200012,351.799988,362.500000,354.938263,2746000
2025-01-14,365.489990,372.000000,365.179993,371.570007,363.819092,2331700
2025-01-15,379.140015,379.940002,374.329987,374.890015,367.069855,1984500
2025-01-16,376.309998,381.420013,374.720001,380.549988,372.611725,1974700
2025-01-17,384.700012,386.850006,382.000000,386.019989,377.967682,2605900
2025-01-21,391.000000,402.579987,390.799988,398.359985,391.480164,3144500
2025-01-22,398.679993,400.480011,395.109985,397.609985,390.743103,1994800
2025-01-23,397.369995,409.589996,397.269989,406.399994,399.381287,2587400
2025-01-24,405.730011,409.399994,405.279999,407.630005,400.590088,1938200
2025-01-27,397.190002,399.540009,389.920013,394.980011,388.158569,2964400
2025-01-28,394.040009,396.880005,386.480011,390.290009,383.549530,1788900
2025-01-29,391.940002,399.359985,391.119995,393.230011,386.438751,2675800
2025-01-30,373.500000,380.809998,373.160004,374.980011,368.503967,4234600
2025-01-31,377.459991,378.000000,371.279999,371.440002,365.025116,2858000
2025-02-03,364.140015,368.549988,359.690002,361.549988,355.305878,3079300
2025-02-04,369.660004,369.660004,359.410004,361.950012,355.698975,2709800
2025-02-05,362.869995,363.000000,357.200012,358.850006,352.652496,2134200
2025-02-06,363.899994,367.540009,362.519989,365.450012,359.138550,3007000
2025-02-07,369.250000,369.529999,362.579987,363.880005,357.595642,1804800
2025-02-10,365.329987,366.239990,361.549988,363.220001,356.947052,1944400
2025-02-11,361.739990,364.420013,360.980011,362.230011,355.974182,1516900
2025-02-12,357.000000,358.929993,351.440002,352.040009,345.960144,2833100
2025-02-13,352.570007,357.589996,350.420013,353.700012,347.591492,3547200
2025-02-14,356.600006,358.880005,352.799988,353.320007,347.218048,2045300
2025-02-18,355.470001,356.929993,351.109985,354.000000,347.886292,3120200
2025-02-19,351.869995,353.850006,349.589996,353.000000,346.903534,2211000
2025-02-20,355.000000,356.850006,347.450012,349.149994,343.120026,2174100
2025-02-21,350.529999,352.000000,337.600006,340.040009,334.167419,3225200
2025-02-24,343.390015,345.450012,336.230011,338.920013,333.066742,2513300
2025-02-25,341.000000,344.230011,336.380005,342.359985,336.447296,3323500
2025-02-26,345.450012,348.779999,340.119995,342.579987,336.663544,2397800
2025-02-27,343.649994,346.920013,338.459991,340.000000,334.128082,1971000
2025-02-28,341.980011,344.899994,338.739990,343.950012,338.009857,3210300
2025-03-03,347.630005,348.149994,330.029999,332.040009,326.305542,2569700
2025-03-04,327.390015,331.920013,318.679993,326.750000,321.106873,3500200
2025-03-05,329.119995,339.510010,328.649994,338.489990,332.644135,3189100
2025-03-06,335.269989,341.910004,332.519989,341.010010,335.120636,2234100
2025-03-07,339.399994,352.119995,339.399994,350.299988,344.250153,3063800
2025-03-10,345.000000,352.410004,341.850006,345.209991,339.248108,2809100
2025-03-11,343.920013,345.149994,336.369995,339.769989,333.902008,3190900
2025-03-12,343.029999,344.910004,335.450012,338.130005,332.290405,1816700
2025-03-13,336.029999,340.649994,331.670013,333.309998,327.553558,2490300
2025-03-14,337.720001,341.989990,336.950012,339.640015,333.774323,1936100
2025-03-17,339.739990,344.359985,339.000000,342.640015,336.722443,1683800
2025-03-18,342.000000,342.000000,335.350006,336.709991,330.894867,3310000
2025-03-19,336.929993,342.000000,336.670013,338.619995,332.771912,2407200
2025-03-20,334.570007,339.779999,333.609985,336.250000,330.442841,2782900
2025-03-21,331.209991,335.950012,329.209991,335.779999,329.980927,6766100
2025-03-24,340.549988,343.149994,339.290009,341.670013,335.769257,2277200
2025-03-25,343.579987,344.809998,340.829987,342.619995,336.702850,1678000
2025-03-26,343.359985,347.269989,338.790009,341.109985,335.218933,1703200
2025-03-27,341.079987,342.000000,336.630005,339.299988,333.440155,1481100
2025-03-28,337.000000,338.250000,328.049988,329.690002,323.996155,1965200
2025-03-31,325.630005,331.980011,322.000000,329.799988,324.104187,2837500
2025-04-01,327.010010,332.209991,323.890015,330.570007,324.860931,1955300
2025-04-02,326.130005,336.350006,326.100006,334.660004,328.880280,1747600
2025-04-03,319.670013,324.700012,305.000000,305.760010,300.479462,4638700
2025-04-04,285.000000,294.290009,281.500000,288.079987,283.104767,7216800
2025-04-07,276.000000,294.350006,267.299988,280.059998,275.223236,7824700
2025-04-08,289.890015,291.779999,268.269989,273.940002,269.208923,4989000
2025-04-09,270.760010,301.859985,269.130005,301.010010,295.811462,6457300
2025-04-10,296.679993,298.269989,279.799988,289.160004,284.166138,4116800
2025-04-11,288.950012,295.410004,284.140015,293.450012,288.382019,3197900
2025-04-14,298.670013,302.480011,295.709991,298.119995,292.971344,2758400
2025-04-15,296.829987,301.730011,292.390015,293.429993,288.362335,3611300
2025-04-16,292.709991,295.730011,287.609985,290.140015,285.129242,3017200
2025-04-17,292.170013,297.700012,291.899994,294.250000,289.168182,2717600
2025-04-21,289.329987,291.000000,282.459991,284.739990,281.169739,2978300
2025-04-22,287.500000,293.230011,287.000000,291.170013,287.519135,2231200
2025-04-23,301.339996,305.359985,295.179993,295.769989,292.061432,2458300
2025-04-24,297.429993,308.209991,297.070007,306.859985,303.012421,2874400
2025-04-25,305.100006,307.989990,303.910004,306.450012,302.607544,2162400
2025-04-28,306.450012,311.429993,303.850006,307.059998,303.209900,2189600
2025-04-29,305.000000,308.670013,302.910004,307.399994,303.545593,2651000
2025-04-30,315.209991,316.049988,302.179993,309.269989,305.392181,5124800
2025-05-01,311.380005,318.890015,311.019989,313.959991,310.023346,2961000
2025-05-02,318.480011,324.670013,318.480011,323.679993,319.621490,3765200
2025-05-05,319.380005,326.470001,319.380005,323.109985,319.058624,1829100
2025-05-06,321.549988,324.100006,319.850006,320.890015,316.866486,1724200
2025-05-07,322.739990,322.799988,318.109985,320.290009,316.273987,1555500
2025-05-08,324.880005,328.869995,322.899994,324.250000,320.184357,2553400
2025-05-09,325.649994,327.739990,323.309998,325.619995,321.537170,1646200
2025-05-12,343.109985,351.000000,339.730011,342.549988,338.254913,4592000
2025-05-13,348.929993,355.329987,348.070007,352.540009,348.119659,4132500
2025-05-14,351.720001,352.429993,348.779999,349.660004,345.275757,2052200
2025-05-15,349.440002,351.339996,348.500000,349.809998,345.423859,1580400
2025-05-16,351.540009,354.220001,348.239990,353.579987,349.146576,2561700
2025-05-19,349.700012,352.959991,348.540009,352.570007,348.149261,2277700
2025-05-20,350.839996,352.459991,347.489990,349.489990,345.107849,2266000
2025-05-21,346.640015,348.420013,341.649994,342.510010,338.215393,2093400
2025-05-22,342.000000,347.369995,340.589996,345.190002,340.861786,2174100
2025-05-23,337.630005,344.940002,336.239990,343.390015,339.084381,1936600
2025-05-27,349.950012,353.339996,346.619995,351.510010,347.102600,2240100
2025-05-28,352.489990,352.799988,348.859985,349.489990,345.107849,1924400
2025-05-29,352.200012,353.089996,348.739990,351.790009,347.379028,2290300
2025-05-30,351.829987,353.239990,347.019989,348.029999,343.666199,4867100
2025-06-02,346.470001,346.470001,339.500000,344.670013,340.348328,2552700
2025-06-03,346.000000,350.839996,344.920013,349.399994,345.019012,2614300
2025-06-04,350.299988,351.730011,349.329987,349.329987,344.949860,1616300
2025-06-05,351.000000,351.510010,345.850006,348.959991,344.584534,1753300
2025-06-06,353.570007,357.440002,352.260010,353.350006,348.919495,1608000
2025-06-09,355.220001,360.459991,353.929993,358.070007,353.580322,2147100
2025-06-10,359.440002,360.359985,356.089996,358.570007,354.074036,1894300
2025-06-11,360.940002,364.290009,357.750000,363.140015,358.586731,2551700
2025-06-12,359.850006,362.000000,357.869995,360.959991,356.434052,1571800
2025-06-13,357.230011,360.380005,355.700012,357.049988,352.573090,1609600
2025-06-16,361.000000,364.609985,360.200012,362.440002,357.895538,1579800
2025-06-17,360.720001,362.390015,357.029999,357.679993,353.195190,1560100
2025-06-18,357.130005,364.230011,356.959991,359.799988,355.288605,2000500
2025-06-20,362.950012,364.250000,359.140015,360.519989,355.999542,6268300
2025-06-23,359.920013,367.100006,357.730011,366.230011,361.638000,2927400
2025-06-24,369.890015,374.109985,367.920013,373.019989,368.342834,3841800
2025-06-25,373.000000,374.190002,369.510010,371.579987,366.920898,1737700
2025-06-26,374.000000,382.329987,373.040009,381.880005,377.091705,2575100
2025-06-27,383.019989,387.489990,382.750000,384.709991,379.886261,4455000
2025-06-30,386.309998,389.149994,384.809998,388.209991,383.342377,2791400
2025-07-01,386.589996,393.890015,384.250000,390.920013,386.018402,2393600
2025-07-02,392.700012,398.640015,389.420013,398.429993,393.434235,2713700
2025-07-03,398.920013,402.420013,397.589996,397.859985,392.871399,1737800
2025-07-07,398.059998,398.059998,388.089996,391.510010,386.601013,3012900
2025-07-08,392.429993,395.950012,391.519989,394.290009,389.346161,2003600
2025-07-09,399.720001,403.760010,396.880005,402.179993,397.137207,3101000
2025-07-10,404.660004,412.000000,403.440002,408.329987,403.210083,3382800
2025-07-11,405.450012,406.880005,401.700012,405.920013,400.830322,2072600
2025-07-14,404.000000,406.790009,402.230011,405.769989,400.682220,2497500
2025-07-15,406.260010,408.750000,403.019989,404.640015,399.566376,2167000
2025-07-16,405.000000,413.070007,403.320007,412.880005,407.703064,3242100
2025-07-17,414.859985,419.899994,412.880005,418.070007,412.828003,2444700
2025-07-18,418.700012,419.899994,412.160004,413.709991,408.522675,2526600
2025-07-21,417.220001,417.429993,409.839996,410.070007,406.411682,1833300
2025-07-22,410.380005,418.519989,410.380005,417.190002,413.468170,2185000
2025-07-23,420.000000,428.160004,419.450012,427.589996,423.775330,3254900
2025-07-24,427.040009,430.160004,424.500000,429.519989,425.688141,2511400
2025-07-25,429.690002,434.869995,428.619995,433.750000,429.880402,2218400
2025-07-28,431.250000,436.399994,431.119995,432.940002,429.077637,2550300
2025-07-29,434.549988,435.209991,424.799988,430.049988,426.213379,2383700
2025-07-30,430.000000,436.829987,426.429993,434.119995,430.247070,3172600
2025-07-31,434.130005,441.149994,433.679993,438.019989,434.112305,4116400
2025-08-01,426.970001,430.859985,421.290009,428.690002,424.865540,4027300
2025-08-04,430.859985,436.890015,429.989990,433.700012,429.830872,4059500
2025-08-05,427.649994,439.739990,426.570007,434.230011,430.356140,4329900
2025-08-06,433.339996,434.709991,425.540009,427.720001,423.904175,2630800
2025-08-07,426.839996,427.329987,409.959991,417.119995,413.398743,4261100
2025-08-08,420.519989,421.899994,415.760010,416.519989,412.804077,2965200
2025-08-11,416.980011,418.290009,406.799988,408.540009,404.895325,3416000
2025-08-12,411.000000,418.190002,409.640015,412.709991,409.028076,2765100
2025-08-13,415.179993,415.540009,410.540009,413.700012,410.009277,4403000
2025-08-14,409.299988,419.239990,407.000000,417.500000,413.775391,3676000
2025-08-15,415.720001,416.559998,407.100006,407.790009,404.152008,3107400
2025-08-18,407.000000,413.140015,405.459991,412.640015,408.958740,3185200
2025-08-19,419.309998,421.880005,414.059998,416.089996,412.377930,3543600
2025-08-20,414.799988,421.920013,412.049988,420.589996,416.837769,4060200
2025-08-21,419.929993,420.579987,414.160004,417.890015,414.161865,2504300
2025-08-22,421.609985,437.839996,420.049988,435.670013,431.783264,3785100
2025-08-25,435.000000,436.899994,432.170013,432.299988,428.443298,1857900
2025-08-26,431.399994,432.190002,427.239990,431.260010,427.412598,2792200
2025-08-27,429.730011,435.059998,428.950012,432.670013,428.809998,1970900
2025-08-28,434.910004,435.980011,432.630005,434.910004,431.030029,1651700
2025-08-29,425.410004,428.100006,414.369995,419.040009,415.301605,3673800
2025-09-02,413.910004,417.209991,410.519989,416.049988,412.338287,2329500
2025-09-03,418.130005,418.130005,411.369995,415.119995,411.416595,1496700
2025-09-04,415.809998,420.790009,414.290009,420.220001,416.471100,1634600
2025-09-05,420.839996,424.899994,417.910004,423.079987,419.305573,1843200
2025-09-08,422.649994,423.910004,416.779999,422.779999,419.008240,1876700
2025-09-09,423.160004,423.549988,416.440002,418.089996,414.360077,1710700
2025-09-10,419.820007,426.500000,419.500000,422.910004,419.137115,2221000
2025-09-11,423.920013,435.790009,423.320007,431.380005,427.531525,2737900
2025-09-12,429.059998,432.609985,427.750000,431.519989,427.670288,2341800
2025-09-15,433.829987,438.750000,430.609985,435.940002,432.050873,2255800
2025-09-16,436.130005,440.799988,434.279999,440.670013,436.738678,2366300
2025-09-17,445.000000,452.339996,443.000000,450.660004,446.639557,4512200
2025-09-18,450.959991,467.709991,448.869995,466.959991,462.794098,4331900
2025-09-19,470.260010,472.119995,462.709991,466.540009,462.377869,5069300
2025-09-22,467.309998,473.239990,459.609985,472.100006,467.888275,3180000
2025-09-23,473.260010,485.339996,468.190002,471.260010,467.055756,3856600
2025-09-24,472.700012,476.519989,468.630005,469.790009,465.598877,2776700
2025-09-25,464.709991,468.000000,459.579987,463.720001,459.583008,2979200
2025-09-26,465.480011,468.450012,462.380005,465.760010,461.604858,2329000
2025-09-29,468.079987,472.489990,467.459991,471.609985,467.402649,2892100
2025-09-30,471.619995,477.440002,470.239990,477.149994,472.893219,2315300
2025-10-01,474.010010,483.929993,471.140015,480.820007,476.530487,2964700
2025-10-02,486.859985,495.980011,484.190002,490.570007,486.193481,2648600
2025-10-03,493.250000,504.480011,492.529999,497.850006,493.408569,2996500
2025-10-06,500.420013,505.589996,493.040009,495.380005,490.960541,2629200
2025-10-07,497.929993,498.380005,483.549988,486.709991,482.367889,2135400
2025-10-08,490.989990,509.480011,489.339996,502.119995,497.640411,3959400
2025-10-09,504.059998,506.529999,497.140015,500.359985,495.896149,3113900
2025-10-10,503.119995,511.500000,491.299988,491.299988,486.916962,3889100
2025-10-13,502.149994,506.380005,495.450012,504.760010,500.256897,2618400
2025-10-14,500.579987,531.559998,499.010010,527.469971,522.764343,5459800
2025-10-15,534.200012,538.450012,527.210022,534.049988,529.285583,3447100
2025-10-16,538.059998,544.989990,534.700012,540.960022,536.133972,3463100
2025-10-17,537.380005,542.210022,526.969971,527.080017,522.377808,2814700
2025-10-20,529.559998,534.200012,526.940002,531.179993,527.953674,2170800
2025-10-21,525.070007,533.380005,522.039978,524.650024,521.463318,2259100
2025-10-22,525.729980,525.799988,510.209991,513.909973,510.788544,4149000
2025-10-23,518.330017,522.890015,513.010010,520.500000,517.338562,2619400
2025-10-24,522.859985,527.229980,521.020020,522.729980,519.554993,2392000
2025-10-27,527.049988,529.469971,521.429993,527.070007,523.868652,2493800
2025-10-28,525.960022,530.289978,521.669983,524.469971,521.284424,2775400
2025-10-29,558.179993,596.210022,558.000000,585.489990,581.933777,6948500
2025-10-30,577.890015,593.770020,575.770020,583.150024,579.608093,2574800
2025-10-31,584.030029,587.049988,571.349976,577.260010,573.753845,2974800
2025-11-03,575.929993,576.219971,565.390015,570.590027,567.124390,2439400
2025-11-04,565.000000,566.500000,545.200012,547.580017,544.254150,3440700
2025-11-05,551.940002,574.010010,550.359985,569.150024,565.693115,2701300
2025-11-06,573.200012,583.989990,564.229980,569.780029,566.319275,2245800
2025-11-07,563.549988,565.580017,550.330017,563.099976,559.679810,2320100
2025-11-10,570.000000,574.179993,561.510010,570.849976,567.382751,1829900
2025-11-11,568.719971,570.450012,560.260010,567.929993,564.480408,1517400
2025-11-12,570.500000,581.270020,570.500000,573.020020,569.539551,2645100
2025-11-13,572.770020,576.820007,544.630005,553.549988,550.187744,3458700
2025-11-14,548.960022,558.309998,541.000000,554.030029,550.664917,2764500
2025-11-17,552.590027,561.590027,547.570007,552.049988,548.696899,1941100
2025-11-18,543.349976,551.570007,538.049988,546.880005,543.558350,1918600
2025-11-19,550.000000,560.909973,547.640015,553.109985,549.750488,1880900
2025-11-20,565.950012,568.869995,541.000000,546.130005,542.812927,3195000
2025-11-21,545.820007,554.989990,537.080017,550.429993,547.086731,2921600
2025-11-24,552.130005,565.739990,550.669983,559.599976,556.201050,4653500
2025-11-25,564.590027,567.140015,547.549988,566.609985,563.168518,3105100
2025-11-26,566.609985,574.880005,566.020020,573.729980,570.245178,1995100
2025-11-28,573.789978,577.359985,572.400024,575.760010,572.262939,1019500
2025-12-01,570.409973,575.590027,567.000000,568.059998,564.609619,1764500
2025-12-02,571.330017,585.559998,569.059998,582.469971,578.932129,2749500
2025-12-03,581.400024,593.239990,562.210022,591.489990,587.897339,2545700
2025-12-04,590.179993,602.719971,587.000000,599.150024,595.510864,2313600
2025-12-05,604.000000,607.000000,597.739990,603.169983,599.506409,2177300
2025-12-08,604.659973,604.849976,591.929993,596.500000,592.876953,1822500
2025-12-09,593.049988,599.989990,592.229980,594.359985,590.749878,1755300
2025-12-10,600.130005,617.229980,598.690002,615.349976,611.612488,2797900
2025-12-11,610.450012,626.809998,604.260010,625.609985,621.810120,2779500
2025-12-12,626.000000,627.500000,595.780029,597.890015,594.258484,4581100
2025-12-15,602.530029,604.150024,587.890015,589.760010,586.177917,3968600
2025-12-16,590.700012,598.659973,586.280029,588.929993,585.352905,2319400
2025-12-17,587.590027,591.000000,557.460022,561.890015,558.477173,3753300
2025-12-18,568.500000,574.659973,561.909973,565.830017,562.393250,2193000
2025-12-19,572.690002,581.729980,570.330017,576.219971,572.720154,5355600
2025-12-22,584.489990,585.789978,575.690002,582.409973,578.872559,2387700
2025-12-23,580.500000,588.710022,580.500000,582.419983,578.882446,1731000
2025-12-24,582.659973,587.130005,581.000000,583.760010,580.214355,947000
2025-12-26,583.210022,583.830017,578.650024,583.000000,579.458923,954400
2025-12-29,580.090027,583.969971,574.640015,578.609985,575.095642,2585700
2025-12-30,580.010010,580.979980,575.510010,577.390015,573.883057,1216700
2025-12-31,577.299988,578.940002,572.049988,572.869995,569.390442,1163900
2026-01-02,577.590027,599.609985,575.309998,598.409973,594.775330,2761600
2026-01-05,607.880005,621.750000,606.219971,616.099976,612.357910,3444800
2026-01-06,616.000000,626.770020,608.900024,623.090027,619.305481,2706800
2026-01-07,623.000000,625.000000,595.780029,596.520020,592.896851,3312400
2026-01-08,596.520020,609.580017,594.169983,608.130005,604.436340,2075400
2026-01-09,609.969971,619.150024,608.200012,617.619995,613.868652,1822000
2026-01-12,614.650024,630.979980,612.960022,629.770020,625.944885,1856800
2026-01-13,633.200012,644.590027,633.000000,636.530029,632.663879,1959100
2026-01-14,634.099976,639.729980,623.070007,638.750000,634.870361,2105700
2026-01-15,644.940002,652.359985,644.039978,647.179993,643.249146,2052800
2026-01-16,651.969971,655.679993,641.010010,646.890015,642.960938,2554900
2026-01-20,642.000000,644.099976,625.119995,629.000000,626.642273,2659000
2026-01-21,633.669983,647.200012,627.320007,645.380005,642.960938,2490700
2026-01-22,649.109985,655.780029,640.900024,648.409973,645.979553,1565700
2026-01-23,644.119995,646.500000,623.570007,626.619995,624.271240,2267800
2026-01-26,628.000000,639.000000,619.260010,635.919983,633.536377,2532900
2026-01-27,640.000000,644.130005,633.229980,638.909973,636.515137,1827500
2026-01-28,637.969971,647.280029,628.979980,643.280029,640.868774,2720700
2026-01-29,655.169983,679.989990,642.729980,665.239990,662.746460,4441900
2026-01-30,655.650024,677.830017,650.309998,657.359985,654.895935,3300100
2026-02-02,659.820007,691.380005,657.429993,690.909973,688.320190,4450000
2026-02-03,694.359985,710.030029,691.400024,702.890015,700.255371,3524700
2026-02-04,707.000000,723.159973,675.000000,691.820007,689.226868,7146700
2026-02-05,681.539978,686.500000,665.070007,678.309998,675.767456,2792800
2026-02-06,692.570007,727.400024,690.520020,726.200012,723.477966,3359700
2026-02-09,724.500000,743.500000,721.609985,742.119995,739.338257,2496800
2026-02-10,742.750000,752.000000,737.669983,742.369995,739.587341,4008700
2026-02-11,758.679993,775.539978,756.099976,775.000000,772.095032,3926300
2026-02-12,776.690002,789.809998,756.010010,758.289978,755.447632,4893400
2026-02-13,765.000000,784.000000,747.419983,774.200012,771.298035,3232800
2026-02-17,765.000000,774.419983,750.000000,764.760010,761.893433,3450300
2026-02-18,765.109985,772.700012,750.380005,751.969971,749.151306,2563700
2026-02-19,752.000000,762.000000,744.150024,760.530029,757.679260,2908000
2026-02-20,755.000000,771.969971,752.109985,759.739990,756.892212,2095100
2026-02-23,758.950012,767.979980,752.780029,756.469971,753.634460,2289600
2026-02-24,755.000000,773.940002,751.690002,768.229980,765.350403,2615300
2026-02-25,772.500000,777.599976,756.739990,766.609985,763.736450,2606500
2026-02-26,770.609985,770.609985,728.400024,752.929993,750.107788,3350900
2026-02-27,745.219971,751.489990,731.039978,742.830017,740.045593,3441900
2026-03-02,733.489990,755.729980,725.059998,752.320007,749.500061,2473100
2026-03-03,728.270020,731.669983,706.599976,722.179993,719.473022,3332700
2026-03-04,737.090027,746.010010,730.840027,731.969971,729.226318,2823700
2026-03-05,720.000000,728.070007,693.580017,706.080017,703.433350,3713200
2026-03-06,682.469971,696.330017,675.070007,680.900024,678.347778,3564400
2026-03-09,665.219971,708.630005,662.849976,704.820007,702.178101,3584400
2026-03-10,712.780029,730.789978,710.280029,716.679993,713.993591,3089100
2026-03-11,713.500000,720.419983,703.630005,707.590027,704.937744,1947500
2026-03-12,693.000000,703.770020,679.760010,700.690002,698.063599,3231800
2026-03-13,704.340027,706.929993,687.179993,693.989990,691.388672,2042200
2026-03-16,705.369995,710.000000,694.599976,699.780029,697.156982,2145500
2026-03-17,707.359985,709.000000,694.909973,702.000000,699.368652,1824900
2026-03-18,701.309998,711.840027,692.700012,693.619995,691.020081,1796200
2026-03-19,676.489990,693.489990,669.000000,688.650024,686.068726,2240200
2026-03-20,686.630005,694.059998,670.440002,680.880005,678.327881,5131100
2026-03-23,699.000000,712.000000,694.559998,701.700012,699.069824,2981000
2026-03-24,693.799988,721.150024,693.030029,716.630005,713.943848,2098300
2026-03-25,727.250000,729.349976,717.000000,719.039978,716.344788,1591500
2026-03-26,710.070007,717.969971,696.429993,703.190002,700.554199,2428700
2026-03-27,694.469971,708.359985,692.330017,695.400024,692.793396,2059800
2026-03-30,702.210022,702.989990,664.570007,667.429993,664.928284,2610000
2026-03-31,680.000000,708.890015,672.000000,708.460022,705.804443,3002200
2026-04-01,722.000000,740.010010,719.739990,730.320007,727.582520,2435800
2026-04-02,705.570007,735.409973,705.450012,717.219971,714.531555,1764300
2026-04-06,716.739990,722.570007,704.270020,721.239990,718.536499,1246500
2026-04-07,719.590027,725.729980,708.929993,724.440002,721.724548,1549100
2026-04-08,764.619995,774.400024,753.099976,771.580017,768.687866,3014000
2026-04-09,773.000000,795.520020,772.989990,787.070007,784.119812,2801900
2026-04-10,790.669983,797.849976,786.239990,790.659973,787.696289,1872000
2026-04-13,788.419983,798.539978,785.330017,791.729980,788.762329,1820100
2026-04-14,796.000000,798.000000,782.039978,794.250000,791.272888,1866300
2026-04-15,787.099976,789.969971,756.650024,770.169983,767.283142,2764700
2026-04-16,768.000000,772.809998,754.450012,772.659973,769.763733,2005100
2026-04-17,780.510010,801.770020,776.000000,794.650024,791.671387,2818800
2026-04-20,790.900024,799.630005,786.830017,798.400024,796.921631,1454100
2026-04-21,804.880005,820.200012,797.789978,800.450012,798.967834,2293500
2026-04-22,812.500000,817.849976,805.479980,808.869995,807.372253,1628400
2026-04-23,817.109985,845.270020,815.460022,835.239990,833.693420,2601800
2026-04-24,839.260010,839.500000,826.650024,830.789978,829.251648,2253900
2026-04-27,829.760010,836.020020,816.719971,828.789978,827.255310,1986700
2026-04-28,814.349976,825.000000,805.000000,817.869995,816.355591,1875600
2026-04-29,822.929993,823.210022,809.099976,810.049988,808.550049,2566300
2026-04-30,856.630005,896.979980,850.799988,890.109985,888.461792,5203300
2026-05-01,896.840027,905.000000,879.580017,889.669983,888.022583,2376500
2026-05-04,887.280029,892.840027,869.590027,874.780029,873.160217,2669900
2026-05-05,888.099976,908.900024,888.099976,904.590027,902.915039,2581100
2026-05-06,913.500000,930.539978,905.349976,926.929993,925.213623,3010600
2026-05-07,929.960022,931.349976,886.880005,895.690002,894.031494,2957300
2026-05-08,911.000000,914.770020,893.849976,897.450012,895.788208,2030300
2026-05-11,903.609985,929.000000,895.059998,926.789978,925.073853,2811700
2026-05-12,912.000000,915.090027,894.510010,912.140015,910.451050,2348900
2026-05-13,912.500000,922.989990,897.380005,902.299988,900.629211,1957100
2026-05-14,910.000000,920.349976,902.500000,920.219971,918.515991,2095600
2026-05-15,898.750000,899.729980,880.200012,888.309998,886.665161,2907900
2026-05-18,893.320007,893.320007,850.830017,863.950012,862.350281,2720500
2026-05-19,861.590027,869.859985,845.549988,860.150024,858.557312,3239700
2026-05-20,871.219971,877.760010,857.059998,872.559998,870.944275,2415600
2026-05-21,864.900024,872.669983,858.599976,865.950012,864.346558,1860700
2026-05-22,878.000000,893.840027,861.059998,879.890015,878.260742,1987600
2026-05-26,884.950012,909.559998,878.020020,908.549988,906.867676,2255700
2026-05-27,905.179993,911.669983,889.830017,909.929993,908.245117,2463400
2026-05-28,898.559998,905.000000,880.469971,887.669983,886.026306,2750600
2026-05-29,886.690002,890.809998,866.190002,875.869995,874.248169,5195400
2026-06-01,860.159973,873.770020,853.369995,865.359985,863.757629,2675000
2026-06-02,876.669983,911.960022,873.119995,909.809998,908.125305,2822600
2026-06-03,914.429993,936.710022,912.390015,926.179993,924.465027,2511200
2026-06-04,913.989990,946.830017,903.000000,940.479980,938.738525,3077000
2026-06-05,929.929993,934.030029,901.500000,904.280029,902.605591,2780500
2026-06-08,917.000000,927.340027,902.739990,915.640015,913.944519,2550600
2026-06-09,927.489990,938.179993,876.989990,914.700012,913.006287,3007300
2026-06-10,901.739990,906.000000,854.729980,856.159973,854.574646,3611200
2026-06-11,872.400024,900.650024,870.030029,897.630005,895.967896,3463300
2026-06-12,905.239990,918.979980,899.200012,910.570007,908.883911,2097200
2026-06-15,935.000000,946.099976,928.500000,933.929993,932.200684,2449600
2026-06-16,942.799988,961.330017,939.169983,945.460022,943.709351,2834400
2026-06-17,956.979980,975.640015,953.000000,955.919983,954.149902,2743900
2026-06-18,979.000000,994.489990,976.330017,985.820007,983.994568,6175000
2026-06-22,999.280029,1023.289978,999.000000,1022.280029,1020.387085,4033500
2026-06-23,985.250000,994.599976,972.650024,984.239990,982.417480,4286900
2026-06-24,981.609985,1004.869995,970.049988,994.450012,992.608582,3526000
2026-06-25,1024.640015,1057.069946,1015.000000,1057.010010,1055.052734,4642100
2026-06-26,1031.849976,1031.849976,989.640015,997.469971,995.622986,13948500
2026-06-29,998.409973,1039.069946,992.109985,1033.189941,1031.276855,3146900
2026-06-30,1045.000000,1073.459961,1037.209961,1064.900024,1062.928223,3287500
2026-07-01,1033.920044,1041.260010,985.049988,991.409973,989.574219,3914100
2026-07-02,1001.280029,1001.280029,948.780029,963.530029,961.745911,3568600
2026-07-06,979.090027,991.000000,963.320007,969.919983,968.124023,2441700
2026-07-07,946.500000,950.000000,909.530029,940.119995,938.379211,3810200
2026-07-08,937.510010,955.000000,925.260010,948.080017,946.324463,2741500
2026-07-09,975.080017,983.159973,934.380005,938.390015,936.652405,3521200
2026-07-10,930.679993,957.989990,928.500000,952.409973,950.646423,1959400
2026-07-13,939.210022,946.750000,924.380005,931.469971,929.745178,1991000
2026-07-14,958.000000,964.630005,925.500000,933.340027,931.611755,2028600
2026-07-15,938.580017,938.580017,890.400024,914.299988,912.606995,2703600
2026-07-16,891.770020,902.000000,868.880005,877.169983,875.545776,3586600
2026-07-17,841.729980,893.190002,838.330017,880.280029,878.650024,3377200
2026-07-20,890.000000,894.369995,861.270020,864.299988,864.299988,2770000
2026-07-21,887.489990,898.000000,876.010010,889.969971,889.969971,3219600
2026-07-22,877.289978,902.570007,872.940002,889.309998,889.309998,1976900
2026-07-23,886.559998,909.599976,881.950012,894.539978,894.539978,2677100
2026-07-24,895.000000,902.820007,881.190002,888.729980,888.729980,1982100
2026-07-27,887.500000,894.020020,839.580017,873.280029,873.280029,3150000
2026-07-28,855.760010,855.820007,824.000000,840.849976,840.849976,3808600
2026-07-29,810.229980,822.799988,776.000000,782.710022,782.710022,5966400
2026-07-30,810.750000,822.760010,801.679993,809.140015,809.140015,3505200
2026-07-31,843.390015,845.000000,807.309998,814.809998,814.809998,2423600
2026-08-03,811.580017,835.340027,804.570007,830.030029,830.030029,3314300
2026-08-04,922.000000,935.000000,866.849976,876.539978,876.539978,6230100
2026-08-05,874.900024,905.719971,870.000000,871.080017,871.080017,3363200
2026-08-06,862.000000,879.330017,856.960022,856.960022,856.960022,2896500
2026-08-07,865.630005,868.000000,836.010010,842.190002,842.190002,2443800
2026-08-10,849.039978,854.929993,835.859985,837.580017,837.580017,1900900
2026-08-11,850.000000,864.250000,842.109985,843.369995,843.369995,2173800
2026-08-12,866.000000,871.200012,855.250000,855.599976,855.599976,3148500
2026-08-13,858.500000,864.109985,848.369995,854.599976,854.599976,2523500
2026-08-14,854.000000,870.989990,850.000000,856.570007,856.570007,1894900
2026-08-17,864.030029,887.909973,859.619995,881.650024,881.650024,2140600
2026-08-18,862.190002,863.919983,834.809998,840.869995,840.869995,2685700
2026-08-19,845.000000,848.940002,805.679993,816.150024,816.150024,4143900
2026-08-20,811.539978,818.929993,801.000000,815.390015,815.390015,2937800
2026-08-21,829.520020,832.000000,812.340027,827.900024,827.900024,2465200
2026-08-24,822.989990,825.969971,804.489990,811.020020,811.020020,2536200
2026-08-25,833.570007,834.450012,804.750000,811.289978,811.289978,1655500
2026-08-26,816.200012,824.619995,812.260010,821.929993,821.929993,1848200
2026-08-27,827.419983,832.989990,807.309998,817.000000,817.000000,1835400
2026-08-28,819.010010,821.229980,799.169983,800.250000,800.250000,1787500
2026-08-31,800.000000,802.900024,789.049988,797.469971,797.469971,3071400
2026-09-01,788.880005,790.219971,774.549988,779.159973,779.159973,2946600
2026-09-02,778.510010,793.940002,771.390015,792.280029,792.280029,2507600
2026-09-03,796.900024,803.919983,781.489990,800.140015,800.140015,2351900
2026-09-04,802.380005,821.000000,801.000000,813.940002,813.940002,2149500
2026-09-08,823.340027,830.500000,817.090027,822.479980,822.479980,2443200
2026-09-09,815.679993,827.960022,813.500000,815.559998,815.559998,1739323
