date,open,high,low,close,adj_close,volume
2012-01-03,108.739998,110.989998,108.730003,110.370003,60.554794,11518700
2012-01-04,109.830002,110.370003,109.199997,110.180000,60.450546,8019100
2012-01-05,109.389999,109.540001,107.970001,109.099998,59.857994,7184900
2012-01-06,109.410004,109.610001,108.089996,108.309998,59.424526,8214900
2012-01-09,108.239998,109.669998,108.029999,109.489998,60.071976,7118800
2012-01-10,110.120003,110.660004,108.900002,109.059998,59.836029,7641800
2012-01-11,108.510002,108.650002,107.129997,107.769997,59.128277,7802500
2012-01-12,104.519997,106.040001,104.519997,104.970001,57.592037,11897200
2012-01-13,104.620003,106.150002,103.510002,106.089996,58.206554,8266900
2012-01-17,107.269997,107.980003,106.029999,106.720001,58.552208,6925300
2012-01-18,106.000000,106.940002,105.199997,106.830002,58.612537,6581400
2012-01-19,107.209999,107.500000,105.820000,106.930000,58.667423,5666100
2012-01-20,106.949997,107.199997,106.250000,106.889999,58.645458,7284600
2012-01-23,106.989998,107.500000,106.559998,107.010002,58.711300,6506700
2012-01-24,106.449997,107.089996,106.180000,106.720001,58.552208,5041400
2012-01-25,106.370003,108.000000,105.089996,107.730003,59.106346,8020700
2012-01-26,108.029999,108.570000,106.349998,106.589996,58.480858,7000400
2012-01-27,104.389999,104.669998,103.120003,103.959999,57.037933,10581500
2012-01-30,103.400002,103.500000,102.080002,103.410004,56.736141,7615700
2012-01-31,104.610001,104.779999,102.400002,103.120003,56.577061,8320100
2012-02-01,104.419998,104.419998,102.680000,102.790001,56.395985,7824500
2012-02-02,103.029999,103.959999,102.879997,103.690002,56.889801,5897200
2012-02-03,104.910004,105.599998,104.480003,105.500000,57.882858,6818600
2012-02-06,104.620003,106.760002,104.370003,106.669998,58.524769,6443600
2012-02-07,106.019997,107.059998,105.440002,106.830002,58.612537,6034700
2012-02-08,107.269997,107.500000,106.089996,106.760002,58.574123,5383700
2012-02-09,107.180000,107.410004,106.070000,106.370003,58.360157,4751400
2012-02-10,105.190002,105.519997,104.580002,105.279999,57.762146,6136800
2012-02-13,106.160004,106.529999,105.449997,106.379997,58.365654,4695500
2012-02-14,106.250000,106.529999,105.570000,106.489998,58.425972,5974800
2012-02-15,106.239998,106.239998,104.589996,105.000000,58.050053,6553800
2012-02-16,105.519997,106.570000,104.800003,106.519997,58.890404,5733900
2012-02-17,107.019997,107.239998,106.040001,106.660004,58.967823,5666500
2012-02-21,107.510002,108.500000,107.440002,108.410004,59.935307,7149000
2012-02-22,108.160004,108.559998,107.199997,107.500000,59.432220,7150000
2012-02-23,107.540001,108.500000,107.320000,108.349998,59.902122,5504800
2012-02-24,108.800003,109.400002,108.500000,109.080002,60.305706,5833300
2012-02-27,108.290001,110.220001,108.279999,109.629997,60.609795,7723400
2012-02-28,109.680000,110.400002,109.180000,109.610001,60.598721,9132500
2012-02-29,110.400002,110.919998,108.919998,109.120003,60.327824,10572800
2012-03-01,109.169998,110.139999,109.099998,109.760002,60.681686,5980100
2012-03-02,109.500000,109.870003,109.000000,109.610001,60.598721,5377100
2012-03-05,109.139999,109.449997,108.139999,109.320000,60.438416,5941500
2012-03-06,108.139999,109.029999,108.000000,108.849998,60.178539,7480800
2012-03-07,109.000000,109.949997,108.190002,109.459999,60.515778,6867900
2012-03-08,109.800003,110.570000,109.559998,110.029999,60.830929,5505400
2012-03-09,109.889999,110.410004,109.370003,109.570000,60.576633,5704200
2012-03-12,109.650002,110.000000,109.160004,110.000000,60.814342,5324700
2012-03-13,110.220001,111.309998,109.430000,111.190002,61.472248,7331000
2012-03-14,111.050003,112.279999,110.540001,110.690002,61.195816,8819400
2012-03-15,110.510002,110.930000,109.459999,110.029999,60.830929,8899400
2012-03-16,110.430000,110.830002,110.099998,110.279999,60.969151,11092500
2012-03-19,110.519997,111.059998,110.300003,110.699997,61.201344,5695000
2012-03-20,109.930000,109.930000,108.930000,109.080002,60.305706,6158300
2012-03-21,108.949997,109.019997,107.349998,107.910004,59.658867,7549900
2012-03-22,106.849998,106.989998,105.029999,105.349998,58.243572,8282100
2012-03-23,105.680000,106.900002,104.849998,106.360001,58.801945,6600300
2012-03-26,107.230003,107.970001,106.830002,107.839996,59.620190,5311100
2012-03-27,107.879997,108.000000,107.010002,107.040001,59.177883,4327700
2012-03-28,106.570000,106.959999,105.199997,105.889999,58.542118,6816400
2012-03-29,105.080002,107.019997,104.919998,106.849998,59.072865,5793900
2012-03-30,107.040001,107.250000,106.410004,107.209999,59.271877,6121000
2012-04-02,106.849998,108.790001,106.599998,108.300003,59.874496,5188400
2012-04-03,107.930000,108.230003,106.230003,107.139999,59.233173,4690300
2012-04-04,106.250000,106.260002,105.029999,105.599998,58.381771,5430600
2012-04-05,105.169998,105.900002,104.330002,104.750000,57.911854,5982700
2012-04-09,103.300003,104.080002,102.849998,103.489998,57.215267,4983400
2012-04-10,103.250000,103.379997,101.400002,101.449997,56.087414,8907500
2012-04-11,102.309998,102.449997,100.779999,100.949997,55.810986,8570100
2012-04-12,100.889999,102.860001,100.510002,102.589996,56.717659,6451900
2012-04-13,102.290001,102.360001,100.720001,100.779999,55.717007,6847100
2012-04-16,101.620003,102.239998,101.169998,101.510002,56.120586,6065100
2012-04-17,102.459999,104.089996,102.339996,103.620003,57.287102,5500900
2012-04-18,103.419998,103.970001,102.849998,103.389999,57.159969,4836200
2012-04-19,103.269997,103.639999,102.180000,102.510002,56.673447,6768400
2012-04-20,103.110001,103.839996,102.419998,102.519997,56.678970,5814700
2012-04-23,101.190002,102.720001,100.889999,102.440002,56.634735,5590600
2012-04-24,102.769997,103.169998,102.139999,103.029999,56.960938,4104400
2012-04-25,103.559998,103.889999,102.620003,103.849998,57.414276,5308500
2012-04-26,104.000000,106.699997,103.989998,106.220001,58.724537,8535300
2012-04-27,106.779999,106.800003,105.669998,106.199997,58.713478,5433500
2012-04-30,106.160004,106.610001,105.809998,106.559998,58.912518,4727100
2012-05-01,106.739998,108.790001,106.389999,108.269997,59.857876,6179900
2012-05-02,107.510002,107.650002,106.589996,107.029999,59.172344,4834400
2012-05-03,107.040001,107.059998,105.410004,105.989998,58.597397,4882800
2012-05-04,105.269997,105.489998,103.250000,103.720001,57.342411,6241300
2012-05-07,103.080002,103.820000,102.589996,103.309998,57.115726,6126900
2012-05-08,102.750000,103.209999,101.550003,102.839996,56.855877,8167200
2012-05-09,101.610001,102.500000,101.370003,101.779999,56.269863,6115600
2012-05-10,102.830002,104.239998,102.650002,103.360001,57.143360,21105400
2012-05-11,102.949997,103.949997,102.470001,102.690002,56.772968,4944700
2012-05-14,101.739998,102.300003,101.269997,101.940002,56.358303,7021400
2012-05-15,102.040001,102.660004,100.709999,100.900002,55.783348,8421000
2012-05-16,100.769997,101.779999,100.010002,100.099998,55.839123,6423800
2012-05-17,100.199997,101.410004,99.889999,100.139999,55.861439,6527500
2012-05-18,100.480003,100.750000,98.239998,98.459999,54.924278,11137700
2012-05-21,98.809998,99.739998,98.349998,99.690002,55.610413,6169400
2012-05-22,99.930000,100.680000,98.730003,99.320000,55.404018,6089700
2012-05-23,98.330002,99.000000,96.699997,99.000000,55.225498,8013000
2012-05-24,99.260002,100.120003,98.550003,100.059998,55.816826,6322300
2012-05-25,100.040001,100.239998,98.419998,98.860001,55.147423,5561500
2012-05-29,99.809998,100.849998,99.500000,100.239998,55.917221,5223200
2012-05-30,99.110001,99.110001,97.500000,97.629997,54.461273,7284800
2012-05-31,98.059998,99.160004,96.680000,98.309998,54.840611,9371100
2012-06-01,96.650002,97.290001,96.019997,96.410004,53.780727,9243000
2012-06-04,96.480003,97.139999,95.730003,96.580002,53.875561,6794500
2012-06-05,96.389999,96.870003,95.779999,96.489998,53.825340,5891600
2012-06-06,97.889999,99.800003,97.580002,99.800003,55.671806,7145800
2012-06-07,100.980003,102.000000,100.180000,100.389999,56.000889,7971600
2012-06-08,99.889999,101.000000,99.690002,100.839996,56.251911,5769900
2012-06-11,101.989998,102.330002,99.570000,99.910004,55.733143,7037100
2012-06-12,100.199997,100.900002,99.559998,100.739998,56.196159,5933400
2012-06-13,100.680000,101.400002,99.709999,100.129997,55.855846,5189900
2012-06-14,100.169998,102.169998,99.900002,101.919998,56.854382,6540000
2012-06-15,103.000000,104.500000,102.639999,104.330002,58.198776,11091100
2012-06-18,103.139999,103.970001,103.000000,103.459999,57.713455,6630300
2012-06-19,103.989998,104.650002,103.769997,104.059998,58.048145,6115500
2012-06-20,104.040001,104.550003,102.589996,103.629997,57.808281,7609200
2012-06-21,103.459999,103.750000,99.870003,100.019997,55.794498,8492000
2012-06-22,100.650002,101.120003,99.580002,100.440002,56.028782,11708600
2012-06-25,99.339996,99.559998,98.169998,99.080002,55.270134,7091000
2012-06-26,98.970001,101.290001,98.830002,100.949997,56.313301,7616000
2012-06-27,101.459999,102.900002,101.250000,102.570000,57.216976,5740300
2012-06-28,101.849998,103.650002,101.430000,103.459999,57.713455,7010200
2012-06-29,105.320000,105.510002,104.349998,105.500000,58.851410,10651500
2012-07-02,105.589996,106.089996,104.690002,105.860001,59.052231,5695600
2012-07-03,106.290001,107.419998,106.220001,107.370003,59.894577,4079900
2012-07-05,106.269997,107.050003,105.730003,106.029999,59.147083,5045600
2012-07-06,104.989998,105.349998,104.389999,105.070000,58.611565,4609000
2012-07-09,104.970001,105.040001,103.550003,104.459999,58.271267,5233300
2012-07-10,104.870003,105.389999,103.290001,103.879997,57.947754,6424200
2012-07-11,104.309998,105.629997,104.019997,104.849998,58.488834,5931000
2012-07-12,104.309998,106.080002,104.269997,105.029999,58.589249,7871500
2012-07-13,105.339996,106.190002,104.870003,106.010002,59.135925,6771800
2012-07-16,105.709999,107.250000,105.500000,106.779999,59.565464,5185100
2012-07-17,106.989998,107.500000,105.580002,107.430000,59.928066,6668200
2012-07-18,106.790001,107.980003,106.660004,107.879997,60.179077,5519300
2012-07-19,107.919998,108.980003,107.120003,108.839996,60.714622,6829400
2012-07-20,108.160004,109.250000,107.500000,109.190002,60.909855,9368100
2012-07-23,107.250000,108.279999,106.029999,107.949997,60.218113,5953200
2012-07-24,108.160004,108.160004,104.610001,106.300003,59.297695,6654900
2012-07-25,106.519997,106.769997,105.279999,106.059998,59.163803,5476400
2012-07-26,107.589996,108.629997,107.260002,108.269997,60.396626,6808200
2012-07-27,109.379997,109.500000,107.129997,109.260002,60.948879,8338800
2012-07-30,108.870003,109.930000,108.760002,109.820000,61.261295,5789900
2012-07-31,109.550003,110.820000,109.529999,109.580002,61.127377,10012500
2012-08-01,109.720001,111.230003,109.139999,110.500000,61.640617,8363800
2012-08-02,109.459999,109.930000,108.470001,109.250000,60.943298,6662200
2012-08-03,111.139999,111.879997,110.900002,111.120003,61.986439,5967600
2012-08-06,110.750000,112.099998,110.699997,111.309998,62.092442,5201900
2012-08-07,111.599998,112.389999,111.510002,111.949997,62.449455,5453300
2012-08-08,111.500000,112.639999,111.360001,112.139999,62.555443,5443400
2012-08-09,112.260002,113.279999,111.730003,112.629997,62.828785,4846700
2012-08-10,111.959999,113.639999,111.279999,113.550003,63.342007,5107600
2012-08-13,113.320000,113.589996,112.709999,113.279999,63.191387,4336100
2012-08-14,113.699997,113.870003,112.959999,113.320000,63.213673,6286100
2012-08-15,112.129997,113.000000,112.000000,112.570000,63.298035,4539900
2012-08-16,112.720001,113.589996,112.099998,113.320000,63.719761,5394600
2012-08-17,113.309998,113.570000,112.510002,112.660004,63.348633,5642600
2012-08-20,112.690002,112.889999,112.139999,112.519997,63.269901,3908100
2012-08-21,112.809998,113.449997,111.779999,111.980003,62.966263,4647100
2012-08-22,111.900002,112.349998,111.279999,112.150002,63.061871,4445400
2012-08-23,112.080002,112.169998,110.949997,111.290001,62.578278,4191500
2012-08-24,110.769997,112.199997,110.760002,112.010002,62.983128,3453300
2012-08-27,112.180000,112.389999,111.459999,111.730003,62.825691,3388800
2012-08-28,111.839996,112.809998,111.769997,112.349998,63.174339,3340900
2012-08-29,112.330002,112.440002,111.599998,111.800003,62.865047,3296300
2012-08-30,111.489998,111.690002,110.919998,110.930000,62.375870,3523200
2012-08-31,111.669998,112.949997,111.669998,112.160004,63.067497,5557000
2012-09-04,112.029999,112.269997,110.879997,111.220001,62.538940,4632400
2012-09-05,111.599998,111.730003,110.589996,110.769997,62.285912,4441200
2012-09-06,111.570000,113.440002,111.570000,113.029999,63.556683,5531500
2012-09-07,112.970001,114.000000,112.739998,114.000000,64.102097,5057300
2012-09-10,114.199997,114.540001,113.599998,113.959999,64.079620,5212400
2012-09-11,114.070000,114.750000,114.000000,114.180000,64.203339,4758800
2012-09-12,114.230003,114.739998,114.029999,114.480003,64.372032,4420700
2012-09-13,114.730003,116.970001,114.120003,116.559998,65.541603,7737700
2012-09-14,116.930000,118.220001,116.480003,117.250000,65.929604,8978300
2012-09-17,117.169998,118.500000,116.889999,117.139999,65.867729,7409700
2012-09-18,116.989998,117.650002,116.589996,116.970001,65.772156,5100100
2012-09-19,117.089996,117.180000,115.830002,116.599998,65.564095,5978000
2012-09-20,116.139999,118.169998,115.500000,117.849998,66.266983,7286200
2012-09-21,118.529999,118.529999,117.470001,117.800003,66.238853,10280700
2012-09-24,117.550003,118.489998,117.459999,117.779999,66.227592,6808800
2012-09-25,118.180000,118.500000,116.529999,116.930000,65.749680,7565400
2012-09-26,116.820000,117.000000,116.150002,116.300003,65.395401,5586700
2012-09-27,116.779999,117.400002,116.519997,117.199997,65.901466,5482200
2012-09-28,116.879997,116.889999,116.150002,116.559998,65.541603,5626800
2012-10-01,116.919998,118.250000,116.870003,117.250000,65.929604,4914900
2012-10-02,117.650002,118.080002,116.919998,117.959999,66.328819,6012400
2012-10-03,117.650002,117.739998,116.050003,116.139999,65.305428,7362500
2012-10-04,116.639999,117.470001,116.470001,117.150002,65.873360,5425700
2012-10-05,117.419998,118.250000,117.120003,117.500000,66.070183,4507900
2012-10-08,117.190002,117.870003,116.949997,117.620003,66.137627,3434900
2012-10-09,117.519997,118.379997,117.349998,117.360001,65.991447,5983500
2012-10-10,114.639999,115.050003,112.010002,112.449997,63.230553,15959000
2012-10-11,113.370003,114.220001,113.059998,113.059998,63.573559,7279900
2012-10-12,113.080002,113.290001,111.610001,112.070000,63.016876,5915800
2012-10-15,112.160004,113.040001,111.099998,112.820000,63.438595,5775100
2012-10-16,113.480003,114.410004,113.320000,114.089996,64.152710,4793300
2012-10-17,114.360001,115.360001,114.360001,115.180000,64.765648,5218200
2012-10-18,114.550003,115.029999,114.370003,114.650002,64.467636,6166900
2012-10-19,114.900002,114.989998,113.110001,113.379997,63.753502,7160000
2012-10-22,113.610001,113.699997,111.730003,112.739998,63.393635,4811900
2012-10-23,111.580002,111.580002,109.099998,109.379997,61.504272,8011000
2012-10-24,109.419998,110.489998,109.029999,109.709999,61.689835,5087900
2012-10-25,110.629997,110.970001,109.650002,110.959999,62.392712,4888600
2012-10-26,110.669998,111.690002,110.580002,111.180000,62.516426,4777600
2012-10-31,111.930000,111.940002,109.250000,110.239998,61.987877,5958500
2012-11-01,110.019997,111.690002,109.889999,111.459999,62.673882,6480500
2012-11-02,110.699997,111.209999,107.570000,108.370003,60.936375,8375300
2012-11-05,107.739998,109.339996,107.739998,109.190002,61.397465,4058300
2012-11-06,109.650002,110.690002,109.250000,110.360001,62.055340,5379400
2012-11-07,109.239998,109.300003,106.779999,107.510002,60.452805,7627300
2012-11-08,107.230003,107.669998,105.870003,105.870003,59.530636,6208900
2012-11-09,105.260002,106.690002,105.080002,105.839996,59.513763,5835100
2012-11-12,106.449997,106.519997,105.489998,105.930000,59.564354,4001800
2012-11-13,105.370003,106.449997,105.199997,105.279999,59.198864,4834200
2012-11-14,104.989998,105.010002,102.220001,102.500000,58.132641,8609400
2012-11-15,101.989998,103.470001,100.660004,101.620003,57.633549,9774300
2012-11-16,101.559998,102.489998,101.000000,102.400002,58.075912,8242400
2012-11-19,103.669998,104.349998,103.139999,104.349998,59.181858,6850900
2012-11-20,104.010002,104.120003,102.919998,103.559998,58.733826,5283800
2012-11-21,103.949997,104.120003,103.410004,104.099998,59.040073,3656400
2012-11-23,104.870003,105.470001,104.459999,105.470001,59.817051,2776400
2012-11-26,104.750000,104.989998,104.250000,104.989998,59.544827,4354100
2012-11-27,105.000000,105.160004,103.199997,103.379997,58.631710,6612400
2012-11-28,102.980003,105.620003,102.760002,105.580002,59.879444,7024200
2012-11-29,105.889999,106.690002,105.379997,105.790001,59.998528,5756200
2012-11-30,106.099998,106.370003,105.269997,105.690002,59.941856,6676400
2012-12-03,106.000000,106.070000,104.379997,104.660004,59.357681,5736400
2012-12-04,104.400002,105.089996,103.940002,103.959999,58.960670,6665100
2012-12-05,104.379997,105.809998,104.000000,105.169998,59.646912,6430800
2012-12-06,105.489998,106.500000,105.290001,106.449997,60.372871,7392300
2012-12-07,106.730003,107.000000,106.139999,106.989998,60.679115,4947300
2012-12-10,107.099998,107.690002,106.470001,106.959999,60.662117,5512100
2012-12-11,107.290001,108.230003,107.150002,107.739998,61.104477,5922700
2012-12-12,108.169998,109.180000,107.930000,108.080002,61.297325,5968200
2012-12-13,108.540001,108.540001,107.459999,107.910004,61.200890,4909800
2012-12-14,107.610001,108.389999,107.400002,107.820000,61.149864,5889300
2012-12-17,107.970001,108.839996,107.940002,108.680000,61.637611,6097100
2012-12-18,108.540001,110.400002,108.320000,110.099998,62.442951,7102700
2012-12-19,110.470001,111.110001,109.889999,109.910004,62.335197,7623200
2012-12-20,110.000000,110.669998,109.650002,110.379997,62.601757,5873900
2012-12-21,109.570000,110.300003,108.559998,109.709999,62.221756,15611700
2012-12-24,109.300003,109.389999,108.480003,108.629997,61.609257,2284400
2012-12-26,109.099998,109.269997,108.209999,108.459999,61.512817,4094300
2012-12-27,108.459999,108.860001,107.269997,108.519997,61.546848,5525700
2012-12-28,107.680000,107.779999,106.300003,106.449997,60.372871,5277100
2012-12-31,105.750000,108.230003,105.750000,108.139999,61.331348,6554000
2013-01-02,110.269997,110.419998,108.739998,110.389999,62.607418,6144100
2013-01-03,110.139999,110.919998,109.510002,109.919998,62.340862,6817000
2013-01-04,109.989998,110.620003,109.900002,110.500000,62.669838,4414500
2013-01-07,110.019997,110.089996,109.190002,109.750000,62.244442,4861000
2013-01-08,109.480003,109.690002,109.099998,109.260002,61.966549,6325400
2013-01-09,109.720001,110.080002,109.199997,109.540001,62.125347,4558600
2013-01-10,110.190002,110.760002,110.089996,110.470001,62.652805,5276400
2013-01-11,111.199997,112.080002,110.800003,111.730003,63.367409,5456300
2013-01-14,111.379997,112.949997,111.349998,112.849998,64.002617,6373900
2013-01-15,112.260002,113.470001,112.150002,113.440002,64.337242,5637600
2013-01-16,113.309998,114.330002,113.169998,113.970001,64.637810,6148500
2013-01-17,114.730003,115.860001,114.589996,114.739998,65.074509,6966000
2013-01-18,115.230003,115.239998,114.059998,115.239998,65.358101,8538000
2013-01-22,115.110001,115.940002,114.529999,115.910004,65.738060,5398000
2013-01-23,115.349998,115.900002,114.930000,115.010002,65.227654,5031800
2013-01-24,115.489998,116.370003,115.279999,115.500000,65.505508,4895800
2013-01-25,115.519997,116.379997,115.150002,116.199997,65.902573,4745400
2013-01-28,116.559998,116.580002,115.410004,116.040001,65.811813,4520500
2013-01-29,116.279999,117.400002,116.250000,117.209999,66.475388,4370100
2013-01-30,117.070000,117.500000,116.260002,116.449997,66.044342,5168200
2013-01-31,116.220001,116.900002,115.150002,115.150002,65.307053,7777900
2013-02-01,115.839996,116.690002,115.050003,116.500000,66.072678,6415900
2013-02-04,115.019997,115.889999,114.290001,115.199997,65.335411,6397600
2013-02-05,115.739998,116.379997,115.510002,115.809998,65.681351,5067800
2013-02-06,115.430000,115.919998,114.849998,115.910004,65.738060,4459800
2013-02-07,115.989998,116.000000,114.330002,115.019997,65.233322,5423900
2013-02-08,114.930000,115.779999,114.900002,115.639999,65.584946,4457200
2013-02-11,115.680000,115.839996,115.010002,115.639999,65.584946,3766300
2013-02-12,115.720001,116.839996,115.510002,116.500000,66.072678,4530600
2013-02-13,115.430000,115.839996,114.910004,115.529999,66.032700,4111000
2013-02-14,115.160004,116.260002,115.070000,115.709999,66.135567,5226400
2013-02-15,115.500000,115.699997,114.029999,114.959999,65.706902,6353200
2013-02-19,115.190002,116.260002,115.190002,115.919998,66.255592,5023300
2013-02-20,115.930000,116.099998,114.839996,114.989998,65.724045,5447000
2013-02-21,114.790001,115.300003,114.089996,114.989998,65.724045,4795100
2013-02-22,115.510002,116.230003,114.820000,115.959999,66.278481,5207200
2013-02-25,116.500000,117.339996,113.500000,113.540001,64.895271,7522800
2013-02-26,114.470001,115.169998,113.750000,114.959999,65.706902,6113100
2013-02-27,114.709999,116.949997,114.709999,116.650002,66.672867,4540600
2013-02-28,116.570000,117.889999,116.349998,117.150002,66.958618,5953600
2013-03-01,116.730003,117.239998,115.949997,116.900002,66.815727,5570300
2013-03-04,116.779999,117.809998,116.080002,117.489998,67.152962,5046700
2013-03-05,117.970001,118.250000,117.669998,117.930000,67.404427,6356000
2013-03-06,118.300003,118.779999,118.029999,118.470001,67.713074,5362200
2013-03-07,118.620003,118.889999,118.209999,118.559998,67.764503,4378700
2013-03-08,118.949997,119.110001,117.989998,118.570000,67.770226,4992000
2013-03-11,118.629997,118.800003,118.099998,118.730003,67.861694,4528400
2013-03-12,118.879997,119.300003,118.160004,118.250000,67.587357,4625000
2013-03-13,118.379997,118.699997,118.059998,118.360001,67.650208,5393300
2013-03-14,118.730003,120.260002,118.599998,120.000000,68.587570,7476700
2013-03-15,119.589996,119.919998,118.910004,119.680000,68.404678,10215600
2013-03-18,118.779999,119.900002,118.699997,119.129997,68.090317,4828700
2013-03-19,119.389999,119.809998,118.650002,119.459999,68.278931,5244200
2013-03-20,119.980003,120.879997,119.860001,120.349998,68.787621,5945300
2013-03-21,120.000000,120.989998,119.809998,120.339996,68.781914,6168500
2013-03-22,120.660004,121.400002,120.480003,121.180000,69.262032,5190700
2013-03-25,121.500000,121.559998,119.559998,120.180000,68.690453,6345300
2013-03-26,120.739998,121.129997,120.320000,120.980003,69.147675,4256400
2013-03-27,120.500000,120.709999,119.699997,120.190002,68.696175,4329600
2013-03-28,120.440002,120.730003,118.760002,118.820000,67.913139,8280100
2013-04-01,118.989998,119.860001,118.760002,119.610001,68.364655,4322200
2013-04-02,119.839996,119.949997,118.660004,119.000000,68.016029,4813900
2013-04-03,119.180000,119.250000,117.349998,117.779999,67.318718,7175000
2013-04-04,117.930000,118.680000,117.169998,118.070000,67.484467,5409700
2013-04-05,116.639999,117.639999,116.169998,117.519997,67.170074,5029900
2013-04-08,117.449997,117.870003,116.650002,117.809998,67.335838,4117400
2013-04-09,117.989998,118.870003,117.629997,118.639999,67.810234,4849700
2013-04-10,118.889999,119.830002,118.510002,119.639999,68.381821,5452000
2013-04-11,119.959999,121.150002,119.519997,120.949997,69.130562,6092300
2013-04-12,120.459999,120.900002,119.500000,119.940002,68.553291,6391700
2013-04-15,118.809998,118.900002,116.500000,116.570000,66.627121,9766800
2013-04-16,117.339996,117.500000,116.209999,117.010002,66.878593,6511400
2013-04-17,116.400002,116.400002,114.120003,114.809998,65.621170,8291200
2013-04-18,114.879997,116.120003,114.599998,115.589996,66.066978,6451600
2013-04-19,116.360001,116.949997,115.830002,115.900002,66.244164,7573200
2013-04-22,116.389999,117.099998,115.889999,116.570000,66.627121,5435700
2013-04-23,116.989998,118.089996,115.900002,117.480003,67.147240,6745200
2013-04-24,118.040001,118.680000,117.980003,118.279999,67.604477,4559000
2013-04-25,119.070000,120.000000,118.300003,118.510002,67.735947,5602800
2013-04-26,119.000000,120.410004,118.680000,120.040001,68.610451,6012200
2013-04-29,120.440002,121.599998,120.040001,121.320000,69.342041,5158500
2013-04-30,121.050003,122.010002,120.120003,122.010002,69.736404,6907400
2013-05-01,121.250000,121.570000,120.050003,120.269997,68.741890,6082100
2013-05-02,121.000000,122.330002,120.629997,122.040001,69.753548,5066100
2013-05-03,122.690002,123.910004,122.459999,123.489998,70.582321,6384300
2013-05-06,123.320000,123.779999,122.709999,123.250000,70.445137,4668700
2013-05-07,123.349998,123.720001,122.540001,123.040001,70.325127,4412600
2013-05-08,122.980003,123.599998,122.849998,123.360001,70.508041,4479800
2013-05-09,123.459999,123.949997,122.959999,123.639999,70.668060,9237500
2013-05-10,123.379997,123.709999,122.110001,123.230003,70.433723,10581700
2013-05-13,122.900002,123.099998,122.169998,122.849998,70.216522,16870100
2013-05-14,122.919998,125.000000,122.910004,125.000000,71.445389,6965800
2013-05-15,123.730003,123.730003,122.599998,123.010002,70.874985,7950400
2013-05-16,122.739998,123.370003,122.500000,122.760002,70.730911,5549800
2013-05-17,122.739998,123.419998,122.269997,123.419998,71.111206,6850200
2013-05-20,123.430000,124.839996,123.180000,124.779999,71.894791,5298200
2013-05-21,124.839996,126.199997,124.750000,125.940002,72.563148,6699300
2013-05-22,125.910004,126.980003,124.599998,124.930000,71.981239,9350100
2013-05-23,124.209999,125.830002,124.209999,125.400002,72.252037,8096100
2013-05-24,124.500000,125.559998,124.330002,125.449997,72.280838,5593200
2013-05-28,126.389999,127.400002,125.860001,126.430000,72.845482,6598500
2013-05-29,126.070000,126.730003,124.809998,125.489998,72.303879,6422400
2013-05-30,125.230003,125.970001,124.510002,125.110001,72.084938,4353400
2013-05-31,124.639999,125.300003,122.750000,122.750000,70.725189,7905000
2013-06-03,122.349998,124.120003,122.349998,124.089996,71.497253,7256900
2013-06-04,122.820000,123.650002,122.139999,122.959999,70.846146,7675500
2013-06-05,122.339996,123.099998,121.309998,121.570000,70.045288,7745600
2013-06-06,121.269997,121.489998,118.660004,120.589996,69.480659,10141500
2013-06-07,121.220001,121.970001,120.139999,121.699997,70.120193,6089800
2013-06-10,122.940002,122.980003,121.800003,122.690002,70.690598,5585600
2013-06-11,121.870003,122.760002,121.260002,121.449997,69.976135,4548000
2013-06-12,122.320000,122.730003,119.610001,119.970001,69.123405,5489200
2013-06-13,119.900002,121.830002,119.809998,121.660004,70.097130,4656700
2013-06-14,121.129997,121.680000,120.099998,120.279999,69.302032,4415300
2013-06-17,120.449997,121.779999,120.279999,121.220001,69.843628,4046900
2013-06-18,121.029999,121.720001,120.860001,121.519997,70.016472,4544800
2013-06-19,121.800003,122.379997,120.410004,120.500000,69.428780,4634300
2013-06-20,119.540001,119.660004,117.570000,117.949997,67.959534,7624100
2013-06-21,119.239998,119.540001,117.260002,118.930000,68.524216,10692100
2013-06-24,117.709999,118.029999,116.019997,116.820000,67.308472,6785700
2013-06-25,117.750000,117.870003,116.919998,117.449997,67.671440,5983100
2013-06-26,118.339996,118.540001,117.000000,118.150002,68.074783,4820700
2013-06-27,118.519997,119.540001,118.489998,118.709999,68.397438,4459400
2013-06-28,118.790001,119.559998,118.139999,118.339996,68.184258,6504400
2013-07-01,118.349998,120.010002,118.000000,119.080002,68.610603,5053000
2013-07-02,119.089996,120.330002,118.589996,119.150002,68.650993,4912000
2013-07-03,119.239998,119.300003,118.610001,119.080002,68.610603,3034800
2013-07-05,119.690002,120.860001,119.099998,120.510002,69.434555,4386200
2013-07-08,121.290001,122.309998,120.980003,121.239998,69.855148,4964400
2013-07-09,122.389999,123.739998,122.050003,123.269997,71.024788,6252900
2013-07-10,123.449997,124.540001,122.709999,122.900002,70.811592,5549600
2013-07-11,123.949997,124.110001,122.510002,123.769997,71.312874,7235100
2013-07-12,123.519997,124.150002,123.040001,124.059998,71.479958,5615000
2013-07-15,124.110001,125.139999,124.059998,124.680000,71.837204,4062000
2013-07-16,124.709999,125.239998,123.550003,124.120003,71.514549,4002900
2013-07-17,124.650002,125.000000,124.290001,124.349998,71.647057,3634600
2013-07-18,124.680000,125.650002,124.639999,125.470001,72.292358,4324100
2013-07-19,125.790001,126.910004,125.169998,126.910004,73.122040,5929900
2013-07-22,126.709999,127.610001,126.650002,127.029999,73.191193,4056100
2013-07-23,127.070000,127.650002,126.699997,127.260002,73.323723,3763300
2013-07-24,127.250000,127.629997,125.900002,126.370003,72.810913,4527800
2013-07-25,126.139999,127.830002,125.790001,127.760002,73.611786,4466400
2013-07-26,127.029999,127.620003,126.089996,127.559998,73.496552,4829900
2013-07-29,127.370003,127.370003,125.889999,126.169998,72.695679,4028900
2013-07-30,126.199997,126.959999,125.190002,125.779999,72.470985,4589500
2013-07-31,126.019997,126.910004,125.459999,125.889999,72.534370,5394300
2013-08-01,126.489998,126.660004,125.639999,126.440002,72.851250,5757100
2013-08-02,124.870003,125.099998,123.300003,124.949997,71.992737,7472700
2013-08-05,124.720001,124.750000,123.760002,123.989998,71.439636,3733700
2013-08-06,123.970001,124.160004,123.010002,123.139999,70.949898,4677700
2013-08-07,123.029999,123.919998,122.800003,123.330002,71.059341,3898500
2013-08-08,123.879997,124.209999,121.910004,123.070000,70.909569,5639200
2013-08-09,123.120003,123.120003,121.680000,122.500000,70.581139,5739400
2013-08-12,122.000000,122.070000,120.910004,121.800003,70.177811,6014800
2013-08-13,121.930000,123.230003,121.400002,122.500000,70.581139,4461000
2013-08-14,122.760002,122.959999,121.540001,122.050003,70.321877,6884900
2013-08-15,120.680000,121.000000,120.000000,120.250000,69.857124,4247800
2013-08-16,119.889999,120.190002,119.050003,119.879997,69.642174,5652500
2013-08-19,119.690002,120.000000,118.519997,118.660004,68.933449,4308900
2013-08-20,118.589996,119.300003,118.290001,118.290001,68.718491,4490700
2013-08-21,118.379997,118.500000,117.220001,117.699997,68.375740,5648600
2013-08-22,117.940002,119.190002,117.430000,118.290001,68.718491,4028600
2013-08-23,118.690002,119.730003,118.120003,119.529999,69.438850,4675900
2013-08-26,119.739998,119.919998,118.519997,118.839996,69.037964,3783400
2013-08-27,118.239998,119.669998,118.070000,118.809998,69.020554,5185600
2013-08-28,119.459999,122.360001,119.459999,121.809998,70.763344,7615400
2013-08-29,121.150002,121.559998,120.059998,120.370003,69.926842,5488800
2013-08-30,120.519997,120.879997,120.070000,120.430000,69.961655,4696100
2013-09-03,121.339996,121.480003,120.000000,120.550003,70.031395,4154300
2013-09-04,120.349998,121.269997,119.940002,120.860001,70.211487,3671200
2013-09-05,121.080002,121.669998,120.910004,121.370003,70.507744,3337300
2013-09-06,121.529999,122.750000,119.010002,121.209999,70.414795,5690200
2013-09-09,121.209999,122.470001,121.209999,122.220001,71.001541,4482000
2013-09-10,122.820000,123.010002,121.209999,123.010002,71.460480,6000800
2013-09-11,123.050003,124.000000,122.790001,123.919998,71.989136,4995800
2013-09-12,124.050003,124.620003,123.639999,123.889999,71.971710,4529700
2013-09-13,123.980003,124.830002,123.809998,124.139999,72.116920,3094000
2013-09-16,124.980003,125.190002,123.980003,124.080002,72.082077,4277800
2013-09-17,124.099998,125.190002,124.080002,124.339996,72.233101,5458200
2013-09-18,124.360001,126.430000,123.820000,125.820000,73.092903,6296900
2013-09-19,125.860001,126.120003,125.250000,125.440002,72.872147,4440800
2013-09-20,125.660004,126.230003,124.739998,124.919998,72.570045,10264700
2013-09-23,124.620003,125.620003,124.570000,125.519997,72.918625,5450600
2013-09-24,125.339996,125.839996,124.410004,124.489998,72.320274,6097900
2013-09-25,124.769997,125.029999,124.070000,124.070000,72.076271,4498900
2013-09-26,124.099998,124.440002,123.019997,123.489998,71.739319,5022600
2013-09-27,123.230003,123.260002,122.510002,122.639999,71.245544,4518800
2013-09-30,121.599998,122.019997,120.500000,121.500000,70.583267,6421800
2013-10-01,121.269997,121.739998,120.839996,121.320000,70.478706,4702300
2013-10-02,121.040001,121.180000,119.760002,120.830002,70.194054,5899800
2013-10-03,120.620003,120.660004,117.930000,118.250000,68.695259,10203700
2013-10-04,118.500000,118.540001,117.519997,118.129997,68.625534,6538500
2013-10-07,117.430000,118.500000,117.209999,117.870003,68.474480,5677400
2013-10-08,117.889999,118.089996,116.709999,116.730003,67.812210,6744200
2013-10-09,116.550003,116.800003,115.320000,116.129997,67.463654,8861700
2013-10-10,115.239998,116.379997,114.440002,116.379997,67.608917,11133000
2013-10-11,116.570000,117.709999,115.930000,117.669998,68.358292,6535800
2013-10-14,117.330002,118.750000,116.320000,118.580002,68.886963,4789800
2013-10-15,118.559998,119.070000,117.769997,118.150002,68.637138,6414700
2013-10-16,119.419998,119.720001,118.339996,119.160004,69.223877,5614200
2013-10-17,119.099998,119.610001,118.669998,119.519997,69.433052,5254800
2013-10-18,119.610001,119.849998,119.129997,119.650002,69.508591,6231100
2013-10-21,119.629997,120.190002,119.309998,119.820000,69.607307,4360700
2013-10-22,120.139999,120.790001,119.709999,120.639999,70.083664,6444900
2013-10-23,120.290001,120.639999,119.839996,120.129997,69.787392,4961900
2013-10-24,120.669998,121.000000,119.910004,120.559998,70.037201,4188100
2013-10-25,120.589996,121.220001,120.269997,120.589996,70.054619,4273300
2013-10-28,120.559998,121.150002,120.089996,120.910004,70.240501,5497700
2013-10-29,121.330002,122.010002,121.160004,121.500000,70.583267,4241700
2013-10-30,121.540001,121.959999,119.910004,120.300003,69.886154,4999100
2013-10-31,120.150002,121.330002,119.830002,119.959999,69.688606,7752500
2013-11-01,119.040001,119.440002,117.000000,118.010002,68.555809,9344200
2013-11-04,118.589996,118.599998,117.320000,118.099998,68.608101,6670300
2013-11-05,117.599998,118.900002,117.070000,118.449997,68.811440,6623300
2013-11-06,119.300003,121.410004,118.820000,121.139999,70.374146,8373200
2013-11-07,121.599998,121.879997,119.419998,119.910004,69.659584,10131200
2013-11-08,119.669998,121.209999,119.580002,121.190002,70.403175,11331000
2013-11-11,121.180000,121.500000,120.709999,121.080002,70.339287,3427600
2013-11-12,121.029999,121.250000,119.629997,120.000000,69.711876,6914200
2013-11-13,119.580002,120.150002,119.190002,120.089996,69.764183,6212000
2013-11-14,119.580002,119.930000,119.320000,119.559998,70.039490,5470900
2013-11-15,119.779999,120.269997,119.129997,120.059998,70.332405,6008000
2013-11-18,120.709999,120.889999,120.070000,120.559998,70.625290,4788700
2013-11-19,120.550003,122.379997,120.269997,122.059998,71.504005,5891800
2013-11-20,122.160004,122.750000,121.599998,122.000000,71.468895,4571300
2013-11-21,122.360001,123.599998,122.360001,123.459999,72.324165,4884300
2013-11-22,123.540001,124.190002,122.419998,124.029999,72.658051,3887400
2013-11-25,123.769997,124.099998,123.220001,123.739998,72.488182,3925300
2013-11-26,123.410004,123.699997,122.650002,122.779999,71.925804,4597500
2013-11-27,122.620003,122.739998,121.639999,122.419998,71.714897,3906700
2013-11-29,122.830002,123.300003,122.000000,122.440002,71.726616,3721000
2013-12-02,122.870003,123.059998,122.050003,122.339996,71.668030,5384000
2013-12-03,122.309998,122.900002,121.870003,122.519997,71.773491,5410200
2013-12-04,122.099998,122.830002,121.190002,121.769997,71.334137,4391800
2013-12-05,121.269997,122.000000,120.709999,121.099998,70.941612,4706800
2013-12-06,122.050003,122.360001,121.650002,122.290001,71.638741,4179100
2013-12-09,122.269997,123.879997,122.160004,123.339996,72.253853,7706500
2013-12-10,123.790001,123.940002,122.699997,123.660004,72.441315,5602700
2013-12-11,123.820000,123.889999,121.800003,122.099998,71.527458,7309900
2013-12-12,121.779999,122.099998,120.570000,120.989998,70.877197,7221200
2013-12-13,120.440002,121.139999,119.379997,119.900002,70.238663,5268100
2013-12-16,120.459999,120.699997,119.809998,120.220001,70.426117,7304500
2013-12-17,120.120003,120.230003,118.250000,118.739998,69.559120,6824000
2013-12-18,119.330002,121.769997,119.209999,121.599998,71.234520,8206400
2013-12-19,121.570000,123.400002,121.059998,123.220001,72.183556,6540600
2013-12-20,122.820000,123.790001,122.400002,122.779999,71.925804,9455200
2013-12-23,123.410004,123.589996,122.629997,122.800003,71.937538,4062400
2013-12-24,122.769997,123.550003,122.699997,123.510002,72.353439,1587800
2013-12-26,123.599998,124.989998,123.550003,124.809998,73.114990,3415200
2013-12-27,125.000000,125.650002,124.690002,125.230003,73.361046,3455300
2013-12-30,124.790001,125.209999,123.900002,124.230003,72.775223,4688500
2013-12-31,124.680000,125.169998,123.930000,124.910004,73.173584,3475600
2014-01-02,124.459999,124.879997,123.709999,124.139999,72.722488,4540300
2014-01-03,124.599998,124.889999,123.860001,124.349998,72.845528,3506000
2014-01-06,124.589996,124.800003,123.519997,124.019997,72.652199,4252300
2014-01-07,124.419998,125.320000,123.650002,125.070000,73.267319,4563300
2014-01-08,124.440002,124.459999,122.750000,123.290001,72.224571,8282500
2014-01-09,123.419998,123.419998,122.019997,123.290001,72.224571,5643500
2014-01-10,122.500000,122.839996,120.370003,121.010002,70.888916,8127500
2014-01-13,120.809998,120.900002,119.010002,119.250000,69.857895,6504200
2014-01-14,119.400002,119.750000,118.800003,119.570000,70.045372,6904600
2014-01-15,119.690002,120.070000,119.050003,119.180000,69.816856,5829300
2014-01-16,119.110001,119.290001,118.190002,118.830002,69.611832,5041100
2014-01-17,119.029999,120.379997,118.739998,119.290001,69.881332,7199700
2014-01-21,120.739998,120.889999,119.510002,120.360001,70.508133,5602300
2014-01-22,120.510002,120.760002,119.970001,120.430000,70.549149,4977500
2014-01-23,119.839996,119.849998,118.260002,118.389999,69.354088,6205800
2014-01-24,117.870003,118.139999,116.260002,116.290001,68.123871,7094900
2014-01-27,116.260002,117.250000,115.879997,116.430000,68.205902,6179500
2014-01-28,116.720001,117.029999,116.070000,116.839996,68.446091,4303700
2014-01-29,116.139999,116.889999,115.709999,116.000000,67.953995,5522100
2014-01-30,116.309998,116.959999,115.180000,116.449997,68.217606,5538700
2014-01-31,113.900002,113.900002,111.110001,111.629997,65.394012,15523500
2014-02-03,112.349998,112.459999,110.540001,111.139999,65.106956,11275300
2014-02-04,111.860001,112.040001,110.489998,110.830002,64.925392,9717200
2014-02-05,111.000000,111.000000,109.269997,109.519997,64.157951,10562900
2014-02-06,110.110001,111.349998,109.910004,111.269997,65.183105,7983300
2014-02-07,111.910004,112.120003,110.389999,112.050003,65.640076,7071800
2014-02-10,112.470001,112.470001,111.080002,111.690002,65.429161,9251300
2014-02-11,112.029999,113.870003,111.949997,113.580002,66.536331,6874700
2014-02-12,112.889999,112.889999,111.809998,112.029999,66.211273,6422100
2014-02-13,111.730003,112.739998,111.180000,112.510002,66.494980,5061600
2014-02-14,112.580002,113.830002,111.589996,113.480003,67.068260,6776400
2014-02-18,113.860001,114.110001,112.599998,112.709999,66.613174,6106600
2014-02-19,112.550003,115.050003,112.470001,113.599998,67.139175,7989900
2014-02-20,113.510002,115.330002,113.099998,114.599998,67.730194,8406900
2014-02-21,114.720001,114.739998,112.599998,112.680000,66.595428,9221100
2014-02-24,113.370003,115.000000,113.050003,114.150002,67.464241,7337900
2014-02-25,114.370003,115.440002,114.239998,114.970001,67.948875,5976100
2014-02-26,114.820000,115.860001,114.400002,115.510002,68.268021,6113800
2014-02-27,115.660004,115.820000,114.559998,115.690002,68.374413,4922600
2014-02-28,115.870003,116.739998,114.809998,115.330002,68.161629,6944600
2014-03-03,114.790001,116.190002,114.260002,114.839996,67.872032,6046200
2014-03-04,115.889999,116.269997,115.260002,115.320000,68.155716,5611500
2014-03-05,115.080002,115.260002,114.010002,114.430000,67.629707,6703700
2014-03-06,114.709999,115.150002,114.349998,114.849998,67.877945,5179600
2014-03-07,115.070000,115.949997,114.639999,115.080002,68.013893,5055600
2014-03-10,115.449997,115.940002,114.120003,115.839996,68.463043,6203000
2014-03-11,115.900002,116.230003,114.239998,114.510002,67.677002,6274300
2014-03-12,114.139999,116.360001,114.129997,115.650002,68.350769,6812900
2014-03-13,115.599998,115.750000,114.120003,114.449997,67.641525,5405100
2014-03-14,114.360001,114.900002,113.680000,114.099998,67.434700,6280000
2014-03-17,114.260002,115.290001,114.129997,115.070000,68.007980,5894500
2014-03-18,115.620003,116.559998,115.199997,116.239998,68.699463,6329600
2014-03-19,115.879997,116.739998,114.660004,115.199997,68.084801,5569600
2014-03-20,114.849998,116.080002,114.320000,115.510002,68.268021,5280600
2014-03-21,116.290001,118.000000,115.580002,115.629997,68.338921,14893600
2014-03-24,116.000000,116.690002,115.650002,115.849998,68.468925,5386900
2014-03-25,116.230003,117.190002,116.209999,117.089996,69.201813,5573000
2014-03-26,117.800003,118.279999,117.360001,117.709999,69.568260,5971600
2014-03-27,117.750000,117.989998,116.830002,117.669998,69.544586,5224600
2014-03-28,118.129997,118.550003,117.699997,118.500000,70.035133,5875100
2014-03-31,118.790001,119.620003,118.489998,118.910004,70.277443,5482700
2014-04-01,119.150002,119.610001,118.839996,119.000000,70.330643,5391400
2014-04-02,118.519997,119.540001,118.519997,119.349998,70.537514,4505600
2014-04-03,119.779999,119.790001,118.889999,119.040001,70.354279,4446400
2014-04-04,119.750000,119.750000,118.589996,118.800003,70.212448,5301300
2014-04-07,118.320000,118.820000,117.339996,117.339996,69.349571,5241300
2014-04-08,117.660004,118.309998,117.180000,117.800003,69.621452,4706100
2014-04-09,117.830002,119.250000,117.589996,119.099998,70.389748,5376500
2014-04-10,117.199997,118.059998,116.550003,116.690002,68.965393,8769200
2014-04-11,116.500000,117.730003,116.500000,117.029999,69.166351,7028800
2014-04-14,117.839996,118.830002,117.339996,118.699997,70.153358,6817700
2014-04-15,118.709999,120.309998,118.339996,120.300003,71.098969,7681900
2014-04-16,120.900002,122.120003,120.900002,121.830002,72.003197,7277000
2014-04-17,121.720001,123.849998,121.720001,123.680000,73.096603,8604900
2014-04-21,123.050003,124.400002,123.050003,124.239998,73.427582,6351100
2014-04-22,123.870003,124.349998,123.610001,124.000000,73.285721,5849200
2014-04-23,124.190002,124.959999,124.190002,124.690002,73.693542,5596300
2014-04-24,124.839996,124.919998,124.139999,124.300003,73.463028,5185300
2014-04-25,124.230003,124.699997,123.580002,123.989998,73.279823,5776300
2014-04-28,124.260002,126.059998,124.250000,125.730003,74.308174,7687800
2014-04-29,125.919998,127.269997,125.760002,125.970001,74.450012,6666800
2014-04-30,125.760002,125.980003,125.309998,125.519997,74.184059,6123500
2014-05-01,125.660004,125.760002,124.279999,124.940002,73.841248,6379600
2014-05-02,123.900002,125.800003,123.580002,124.720001,73.711258,5406100
2014-05-05,124.820000,125.849998,124.339996,125.360001,74.089493,4224400
2014-05-06,125.000000,125.690002,124.519997,124.970001,73.858986,5600000
2014-05-07,125.949997,126.779999,125.639999,126.230003,74.603699,5436000
2014-05-08,125.699997,126.129997,124.870003,125.089996,73.929924,5009800
2014-05-09,125.389999,126.070000,124.639999,125.029999,73.894463,4826100
2014-05-12,125.570000,125.570000,124.629997,125.239998,74.018570,4914700
2014-05-13,125.570000,125.989998,124.970001,125.849998,74.379089,4415200
2014-05-14,126.139999,126.779999,125.760002,126.419998,74.715965,4961400
2014-05-15,125.169998,125.500000,123.550003,123.809998,73.798035,5939500
2014-05-16,123.959999,124.349998,122.889999,123.180000,73.422523,6435100
2014-05-19,122.949997,123.419998,122.849998,122.949997,73.285431,4042300
2014-05-20,122.949997,123.099998,122.239998,122.500000,73.017212,4044400
2014-05-21,123.000000,124.360001,122.940002,124.160004,74.006668,4758700
2014-05-22,124.099998,124.410004,123.559998,123.629997,73.690750,3262700
2014-05-23,124.099998,124.360001,123.330002,123.370003,73.535789,3808100
2014-05-27,123.760002,123.989998,122.750000,122.839996,73.219887,4283300
2014-05-28,122.900002,123.309998,122.519997,122.519997,73.029144,4702900
2014-05-29,122.889999,122.900002,121.650002,122.320000,72.909889,6255000
2014-05-30,122.239998,122.879997,122.010002,122.790001,73.190048,5174700
2014-06-02,122.930000,123.040001,122.010002,122.209999,72.844360,3689800
2014-06-03,122.389999,122.820000,121.720001,122.550003,73.047012,3563800
2014-06-04,122.320000,122.680000,122.000000,122.349998,72.927826,3285500
2014-06-05,122.529999,123.779999,122.459999,123.519997,73.625175,4220600
2014-06-06,123.699997,124.699997,123.540001,124.190002,74.024574,4295400
2014-06-09,124.010002,124.639999,123.879997,124.370003,74.131844,3657700
2014-06-10,124.980003,125.370003,124.150002,125.339996,74.710037,5869400
2014-06-11,125.129997,125.470001,124.620003,125.180000,74.614647,4570900
2014-06-12,125.730003,126.230003,125.419998,126.110001,75.168961,6815800
2014-06-13,125.940002,127.260002,125.900002,127.260002,75.854446,5573600
2014-06-16,127.150002,128.809998,127.139999,128.539993,76.617416,7065300
2014-06-17,127.900002,129.039993,127.570000,128.830002,76.790260,6720700
2014-06-18,128.960007,130.500000,128.360001,130.279999,77.654564,7697700
2014-06-19,130.289993,132.000000,129.910004,131.990005,78.673782,7419900
2014-06-20,131.949997,132.399994,130.880005,132.339996,78.882416,11348300
2014-06-23,132.520004,133.570007,132.419998,132.979996,79.263901,11006900
2014-06-24,132.740005,133.460007,131.710007,131.770004,78.542656,8581100
2014-06-25,131.339996,132.360001,131.009995,131.229996,78.220802,6714200
2014-06-26,131.210007,131.220001,129.529999,130.919998,78.036018,6111400
2014-06-27,130.729996,130.949997,129.300003,130.360001,77.702232,8674700
2014-06-30,130.149994,130.630005,129.369995,130.550003,77.815453,5698900
2014-07-01,130.940002,131.419998,130.460007,130.539993,77.809532,4000500
2014-07-02,130.529999,130.919998,129.990005,130.229996,77.624748,5136800
2014-07-03,131.440002,131.589996,130.720001,131.190002,78.196983,3514000
2014-07-07,130.440002,130.639999,130.020004,130.470001,77.767799,3660000
2014-07-08,129.699997,130.380005,129.520004,129.899994,77.428055,4687600
2014-07-09,130.270004,131.690002,129.990005,131.389999,78.316162,5200800
2014-07-10,130.479996,130.860001,129.899994,130.250000,77.636681,4404800
2014-07-11,129.130005,129.889999,128.029999,128.470001,76.575684,5242700
2014-07-14,128.800003,129.500000,128.380005,129.259995,77.046570,4135800
2014-07-15,129.070007,129.500000,128.610001,129.259995,77.046570,4845000
2014-07-16,129.889999,130.940002,129.690002,130.889999,78.018120,4491800
2014-07-17,130.639999,131.500000,129.880005,130.080002,77.535355,4953600
2014-07-18,130.639999,130.729996,129.580002,130.389999,77.720116,4339400
2014-07-21,130.110001,131.339996,130.009995,131.289993,78.256546,3714000
2014-07-22,131.550003,133.199997,131.550003,132.580002,79.025475,4391700
2014-07-23,132.699997,133.929993,132.479996,133.880005,79.800362,4589500
2014-07-24,134.029999,135.100006,133.690002,134.850006,80.378563,5337900
2014-07-25,134.580002,134.610001,133.059998,133.570007,79.615601,3702000
2014-07-28,133.559998,133.800003,132.889999,133.240005,79.418892,4625000
2014-07-29,132.899994,133.720001,132.419998,132.419998,78.930122,4189100
2014-07-30,132.970001,133.690002,131.500000,132.529999,78.995674,4601800
2014-07-31,131.729996,131.970001,129.100006,129.240005,77.034645,7973700
2014-08-01,127.760002,128.960007,126.360001,127.900002,76.235916,7377800
2014-08-04,127.690002,128.360001,126.029999,128.169998,76.396873,7360000
2014-08-05,127.809998,127.809998,124.580002,124.959999,74.483498,8066700
2014-08-06,124.900002,126.970001,124.800003,125.730003,74.942482,5134900
2014-08-07,126.190002,126.730003,124.830002,125.650002,74.894775,4650700
2014-08-08,126.070000,127.959999,125.910004,127.860001,76.212082,4730700
2014-08-11,128.160004,128.669998,127.540001,127.709999,76.122658,3466500
2014-08-12,127.139999,127.279999,126.260002,127.089996,75.753128,4944100
2014-08-13,127.639999,128.240005,126.870003,127.599998,76.057121,3518200
2014-08-14,127.680000,127.699997,126.529999,126.959999,75.675652,4524000
2014-08-15,126.419998,126.790001,125.680000,126.099998,75.801849,5754300
2014-08-18,126.269997,126.589996,125.629997,126.300003,75.922096,4630000
2014-08-19,126.720001,127.699997,126.550003,127.629997,76.721619,3887800
2014-08-20,127.250000,127.599998,126.779999,127.489998,76.637436,3230300
2014-08-21,127.680000,128.179993,127.180000,127.930000,76.901947,2668100
2014-08-22,127.019997,127.500000,126.470001,127.110001,76.408997,3236900
2014-08-25,127.570000,128.070007,127.379997,127.839996,76.847816,2645700
2014-08-26,128.059998,128.710007,127.940002,128.250000,77.094284,2832400
2014-08-27,128.410004,128.820007,128.190002,128.639999,77.328735,2767000
2014-08-28,128.279999,128.899994,128.250000,128.750000,77.394859,2409000
2014-08-29,129.000000,129.529999,128.500000,129.449997,77.815636,3519000
2014-09-02,129.199997,129.380005,127.059998,127.540001,76.667496,4744500
2014-09-03,128.449997,128.880005,127.669998,127.860001,76.859871,3846300
2014-09-04,128.210007,128.460007,126.199997,126.800003,76.222656,5191200
2014-09-05,127.150002,127.440002,126.160004,127.400002,76.583336,5035500
2014-09-08,126.680000,126.750000,125.690002,126.209999,75.867996,4200800
2014-09-09,124.489998,125.790001,124.260002,125.180000,75.248840,6721600
2014-09-10,124.459999,124.739998,123.010002,124.279999,74.707817,10941800
2014-09-11,123.279999,124.070000,122.410004,123.830002,74.437309,6569600
2014-09-12,123.540001,123.660004,122.209999,122.660004,73.733986,4915600
2014-09-15,122.349998,124.779999,122.059998,124.239998,74.683784,5437600
2014-09-16,124.059998,125.680000,123.610001,124.959999,75.116600,6587200
2014-09-17,125.129997,125.489998,124.449997,124.720001,74.972321,4583500
2014-09-18,124.849998,125.040001,123.849998,124.139999,74.623650,4683200
2014-09-19,124.940002,125.699997,124.650002,124.800003,75.020416,10090000
2014-09-22,124.599998,124.919998,123.470001,123.489998,74.232941,5850500
2014-09-23,123.529999,123.980003,122.860001,123.059998,73.974449,5620700
2014-09-24,123.070000,123.070000,120.849998,122.400002,73.577698,8005900
2014-09-25,122.199997,122.610001,120.680000,120.680000,72.543777,6466300
2014-09-26,120.550003,122.040001,120.019997,121.470001,73.018677,5500500
2014-09-29,120.720001,120.739998,119.139999,120.550003,72.465622,6791500
2014-09-30,120.510002,120.510002,118.660004,119.320000,71.726242,8385700
2014-10-01,118.800003,119.349998,117.379997,117.650002,70.722351,8027900
2014-10-02,117.389999,117.900002,116.129997,117.110001,70.397766,8171200
2014-10-03,118.160004,118.160004,116.400002,117.709999,70.758438,6298300
2014-10-06,117.910004,119.050003,117.279999,118.089996,70.986855,5409500
2014-10-07,117.470001,118.430000,116.000000,116.019997,69.742516,7303800
2014-10-08,115.830002,118.250000,115.150002,117.949997,70.902695,9517400
2014-10-09,117.019997,117.080002,114.239998,114.510002,68.834854,11489200
2014-10-10,114.699997,115.730003,112.879997,113.889999,68.462143,9253100
2014-10-13,113.550003,114.589996,111.849998,112.029999,67.344040,7799100
2014-10-14,112.599998,113.050003,109.099998,109.779999,65.991524,11541500
2014-10-15,108.570000,109.500000,106.650002,109.269997,65.684921,15278400
2014-10-16,107.959999,111.320000,107.199997,111.059998,66.760948,11908400
2014-10-17,111.779999,112.739998,110.730003,111.800003,67.205772,10895500
2014-10-20,111.529999,112.279999,110.970001,111.489998,67.019447,8823800
2014-10-21,113.180000,115.169998,112.910004,115.089996,69.183464,8899700
2014-10-22,115.199997,116.239998,113.910004,114.000000,68.528244,7211600
2014-10-23,116.000000,117.320000,114.949997,116.190002,69.844719,7195500
2014-10-24,116.190002,116.260002,114.529999,115.910004,69.676392,5507900
2014-10-27,114.379997,115.370003,113.459999,115.019997,69.141418,6714600
2014-10-28,116.169998,117.269997,115.160004,117.129997,70.409775,7272600
2014-10-29,118.000000,118.930000,116.099998,117.139999,70.415771,6873700
2014-10-30,116.180000,117.250000,115.570000,117.199997,70.451866,5174400
2014-10-31,118.349998,120.169998,116.389999,119.949997,72.104965,10669500
2014-11-03,119.830002,119.970001,116.459999,116.779999,70.199387,10343300
2014-11-04,115.989998,116.019997,114.800003,115.370003,69.351791,9585800
2014-11-05,117.269997,117.300003,114.860001,117.050003,70.361687,6603300
2014-11-06,116.900002,118.550003,116.360001,118.529999,71.251335,6383800
2014-11-07,118.750000,119.730003,118.360001,118.800003,71.413651,7366600
2014-11-10,119.580002,119.669998,117.309998,117.919998,70.884674,6114600
2014-11-11,117.949997,118.669998,117.300003,118.440002,71.197258,3957000
2014-11-12,117.860001,118.709999,117.379997,117.650002,70.722351,4923900
2014-11-13,117.089996,117.470001,115.639999,116.449997,70.000992,11019900
2014-11-14,115.699997,116.349998,115.419998,116.320000,70.571327,4891700
2014-11-17,115.959999,116.150002,115.269997,115.750000,70.225494,5713700
2014-11-18,115.970001,116.629997,115.250000,115.470001,70.055580,5672800
2014-11-19,115.970001,116.680000,115.070000,116.470001,70.662308,4270300
2014-11-20,116.160004,117.470001,116.160004,117.309998,71.171936,5272800
2014-11-21,118.790001,118.910004,117.730003,118.580002,71.942459,7361600
2014-11-24,118.129997,118.580002,117.150002,117.589996,71.341812,5807600
2014-11-25,117.800003,117.820000,115.629997,116.150002,70.468155,6671400
2014-11-26,116.070000,116.349998,115.019997,115.110001,69.837204,6715100
2014-11-28,111.589996,111.690002,108.430000,108.870003,66.051399,11935600
2014-12-01,109.379997,112.489998,108.680000,111.730003,67.786552,13400100
2014-12-02,111.269997,114.559998,110.889999,114.019997,69.175903,8548700
2014-12-03,114.739998,114.820000,113.150002,113.709999,68.987816,8049800
2014-12-04,113.080002,113.080002,111.010002,112.279999,68.120239,8100700
2014-12-05,111.790001,112.290001,110.709999,110.870003,67.264778,7663400
2014-12-08,109.889999,109.940002,106.410004,106.800003,64.795540,13809000
2014-12-09,106.169998,108.150002,106.129997,107.010002,64.922935,11053000
2014-12-10,106.220001,106.250000,103.070000,104.860001,63.618546,15073400
2014-12-11,104.970001,107.269997,104.300003,104.910004,63.648876,10293600
2014-12-12,103.760002,104.349998,102.370003,102.379997,62.113922,12013600
2014-12-15,103.129997,103.910004,100.419998,100.860001,61.191719,13144200
2014-12-16,100.500000,104.470001,100.150002,101.699997,61.701363,12722200
2014-12-17,102.180000,106.589996,102.010002,106.019997,64.322311,13354000
2014-12-18,108.010002,109.029999,105.489998,109.029999,66.148468,13533000
2014-12-19,109.529999,112.959999,108.500000,112.930000,68.514595,15723300
2014-12-22,112.360001,112.989998,111.070000,112.029999,67.968567,9433500
2014-12-23,112.760002,114.449997,112.320000,113.949997,69.133438,8092000
2014-12-24,113.660004,114.139999,112.070000,113.470001,68.842201,4536500
2014-12-26,113.930000,114.349998,112.820000,113.250000,68.708733,4380400
2014-12-29,113.440002,114.379997,112.779999,113.320000,68.751205,6043000
2014-12-30,112.930000,113.650002,112.150002,113.110001,68.623810,5659500
2014-12-31,111.650002,113.309998,111.529999,112.180000,68.059578,6411800
2015-01-02,111.629997,113.000000,110.849998,112.580002,68.302246,5898800
2015-01-05,110.959999,111.199997,107.440002,108.080002,65.572098,11758100
2015-01-06,107.870003,109.019997,106.480003,108.029999,65.541763,11591600
2015-01-07,109.250000,109.730003,107.510002,107.940002,65.487167,10353800
2015-01-08,109.190002,110.440002,108.599998,110.410004,66.985703,8650800
2015-01-09,110.139999,110.220001,107.669998,108.209999,65.650978,9584500
2015-01-12,107.470001,107.470001,105.559998,105.879997,64.237358,8912300
2015-01-13,106.919998,107.660004,103.190002,104.199997,63.218109,13277700
2015-01-14,103.199997,104.410004,101.830002,103.900002,63.036098,14116900
2015-01-15,104.410004,104.940002,102.529999,102.669998,62.289864,9664600
2015-01-16,102.470001,105.139999,102.470001,105.120003,63.776264,12604600
2015-01-20,104.559998,106.580002,103.809998,106.470001,64.595314,10406800
2015-01-21,106.790001,108.269997,106.349998,108.160004,65.620644,8271000
2015-01-22,108.760002,109.120003,106.989998,108.919998,66.081734,7471100
2015-01-23,108.220001,108.750000,106.730003,106.849998,64.825874,7984400
2015-01-26,107.220001,109.349998,106.320000,108.879997,66.057457,7670500
2015-01-27,108.110001,108.809998,107.629997,108.260002,65.681305,6388700
2015-01-28,108.160004,108.169998,103.419998,103.709999,62.920822,10526500
2015-01-29,104.239998,104.629997,101.660004,103.000000,62.490067,13994400
2015-01-30,101.599998,103.279999,98.879997,102.529999,62.204918,20584700
2015-02-02,103.980003,106.129997,102.970001,106.059998,64.346565,11537600
2015-02-03,107.699997,110.110001,107.669998,109.529999,66.451813,14266700
2015-02-04,108.489998,109.279999,107.389999,108.349998,65.735916,10176000
2015-02-05,109.570000,110.110001,108.570000,109.309998,66.318336,7533300
2015-02-06,109.660004,110.459999,109.110001,109.610001,66.500359,7655500
2015-02-09,109.839996,111.500000,109.650002,110.430000,66.997826,6403000
2015-02-10,110.519997,110.620003,108.089996,110.180000,66.846153,7033700
2015-02-11,108.980003,110.180000,108.290001,109.980003,66.724838,8662000
2015-02-12,110.279999,111.050003,109.820000,110.860001,67.919548,6618000
2015-02-13,111.349998,112.839996,111.099998,112.779999,69.095825,7494400
2015-02-17,112.309998,112.930000,111.519997,112.400002,68.863014,7097300
2015-02-18,111.250000,111.650002,110.370003,110.440002,67.662231,6920300
2015-02-19,108.199997,109.580002,107.239998,108.349998,66.381729,9721100
2015-02-20,108.430000,108.870003,107.500000,108.599998,66.534904,7610600
2015-02-23,107.790001,108.500000,107.349998,107.860001,66.081512,6724000
2015-02-24,107.889999,108.239998,107.339996,107.959999,66.142807,5708400
2015-02-25,108.120003,108.779999,107.760002,108.580002,66.522675,4806500
2015-02-26,107.889999,107.919998,106.599998,107.059998,65.591400,5903100
2015-02-27,107.519997,107.730003,106.570000,106.680000,65.358620,6396500
2015-03-02,106.320000,106.339996,104.930000,105.900002,64.880737,7343700
2015-03-03,105.879997,106.220001,104.809998,105.160004,64.427345,6901200
2015-03-04,105.639999,105.639999,104.440002,105.160004,64.427345,5784900
2015-03-05,105.010002,105.309998,104.330002,104.730003,64.163918,5156900
2015-03-06,104.220001,104.519997,103.169998,103.550003,63.440964,7213300
2015-03-09,103.599998,105.629997,103.500000,103.949997,63.686039,7506200
2015-03-10,103.790001,104.550003,102.330002,102.910004,63.048874,10679000
2015-03-11,103.519997,103.889999,102.449997,103.540001,63.434830,8440700
2015-03-12,104.220001,104.510002,102.300003,102.419998,62.748650,5900600
2015-03-13,101.839996,101.839996,100.660004,101.620003,62.258553,8345200
2015-03-16,101.440002,103.269997,101.000000,103.129997,63.183651,6780200
2015-03-17,102.300003,103.550003,102.099998,103.169998,63.208153,7097500
2015-03-18,102.610001,106.879997,102.370003,106.699997,65.370834,11059700
2015-03-19,105.099998,105.400002,104.650002,104.750000,64.176155,7841900
2015-03-20,105.290001,107.260002,105.110001,107.029999,65.573029,14064900
2015-03-23,107.510002,107.690002,105.919998,105.919998,64.892960,6807700
2015-03-24,105.919998,106.190002,104.160004,104.199997,63.839207,6677800
2015-03-25,104.660004,106.199997,104.330002,105.669998,64.739799,9169400
2015-03-26,106.279999,106.519997,104.160004,105.250000,64.482475,7276900
2015-03-27,104.989998,104.989998,103.669998,104.279999,63.888218,5830300
2015-03-30,104.970001,107.209999,104.970001,106.900002,65.493401,7172400
2015-03-31,105.620003,106.070000,104.879997,104.980003,64.317078,7254100
2015-04-01,105.769997,106.220001,104.500000,104.790001,64.200668,7347200
2015-04-02,104.449997,105.680000,104.080002,105.279999,64.500885,5123900
2015-04-06,106.029999,107.860001,105.220001,106.919998,65.505630,6724000
2015-04-07,106.970001,109.089996,106.620003,108.540001,66.498154,8536000
2015-04-08,108.860001,108.919998,106.519997,106.660004,65.346352,7894800
2015-04-09,106.800003,107.239998,106.180000,106.949997,65.524017,5760500
2015-04-10,107.470001,107.660004,106.809998,106.910004,65.499527,5012200
2015-04-13,107.349998,107.900002,106.440002,106.500000,65.248314,4307200
2015-04-14,107.699997,109.089996,107.260002,108.839996,66.681938,7262700
2015-04-15,109.589996,110.690002,109.379997,110.410004,67.643822,6704000
2015-04-16,109.900002,110.940002,109.000000,110.160004,67.490654,5904200
2015-04-17,109.360001,109.690002,108.260002,109.110001,66.847336,6548700
2015-04-20,109.570000,111.709999,109.550003,110.290001,67.570282,7148800
2015-04-21,110.050003,110.739998,109.309998,109.730003,67.227196,5674900
2015-04-22,110.050003,110.440002,109.209999,109.500000,67.086311,5643100
2015-04-23,110.000000,110.650002,109.599998,109.970001,67.374268,6940000
2015-04-24,109.669998,110.040001,109.029999,109.870003,67.312981,4995000
2015-04-27,110.339996,110.739998,109.540001,109.699997,67.208817,4858700
2015-04-28,110.050003,111.239998,109.650002,111.120003,68.078827,5321600
2015-04-29,110.820000,111.989998,110.680000,111.730003,68.452522,5665800
2015-04-30,112.040001,112.199997,110.440002,111.059998,68.042053,6666800
2015-05-01,110.279999,110.800003,108.339996,109.040001,66.804497,10362700
2015-05-04,109.379997,109.410004,107.989998,108.320000,66.363358,7660100
2015-05-05,109.239998,109.930000,108.000000,108.000000,66.167297,6463300
2015-05-06,109.239998,109.529999,107.300003,107.949997,66.136681,5820400
2015-05-07,107.690002,108.199997,106.690002,107.570000,65.903862,5798300
2015-05-08,108.290001,108.800003,107.400002,108.650002,66.565544,7078900
2015-05-11,108.650002,108.690002,107.300003,107.360001,65.775223,6003600
2015-05-12,107.440002,108.000000,107.099998,107.559998,65.897751,5026500
2015-05-13,107.980003,108.470001,107.300003,107.699997,65.983521,5517600
2015-05-14,108.019997,109.300003,108.019997,108.449997,66.443008,9751700
2015-05-15,107.209999,108.330002,106.940002,108.029999,66.845207,5641600
2015-05-18,107.500000,107.510002,106.580002,106.650002,65.991295,6390600
2015-05-19,106.050003,106.309998,105.000000,105.019997,64.982727,7927600
2015-05-20,105.419998,105.900002,104.760002,105.250000,65.125008,6521200
2015-05-21,105.970001,106.269997,105.300003,105.489998,65.273544,6549300
2015-05-22,105.089996,105.550003,104.860001,104.889999,64.902283,4717200
2015-05-26,104.220001,104.440002,102.930000,103.290001,63.912262,8010200
2015-05-27,103.199997,103.779999,102.730003,103.110001,63.800861,5857500
2015-05-28,102.959999,103.419998,102.379997,103.239998,63.881325,5099900
2015-05-29,103.139999,103.570000,102.669998,103.000000,63.732815,6673400
2015-06-01,103.470001,103.750000,102.489998,102.629997,63.503853,5412400
2015-06-02,102.650002,103.110001,102.110001,102.580002,63.472927,5040000
2015-06-03,102.400002,103.379997,102.120003,102.169998,63.219242,5175700
2015-06-04,101.889999,102.370003,100.980003,101.389999,62.736595,6896400
2015-06-05,101.180000,103.099998,100.989998,101.589996,62.860348,6080900
2015-06-08,101.290001,101.389999,99.949997,100.419998,62.136391,8213900
2015-06-09,100.699997,101.250000,100.220001,100.419998,62.136391,7157000
2015-06-10,102.519997,102.580002,101.519997,101.830002,63.008873,7588400
2015-06-11,101.870003,102.199997,100.940002,101.120003,62.569538,5582900
2015-06-12,100.519997,100.690002,99.629997,99.870003,61.796112,6475500
2015-06-15,99.449997,100.059998,99.129997,99.290001,61.437195,6178100
2015-06-16,99.199997,100.449997,98.809998,100.040001,61.901283,8763700
2015-06-17,100.830002,101.169998,99.519997,99.760002,61.728020,8231100
2015-06-18,100.260002,100.900002,100.150002,100.250000,62.031216,7168000
2015-06-19,99.720001,100.169998,99.459999,99.470001,61.548588,10512000
2015-06-22,99.830002,100.370003,99.370003,100.290001,62.055969,6416100
2015-06-23,99.959999,100.430000,99.540001,100.089996,61.932198,5697900
2015-06-24,99.980003,100.680000,99.269997,99.269997,61.424812,7451900
2015-06-25,99.449997,99.660004,98.290001,98.339996,60.849358,6062800
2015-06-26,98.239998,98.690002,97.809998,98.599998,61.010250,10015500
2015-06-29,97.500000,97.959999,96.599998,96.690002,59.828423,8764600
2015-06-30,97.449997,97.660004,96.220001,96.470001,59.692303,9925400
2015-07-01,96.300003,96.620003,95.550003,96.089996,59.457157,7295300
2015-07-02,96.360001,96.669998,95.720001,95.870003,59.321018,6419100
2015-07-06,95.059998,95.559998,94.480003,94.769997,58.640385,8341600
2015-07-07,94.410004,95.480003,93.500000,95.269997,58.949741,11774900
2015-07-08,94.589996,95.089996,93.260002,93.559998,57.891666,7719100
2015-07-09,94.900002,95.209999,93.760002,93.779999,58.027775,7909000
2015-07-10,94.529999,94.949997,94.070000,94.410004,58.417629,5631900
2015-07-13,94.309998,94.889999,94.150002,94.599998,58.535194,5038800
2015-07-14,94.400002,95.790001,94.389999,95.550003,59.122993,5218600
2015-07-15,95.040001,95.699997,93.889999,94.239998,58.312420,6490400
2015-07-16,94.279999,94.730003,93.900002,94.480003,58.460957,6422700
2015-07-17,94.230003,94.389999,92.900002,93.150002,57.637974,8214200
2015-07-20,93.300003,93.489998,92.589996,92.940002,57.508034,6018100
2015-07-21,93.000000,94.139999,93.000000,93.900002,58.102039,7043100
2015-07-22,93.510002,94.330002,93.290001,93.510002,57.860737,9327500
2015-07-23,93.570000,94.070000,92.699997,92.940002,57.508034,7360700
2015-07-24,92.779999,92.779999,90.349998,90.599998,56.060127,11158400
2015-07-27,89.860001,90.089996,88.739998,89.139999,55.156734,10342700
2015-07-28,89.449997,92.690002,89.430000,92.400002,57.173897,11536900
2015-07-29,91.980003,93.400002,91.440002,93.250000,57.699860,9821500
2015-07-30,93.449997,93.809998,92.750000,93.029999,57.563728,6435700
2015-07-31,91.519997,91.750000,88.010002,88.480003,54.748352,19063400
2015-08-03,87.279999,87.330002,85.320000,85.599998,52.966293,14142200
2015-08-04,85.739998,86.900002,84.680000,85.209999,52.724983,8537200
2015-08-05,85.440002,86.000000,83.870003,84.029999,51.994827,11254600
2015-08-06,83.559998,85.580002,82.889999,85.190002,52.712608,9805000
2015-08-07,84.709999,85.260002,83.430000,83.750000,51.821587,7422000
2015-08-10,84.199997,86.099998,83.879997,85.889999,53.145756,8342000
2015-08-11,84.379997,85.980003,83.599998,85.779999,53.077694,9797400
2015-08-12,85.000000,87.110001,84.919998,86.790001,53.702641,11316300
2015-08-13,86.029999,86.339996,85.449997,85.849998,53.121002,9562400
2015-08-14,85.779999,86.419998,85.290001,85.989998,53.207619,7748900
2015-08-17,84.459999,84.510002,83.110001,83.230003,52.148739,12602500
2015-08-18,83.080002,83.769997,82.820000,83.440002,52.280304,9093400
2015-08-19,82.870003,82.910004,80.669998,80.910004,50.695099,13129000
2015-08-20,80.660004,81.290001,79.239998,79.239998,49.648746,11857200
2015-08-21,78.870003,79.589996,75.709999,75.760002,47.468311,18383600
2015-08-24,70.550003,75.379997,69.580002,72.120003,45.187622,24191900
2015-08-25,74.930000,75.019997,69.839996,70.019997,43.871849,21128000
2015-08-26,71.720001,73.099998,70.949997,73.089996,45.795395,17400400
2015-08-27,75.000000,78.120003,74.559998,77.639999,48.646233,21539600
2015-08-28,77.720001,81.199997,77.580002,80.430000,50.394344,23735400
2015-08-31,80.010002,81.080002,77.919998,80.989998,50.745228,16880400
2015-09-01,78.760002,79.389999,77.519997,78.190002,48.990856,17954200
2015-09-02,79.750000,79.750000,77.230003,78.059998,48.909393,14255900
2015-09-03,78.699997,79.419998,77.690002,78.260002,49.034721,12282600
2015-09-04,77.300003,77.629997,76.449997,76.669998,48.038486,11210000
2015-09-08,77.529999,77.559998,76.239998,76.839996,48.145008,9316500
2015-09-09,77.430000,78.199997,74.750000,74.919998,46.942009,11297400
2015-09-10,75.730003,75.800003,74.309998,75.660004,47.405666,11475200
2015-09-11,75.940002,76.250000,75.089996,75.790001,47.487114,11032100
2015-09-14,75.519997,76.000000,74.959999,75.769997,47.474567,10235500
2015-09-15,76.430000,77.690002,76.209999,77.169998,48.351772,11678100
2015-09-16,77.820000,79.209999,77.769997,79.019997,49.510887,12593500
2015-09-17,79.120003,80.470001,78.599998,79.410004,49.755268,12324300
2015-09-18,77.910004,78.699997,76.970001,77.739998,48.708900,18635900
2015-09-21,78.300003,78.730003,77.839996,78.089996,48.928192,8523500
2015-09-22,76.839996,77.690002,76.489998,77.250000,48.401882,9692300
2015-09-23,77.400002,77.529999,75.760002,76.120003,47.693871,9043000
2015-09-24,75.449997,77.309998,75.099998,76.889999,48.176338,10302600
2015-09-25,77.870003,78.160004,76.919998,77.699997,48.683838,10862600
2015-09-28,76.660004,76.930000,75.750000,75.769997,47.474567,10567000
2015-09-29,76.040001,76.660004,75.279999,76.250000,47.775322,8797800
2015-09-30,77.150002,79.019997,77.000000,78.879997,49.423187,14108800
2015-10-01,79.720001,80.889999,77.809998,78.339996,49.084846,11111900
2015-10-02,77.739998,81.550003,77.309998,81.550003,51.096115,13051900
2015-10-05,82.410004,84.190002,82.349998,84.029999,52.649971,14196800
2015-10-06,84.180000,87.629997,84.070000,86.989998,54.504604,18897100
2015-10-07,88.250000,89.510002,86.279999,88.120003,55.212627,17670500
2015-10-08,87.889999,90.139999,87.800003,89.910004,56.334148,11299100
2015-10-09,90.199997,90.400002,88.669998,89.570000,56.121120,10011100
2015-10-12,89.860001,89.980003,87.870003,88.739998,55.601093,7917500
2015-10-13,87.800003,88.940002,87.290001,88.379997,55.375526,8012500
2015-10-14,88.230003,89.970001,87.709999,89.760002,56.240185,9734500
2015-10-15,89.650002,90.870003,88.440002,90.720001,56.841660,8960400
2015-10-16,91.550003,91.660004,90.019997,91.290001,57.198818,7821200
2015-10-19,90.360001,90.540001,89.220001,90.029999,56.409367,8900400
2015-10-20,89.500000,90.489998,89.389999,89.989998,56.384289,8221100
2015-10-21,89.440002,90.629997,89.139999,89.330002,55.970760,7423400
2015-10-22,89.739998,91.809998,89.739998,91.620003,57.405594,8971700
2015-10-23,90.750000,91.930000,90.089996,91.239998,57.167473,8134800
2015-10-26,90.870003,90.879997,88.580002,88.769997,55.619884,8606600
2015-10-27,87.730003,87.959999,86.739998,87.699997,54.949471,9328800
2015-10-28,88.209999,90.120003,87.919998,89.790001,56.258984,8236500
2015-10-29,89.320000,90.930000,89.139999,89.889999,56.321629,6686000
2015-10-30,91.139999,91.980003,89.410004,90.879997,56.941917,11559300
2015-11-02,90.610001,95.279999,90.480003,94.959999,59.498291,14277300
2015-11-03,95.419998,98.639999,95.419998,98.139999,61.490768,17669200
2015-11-04,98.019997,98.099998,96.080002,96.769997,60.632370,11931300
2015-11-05,96.050003,96.550003,94.330002,94.550003,59.241409,11184800
2015-11-06,93.709999,94.070000,91.760002,94.029999,58.915592,9634200
2015-11-09,93.480003,94.449997,92.099998,92.320000,57.844185,7659100
2015-11-10,92.099998,93.500000,91.839996,93.230003,58.414333,6823100
2015-11-11,93.389999,93.709999,91.860001,92.190002,57.762718,6085300
2015-11-12,90.750000,91.150002,89.250000,89.860001,56.302834,8951300
2015-11-13,89.570000,89.970001,88.190002,88.680000,55.563484,7676600
2015-11-16,87.790001,91.470001,87.790001,91.449997,57.998878,10101100
2015-11-17,91.269997,92.500000,90.699997,91.029999,57.732494,7575800
2015-11-18,91.440002,92.750000,91.029999,92.209999,58.480873,6886900
2015-11-19,92.029999,92.370003,90.430000,90.830002,57.605667,6096700
2015-11-20,90.639999,91.309998,88.809998,89.010002,56.451385,8561400
2015-11-23,88.650002,90.440002,88.110001,90.010002,57.085598,6889600
2015-11-24,90.190002,92.300003,89.800003,91.349998,57.935448,8549000
2015-11-25,90.709999,91.320000,90.160004,90.870003,57.631012,5419300
2015-11-27,90.250000,90.839996,90.050003,90.370003,57.313934,2547800
2015-11-30,90.639999,91.959999,90.440002,91.320000,57.916409,12179400
2015-12-01,90.970001,92.650002,90.970001,92.480003,58.652111,6975500
2015-12-02,92.599998,92.690002,90.029999,90.250000,57.237820,11830700
2015-12-03,90.809998,91.419998,88.360001,88.849998,56.349922,10996800
2015-12-04,87.900002,89.820000,86.489998,89.709999,56.895340,13170200
2015-12-07,87.480003,87.940002,84.900002,87.279999,55.354214,15378900
2015-12-08,85.809998,88.000000,84.250000,86.440002,54.821449,13397500
2015-12-09,86.669998,90.139999,86.300003,87.599998,55.557144,14675800
2015-12-10,88.000000,90.459999,87.610001,89.300003,56.635292,14534800
2015-12-11,87.849998,87.910004,86.089996,86.440002,54.821449,13186900
2015-12-14,86.300003,89.589996,85.410004,89.330002,56.654350,12430700
2015-12-15,90.580002,93.400002,90.550003,92.760002,58.829697,19158500
2015-12-16,92.580002,93.820000,90.809998,93.440002,59.260971,16917900
2015-12-17,93.500000,94.000000,90.400002,90.540001,57.421745,14082500
2015-12-18,90.059998,91.269997,89.300003,89.809998,56.958763,20167200
2015-12-21,90.400002,90.699997,88.209999,89.239998,56.597256,12852300
2015-12-22,89.120003,90.790001,88.300003,90.269997,57.250500,9661700
2015-12-23,92.199997,93.849998,91.570000,93.809998,59.495617,11172800
2015-12-24,93.949997,93.949997,92.010002,92.050003,58.379383,4998700
2015-12-28,90.309998,90.720001,89.690002,90.360001,57.307560,6800000
2015-12-29,91.889999,92.580002,91.070000,91.250000,57.872036,6471200
2015-12-30,90.099998,90.980003,89.889999,90.089996,57.136318,5600200
2015-12-31,89.379997,90.860001,89.019997,89.959999,57.053894,6988700
2016-01-04,89.529999,90.110001,87.570000,88.849998,56.349922,11397300
2016-01-05,89.050003,89.650002,87.839996,89.610001,56.831924,7883400
2016-01-06,87.440002,87.779999,85.160004,86.070000,54.586773,14511400
2016-01-07,84.550003,85.750000,82.669998,83.019997,52.652454,15368800
2016-01-08,83.389999,83.839996,81.220001,82.129997,52.087994,11891600
2016-01-11,82.849998,82.970001,79.769997,80.769997,51.225479,14366400
2016-01-12,82.199997,82.400002,79.690002,82.150002,52.100689,13477500
2016-01-13,83.160004,84.250000,80.010002,81.330002,51.580631,15550100
2016-01-14,81.949997,86.169998,80.949997,85.470001,54.206276,16433400
2016-01-15,81.639999,83.809998,80.870003,83.669998,53.064690,17870300
2016-01-19,84.169998,84.750000,80.790001,81.510002,51.694786,13155600
2016-01-20,79.980003,80.309998,75.330002,78.980003,50.090218,26151100
2016-01-21,78.800003,81.650002,78.019997,81.050003,51.403042,16107800
2016-01-22,84.459999,85.190002,81.720001,83.540001,52.982231,15724600
2016-01-25,82.290001,84.290001,80.800003,80.889999,51.301567,12370300
2016-01-26,81.970001,84.500000,81.349998,84.120003,53.350082,12191400
2016-01-27,83.949997,86.099998,82.360001,83.290001,52.823669,12380600
2016-01-28,85.750000,86.690002,83.699997,85.919998,54.491673,13017400
2016-01-29,84.050003,86.709999,82.949997,86.470001,54.840485,20248900
2016-02-01,85.150002,86.089996,84.239998,85.290001,54.092121,10958300
2016-02-02,82.709999,83.040001,80.959999,81.239998,51.523552,13326200
2016-02-03,82.389999,84.629997,79.849998,84.620003,53.667202,13964100
2016-02-04,84.589996,86.190002,83.830002,84.790001,53.775005,12825000
2016-02-05,83.940002,84.290001,82.260002,82.879997,52.563648,15090100
2016-02-08,81.760002,86.699997,81.099998,85.989998,54.536087,17712800
2016-02-09,85.080002,85.790001,82.169998,82.919998,52.589031,12605600
2016-02-10,82.769997,83.900002,81.500000,83.040001,52.665131,12110300
2016-02-11,81.599998,83.660004,80.639999,82.989998,52.633408,12741400
2016-02-12,83.800003,85.580002,83.199997,85.430000,54.180901,9835100
2016-02-16,85.230003,85.389999,83.309998,84.809998,54.469898,10631500
2016-02-17,85.410004,88.660004,85.019997,88.309998,56.717823,12710500
2016-02-18,88.750000,89.250000,86.610001,86.730003,55.703045,9517800
2016-02-19,86.330002,86.540001,84.800003,86.500000,55.555344,9783300
2016-02-22,86.500000,89.839996,86.500000,88.820000,57.045391,10299900
2016-02-23,88.389999,88.480003,84.699997,84.910004,54.534145,10655800
2016-02-24,83.330002,85.489998,82.900002,85.269997,54.765362,9775200
2016-02-25,85.669998,85.709999,83.739998,85.300003,54.784618,9452600
2016-02-26,86.970001,87.099998,84.279999,84.349998,54.174473,9369900
2016-02-29,84.940002,85.199997,83.070000,83.440002,53.590015,11549600
2016-03-01,84.120003,86.529999,83.370003,86.129997,55.317677,11614700
2016-03-02,85.400002,87.180000,84.400002,87.139999,55.966366,9637600
2016-03-03,87.000000,87.570000,86.050003,87.529999,56.216858,8526100
2016-03-04,87.419998,88.620003,86.699997,87.930000,56.473763,9328600
2016-03-07,87.940002,90.760002,87.550003,90.669998,58.233555,12784300
2016-03-08,90.379997,91.080002,88.330002,88.739998,56.994007,10508400
2016-03-09,89.699997,94.639999,89.470001,92.820000,59.614414,19323100
2016-03-10,92.790001,93.949997,92.019997,93.940002,60.333740,12090900
2016-03-11,94.949997,96.139999,93.379997,94.580002,60.744785,14098800
2016-03-14,93.570000,94.830002,93.089996,94.260002,60.539280,6898900
2016-03-15,93.150002,94.400002,92.250000,94.269997,60.545689,7006300
2016-03-16,94.720001,96.139999,93.720001,95.400002,61.271431,9969200
2016-03-17,96.250000,97.739998,95.290001,96.889999,62.228386,10679400
2016-03-18,97.849998,97.910004,95.860001,97.690002,62.742214,14436300
2016-03-21,97.019997,97.540001,95.910004,96.440002,61.939381,8040100
2016-03-22,95.750000,96.910004,95.320000,95.500000,61.335659,7567100
2016-03-23,94.720001,94.809998,93.040001,93.589996,60.108929,10302800
2016-03-24,92.540001,94.940002,92.250000,94.849998,60.918182,8159100
2016-03-28,94.900002,95.080002,94.000000,94.680000,60.809021,5054000
2016-03-29,93.790001,95.389999,92.940002,95.320000,61.220070,6616600
2016-03-30,96.349998,96.690002,95.160004,95.250000,61.175083,6182900
2016-03-31,95.190002,96.199997,94.949997,95.400002,61.271431,5943900
2016-04-01,93.690002,94.779999,93.320000,94.260002,60.539280,7555900
2016-04-04,94.440002,94.480003,93.040001,93.430000,60.006199,6552000
2016-04-05,93.000000,93.349998,92.430000,92.669998,59.518070,6662000
2016-04-06,93.150002,95.000000,92.820000,94.839996,60.911785,6836400
2016-04-07,94.370003,95.029999,94.080002,94.790001,60.879662,6817700
2016-04-08,96.250000,96.870003,95.760002,96.330002,61.868725,7108500
2016-04-11,96.870003,97.300003,95.150002,95.239998,61.168674,6644200
2016-04-12,95.690002,97.940002,95.430000,97.510002,62.626602,8783400
2016-04-13,97.800003,97.910004,97.029999,97.599998,62.684383,6406800
2016-04-14,97.650002,98.269997,97.360001,97.980003,62.928474,6162200
2016-04-15,97.709999,97.800003,96.959999,97.230003,62.446793,6551600
2016-04-18,97.230003,98.760002,95.519997,98.699997,63.390888,7770200
2016-04-19,99.000000,100.529999,98.160004,100.500000,64.546951,10584800
2016-04-20,100.080002,102.540001,99.839996,101.690002,65.311241,10150500
2016-04-21,101.639999,102.800003,101.110001,101.400002,65.124977,8278600
2016-04-22,101.739998,102.500000,101.500000,102.010002,65.516762,5754000
2016-04-25,101.470001,101.769997,100.830002,101.510002,65.195610,6612100
2016-04-26,102.050003,102.980003,101.709999,102.290001,65.696594,5650700
2016-04-27,102.900002,103.940002,102.379997,103.849998,66.698517,8383600
2016-04-28,103.129997,104.260002,102.050003,102.400002,65.767250,7598000
2016-04-29,101.139999,102.629997,100.610001,102.180000,65.625954,8826900
2016-05-02,101.830002,103.849998,101.800003,103.309998,66.351692,6844500
2016-05-03,102.260002,102.349998,101.050003,101.320000,65.073608,7033600
2016-05-04,101.059998,102.300003,100.389999,100.589996,64.604752,7444100
2016-05-05,101.849998,102.599998,100.860001,101.419998,65.137817,6474300
2016-05-06,100.839996,102.699997,100.839996,101.860001,65.420425,5966800
2016-05-09,101.620003,101.800003,99.080002,100.349998,64.450607,9342100
2016-05-10,100.639999,101.290001,100.410004,101.269997,65.041489,6698100
2016-05-11,101.239998,101.739998,100.150002,101.139999,64.958000,6850700
2016-05-12,102.150002,102.419998,101.080002,102.120003,65.587410,6532400
2016-05-13,101.629997,102.040001,100.360001,100.739998,64.701096,5665200
2016-05-16,101.870003,102.599998,101.400002,102.290001,65.696594,6779400
2016-05-17,101.070000,102.180000,100.339996,100.750000,65.391541,7028000
2016-05-18,100.900002,101.269997,99.440002,100.059998,64.943703,5927500
2016-05-19,99.260002,100.080002,98.519997,99.849998,64.807411,6241100
2016-05-20,100.300003,100.400002,99.489998,99.790001,64.768456,4707100
2016-05-23,99.180000,100.129997,99.070000,99.379997,64.502365,4231200
2016-05-24,99.940002,100.760002,99.620003,100.190002,65.028061,4383300
2016-05-25,100.820000,101.980003,100.820000,101.769997,66.053581,5428200
2016-05-26,101.849998,102.370003,100.970001,101.500000,65.878311,4147200
2016-05-27,101.379997,102.110001,100.870003,102.019997,66.215836,5008900
2016-05-31,102.150002,102.279999,100.570000,101.000000,65.553810,8141800
2016-06-01,100.239998,101.379997,99.889999,101.129997,65.638184,4815200
2016-06-02,100.400002,100.570000,99.720001,100.529999,65.248741,6714100
2016-06-03,100.650002,101.139999,100.000000,100.660004,65.333130,4957800
2016-06-06,101.339996,102.040001,100.919998,101.169998,65.664146,5948200
2016-06-07,101.839996,103.699997,101.610001,103.320000,67.059570,9807000
2016-06-08,103.550003,104.080002,102.669998,103.089996,66.910301,6318100
2016-06-09,102.040001,103.129997,102.029999,102.809998,66.728577,4247500
2016-06-10,102.470001,102.970001,101.260002,101.980003,66.189880,8108400
2016-06-13,101.500000,103.099998,101.379997,102.099998,66.267761,6360100
2016-06-14,101.760002,102.050003,100.519997,101.279999,65.735542,6924000
2016-06-15,100.629997,101.639999,100.250000,100.629997,65.313667,5627000
2016-06-16,99.970001,101.260002,98.769997,101.070000,65.599228,8043000
2016-06-17,101.440002,101.739998,100.400002,101.570000,65.923759,8762200
2016-06-20,102.879997,103.400002,102.599998,102.610001,66.598763,6627000
2016-06-21,102.690002,103.449997,102.269997,103.239998,67.007660,4938700
2016-06-22,103.500000,103.550003,102.190002,102.290001,66.391060,4866400
2016-06-23,103.449997,104.449997,103.070000,104.440002,67.786514,5593600
2016-06-24,101.459999,103.010002,101.169998,101.900002,66.137962,11481400
2016-06-27,101.250000,101.400002,99.519997,100.360001,65.138412,8248700
2016-06-28,101.220001,102.000000,100.639999,101.629997,65.962700,7171100
2016-06-29,102.519997,104.680000,102.300003,103.419998,67.124519,8887500
2016-06-30,103.559998,105.000000,103.279999,104.830002,68.039665,7649700
2016-07-01,104.779999,104.879997,103.779999,104.150002,67.598297,6117800
2016-07-05,103.500000,103.870003,102.849998,103.570000,67.221848,7766600
2016-07-06,103.260002,104.599998,102.459999,104.580002,67.877388,6166900
2016-07-07,104.889999,105.000000,102.139999,103.050003,66.884331,7707400
2016-07-08,103.879997,104.970001,103.000000,104.769997,68.000717,9043600
2016-07-11,104.809998,106.000000,104.800003,105.389999,68.403130,7206100
2016-07-12,106.300003,107.300003,106.180000,106.779999,69.305313,8377200
2016-07-13,106.779999,107.199997,105.860001,106.650002,69.220917,5959900
2016-07-14,107.199997,107.580002,106.430000,106.699997,69.253380,4750900
2016-07-15,107.330002,107.540001,106.389999,107.029999,69.467567,6164300
2016-07-18,106.669998,106.750000,106.019997,106.089996,68.857452,4931500
2016-07-19,105.980003,106.269997,105.650002,106.040001,68.825005,4630800
2016-07-20,105.930000,106.129997,105.000000,105.589996,68.532913,6802000
2016-07-21,105.400002,105.849998,104.870003,105.389999,68.403130,5701000
2016-07-22,105.680000,106.000000,105.199997,105.660004,68.578369,5255400
2016-07-25,104.860001,105.110001,102.779999,103.070000,66.897339,7784000
2016-07-26,102.570000,103.160004,102.080002,102.680000,66.644196,6101100
2016-07-27,102.680000,103.320000,101.800003,102.260002,66.371597,5412200
2016-07-28,102.089996,102.220001,100.980003,101.790001,66.066551,8226200
2016-07-29,100.529999,102.660004,99.849998,102.480003,66.514404,10157600
2016-08-01,101.330002,102.099998,98.620003,99.110001,64.327095,11550600
2016-08-02,99.519997,100.070000,97.910004,99.589996,64.638641,9752700
2016-08-03,99.650002,100.639999,99.290001,100.610001,65.300667,6611700
2016-08-04,100.279999,101.080002,100.000000,100.389999,65.157875,6088100
2016-08-05,100.989998,101.070000,99.720001,100.510002,65.235771,6710500
2016-08-08,100.989998,101.680000,100.720001,101.199997,65.683617,5447500
2016-08-09,101.849998,102.000000,100.769997,101.320000,65.761490,4957300
2016-08-10,101.650002,101.809998,99.940002,100.139999,64.995621,5081300
2016-08-11,100.650002,101.860001,100.389999,101.400002,65.813393,4836600
2016-08-12,101.739998,102.330002,101.260002,102.160004,66.306686,5199000
2016-08-15,102.610001,103.059998,102.419998,102.769997,66.702629,4886300
2016-08-16,102.769997,102.930000,102.330002,102.620003,66.605278,5384300
2016-08-17,101.500000,102.300003,101.019997,102.220001,67.044701,5311600
2016-08-18,102.629997,103.599998,102.059998,103.550003,67.917030,6944400
2016-08-19,103.070000,103.129997,102.120003,102.320000,67.110298,5057200
2016-08-22,101.750000,102.400002,101.239998,101.940002,66.861053,5494900
2016-08-23,102.029999,102.169998,101.500000,101.680000,66.690529,4929700
2016-08-24,101.400002,102.290001,101.279999,102.199997,67.031578,5178300
2016-08-25,102.290001,102.290001,101.529999,101.889999,66.828270,4490100
2016-08-26,102.110001,102.480003,100.860001,101.320000,66.454376,4776200
2016-08-29,101.239998,102.230003,101.000000,102.050003,66.933220,4026900
2016-08-30,102.050003,102.629997,101.370003,101.699997,66.703621,3712800
2016-08-31,101.199997,101.330002,99.919998,100.580002,65.969055,6249100
2016-09-01,100.349998,100.580002,99.470001,100.209999,65.726364,6045000
2016-09-02,100.889999,101.459999,100.260002,100.930000,66.198586,4676600
2016-09-06,101.209999,102.610001,100.970001,102.430000,67.182465,5429000
2016-09-07,102.750000,103.050003,102.239998,102.879997,67.477608,5284300
2016-09-08,103.339996,104.349998,102.470001,104.120003,68.290886,5788800
2016-09-09,103.349998,103.410004,101.230003,101.269997,66.421608,7808700
2016-09-12,101.199997,102.550003,100.570000,102.250000,67.064377,8149100
2016-09-13,101.650002,101.650002,99.169998,99.430000,65.214760,9300400
2016-09-14,99.120003,99.949997,98.169998,98.419998,64.552322,8201400
2016-09-15,98.500000,100.389999,98.430000,99.500000,65.260689,6701600
2016-09-16,98.330002,98.809998,97.529999,97.839996,64.171906,12725600
2016-09-19,98.330002,98.849998,97.989998,98.040001,64.303093,6182000
2016-09-20,98.169998,98.480003,97.680000,97.699997,64.080086,5771900
2016-09-21,98.349998,99.690002,98.250000,99.629997,65.345955,6361600
2016-09-22,100.519997,100.750000,99.839996,99.980003,65.575531,5416700
2016-09-23,99.339996,100.550003,98.870003,99.220001,65.077065,7396800
2016-09-26,99.489998,100.279999,98.660004,98.779999,64.788445,5781800
2016-09-27,98.239998,99.660004,97.790001,98.980003,64.919632,6476100
2016-09-28,99.519997,102.279999,98.750000,102.150002,66.998802,10190900
2016-09-29,102.000000,102.269997,100.480003,101.269997,66.421608,8148400
2016-09-30,101.830002,103.599998,101.230003,102.919998,67.503815,9431500
2016-10-03,102.550003,102.830002,101.910004,102.449997,67.195557,4334700
2016-10-04,102.709999,102.919998,100.760002,101.269997,66.421608,6505400
2016-10-05,101.989998,102.870003,101.750000,102.230003,67.051254,5912800
2016-10-06,102.320000,102.699997,101.339996,102.180000,67.018456,4362900
2016-10-07,102.500000,103.470001,102.190002,102.269997,67.077507,5844500
2016-10-10,103.209999,104.419998,103.209999,103.980003,68.199104,5982700
2016-10-11,103.779999,104.099998,102.680000,103.040001,67.582527,5337300
2016-10-12,102.739998,102.830002,101.599998,102.150002,66.998802,4935100
2016-10-13,101.489998,101.720001,99.610001,100.790001,66.106796,7883000
2016-10-14,101.480003,101.959999,100.610001,101.080002,66.296967,5114700
2016-10-17,100.940002,101.489998,100.620003,101.360001,66.480667,4540800
2016-10-18,101.989998,102.250000,101.120003,101.790001,66.762642,4720900
2016-10-19,102.470001,103.699997,102.239998,102.269997,67.077507,5905700
2016-10-20,101.639999,102.220001,100.690002,101.870003,66.815140,4820900
2016-10-21,101.059998,101.559998,100.629997,101.300003,66.441292,5622400
2016-10-24,101.559998,101.580002,100.059998,100.660004,66.021515,6077300
2016-10-25,100.750000,101.669998,100.519997,100.769997,66.093666,4730700
2016-10-26,100.320000,101.529999,99.870003,101.190002,66.369133,6353700
2016-10-27,101.510002,101.980003,99.919998,99.919998,65.536156,9897800
2016-10-28,101.120003,105.029999,100.949997,103.820000,68.094124,17435400
2016-10-31,103.820000,105.459999,103.779999,104.750000,68.704109,12340800
2016-11-01,105.510002,106.739998,105.449997,106.480003,69.838776,12755600
2016-11-02,105.650002,106.050003,104.250000,105.389999,69.123856,8405200
2016-11-03,105.529999,106.190002,104.949997,105.389999,69.123856,5703200
2016-11-04,105.250000,105.489998,104.379997,104.779999,68.723778,7085400
2016-11-07,106.000000,106.980003,105.779999,106.849998,70.081451,7333800
2016-11-08,106.570000,108.190002,106.419998,107.290001,70.370049,8050000
2016-11-09,106.040001,108.260002,105.690002,107.639999,70.599625,9161800
2016-11-10,107.540001,108.500000,107.239998,107.790001,70.697983,8739500
2016-11-11,107.480003,107.650002,105.940002,106.639999,69.943726,7939500
2016-11-14,106.150002,106.730003,105.589996,106.589996,69.910919,7656000
2016-11-15,107.489998,109.059998,107.400002,108.959999,71.465385,12156500
2016-11-16,108.199997,109.000000,107.739998,108.349998,71.776711,7723700
2016-11-17,109.000000,110.099998,107.589996,108.120003,71.624367,6638100
2016-11-18,108.570000,109.669998,108.150002,109.199997,72.339828,6815500
2016-11-21,110.360001,111.000000,110.070000,110.180000,72.989029,8476800
2016-11-22,110.790001,111.000000,109.309998,110.620003,73.280510,6440500
2016-11-23,110.400002,111.470001,110.040001,111.000000,73.532242,4472700
2016-11-25,110.540001,111.220001,110.120003,111.000000,73.532242,3238600
2016-11-28,110.949997,111.570000,110.379997,110.500000,73.201004,6406700
2016-11-29,109.099998,109.720001,108.400002,109.339996,72.432564,7461900
2016-11-30,112.050003,112.980003,111.300003,111.559998,73.903214,17301900
2016-12-01,112.790001,114.910004,112.529999,113.290001,75.049240,11792300
2016-12-02,113.199997,113.809998,112.279999,113.000000,74.857140,6167400
2016-12-05,113.389999,114.480003,113.029999,113.250000,75.022736,6909800
2016-12-06,112.389999,113.489998,112.209999,112.760002,74.698151,6033600
2016-12-07,113.040001,114.480003,112.820000,114.440002,75.811066,6434100
2016-12-08,114.730003,115.400002,114.199997,115.169998,76.294640,5519700
2016-12-09,114.989998,115.989998,114.970001,115.809998,76.718620,5771600
2016-12-12,117.769997,118.989998,116.570000,117.150002,77.606308,10044700
2016-12-13,117.900002,118.309998,116.029999,117.419998,77.785179,8644200
2016-12-14,116.709999,117.879997,115.760002,115.959999,76.818001,7878400
2016-12-15,115.629997,117.389999,115.360001,117.050003,77.540077,7458300
2016-12-16,117.839996,118.580002,117.419998,118.080002,78.222389,13752300
2016-12-19,118.370003,118.449997,117.419998,117.650002,77.937538,5772500
2016-12-20,117.849998,118.629997,117.669998,117.949997,78.136276,4319100
2016-12-21,118.339996,119.000000,117.860001,117.910004,78.109772,5024600
2016-12-22,117.940002,118.989998,117.769997,118.769997,78.679474,4992500
2016-12-23,118.410004,118.699997,118.050003,118.419998,78.447609,2682900
2016-12-27,118.500000,118.900002,118.110001,118.220001,78.315140,2986900
2016-12-28,118.309998,118.860001,117.750000,117.910004,78.109772,4086700
2016-12-29,118.010002,118.419998,117.480003,117.820000,78.050171,3214500
2016-12-30,117.440002,118.239998,117.309998,117.699997,77.970673,5020500
2017-01-03,118.379997,119.000000,116.589996,117.849998,78.070007,7404800
2017-01-04,118.410004,118.650002,117.599998,117.820000,78.050171,6679900
2017-01-05,118.000000,118.480003,116.720001,117.309998,77.712318,5928600
2017-01-06,117.449997,117.580002,116.379997,116.839996,77.400963,4762500
2017-01-09,116.290001,116.360001,115.110001,115.839996,76.738518,6891800
2017-01-10,115.559998,116.389999,114.889999,114.959999,76.155563,6184400
2017-01-11,115.150002,116.449997,114.860001,115.930000,76.798126,6158200
2017-01-12,116.500000,116.989998,115.410004,116.160004,76.950470,4940000
2017-01-13,115.860001,116.879997,115.610001,116.379997,77.096214,4953000
2017-01-17,116.400002,116.769997,116.110001,116.279999,77.029961,4669700
2017-01-18,115.680000,116.040001,115.400002,115.940002,76.804749,4855300
2017-01-19,115.889999,115.959999,115.290001,115.580002,76.566269,3427800
2017-01-20,116.320000,116.750000,115.339996,115.599998,76.579491,6730900
2017-01-23,115.120003,115.959999,114.989998,115.389999,76.440376,5104100
2017-01-24,115.849998,117.110001,115.610001,116.370003,77.089615,5024400
2017-01-25,116.900002,117.430000,116.339996,117.239998,77.665939,5276800
2017-01-26,117.500000,117.820000,116.500000,116.550003,77.208839,6937300
2017-01-27,113.529999,114.699997,112.849998,113.790001,75.380463,11698900
2017-01-30,113.150002,113.800003,110.720001,111.820000,74.075447,8252900
2017-01-31,111.889999,112.199997,110.760002,111.349998,73.764069,7951000
2017-02-01,111.199997,111.779999,110.839996,111.000000,73.532242,5889300
2017-02-02,111.169998,112.239998,110.709999,112.209999,74.333794,6289000
2017-02-03,112.410004,114.279999,112.139999,113.570000,75.234703,6623500
2017-02-06,113.279999,113.500000,112.449997,112.980003,74.843887,5637300
2017-02-07,112.980003,113.099998,111.110001,111.389999,73.790573,6038400
2017-02-08,111.129997,111.790001,110.320000,111.580002,73.916435,5188800
2017-02-09,111.580002,112.629997,111.580002,112.260002,74.366936,4607800
2017-02-10,112.750000,113.449997,112.370003,113.050003,74.890274,6194300
2017-02-13,113.360001,113.989998,113.050003,113.910004,75.459984,4858500
2017-02-14,112.680000,113.070000,111.779999,112.519997,75.252647,5811200
2017-02-15,112.209999,113.239998,112.209999,112.570000,75.286072,7048100
2017-02-16,112.989998,112.989998,110.430000,110.680000,74.022041,9478200
2017-02-17,110.419998,110.570000,109.269997,110.330002,73.788002,8111000
2017-02-21,110.730003,112.309998,110.599998,111.720001,74.717606,6619100
2017-02-22,111.190002,111.779999,110.309998,110.379997,73.821434,5732000
2017-02-23,111.339996,111.830002,110.750000,111.019997,74.249435,8659700
2017-02-24,110.900002,111.019997,109.470001,110.120003,73.647537,6189400
2017-02-27,110.650002,112.269997,110.370003,111.750000,74.737679,7275800
2017-02-28,111.660004,112.760002,111.489998,112.500000,75.239258,7030200
2017-03-01,112.919998,114.389999,112.879997,113.879997,76.162201,7353800
2017-03-02,113.669998,114.269997,113.309998,113.360001,75.814438,5892500
2017-03-03,113.360001,113.889999,113.209999,113.550003,75.941513,4905600
2017-03-06,113.250000,113.500000,112.669998,113.169998,75.687347,4731900
2017-03-07,113.540001,113.879997,111.690002,111.809998,74.777809,6660300
2017-03-08,111.680000,111.919998,109.400002,109.610001,73.306473,9071600
2017-03-09,109.309998,110.169998,108.510002,110.040001,73.594055,7247400
2017-03-10,111.400002,111.410004,109.440002,110.610001,73.975250,6560300
2017-03-13,110.510002,110.809998,109.309998,109.349998,73.132545,6369300
2017-03-14,108.470001,108.570000,107.120003,107.360001,71.801674,9935700
2017-03-15,108.080002,108.980003,107.540001,108.879997,72.818245,9472100
2017-03-16,108.809998,108.879997,107.440002,107.860001,72.136055,8894700
2017-03-17,108.000000,108.419998,107.680000,107.680000,72.015701,14353400
2017-03-20,107.269997,107.849998,107.019997,107.660004,72.002304,5301900
2017-03-21,108.059998,108.230003,107.400002,108.040001,72.256447,7406300
2017-03-22,107.650002,108.849998,107.519997,108.389999,72.490517,8106800
2017-03-23,108.290001,108.860001,107.750000,107.870003,72.142761,5451200
2017-03-24,107.930000,108.419998,107.699997,107.989998,72.223000,6339900
2017-03-27,107.000000,107.349998,105.820000,106.279999,71.079353,6479400
2017-03-28,106.279999,107.739998,106.120003,107.169998,71.674583,6331500
2017-03-29,106.949997,108.080002,106.879997,108.070000,72.276512,4919900
2017-03-30,108.150002,108.680000,107.199997,107.779999,72.082565,6797700
2017-03-31,107.699997,108.139999,107.050003,107.370003,71.808342,6159000
2017-04-03,107.220001,107.970001,106.379997,107.800003,72.095940,5800900
2017-04-04,107.879997,108.720001,107.010002,108.660004,72.671135,4687400
2017-04-05,109.650002,110.669998,108.559998,108.639999,72.657738,6398800
2017-04-06,109.120003,109.650002,108.750000,109.290001,73.092453,3934500
2017-04-07,109.379997,109.580002,108.669998,108.860001,72.804863,4889400
2017-04-10,109.120003,110.199997,108.970001,109.430000,73.186066,4812100
2017-04-11,109.529999,109.540001,108.059998,108.970001,72.878418,3956500
2017-04-12,109.360001,109.360001,108.449997,108.970001,72.878418,5053300
2017-04-13,108.639999,108.739998,105.930000,106.099998,70.958977,6894800
2017-04-17,106.169998,106.480003,105.650002,106.169998,71.005775,5278800
2017-04-18,105.809998,106.680000,105.320000,105.680000,70.678101,4252700
2017-04-19,105.889999,106.139999,103.830002,104.230003,69.708351,6667900
2017-04-20,104.400002,105.690002,104.360001,104.879997,70.143059,4988100
2017-04-21,104.800003,105.430000,104.290001,104.889999,70.149750,5432600
2017-04-24,105.790001,106.410004,105.370003,105.930000,70.845291,4538200
2017-04-25,106.300003,106.970001,106.180000,106.730003,71.380325,4619000
2017-04-26,106.400002,107.480003,105.970001,106.080002,70.945602,6687400
2017-04-27,105.959999,105.980003,104.669998,105.470001,70.537636,5781800
2017-04-28,107.050003,107.599998,105.989998,106.699997,71.360252,6848400
2017-05-01,106.260002,106.730003,105.760002,105.919998,70.838623,4955500
2017-05-02,106.110001,106.529999,105.089996,105.360001,70.464096,5112200
2017-05-03,105.360001,107.260002,105.129997,106.720001,71.373642,5663000
2017-05-04,106.239998,106.330002,104.139999,104.809998,70.096222,8039900
2017-05-05,104.919998,105.889999,104.699997,105.790001,70.751671,5060000
2017-05-08,105.930000,106.720001,105.820000,106.680000,71.346893,5175100
2017-05-09,106.510002,106.750000,104.820000,105.080002,70.276810,5024000
2017-05-10,105.820000,106.830002,105.540001,106.500000,71.226471,5582800
2017-05-11,107.080002,107.080002,105.629997,106.209999,71.032562,4632100
2017-05-12,106.059998,106.290001,105.480003,105.959999,70.865372,4488200
2017-05-15,107.150002,107.709999,106.680000,106.849998,71.460579,6647500
2017-05-16,107.570000,107.660004,106.940002,107.250000,71.728096,5001400
2017-05-17,106.169998,106.269997,104.620003,104.699997,70.734970,6384300
2017-05-18,104.550003,105.680000,103.839996,105.169998,71.052513,5618100
2017-05-19,105.519997,106.519997,105.169998,106.519997,71.964561,8383500
2017-05-22,107.089996,107.089996,105.750000,106.120003,71.694321,4491100
2017-05-23,106.070000,106.559998,105.980003,106.269997,71.795639,3457100
2017-05-24,106.099998,106.360001,105.730003,106.220001,71.761879,3457200
2017-05-25,106.099998,106.709999,104.720001,105.110001,71.011971,5293800
2017-05-26,105.050003,105.290001,104.599998,104.720001,70.748497,3752500
2017-05-30,104.349998,104.709999,103.750000,104.059998,70.302582,4288000
2017-05-31,103.550003,103.889999,103.070000,103.480003,69.910774,8037900
2017-06-01,103.690002,104.279999,103.430000,104.269997,70.444450,4769400
2017-06-02,103.820000,103.940002,102.769997,103.110001,69.660767,5864000
2017-06-05,102.800003,103.580002,102.629997,103.190002,69.714813,4523300
2017-06-06,103.110001,104.449997,102.760002,104.169998,70.376907,4683900
2017-06-07,103.970001,104.430000,102.550003,103.769997,70.106659,7197100
2017-06-08,103.769997,104.739998,103.440002,104.000000,70.262062,6493600
2017-06-09,104.010002,106.489998,104.010002,106.400002,71.883476,6595600
2017-06-12,106.400002,108.430000,106.400002,108.040001,72.991470,8690600
2017-06-13,108.339996,108.489998,107.160004,108.129997,73.052269,6099700
2017-06-14,107.910004,107.989998,105.739998,106.599998,72.018600,6202300
2017-06-15,106.500000,106.800003,105.870003,106.330002,71.836197,5441400
2017-06-16,106.940002,108.360001,106.209999,108.349998,73.200897,11633900
2017-06-19,108.309998,108.379997,107.139999,107.459999,72.599609,4577800
2017-06-20,106.250000,106.599998,105.379997,106.480003,71.937546,5171200
2017-06-21,105.889999,106.900002,103.919998,104.489998,70.593102,6989400
2017-06-22,104.480003,105.139999,104.040001,104.449997,70.566086,4197400
2017-06-23,104.250000,105.419998,104.239998,105.000000,70.937637,5773300
2017-06-26,105.029999,105.190002,104.029999,104.139999,70.356644,3602500
2017-06-27,104.730003,104.889999,104.029999,104.070000,70.309357,4170300
2017-06-28,104.430000,104.900002,104.040001,104.279999,70.451233,4162300
2017-06-29,104.379997,105.150002,104.050003,104.120003,70.343109,4288600
2017-06-30,104.529999,104.720001,103.889999,104.330002,70.484993,5497000
2017-07-03,104.239998,106.959999,104.239998,106.300003,71.815933,4419100
2017-07-05,105.989998,106.300003,104.269997,104.620003,70.680931,4482700
2017-07-06,104.669998,105.129997,103.709999,103.820000,70.140442,5084800
2017-07-07,103.589996,103.760002,102.809998,103.489998,69.917511,6457000
2017-07-10,103.440002,103.580002,102.599998,103.040001,69.613480,4629000
2017-07-11,103.150002,103.500000,102.550003,103.120003,69.667542,4322400
2017-07-12,104.000000,104.750000,103.470001,103.889999,70.187752,3978100
2017-07-13,103.800003,104.209999,103.459999,104.129997,70.349892,4439100
2017-07-14,104.379997,104.639999,103.730003,104.440002,70.559319,3644300
2017-07-17,104.320000,104.970001,104.080002,104.209999,70.403915,5572400
2017-07-18,104.599998,104.599998,103.510002,103.720001,70.072891,4339400
2017-07-19,103.559998,104.480003,103.510002,104.459999,70.572830,4932000
2017-07-20,105.000000,105.370003,103.820000,104.629997,70.687691,5367800
2017-07-21,104.180000,104.379997,103.150002,103.250000,69.755348,5304100
2017-07-24,103.180000,103.570000,102.919998,103.199997,69.721573,4080400
2017-07-25,104.449997,105.150002,104.320000,104.389999,70.525536,7093800
2017-07-26,104.629997,106.080002,104.199997,105.120003,71.018715,5881400
2017-07-27,104.879997,106.320000,104.610001,106.110001,71.687584,5888400
2017-07-28,106.709999,109.129997,106.360001,108.120003,73.045509,7812600
2017-07-31,108.389999,110.000000,108.150002,109.190002,73.768402,7561200
2017-08-01,109.540001,110.970001,109.419998,110.779999,74.842598,8162900
2017-08-02,110.389999,111.199997,109.849998,110.459999,74.626404,6212300
2017-08-03,110.230003,110.449997,109.050003,109.430000,73.930542,5605400
2017-08-04,109.430000,110.199997,109.430000,110.110001,74.389946,4643500
2017-08-07,109.809998,110.290001,109.580002,109.779999,74.166985,4762800
2017-08-08,110.000000,110.709999,109.769997,110.349998,74.552101,4107300
2017-08-09,110.739998,111.410004,110.260002,110.889999,74.916908,3966800
2017-08-10,111.230003,111.440002,110.029999,110.110001,74.389946,4950700
2017-08-11,110.199997,110.489998,109.129997,109.230003,73.795433,3383000
2017-08-14,109.260002,109.820000,108.320000,108.709999,73.444107,4286100
2017-08-15,108.750000,108.900002,107.529999,108.570000,73.349533,5310700
2017-08-16,107.629997,107.919998,106.690002,106.839996,72.905968,4186600
2017-08-17,106.610001,106.870003,105.910004,105.919998,72.278198,5870300
2017-08-18,105.839996,107.339996,105.500000,106.480003,72.660332,5467400
2017-08-21,106.480003,106.480003,105.300003,105.779999,72.182655,3560400
2017-08-22,105.989998,106.919998,105.809998,106.360001,72.578415,5630900
2017-08-23,106.209999,107.059998,106.110001,106.610001,72.749039,4185800
2017-08-24,106.500000,107.669998,106.330002,107.440002,73.315392,5059700
2017-08-25,107.820000,108.709999,107.519997,108.230003,73.854500,4384200
2017-08-28,108.540001,108.589996,107.269997,107.760002,73.533775,3681600
2017-08-29,107.430000,108.050003,107.040001,107.860001,73.601990,3230600
2017-08-30,107.580002,107.839996,107.099998,107.730003,73.513329,3126000
2017-08-31,108.000000,108.230003,107.500000,107.620003,73.438240,5508200
2017-09-01,107.680000,109.160004,107.510002,108.760002,74.216141,3660300
2017-09-05,109.360001,110.260002,108.699997,109.440002,74.680168,5198500
2017-09-06,110.000000,112.230003,109.800003,111.790001,76.283783,8577300
2017-09-07,112.180000,112.870003,111.360001,111.800003,76.290619,5937800
2017-09-08,111.589996,111.750000,110.529999,110.779999,75.594582,4033100
2017-09-11,111.830002,112.570000,111.519997,112.519997,76.781929,5973400
2017-09-12,112.820000,112.949997,111.860001,112.489998,76.761452,5110100
2017-09-13,112.489998,114.320000,112.279999,114.180000,77.914665,5889400
2017-09-14,114.260002,115.339996,114.180000,114.449997,78.098930,5819100
2017-09-15,114.830002,114.910004,113.629997,114.629997,78.221764,8387600
2017-09-18,114.419998,115.220001,114.320000,115.190002,78.603882,4954600
2017-09-19,115.250000,116.419998,115.190002,116.339996,79.388626,6188000
2017-09-20,116.500000,117.150002,116.199997,116.370003,79.409103,5378200
2017-09-21,116.220001,116.519997,115.830002,116.470001,79.477356,4334500
2017-09-22,116.410004,117.830002,116.269997,117.290001,80.036896,5307100
2017-09-25,117.230003,118.330002,117.019997,117.989998,80.514565,5980300
2017-09-26,117.790001,118.029999,117.250000,117.519997,80.193848,4874700
2017-09-27,117.459999,117.599998,116.769997,117.449997,80.146065,3926800
2017-09-28,117.169998,118.129997,117.019997,117.620003,80.262115,4949000
2017-09-29,117.169998,117.519997,116.730003,117.500000,80.180191,4874800
2017-10-02,116.419998,117.790001,115.529999,117.430000,80.132423,4285600
2017-10-03,117.080002,118.250000,117.010002,117.820000,80.398567,3892200
2017-10-04,117.820000,117.870003,117.129997,117.580002,80.234795,3443400
2017-10-05,117.449997,118.690002,117.330002,118.580002,80.917191,5470900
2017-10-06,117.949997,118.150002,116.800003,117.029999,79.859489,3533300
2017-10-09,117.339996,118.080002,117.010002,117.709999,80.323509,2951900
2017-10-10,118.400002,119.820000,118.290001,118.800003,81.067299,5683100
2017-10-11,119.209999,119.519997,118.580002,119.330002,81.428963,3926100
2017-10-12,118.489998,119.650002,118.309998,119.139999,81.299316,3929700
2017-10-13,119.790001,120.000000,119.070000,119.160004,81.312981,4640100
2017-10-16,119.839996,120.889999,119.430000,120.129997,81.974869,5500700
2017-10-17,120.230003,120.739998,119.830002,120.220001,82.036278,4844300
2017-10-18,119.400002,120.019997,117.989998,118.150002,80.623764,5505100
2017-10-19,118.059998,118.739998,117.949997,118.199997,80.657867,4576600
2017-10-20,118.610001,118.779999,118.070000,118.639999,80.958107,4924300
2017-10-23,118.720001,119.300003,118.449997,118.930000,81.156006,3872400
2017-10-24,119.480003,119.919998,119.070000,119.230003,81.360718,4472400
2017-10-25,119.000000,119.440002,118.150002,118.440002,80.821640,4553100
2017-10-26,118.779999,119.000000,118.139999,118.440002,80.821640,4092900
2017-10-27,116.129997,116.400002,112.570000,113.540001,77.477959,14534100
2017-10-30,113.169998,115.099998,112.839996,114.389999,78.057968,7517800
2017-10-31,114.449997,116.379997,113.820000,115.889999,79.081535,7154800
2017-11-01,116.300003,116.970001,115.349998,115.900002,79.088402,5030300
2017-11-02,116.209999,116.470001,114.709999,115.330002,78.699432,4329600
2017-11-03,115.480003,115.750000,114.730003,114.989998,78.467422,4101800
2017-11-06,115.370003,117.160004,114.989998,117.040001,79.866295,5950300
2017-11-07,117.379997,118.000000,116.480003,117.239998,80.002777,5219500
2017-11-08,116.779999,117.150002,115.900002,116.669998,79.613815,5092800
2017-11-09,115.900002,117.500000,115.620003,117.239998,80.002777,5103300
2017-11-10,116.709999,117.309998,116.099998,117.180000,79.961845,5156900
2017-11-13,117.220001,117.769997,116.680000,117.230003,79.995972,4279200
2017-11-14,116.820000,117.260002,116.250000,116.919998,79.784431,6996500
2017-11-15,116.209999,117.230003,116.070000,116.449997,79.463692,5372600
2017-11-16,115.250000,115.820000,114.379997,114.570000,78.912682,5888700
2017-11-17,114.669998,114.989998,113.900002,114.709999,79.009109,4337500
2017-11-20,114.769997,115.029999,114.440002,114.720001,79.015991,4634200
2017-11-21,115.139999,115.860001,114.919998,115.169998,79.325943,4596000
2017-11-22,115.489998,116.779999,115.320000,115.910004,79.835648,3951000
2017-11-24,116.550003,116.849998,116.309998,116.510002,80.248909,1744200
2017-11-27,115.849998,116.029999,115.239998,115.589996,79.615211,4490300
2017-11-28,115.919998,116.809998,115.739998,116.449997,80.207581,4004700
2017-11-29,116.199997,117.250000,115.830002,117.180000,80.710373,3661000
2017-11-30,117.260002,119.150002,117.230003,118.989998,81.957054,7896600
2017-12-01,119.809998,120.459999,118.519997,119.510002,82.315239,6831800
2017-12-04,119.809998,122.300003,119.370003,120.839996,83.231270,7366400
2017-12-05,120.540001,121.400002,120.150002,120.389999,82.921333,4380700
2017-12-06,119.989998,120.879997,119.519997,119.610001,82.384102,4852500
2017-12-07,119.500000,120.099998,118.959999,119.629997,82.397865,4908500
2017-12-08,119.959999,120.239998,119.099998,119.919998,82.597603,4122200
2017-12-11,120.290001,121.110001,120.120003,120.419998,82.941994,5929700
2017-12-12,119.809998,120.739998,119.559998,119.680000,82.432312,4300200
2017-12-13,119.430000,120.169998,118.680000,119.930000,82.604500,4399800
2017-12-14,119.809998,120.279999,119.500000,119.529999,82.328987,3736900
2017-12-15,120.440002,120.470001,119.510002,119.730003,82.466751,11226900
2017-12-18,119.919998,121.290001,119.620003,119.699997,82.446060,4654100
2017-12-19,120.320000,120.750000,119.510002,119.839996,82.542519,4599300
2017-12-20,120.279999,121.300003,119.650002,120.889999,83.265724,6286700
2017-12-21,121.389999,125.349998,121.070000,124.820000,85.972603,10109000
2017-12-22,124.849998,125.650002,124.570000,124.980003,86.082779,4735100
2017-12-26,125.230003,126.139999,125.050003,125.980003,86.771576,3348500
2017-12-27,125.959999,126.199997,125.129997,125.550003,86.475418,3452300
2017-12-28,125.690002,125.889999,125.290001,125.580002,86.496078,2191800
2017-12-29,125.360001,125.980003,125.190002,125.190002,86.227448,3829000
2018-01-02,125.709999,127.739998,125.540001,127.580002,87.873604,5626000
2018-01-03,127.459999,128.940002,126.900002,128.509995,88.514175,5805500
2018-01-04,127.949997,128.350006,127.220001,128.110001,88.238670,4598300
2018-01-05,127.970001,128.100006,127.099998,127.900002,88.094025,4189200
2018-01-08,127.860001,128.630005,127.629997,128.529999,88.527954,4826100
2018-01-09,128.429993,128.940002,127.790001,127.839996,88.052696,4422300
2018-01-10,128.309998,128.759995,127.800003,128.660004,88.617477,5292200
2018-01-11,128.919998,133.320007,128.759995,132.570007,91.310585,11641300
2018-01-12,132.190002,133.850006,132.110001,133.600006,92.020020,7232900
2018-01-16,133.669998,133.880005,131.600006,132.009995,90.924881,6254200
2018-01-17,132.190002,132.800003,130.960007,132.360001,91.165947,5632700
2018-01-18,132.350006,132.500000,131.029999,131.589996,90.635559,5890000
2018-01-19,131.830002,132.000000,130.210007,131.300003,90.435829,6048900
2018-01-22,131.300003,132.559998,131.279999,132.559998,91.303719,5248800
2018-01-23,132.380005,132.559998,130.729996,131.020004,90.242996,5747300
2018-01-24,131.380005,132.669998,131.070007,131.389999,90.497818,6868200
2018-01-25,131.759995,131.869995,130.339996,130.649994,89.988159,4597200
2018-01-26,130.710007,131.750000,130.369995,131.190002,90.360085,6310500
2018-01-29,130.059998,131.580002,128.320007,128.479996,88.493500,6350700
2018-01-30,127.610001,128.009995,125.190002,125.230003,86.254974,8084000
2018-01-31,125.419998,125.820000,124.050003,125.349998,86.337662,9626800
2018-02-01,125.599998,125.629997,124.059998,125.570000,86.489189,7844500
2018-02-02,123.949997,123.949997,117.639999,118.580002,81.674675,13182600
2018-02-05,116.989998,118.300003,108.019997,112.620003,77.569588,15414700
2018-02-06,111.199997,117.629997,110.760002,117.180000,80.710373,18416300
2018-02-07,117.400002,119.269997,115.230003,115.290001,79.408592,11535700
2018-02-08,115.169998,115.889999,112.209999,112.300003,77.349174,9927500
2018-02-09,113.339996,114.620003,109.500000,113.500000,78.175690,10922400
2018-02-12,114.800003,115.849998,112.910004,113.980003,78.506294,8358200
2018-02-13,113.339996,113.610001,111.860001,113.290001,78.031044,7065900
2018-02-14,112.500000,114.050003,111.400002,113.629997,78.265236,7031900
2018-02-15,112.860001,113.019997,110.839996,112.529999,78.279144,5405000
2018-02-16,112.349998,112.940002,111.209999,112.139999,78.007843,5950400
2018-02-20,112.279999,112.760002,110.580002,110.980003,77.200920,6810900
2018-02-21,111.139999,112.059998,109.059998,109.059998,75.865303,6892300
2018-02-22,109.550003,111.440002,108.900002,109.889999,76.442703,8176700
2018-02-23,110.459999,112.739998,110.250000,112.589996,78.320885,6460200
2018-02-26,113.180000,114.660004,112.849998,114.599998,79.719116,7405800
2018-02-27,114.870003,116.050003,113.610001,113.610001,79.030434,6059700
2018-02-28,115.019997,115.459999,111.879997,111.919998,77.854813,7441000
2018-03-01,111.529999,113.900002,110.970001,112.040001,77.938309,7516700
2018-03-02,111.500000,112.180000,109.830002,111.639999,77.660042,6607300
2018-03-05,111.400002,113.330002,111.019997,113.150002,78.710442,7814900
2018-03-06,113.849998,115.519997,113.019997,113.650002,79.058266,7957900
2018-03-07,112.949997,115.080002,112.629997,113.839996,79.190422,6660000
2018-03-08,114.599998,114.750000,112.599998,113.349998,78.849564,6095100
2018-03-09,114.309998,117.389999,114.239998,117.220001,81.541656,8833300
2018-03-12,117.500000,118.349998,116.559998,116.790001,81.242538,6877000
2018-03-13,117.230003,118.180000,116.000000,116.459999,81.012962,6793100
2018-03-14,116.980003,117.449997,114.860001,115.129997,80.087799,5051000
2018-03-15,115.360001,116.209999,114.750000,115.580002,80.400810,4519700
2018-03-16,115.400002,116.190002,114.559998,115.400002,80.275612,14909400
2018-03-19,115.070000,115.230003,113.220001,113.889999,79.225174,4803500
2018-03-20,114.550003,115.699997,114.440002,114.500000,79.649544,4587200
2018-03-21,114.980003,118.110001,114.800003,117.040001,81.416435,6829600
2018-03-22,115.550003,115.739998,113.480003,113.699997,79.093018,6297200
2018-03-23,114.370003,115.769997,112.699997,112.980003,78.592163,6227200
2018-03-26,114.239998,115.589996,113.250000,115.349998,80.240829,6868700
2018-03-27,115.750000,116.860001,113.980003,114.660004,79.760849,5530800
2018-03-28,114.930000,115.260002,112.059998,112.099998,77.980026,6985300
2018-03-29,112.290001,114.430000,112.279999,114.040001,79.329521,6627800
2018-04-02,113.889999,114.389999,110.540001,112.239998,78.077400,6228600
2018-04-03,112.519997,114.980003,112.089996,114.830002,79.879097,6717300
2018-04-04,113.050003,114.790001,112.430000,114.480003,79.635628,5727200
2018-04-05,114.879997,117.889999,114.699997,117.290001,81.590347,7204900
2018-04-06,116.379997,117.010002,113.389999,114.760002,79.830406,7094500
2018-04-09,115.300003,117.169998,114.879997,115.980003,80.679054,6933800
2018-04-10,117.599998,119.830002,117.599998,118.849998,82.675522,7612800
2018-04-11,118.690002,119.379997,117.750000,119.250000,82.953773,6246800
2018-04-12,119.709999,120.669998,118.650002,119.230003,82.939873,6702000
2018-04-13,119.519997,120.790001,119.220001,119.919998,83.419838,5508100
2018-04-16,120.599998,121.709999,119.769997,120.699997,83.962440,4598000
2018-04-17,120.940002,122.000000,120.559998,121.459999,84.491127,6488300
2018-04-18,122.459999,124.889999,122.400002,123.820000,86.132805,9132500
2018-04-19,123.970001,125.000000,123.209999,123.709999,86.056282,7159400
2018-04-20,123.379997,123.459999,121.459999,122.309998,85.082413,7561200
2018-04-23,122.000000,123.610001,121.800003,123.580002,85.965851,6113100
2018-04-24,124.360001,125.040001,121.750000,122.540001,85.242409,7980500
2018-04-25,122.339996,122.900002,121.120003,122.720001,85.367599,5331100
2018-04-26,122.669998,124.300003,122.300003,124.220001,86.411064,6268400
2018-04-27,125.500000,127.050003,124.680000,126.620003,88.080566,8836600
2018-04-30,127.019997,127.900002,125.050003,125.110001,87.030151,7631600
2018-05-01,124.029999,124.919998,123.080002,124.860001,86.856255,7093700
2018-05-02,124.199997,126.470001,124.089996,125.489998,87.294502,5909100
2018-05-03,124.589996,126.120003,123.830002,126.010002,87.656235,6727700
2018-05-04,125.209999,126.839996,124.709999,125.529999,87.322304,5403100
2018-05-07,126.589996,128.399994,124.440002,124.940002,86.911911,6999700
2018-05-08,124.930000,126.750000,123.629997,126.570000,88.045776,8937000
2018-05-09,128.419998,130.419998,128.089996,128.720001,89.541389,11442700
2018-05-10,129.690002,129.779999,128.389999,128.820007,89.610939,5446000
2018-05-11,129.389999,130.759995,128.520004,129.839996,90.320480,8092300
2018-05-14,130.250000,131.080002,129.800003,130.389999,90.703056,6212400
2018-05-15,130.240005,130.270004,129.250000,129.740005,90.250946,5201700
2018-05-16,129.289993,129.720001,128.300003,129.559998,90.125710,5405100
2018-05-17,128.759995,129.570007,128.380005,129.460007,90.841446,5241600
2018-05-18,128.919998,129.149994,127.800003,127.860001,89.718735,6385800
2018-05-21,128.789993,129.410004,128.270004,129.369995,90.778290,5081200
2018-05-22,129.089996,130.389999,128.100006,128.229996,89.978348,5444200
2018-05-23,127.089996,128.789993,126.550003,128.699997,90.308144,6017200
2018-05-24,127.400002,127.400002,125.849998,126.610001,88.841591,5906200
2018-05-25,124.540001,124.760002,121.220001,122.190002,85.740112,8936600
2018-05-29,121.099998,122.430000,120.059998,121.389999,85.178772,7385700
2018-05-30,122.650002,125.669998,122.339996,125.160004,87.824158,7125300
2018-05-31,124.080002,124.820000,123.459999,124.300003,87.220703,7460700
2018-06-01,125.489998,125.550003,123.430000,123.849998,86.904938,5749900
2018-06-04,124.529999,125.410004,122.169998,122.260002,85.789238,5760500
2018-06-05,122.010002,123.709999,121.550003,122.730003,86.119034,5672600
2018-06-06,123.120003,123.690002,122.059998,123.379997,86.575134,6213400
2018-06-07,124.540001,127.980003,124.410004,126.959999,89.087219,8607200
2018-06-08,127.120003,127.379997,125.680000,126.440002,88.722343,5108800
2018-06-11,126.769997,128.190002,125.860001,127.559998,89.508224,6085100
2018-06-12,127.639999,128.380005,126.330002,127.080002,89.171417,4543000
2018-06-13,126.809998,127.820000,126.089996,127.070000,89.164391,6317900
2018-06-14,127.379997,127.959999,126.379997,126.510002,88.771439,5056800
2018-06-15,127.099998,127.120003,123.839996,124.040001,87.038246,13223800
2018-06-18,124.349998,126.980003,124.099998,125.970001,88.392525,7696800
2018-06-19,124.320000,125.889999,123.879997,125.540001,88.090805,5947800
2018-06-20,126.120003,126.459999,124.300003,125.290001,87.915382,7980700
2018-06-21,124.500000,124.589996,122.160004,122.589996,86.020805,7290800
2018-06-22,125.410004,126.570000,124.820000,125.099998,87.782059,8535200
2018-06-25,124.430000,124.639999,121.930000,122.610001,86.034828,5801900
2018-06-26,123.029999,124.610001,122.570000,124.160004,87.122452,4592800
2018-06-27,125.150002,127.419998,125.059998,126.000000,88.413582,6339500
2018-06-28,126.540001,126.860001,125.000000,125.660004,88.175011,3814800
2018-06-29,125.739998,127.730003,125.739998,126.430000,88.715302,5669700
2018-07-02,125.279999,125.290001,123.559998,124.250000,87.185608,5073500
2018-07-03,125.459999,126.690002,124.550003,124.730003,87.522423,3919600
2018-07-05,126.110001,126.250000,123.820000,123.980003,86.996124,5926900
2018-07-06,123.519997,124.519997,123.190002,124.139999,87.108421,4020000
2018-07-09,125.000000,126.279999,124.690002,125.989998,88.406555,4602200
2018-07-10,127.330002,128.509995,126.750000,127.589996,89.529266,5092100
2018-07-11,126.230003,126.680000,122.970001,123.519997,86.673370,6631800
2018-07-12,124.440002,124.949997,123.589996,124.260002,87.192642,3745200
2018-07-13,124.199997,124.879997,123.629997,124.040001,87.038246,3352800
2018-07-16,123.010002,123.879997,121.879997,122.980003,86.294441,4317800
2018-07-17,122.360001,122.959999,121.800003,121.910004,85.543633,4135200
2018-07-18,121.239998,121.669998,119.669998,121.529999,85.277023,6061300
2018-07-19,121.099998,122.139999,121.010002,121.669998,85.375252,4471400
2018-07-20,121.250000,122.349998,121.010002,122.269997,85.796257,5394700
2018-07-23,122.349998,123.070000,121.160004,121.330002,85.136658,5359400
2018-07-24,121.870003,124.160004,121.860001,123.849998,86.904938,4423500
2018-07-25,123.620003,125.230003,123.269997,124.900002,87.641701,4278800
2018-07-26,124.699997,125.379997,123.800003,123.949997,86.975121,5544100
2018-07-27,122.790001,127.040001,122.080002,125.970001,88.392525,7580900
2018-07-30,126.760002,128.410004,126.220001,127.830002,89.697678,5729300
2018-07-31,128.000000,128.550003,126.129997,126.269997,88.603012,5894400
2018-08-01,125.309998,125.919998,124.750000,125.389999,87.985542,4661000
2018-08-02,124.440002,124.809998,123.300003,123.760002,86.841782,4639600
2018-08-03,124.150002,124.250000,123.330002,124.050003,87.045273,5299400
2018-08-06,124.419998,124.940002,123.540001,124.300003,87.220703,4455900
2018-08-07,125.540001,125.699997,124.750000,125.180000,87.838181,4542000
2018-08-08,124.519997,124.790001,123.320000,123.879997,86.925980,5957200
2018-08-09,123.959999,124.370003,122.260002,122.529999,85.978706,5218300
2018-08-10,122.169998,123.519997,121.500000,123.339996,86.547058,6128000
2018-08-13,123.309998,123.680000,122.260002,122.440002,85.915558,4360000
2018-08-14,122.919998,123.650002,122.000000,122.580002,86.013779,3622200
2018-08-15,121.699997,121.730003,117.430000,117.940002,82.757927,9476700
2018-08-16,117.699997,118.309998,117.180000,117.660004,83.352989,5455200
2018-08-17,118.150002,118.580002,117.089996,117.800003,83.452194,6112900
2018-08-20,118.000000,118.320000,117.330002,117.750000,83.416733,5403600
2018-08-21,118.379997,118.930000,117.790001,117.940002,83.551346,4875800
2018-08-22,118.540001,119.459999,118.419998,118.919998,84.245583,3636900
2018-08-23,118.389999,118.820000,117.699997,118.099998,83.664696,3962500
2018-08-24,118.900002,119.540001,118.720001,119.010002,84.309349,4415400
2018-08-27,119.360001,120.480003,119.169998,120.349998,85.258644,3901900
2018-08-28,120.599998,121.339996,119.750000,119.860001,84.911507,4685700
2018-08-29,120.000000,120.830002,119.879997,120.220001,85.166550,4101700
2018-08-30,120.080002,120.430000,119.550003,119.809998,84.876099,3353000
2018-08-31,119.400002,119.400002,118.089996,118.459999,83.919716,5287000
2018-09-04,118.930000,119.629997,118.349998,118.870003,84.210167,4590900
2018-09-05,118.059998,118.940002,117.260002,118.919998,84.245583,4619400
2018-09-06,117.889999,118.510002,115.139999,115.230003,81.631500,8191100
2018-09-07,114.519997,115.349998,113.389999,114.599998,81.185219,6637800
2018-09-10,115.430000,115.720001,114.379997,114.480003,81.100204,5870900
2018-09-11,114.339996,115.739998,113.760002,115.019997,81.482742,5605300
2018-09-12,116.419998,117.489998,115.760002,115.790001,82.028229,5067800
2018-09-13,116.010002,116.519997,115.080002,116.300003,82.389519,6297700
2018-09-14,116.430000,117.610001,116.349998,117.379997,83.154640,4947800
2018-09-17,117.610001,118.680000,117.279999,117.510002,83.246735,5560200
2018-09-18,118.500000,118.900002,117.980003,118.129997,83.685944,4966300
2018-09-19,118.330002,120.040001,118.120003,119.510002,84.663582,4855300
2018-09-20,120.190002,121.320000,119.110001,119.419998,84.599792,5846700
2018-09-21,119.910004,121.260002,119.410004,121.129997,85.811218,13703600
2018-09-24,121.910004,122.980003,121.570000,122.620003,86.866760,6534100
2018-09-25,123.500000,124.239998,122.940002,123.370003,87.398064,5396400
2018-09-26,122.989998,123.419998,121.739998,121.949997,86.392113,4231400
2018-09-27,122.160004,123.000000,121.709999,122.470001,86.760490,4533400
2018-09-28,121.989998,123.209999,121.760002,122.279999,86.625885,5202900
2018-10-01,123.110001,124.879997,123.110001,124.389999,88.120659,5348200
2018-10-02,125.070000,125.760002,124.320000,124.739998,88.368607,5445400
2018-10-03,125.129997,125.839996,124.779999,125.309998,88.772392,4479500
2018-10-04,124.790001,125.589996,124.190002,124.949997,88.517395,4824300
2018-10-05,124.930000,125.900002,124.739998,125.330002,88.786591,4318000
2018-10-08,124.050003,125.459999,123.830002,124.839996,88.439445,6267700
2018-10-09,125.510002,127.440002,125.070000,126.820000,89.842148,6797900
2018-10-10,127.230003,127.599998,122.459999,122.599998,86.852585,6504400
2018-10-11,122.430000,122.430000,117.540001,118.430000,83.898476,8589900
2018-10-12,119.529999,119.680000,116.180000,117.769997,83.430908,7450700
2018-10-15,117.699997,118.860001,116.910004,116.940002,82.842926,6047300
2018-10-16,117.089996,117.680000,116.339996,117.510002,83.246735,4846100
2018-10-17,117.209999,117.690002,116.019997,117.290001,83.090866,6978700
2018-10-18,117.419998,118.139999,116.050003,117.470001,83.218361,7391600
2018-10-19,117.370003,119.260002,117.370003,118.139999,83.693039,7944400
2018-10-22,118.099998,118.489998,116.480003,117.209999,83.034187,5644900
2018-10-23,115.720001,115.720001,112.050003,113.400002,80.335129,8095300
2018-10-24,113.720001,114.180000,110.070000,110.209999,78.075241,8035200
2018-10-25,111.360001,113.400002,110.430000,111.580002,79.045792,5734000
2018-10-26,110.629997,112.470001,109.660004,111.529999,79.010361,8035500
2018-10-29,112.040001,112.070000,107.540001,108.930000,77.168465,8598300
2018-10-30,109.620003,111.150002,108.150002,110.849998,78.528603,7523800
2018-10-31,111.709999,112.500000,111.050003,111.650002,79.095383,7429800
2018-11-01,111.769997,111.989998,110.099998,111.169998,78.755325,10572000
2018-11-02,114.849998,117.110001,113.120003,114.730003,81.277298,9890400
2018-11-05,116.620003,119.669998,116.599998,118.940002,84.259758,8758700
2018-11-06,118.760002,119.430000,117.849998,118.900002,84.231445,5273200
2018-11-07,120.000000,121.120003,119.019997,120.870003,85.627022,4848800
2018-11-08,120.650002,121.870003,118.959999,119.360001,84.557312,9532400
2018-11-09,118.220001,120.370003,117.370003,119.510002,84.663582,6565700
2018-11-12,120.900002,121.370003,117.169998,117.389999,83.161713,10550800
2018-11-13,117.300003,117.879997,115.040001,115.349998,81.716537,6846200
2018-11-14,116.879997,117.790001,114.940002,115.720001,81.978645,6783500
2018-11-15,113.660004,117.080002,112.720001,116.949997,83.659721,7218100
2018-11-16,117.500000,119.269997,117.269997,119.059998,85.169090,6706900
2018-11-19,118.139999,119.480003,117.900002,119.419998,85.426605,5328300
2018-11-20,119.239998,119.500000,115.040001,116.099998,83.051651,7983500
2018-11-21,116.680000,119.190002,116.680000,117.570000,84.103210,5624400
2018-11-23,114.699997,115.220001,112.110001,113.599998,81.263283,5577800
2018-11-26,114.599998,115.440002,114.019997,114.980003,82.250458,6953000
2018-11-27,114.550003,115.660004,114.220001,115.209999,82.414986,6339200
2018-11-28,114.980003,118.279999,114.400002,118.139999,84.510979,6841700
2018-11-29,117.949997,119.730003,117.739998,118.849998,85.018860,6656900
2018-11-30,118.050003,119.209999,117.699997,118.940002,85.083244,6712500
2018-12-03,120.769997,122.430000,120.059998,120.669998,86.320808,8237600
2018-12-04,120.599998,121.089996,117.070000,117.239998,83.867142,8288100
2018-12-06,115.339996,116.139999,113.029999,115.910004,82.915771,10715700
2018-12-07,117.589996,119.699997,115.190002,115.489998,82.615311,9114400
2018-12-10,115.300003,115.959999,111.669998,114.940002,82.221848,7674300
2018-12-11,116.260002,116.620003,113.949997,115.470001,82.601006,5929400
2018-12-12,117.110001,117.720001,115.570000,115.620003,82.708313,7891400
2018-12-13,115.150002,116.320000,114.309998,115.940002,82.937218,7030500
2018-12-14,115.010002,115.809998,113.309998,113.830002,81.427849,6195400
2018-12-17,113.440002,114.970001,111.860001,112.449997,80.440659,7132400
2018-12-18,112.629997,113.239998,108.949997,109.739998,78.502052,9658600
2018-12-19,109.910004,111.989998,107.099998,107.830002,77.135742,10472400
2018-12-20,106.809998,108.070000,104.190002,104.980003,75.096992,11612800
2018-12-21,103.620003,106.940002,102.910004,104.209999,74.546204,19912800
2018-12-24,103.300003,104.150002,100.910004,100.989998,72.242767,5619500
2018-12-26,101.849998,107.389999,100.220001,107.389999,76.821007,10779400
2018-12-27,105.470001,109.330002,104.879997,109.320000,78.201614,10655100
2018-12-28,109.650002,110.360001,108.120003,108.650002,77.722336,6445400
2018-12-31,109.150002,110.239998,107.860001,108.790001,77.822495,6309600
2019-01-02,107.339996,111.680000,107.099998,110.690002,79.181641,6384800
2019-01-03,111.059998,111.290001,108.070000,108.570000,77.665108,6496200
2019-01-04,110.279999,110.989998,109.470001,110.820000,79.274628,7952500
2019-01-07,111.059998,112.930000,109.919998,112.260002,80.304733,5712700
2019-01-08,113.400002,113.790001,111.669998,111.769997,79.954231,5674900
2019-01-09,112.690002,114.000000,112.449997,113.269997,81.027214,7097000
2019-01-10,112.510002,113.629997,111.709999,113.449997,81.155983,6078300
2019-01-11,113.000000,113.050003,111.669998,112.540001,80.505035,4491700
2019-01-14,111.339996,112.339996,111.080002,111.720001,79.918449,6121700
2019-01-15,111.980003,113.070000,111.510002,112.120003,80.204605,4226100
2019-01-16,111.430000,112.320000,111.220001,111.400002,79.689537,5624100
2019-01-17,110.750000,112.290001,110.169998,111.959999,80.090134,4442700
2019-01-18,113.989998,114.650002,113.059998,114.370003,81.814117,9382000
2019-01-22,113.120003,113.449997,111.949997,112.339996,80.361969,7242000
2019-01-23,112.379997,112.669998,110.419998,111.389999,79.682388,6082300
2019-01-24,111.029999,113.820000,110.910004,113.510002,81.198929,8470700
2019-01-25,114.059998,114.779999,112.989998,113.220001,80.991478,6261800
2019-01-28,111.910004,112.570000,111.070000,112.169998,80.240349,6886600
2019-01-29,113.029999,113.349998,111.769997,111.830002,79.997139,5359900
2019-01-30,112.529999,113.650002,111.980003,113.010002,80.841248,7941700
2019-01-31,113.800003,115.410004,113.379997,114.650002,82.014389,11225600
2019-02-01,116.650002,119.250000,116.599998,118.370003,84.675514,10934300
2019-02-04,117.500000,119.750000,116.309998,119.739998,85.655533,7987900
2019-02-05,119.620003,119.860001,118.690002,119.480003,85.469543,6887400
2019-02-06,119.000000,119.589996,118.690002,118.879997,85.040329,4990400
2019-02-07,118.010002,118.510002,116.510002,118.230003,84.575356,7281900
2019-02-08,117.739998,117.889999,115.919998,117.580002,84.110374,5671000
2019-02-11,116.930000,117.360001,116.389999,116.949997,83.659721,4859600
2019-02-12,118.330002,118.870003,117.610001,118.720001,84.925880,5400700
2019-02-13,119.160004,120.389999,118.699997,119.570000,85.533920,5935900
2019-02-14,118.370003,119.529999,117.660004,118.160004,85.374947,5406500
2019-02-15,119.620003,119.860001,118.589996,119.349998,86.234779,6209800
2019-02-19,118.900002,119.860001,118.459999,119.309998,86.205879,4277800
2019-02-20,119.309998,120.720001,119.000000,120.279999,86.906754,5940600
2019-02-21,120.070000,120.320000,118.389999,119.139999,86.083054,5139400
2019-02-22,120.279999,120.459999,118.849998,119.389999,86.263687,4517600
2019-02-25,119.410004,120.419998,119.370003,119.620003,86.429886,5196600
2019-02-26,119.809998,120.970001,119.680000,119.940002,86.661072,5445600
2019-02-27,120.290001,121.290001,119.889999,120.080002,86.762222,5289800
2019-02-28,120.000000,120.160004,118.489998,119.580002,86.400978,6406500
2019-03-01,120.389999,122.040001,120.169998,122.029999,88.171173,7743600
2019-03-04,122.669998,122.839996,120.550003,122.120003,88.236214,7499500
2019-03-05,121.870003,123.349998,121.589996,123.290001,89.081566,7345200
2019-03-06,123.169998,124.699997,122.300003,123.529999,89.254982,7599900
2019-03-07,123.419998,123.500000,121.699997,121.940002,88.106148,7201100
2019-03-08,120.099998,121.930000,119.199997,121.620003,87.874947,7014100
2019-03-11,122.870003,124.199997,122.750000,123.620003,89.320000,6088600
2019-03-12,123.839996,124.959999,123.379997,123.900002,89.522331,6184300
2019-03-13,124.599998,124.930000,123.900002,124.669998,90.078651,4707000
2019-03-14,124.760002,125.459999,124.480003,124.599998,90.028099,5146400
2019-03-15,124.589996,125.419998,124.349998,125.309998,90.541077,10449700
2019-03-18,125.209999,126.129997,125.169998,125.879997,90.952942,5586900
2019-03-19,126.559998,126.919998,124.739998,125.279999,90.519424,5096800
2019-03-20,125.040001,126.339996,124.680000,124.690002,90.093117,6708500
2019-03-21,124.870003,125.959999,124.510002,125.860001,90.938515,5050400
2019-03-22,124.849998,124.900002,122.699997,123.089996,88.937073,5786800
2019-03-25,122.930000,123.349998,122.309998,122.889999,88.792542,3837500
2019-03-26,123.769997,124.910004,123.379997,124.129997,89.688507,4079800
2019-03-27,123.980003,124.480003,122.019997,122.790001,88.720291,3727800
2019-03-28,122.599998,123.160004,122.360001,123.019997,88.886490,4057700
2019-03-29,124.279999,124.470001,122.489998,123.180000,89.002090,5318600
2019-04-01,123.870003,125.269997,123.449997,124.940002,90.273766,5506300
2019-04-02,125.199997,125.440002,124.110001,124.930000,90.266525,4362700
2019-04-03,125.220001,125.349998,123.540001,123.889999,89.515091,3595400
2019-04-04,124.010002,124.830002,123.550003,124.800003,90.172615,3715400
2019-04-05,125.250000,126.639999,125.199997,126.419998,91.343124,5551400
2019-04-08,126.769997,127.339996,126.230003,126.680000,91.530968,5483100
2019-04-09,126.290001,126.290001,125.120003,125.540001,90.707283,4143400
2019-04-10,126.139999,126.570000,125.129997,125.489998,90.671150,3970000
2019-04-11,125.339996,126.260002,124.750000,125.989998,91.032410,3248300
2019-04-12,121.580002,122.000000,119.000000,119.760002,86.531029,42693700
2019-04-15,120.019997,121.019997,119.330002,120.139999,86.805580,13369100
2019-04-16,120.430000,121.320000,120.059998,121.169998,87.549789,11942900
2019-04-17,122.199997,122.540001,120.050003,120.269997,86.899513,11898100
2019-04-18,120.519997,120.820000,119.099998,119.860001,86.603271,9546500
2019-04-22,120.779999,122.010002,120.449997,121.900002,88.077255,7946200
2019-04-23,121.730003,122.279999,121.349998,122.019997,88.163940,9079200
2019-04-24,121.349998,121.430000,118.089996,118.279999,85.461662,22115000
2019-04-25,118.050003,118.699997,117.400002,117.900002,85.187088,10636400
2019-04-26,118.400002,118.500000,115.650002,117.099998,84.609077,11626700
2019-04-29,117.010002,118.110001,116.699997,117.720001,85.057045,9404000
2019-04-30,121.099998,121.919998,119.650002,120.059998,86.747780,21431500
2019-05-01,119.800003,120.139999,117.760002,117.809998,85.122063,10097000
2019-05-02,117.279999,118.480003,116.279999,116.379997,84.088852,9495600
2019-05-03,117.690002,118.550003,117.110001,117.269997,84.731888,7364900
2019-05-06,117.500000,119.839996,117.470001,118.400002,85.548370,11035000
2019-05-07,117.300003,118.269997,116.500000,118.269997,85.454453,9165200
2019-05-08,118.370003,118.480003,117.400002,117.500000,84.898087,6229000
2019-05-09,121.120003,122.320000,119.860001,121.190002,87.564232,16496300
2019-05-10,121.169998,122.269997,119.830002,121.989998,88.142281,8787900
2019-05-13,121.910004,122.260002,120.010002,120.440002,87.022339,7701200
2019-05-14,120.669998,122.250000,120.510002,121.639999,87.889397,6858500
2019-05-15,121.199997,122.489998,120.870003,122.139999,88.250656,6945000
2019-05-16,120.989998,121.550003,120.529999,120.800003,88.141205,8543300
2019-05-17,120.059998,121.110001,119.879997,120.519997,87.936905,6870900
2019-05-20,120.709999,121.209999,120.540001,120.839996,88.170380,4569700
2019-05-21,121.029999,121.940002,120.900002,121.339996,88.535233,4859400
2019-05-22,120.900002,121.440002,120.339996,120.570000,87.973404,5763300
2019-05-23,118.809998,118.870003,116.860001,117.870003,86.003357,11000200
2019-05-24,118.300003,118.930000,117.379997,118.709999,86.616257,4890800
2019-05-28,118.879997,119.320000,118.169998,118.309998,86.324394,8145100
2019-05-29,117.040001,117.360001,115.820000,116.769997,85.200729,7451300
2019-05-30,116.540001,116.739998,114.849998,115.379997,84.186523,5807900
2019-05-31,114.220001,115.199997,113.720001,113.849998,83.070168,6899800
2019-06-03,114.699997,116.099998,114.470001,115.989998,84.631615,6100800
2019-06-04,116.599998,117.680000,116.290001,117.300003,85.587471,5235600
2019-06-05,117.870003,118.029999,116.269997,117.650002,85.842827,5105700
2019-06-06,118.209999,121.160004,118.110001,120.680000,88.053635,7370100
2019-06-07,120.739998,122.120003,120.529999,121.480003,88.637360,5343100
2019-06-10,122.199997,122.760002,121.709999,122.290001,89.228371,5708800
2019-06-11,123.370003,123.500000,121.150002,121.169998,88.411163,5625100
2019-06-12,120.379997,120.580002,119.559998,120.190002,87.696114,4000100
2019-06-13,121.239998,121.889999,120.459999,120.910004,88.221474,3993300
2019-06-14,121.000000,121.160004,120.370003,120.809998,88.148514,3366800
2019-06-17,120.720001,121.839996,120.379997,121.389999,88.571686,4219100
2019-06-18,121.949997,123.870003,121.860001,122.930000,89.695351,4884300
2019-06-19,122.510002,123.480003,122.220001,122.889999,89.666161,3847100
2019-06-20,124.309998,124.699997,123.599998,124.279999,90.680367,7771700
2019-06-21,124.800003,126.199997,124.230003,124.930000,91.154640,14287900
2019-06-24,124.540001,125.379997,124.419998,124.910004,91.140045,5542600
2019-06-25,124.839996,125.110001,123.489998,123.639999,90.213402,4713300
2019-06-26,124.570000,124.879997,123.879997,123.930000,90.425011,5054800
2019-06-27,123.919998,124.199997,122.889999,123.110001,89.826698,3551700
2019-06-28,123.410004,124.480003,123.120003,124.440002,90.797134,7048300
2019-07-01,125.360001,125.839996,124.360001,124.839996,91.088959,5526900
2019-07-02,124.550003,124.720001,122.389999,122.930000,89.695351,5747700
2019-07-03,122.930000,123.370003,122.330002,123.349998,90.001801,2725800
2019-07-05,123.139999,123.739998,122.639999,123.540001,90.140442,3458900
2019-07-08,123.660004,124.089996,123.419998,123.599998,90.184204,3505200
2019-07-09,123.900002,124.139999,123.070000,123.349998,90.001801,3955600
2019-07-10,124.110001,125.620003,124.110001,125.440002,91.526764,4743500
2019-07-11,125.680000,125.680000,124.599998,125.430000,91.519463,3548000
2019-07-12,125.379997,126.250000,125.129997,125.980003,91.920769,3974400
2019-07-15,126.059998,126.400002,125.269997,125.720001,91.731071,3739200
2019-07-16,125.500000,125.779999,124.260002,124.760002,91.030609,4697600
2019-07-17,124.660004,125.279999,124.059998,124.139999,90.578232,3874200
2019-07-18,124.120003,125.050003,123.360001,124.680000,90.972214,5770700
2019-07-19,124.680000,125.410004,124.599998,125.040001,91.234917,4880900
2019-07-22,125.370003,125.750000,124.470001,125.309998,91.431915,3275800
2019-07-23,125.239998,126.220001,124.779999,125.820000,91.804016,4295300
2019-07-24,125.870003,126.940002,125.660004,126.540001,92.329384,4796900
2019-07-25,127.000000,127.000000,125.330002,125.629997,91.665382,4586800
2019-07-26,125.239998,125.250000,123.300003,123.720001,90.271782,6971700
2019-07-29,123.480003,124.639999,123.379997,124.230003,90.643890,4377500
2019-07-30,124.099998,124.750000,123.379997,124.339996,90.724144,3871700
2019-07-31,123.709999,124.690002,122.480003,123.110001,89.826698,7199500
2019-08-01,122.000000,123.750000,120.309998,120.739998,88.097450,7928400
2019-08-02,121.779999,122.540001,117.830002,120.730003,88.090118,9026200
2019-08-05,119.190002,120.550003,117.449997,118.739998,86.638130,8620300
2019-08-06,118.720001,119.529999,117.650002,119.379997,87.105110,6788000
2019-08-07,117.550003,119.800003,116.949997,119.099998,86.900810,6853700
2019-08-08,119.489998,123.330002,119.419998,123.230003,89.914238,8868100
2019-08-09,123.110001,123.889999,121.889999,122.419998,89.323242,5051700
2019-08-12,123.010002,123.139999,120.910004,121.550003,88.688423,3936500
2019-08-13,121.010002,122.699997,120.300003,122.389999,89.301338,5806400
2019-08-14,120.019997,120.589996,117.680000,117.739998,85.908455,7175600
2019-08-15,117.239998,117.839996,115.459999,116.949997,85.332077,6272600
2019-08-16,116.400002,116.650002,115.360001,115.809998,85.368919,6239100
2019-08-19,117.129997,117.820000,116.959999,117.309998,86.474663,6443700
2019-08-20,117.129997,117.190002,115.660004,116.129997,85.604805,5150900
2019-08-21,117.790001,118.220001,117.330002,117.879997,86.894829,4578400
2019-08-22,118.660004,118.739998,117.449997,117.730003,86.784241,4362100
2019-08-23,116.480003,118.059998,114.349998,115.180000,84.904518,7653400
2019-08-26,115.919998,116.220001,115.190002,115.739998,85.317322,3966400
2019-08-27,116.269997,117.029999,115.040001,115.830002,85.383690,4237100
2019-08-28,116.410004,117.199997,115.879997,116.830002,86.120811,4153500
2019-08-29,117.190002,117.839996,116.580002,117.519997,86.629456,4467300
2019-08-30,117.980003,118.980003,117.230003,117.720001,86.776886,4881100
2019-09-03,115.769997,116.330002,114.550003,116.269997,85.707993,5672500
2019-09-04,117.480003,118.540001,117.169998,117.250000,86.430420,4595600
2019-09-05,118.010002,119.070000,117.260002,117.639999,86.717903,5394300
2019-09-06,117.500000,118.440002,117.389999,118.260002,87.174942,4578200
2019-09-09,118.739998,119.629997,118.580002,119.389999,88.007912,5048000
2019-09-10,120.230003,123.290001,119.910004,121.849998,89.821297,8728800
2019-09-11,122.209999,122.980003,120.370003,121.279999,89.401108,5509500
2019-09-12,120.040001,122.180000,119.559998,121.419998,89.504303,5818300
2019-09-13,122.250000,122.320000,121.239998,121.500000,89.563286,4885400
2019-09-16,124.860001,125.269997,122.970001,124.120003,91.494614,10683900
2019-09-17,124.120003,124.620003,122.559998,123.889999,91.325081,7246500
2019-09-18,123.550003,124.209999,123.019997,124.180000,91.538826,4801500
2019-09-19,124.769997,124.970001,123.419998,123.660004,91.155540,4034500
2019-09-20,124.000000,124.820000,123.669998,124.320000,91.642036,10420700
2019-09-23,123.550003,125.000000,123.550003,124.900002,92.069595,4705500
2019-09-24,124.669998,124.720001,123.220001,123.739998,91.214493,6232100
2019-09-25,123.480003,124.150002,122.910004,123.510002,91.044930,3762500
2019-09-26,123.260002,123.500000,120.050003,120.160004,88.575531,7834400
2019-09-27,119.510002,120.250000,118.449997,118.599998,87.425552,6850700
2019-09-30,118.540001,119.419998,118.410004,118.599998,87.425552,6108300
2019-10-01,119.269997,119.459999,115.879997,116.010002,85.516365,7116600
2019-10-02,115.059998,115.110001,111.620003,112.290001,82.774185,9702400
2019-10-03,112.059998,113.190002,110.419998,113.150002,83.408096,5315300
2019-10-04,113.599998,114.000000,112.550003,113.849998,83.924118,4757300
2019-10-07,113.959999,114.750000,113.230003,113.260002,83.489204,4694000
2019-10-08,112.110001,112.750000,111.610001,111.709999,82.346619,5323900
2019-10-09,112.589996,114.510002,112.300003,113.139999,83.400757,4601700
2019-10-10,113.529999,114.790001,113.300003,114.589996,84.469597,3555500
2019-10-11,115.690002,117.029999,115.360001,116.150002,85.619591,5134200
2019-10-14,115.580002,116.389999,115.449997,116.180000,85.641678,2571300
2019-10-15,115.849998,117.620003,115.800003,116.309998,85.737511,3742700
2019-10-16,116.230003,116.660004,115.080002,115.110001,84.852905,3608900
2019-10-17,115.610001,116.059998,114.919998,115.349998,85.029854,3722400
2019-10-18,115.139999,115.580002,114.739998,114.739998,84.580185,5679900
2019-10-21,115.550003,116.750000,115.550003,116.610001,85.958626,3926300
2019-10-22,116.629997,118.559998,116.489998,117.800003,86.835861,4095000
2019-10-23,117.400002,118.019997,116.779999,117.980003,86.968536,4148500
2019-10-24,118.470001,118.809998,117.309998,117.580002,86.673668,3873900
2019-10-25,117.769997,118.849998,117.690002,118.669998,87.477173,3369100
2019-10-28,119.080002,119.510002,117.639999,118.480003,87.337097,5076300
2019-10-29,117.970001,119.070000,117.690002,118.129997,87.079117,4548400
2019-10-30,118.180000,118.180000,115.519997,116.360001,85.774368,4690900
2019-10-31,115.860001,116.360001,115.320000,116.139999,85.612198,7177700
2019-11-01,115.489998,116.620003,114.019997,116.209999,85.663765,7684700
2019-11-04,117.230003,121.870003,117.019997,121.570000,89.614883,10348800
2019-11-05,121.230003,122.449997,120.720001,121.940002,89.887650,6971200
2019-11-06,121.940002,122.139999,119.800003,119.900002,88.383881,6104700
2019-11-07,121.129997,122.000000,120.320000,121.889999,89.850777,5440700
2019-11-08,120.970001,121.199997,120.160004,120.930000,89.143127,4249800
2019-11-11,120.199997,121.389999,120.010002,120.809998,89.054649,3870800
2019-11-12,121.290001,122.050003,120.480003,120.959999,89.165222,4503600
2019-11-13,120.459999,122.410004,120.370003,122.279999,90.138268,5076400
2019-11-14,121.849998,122.940002,121.400002,121.959999,89.902359,4882800
2019-11-15,121.220001,121.389999,120.110001,120.639999,89.805611,5589600
2019-11-18,119.820000,120.000000,118.139999,118.550003,88.249794,4885300
2019-11-19,118.500000,118.800003,116.080002,116.449997,86.686523,8723000
2019-11-20,116.410004,118.080002,116.120003,117.339996,87.349052,5903100
2019-11-21,117.610001,118.949997,117.199997,118.769997,88.413551,5810900
2019-11-22,119.059998,119.699997,118.599998,118.629997,88.309341,4786800
2019-11-25,118.430000,119.220001,117.980003,118.379997,88.123230,7390000
2019-11-26,118.339996,118.559998,117.199997,117.790001,87.684052,10053100
2019-11-27,117.989998,118.610001,117.620003,118.070000,87.892487,4106100
2019-11-29,117.279999,117.820000,116.879997,117.129997,87.192726,3271000
2019-12-02,117.980003,118.070000,116.720001,116.800003,86.947075,5195200
2019-12-03,116.199997,116.699997,115.699997,115.889999,86.269661,6135800
2019-12-04,116.639999,117.300003,116.430000,116.940002,87.051300,5706700
2019-12-05,117.620003,117.739998,116.190002,116.330002,86.597206,5517500
2019-12-06,117.089996,119.290001,116.980003,118.010002,87.847809,6735300
2019-12-09,116.519997,117.889999,116.440002,117.300003,87.319275,4736100
2019-12-10,118.029999,118.089996,117.050003,117.889999,87.758469,4886800
2019-12-11,117.089996,117.660004,116.129997,116.230003,86.522751,7039600
2019-12-12,116.589996,118.889999,116.589996,118.809998,88.443314,6462000
2019-12-13,119.050003,119.540001,117.900002,117.959999,87.810577,4863400
2019-12-16,118.860001,119.470001,118.610001,119.360001,88.852760,5619300
2019-12-17,119.589996,119.889999,118.330002,118.599998,88.287003,6755500
2019-12-18,118.680000,119.639999,118.519997,118.550003,88.249794,7496700
2019-12-19,118.570000,118.739998,117.860001,118.129997,87.937126,6220300
2019-12-20,119.400002,119.940002,118.089996,119.680000,89.090950,12171100
2019-12-23,119.309998,120.400002,119.150002,120.330002,89.574829,5875000
2019-12-24,120.430000,120.779999,120.089996,120.339996,89.582283,1640100
2019-12-26,120.669998,121.419998,120.339996,120.599998,89.775833,3648600
2019-12-27,120.889999,121.290001,120.239998,120.300003,89.552521,4138300
2019-12-30,120.440002,121.339996,119.809998,119.849998,89.217506,4580200
2019-12-31,119.500000,120.629997,119.250000,120.510002,89.708832,4215700
2020-01-02,120.809998,121.629997,120.769997,121.430000,90.393677,5205000
2020-01-03,121.779999,122.720001,120.739998,121.010002,90.081055,6360900
2020-01-06,121.239998,121.669998,120.330002,120.599998,89.775833,9953000
2020-01-07,119.019997,119.730003,117.769997,119.059998,88.629425,7856900
2020-01-08,118.550003,119.089996,117.650002,117.699997,87.617043,7295900
2020-01-09,117.589996,117.919998,116.180000,117.510002,87.475609,7345300
2020-01-10,117.519997,117.690002,116.400002,116.440002,86.679092,6393800
2020-01-13,116.470001,116.910004,116.080002,116.660004,86.842865,6846700
2020-01-14,116.500000,116.879997,115.709999,116.300003,86.574852,7189100
2020-01-15,116.300003,116.410004,115.650002,116.129997,86.448311,5808800
2020-01-16,116.559998,117.279999,116.449997,116.889999,87.014061,7022000
2020-01-17,117.010002,117.290001,115.519997,115.580002,86.038887,7885900
2020-01-21,115.099998,115.150002,113.169998,113.309998,84.349075,8470300
2020-01-22,113.099998,113.529999,112.459999,112.900002,84.043861,5589900
2020-01-23,112.400002,113.489998,111.860001,113.099998,84.192749,8007800
2020-01-24,112.790001,112.980003,111.339996,111.849998,83.262222,6920000
2020-01-27,110.250000,110.830002,109.980003,110.389999,82.175407,7609800
2020-01-28,110.980003,111.620003,110.769997,111.120003,82.718819,5771900
2020-01-29,111.449997,111.839996,110.180000,110.370003,82.160522,4772800
2020-01-30,109.809998,111.580002,109.059998,111.400002,82.927254,8382700
2020-01-31,109.809998,110.000000,106.400002,107.139999,79.756088,13699600
2020-02-03,106.949997,107.250000,105.400002,106.279999,79.115875,8785500
2020-02-04,107.680000,108.339996,106.599998,106.849998,79.540199,9909000
2020-02-05,108.269997,110.650002,108.110001,110.279999,82.093521,6914100
2020-02-06,110.629997,110.669998,109.110001,109.489998,81.505432,6274000
2020-02-07,108.930000,109.440002,108.470001,108.940002,81.096001,4830100
2020-02-10,108.540001,109.800003,108.320000,109.790001,81.728767,6011800
2020-02-11,110.779999,111.370003,110.059998,111.209999,82.785828,6072700
2020-02-12,112.510002,112.599998,111.610001,112.040001,83.403702,5725700
2020-02-13,111.370003,112.330002,111.230003,111.660004,83.120819,5991900
2020-02-14,110.839996,110.970001,109.580002,110.080002,82.902397,5148700
2020-02-18,109.000000,110.269997,108.830002,110.239998,83.022896,4975800
2020-02-19,110.519997,111.099998,109.889999,110.739998,83.399445,5887500
2020-02-20,110.779999,111.070000,109.699997,109.809998,82.699074,4466600
2020-02-21,108.989998,109.190002,107.650002,109.010002,82.096565,6443900
2020-02-24,105.709999,106.959999,104.419998,104.709999,78.858177,9539800
2020-02-25,104.800003,104.919998,100.000000,100.709999,75.845741,12871900
2020-02-26,100.860001,101.610001,98.000000,98.040001,73.834961,11990400
2020-02-27,95.949997,98.199997,94.080002,94.129997,70.890274,15783700
2020-02-28,90.629997,93.440002,90.110001,93.339996,70.295319,20835100
2020-03-02,94.019997,96.680000,92.209999,96.589996,72.742943,15050800
2020-03-03,96.790001,98.480003,93.370003,94.389999,71.086098,16525500
2020-03-04,96.370003,99.019997,95.669998,98.529999,74.203979,14753000
2020-03-05,95.709999,97.389999,94.940002,97.190002,73.194809,12814400
2020-03-06,93.919998,96.059998,93.419998,95.320000,71.786476,16861900
2020-03-09,82.230003,88.010002,80.000000,80.669998,60.753410,30595500
2020-03-10,86.239998,86.300003,81.040001,84.980003,63.999332,22642900
2020-03-11,82.230003,84.839996,81.750000,83.029999,62.530762,18412800
2020-03-12,77.230003,78.129997,72.860001,76.260002,57.432220,25768200
2020-03-13,79.980003,83.500000,74.110001,83.419998,62.824463,23497500
2020-03-16,72.570000,78.489998,69.690002,69.699997,52.491791,17535300
2020-03-17,70.400002,72.980003,65.489998,70.690002,53.237392,22684200
2020-03-18,66.209999,66.230003,54.570000,55.049999,41.458729,24947300
2020-03-19,55.259998,58.490002,51.599998,57.389999,43.221012,29871000
2020-03-20,59.529999,60.650002,56.360001,59.389999,44.727222,26960400
2020-03-23,58.259998,59.400002,52.970001,54.220001,40.833649,23764000
2020-03-24,61.480000,67.650002,60.320000,66.550003,50.119507,29198800
2020-03-25,68.290001,73.139999,66.639999,69.269997,52.167969,22560100
2020-03-26,70.300003,77.099998,67.889999,76.379997,57.522591,24129100
2020-03-27,72.120003,73.540001,68.500000,68.779999,51.798950,20411500
2020-03-30,68.010002,72.930000,67.019997,71.949997,54.186298,18486800
2020-03-31,73.269997,75.040001,70.809998,72.459999,54.570366,18514200
2020-04-01,69.510002,72.290001,67.610001,68.559998,51.633247,14362000
2020-04-02,71.750000,78.699997,69.580002,76.120003,57.326767,23220600
2020-04-03,78.000000,78.989998,73.029999,75.110001,56.566124,14905400
2020-04-06,77.000000,80.949997,75.510002,80.389999,60.542549,17334900
2020-04-07,84.260002,85.690002,80.849998,80.919998,60.941708,16394800
2020-04-08,82.290001,86.300003,81.519997,85.980003,64.752449,12284800
2020-04-09,88.739998,89.910004,81.519997,84.309998,63.494743,17023800
2020-04-13,87.180000,87.360001,83.400002,84.910004,63.946617,13854700
2020-04-14,85.459999,87.080002,84.330002,84.610001,63.720673,14797600
2020-04-15,80.459999,83.379997,79.320000,82.489998,62.124088,13982300
2020-04-16,81.309998,82.190002,78.809998,79.989998,60.241287,12291900
2020-04-17,81.330002,87.500000,81.320000,87.169998,65.648643,16130100
2020-04-20,82.660004,87.000000,82.089996,83.570000,62.937435,15749000
2020-04-21,80.279999,83.790001,79.250000,81.639999,61.483932,19620600
2020-04-22,84.949997,85.250000,82.970001,84.440002,63.592644,10320700
2020-04-23,86.300003,88.779999,85.389999,86.800003,65.369987,14226500
2020-04-24,88.480003,88.790001,85.769997,87.010002,65.528130,9175500
2020-04-27,86.750000,90.620003,85.870003,89.709999,67.561523,12037100
2020-04-28,89.550003,90.959999,88.830002,89.910004,67.712166,10645200
2020-04-29,92.480003,95.139999,92.290001,94.620003,71.259308,12342800
2020-04-30,93.720001,95.739998,90.580002,92.000000,69.286156,12222000
2020-05-01,91.510002,92.050003,87.040001,89.440002,67.358192,13250100
2020-05-04,88.760002,91.620003,87.690002,91.440002,68.864426,11192400
2020-05-05,94.500000,95.300003,92.680000,92.889999,69.956436,13608700
2020-05-06,92.849998,93.459999,89.769997,90.050003,67.817604,11145900
2020-05-07,92.980003,94.059998,91.910004,92.639999,69.768150,9749600
2020-05-08,95.000000,95.559998,94.070000,95.470001,71.899452,8585900
2020-05-11,94.209999,94.599998,93.180000,93.370003,70.317909,7101000
2020-05-12,93.129997,94.029999,91.000000,91.099998,68.608360,8749100
2020-05-13,89.900002,90.000000,87.320000,88.699997,66.800880,12215100
2020-05-14,87.290001,90.930000,86.019997,90.050003,67.817604,10678200
2020-05-15,90.650002,92.059998,88.830002,89.160004,67.147346,10113000
2020-05-18,92.400002,93.400002,91.459999,92.550003,70.723633,12304300
2020-05-19,92.529999,92.629997,89.529999,89.620003,68.484619,7749300
2020-05-20,91.000000,93.470001,90.180000,93.000000,71.067482,9160000
2020-05-21,92.769997,93.370003,91.279999,92.040001,70.333900,8830900
2020-05-22,91.449997,91.599998,89.470001,90.279999,68.988976,8563100
2020-05-26,92.489998,94.339996,92.029999,93.300003,71.296745,9430000
2020-05-27,94.680000,94.690002,92.110001,93.900002,71.755264,7822600
2020-05-28,93.610001,93.900002,90.790001,90.870003,69.439819,9633300
2020-05-29,90.190002,91.889999,89.260002,91.699997,70.074097,17010000
2020-06-01,90.940002,93.849998,90.110001,92.790001,70.907051,7344000
2020-06-02,93.779999,95.220001,93.290001,94.690002,72.358940,7880300
2020-06-03,95.970001,97.730003,95.750000,97.180000,74.261711,8440200
2020-06-04,96.779999,96.889999,95.160004,96.279999,73.573967,6371700
2020-06-05,99.080002,102.050003,99.050003,100.809998,77.035645,12760100
2020-06-08,102.629997,103.589996,100.870003,103.239998,78.892570,11090700
2020-06-09,100.699997,102.930000,99.830002,101.529999,77.585869,10745400
2020-06-10,101.000000,101.500000,97.559998,97.580002,74.567383,10486300
2020-06-11,92.300003,94.190002,89.120003,89.370003,68.293587,14944800
2020-06-12,93.620003,93.650002,90.010002,92.389999,70.601357,9532400
2020-06-15,89.089996,92.080002,88.209999,91.230003,69.714928,12289500
2020-06-16,94.989998,95.580002,91.489998,94.029999,71.854607,8726700
2020-06-17,93.830002,94.000000,91.500000,91.540001,69.951836,6019900
2020-06-18,91.000000,93.230003,90.099998,91.940002,70.257484,7064100
2020-06-19,94.410004,94.410004,90.550003,90.629997,69.256432,14838800
2020-06-22,90.320000,91.690002,89.589996,91.589996,69.990013,5939200
2020-06-23,92.500000,93.089996,91.180000,91.440002,69.875427,6317700
2020-06-24,89.989998,90.129997,86.860001,87.639999,66.971565,8974500
2020-06-25,87.309998,89.510002,87.160004,89.209999,68.171310,7398000
2020-06-26,88.779999,88.830002,86.180000,86.459999,66.069862,13766000
2020-06-29,86.910004,88.570000,86.599998,87.669998,66.994484,7022200
2020-06-30,86.599998,89.989998,86.360001,89.230003,68.186584,8263600
2020-07-01,89.279999,90.769997,87.550003,87.620003,66.956291,6379400
2020-07-02,89.370003,90.360001,88.160004,88.309998,67.483559,5832800
2020-07-06,89.500000,90.250000,87.820000,88.570000,67.682251,6747500
2020-07-07,87.820000,88.080002,86.150002,86.309998,65.955231,5898000
2020-07-08,86.389999,87.800003,85.889999,86.349998,65.985802,6736400
2020-07-09,85.970001,86.320000,82.690002,82.739998,63.227154,8833600
2020-07-10,82.500000,85.419998,82.500000,85.230003,65.129921,6218100
2020-07-13,86.040001,86.930000,84.809998,85.400002,65.259850,7074000
2020-07-14,85.389999,88.599998,85.040001,88.349998,67.514122,7440500
2020-07-15,90.180000,90.190002,88.209999,88.889999,67.926773,5935200
2020-07-16,88.440002,89.480003,87.349998,88.360001,67.521790,4795700
2020-07-17,88.410004,89.110001,86.910004,87.190002,66.627701,5964000
2020-07-20,86.830002,87.489998,84.800003,85.269997,65.160477,14974800
2020-07-21,86.470001,91.730003,86.360001,91.389999,69.837189,15115000
2020-07-22,89.949997,91.250000,88.900002,91.040001,69.569748,10317500
2020-07-23,90.500000,91.379997,90.019997,91.010002,69.546814,6586300
2020-07-24,91.480003,92.739998,89.980003,90.129997,68.874344,6620500
2020-07-27,89.760002,91.089996,88.800003,91.040001,69.569748,7599700
2020-07-28,90.470001,91.169998,88.769997,89.110001,68.094894,6787300
2020-07-29,89.480003,90.080002,88.580002,90.070000,68.828506,6386900
2020-07-30,88.430000,88.500000,85.699997,86.269997,65.924660,10112800
2020-07-31,83.250000,84.099998,81.510002,83.940002,64.144150,19119800
2020-08-03,83.980003,85.139999,83.800003,84.809998,64.808983,11220100
2020-08-04,84.480003,86.720001,84.279999,86.489998,66.092773,9077900
2020-08-05,88.139999,88.430000,86.410004,87.199997,66.635338,7324200
2020-08-06,86.430000,87.900002,86.099998,87.470001,66.841660,7035600
2020-08-07,86.879997,87.110001,85.739998,86.800003,66.329689,7185000
2020-08-10,87.940002,89.760002,87.599998,89.730003,68.568680,8150200
2020-08-11,91.949997,93.010002,89.169998,89.620003,68.484619,9074300
2020-08-12,90.800003,91.660004,89.449997,90.720001,69.325195,9057400
2020-08-13,89.870003,91.279999,89.760002,89.820000,68.637444,7314600
2020-08-14,89.000000,90.589996,88.849998,90.349998,69.042458,6343000
2020-08-17,90.349998,91.580002,89.720001,90.769997,69.363419,10473800
2020-08-18,88.970001,89.370003,87.320000,87.629997,67.929337,7981500
2020-08-19,87.300003,87.900002,86.199997,86.389999,66.968109,9120300
2020-08-20,85.419998,86.889999,84.730003,84.809998,65.743309,7872300
2020-08-21,84.669998,85.089996,83.510002,85.080002,65.952629,9003600
2020-08-24,85.599998,87.339996,84.889999,87.199997,67.596001,8738700
2020-08-25,88.010002,88.040001,85.760002,86.129997,66.766541,6835800
2020-08-26,85.709999,85.839996,84.660004,84.779999,65.720055,7486500
2020-08-27,85.160004,85.629997,83.970001,84.910004,65.820847,7438200
2020-08-28,85.050003,85.730003,84.320000,85.629997,66.378960,7307900
2020-08-31,85.830002,85.900002,83.870003,83.930000,65.061150,9437500
2020-09-01,83.260002,83.629997,82.449997,83.080002,64.402237,8990600
2020-09-02,83.059998,83.959999,82.699997,83.190002,64.487511,10821900
2020-09-03,83.050003,84.489998,81.709999,82.279999,63.782082,16179900
2020-09-04,82.459999,83.639999,80.900002,81.930000,63.510780,10516600
2020-09-08,80.500000,80.580002,78.040001,78.970001,61.216236,14942500
2020-09-09,79.970001,81.070000,79.680000,80.029999,62.037945,9269800
2020-09-10,80.629997,80.889999,78.050003,78.150002,60.580578,11845900
2020-09-11,78.239998,78.690002,77.070000,77.690002,60.224007,13732400
2020-09-14,77.480003,77.980003,76.919998,77.290001,59.913921,8182800
2020-09-15,77.559998,78.480003,75.959999,76.349998,59.185246,11732000
2020-09-16,76.349998,79.480003,75.959999,78.559998,60.898411,13019000
2020-09-17,77.529999,78.849998,76.370003,78.790001,61.076694,10515100
2020-09-18,77.879997,79.150002,77.500000,78.209999,60.627090,14517800
2020-09-21,76.239998,76.650002,74.680000,76.300003,59.146492,16199100
2020-09-22,76.150002,77.529999,75.349998,75.529999,58.549610,9155000
2020-09-23,75.589996,75.910004,71.849998,71.949997,55.774456,16649200
2020-09-24,71.250000,73.029999,70.500000,71.800003,55.658169,15203500
2020-09-25,71.010002,72.480003,70.769997,71.830002,55.681419,11070500
2020-09-28,73.639999,74.760002,73.150002,73.930000,57.309319,12863800
2020-09-29,74.000000,74.139999,71.110001,71.900002,55.735691,10553000
2020-09-30,72.250000,72.889999,71.610001,72.000000,55.813206,10466500
2020-10-01,71.510002,71.879997,70.029999,70.419998,54.588421,14930700
2020-10-02,68.919998,71.669998,68.820000,71.190002,55.185310,9854800
2020-10-05,71.519997,72.730003,70.709999,72.699997,56.355824,12049800
2020-10-06,73.839996,74.320000,72.250000,72.300003,56.045765,15294500
2020-10-07,72.169998,73.919998,71.559998,73.779999,57.193039,15410300
2020-10-08,74.389999,75.550003,73.989998,75.220001,58.309303,11590900
2020-10-09,75.860001,76.089996,73.980003,74.000000,57.363579,12260900
2020-10-12,73.629997,74.949997,73.199997,74.510002,57.758915,9056900
2020-10-13,74.739998,74.739998,72.779999,73.400002,56.898483,10440300
2020-10-14,73.279999,74.430000,72.910004,72.949997,56.549618,7057500
2020-10-15,71.820000,73.720001,71.389999,73.510002,56.983742,10052100
2020-10-16,73.519997,74.029999,72.269997,72.889999,56.503105,9305600
2020-10-19,73.110001,73.339996,71.190002,71.279999,55.255093,8357100
2020-10-20,71.910004,72.290001,71.040001,71.680000,55.565147,7753200
2020-10-21,71.129997,71.580002,70.730003,70.870003,54.937252,9800600
2020-10-22,70.879997,73.489998,70.570000,73.400002,56.898483,9810100
2020-10-23,73.930000,74.360001,71.830002,72.570000,56.255077,8727200
2020-10-26,71.730003,71.889999,70.239998,70.940002,54.991512,9710900
2020-10-27,70.419998,70.599998,69.489998,69.510002,53.883003,14251700
2020-10-28,67.690002,68.080002,66.330002,66.879997,51.844273,15961900
2020-10-29,66.129997,69.139999,65.160004,68.800003,53.332626,12292200
2020-10-30,69.900002,70.110001,68.080002,69.500000,53.875244,17191600
2020-11-02,70.699997,73.080002,69.400002,72.150002,55.929489,11475500
2020-11-03,73.160004,73.300003,71.050003,71.739998,55.611652,8608000
2020-11-04,70.779999,73.589996,69.889999,71.769997,55.634918,10925700
2020-11-05,71.900002,72.970001,71.760002,72.139999,55.921738,10627700
2020-11-06,72.500000,73.269997,70.830002,71.150002,55.154308,8366900
2020-11-09,80.000000,84.269997,78.260002,79.400002,61.549572,24015200
2020-11-10,81.139999,83.150002,79.709999,83.070000,64.394493,15039700
2020-11-11,84.099998,84.489998,81.800003,82.459999,63.921612,11640600
2020-11-12,80.980003,82.239998,79.910004,80.669998,62.534039,8920700
2020-11-13,81.150002,83.349998,81.029999,83.029999,64.363487,10890300
2020-11-16,86.239998,89.180000,85.540001,88.959999,68.960312,18980200
2020-11-17,86.400002,87.529999,84.830002,87.040001,68.464760,14329000
2020-11-18,87.370003,87.900002,84.250000,84.279999,66.293747,10583700
2020-11-19,83.550003,85.959999,83.059998,85.730003,67.434334,8820200
2020-11-20,85.720001,86.309998,84.879997,85.790001,67.481544,8294600
2020-11-23,87.449997,91.580002,86.760002,91.029999,71.603264,13379300
2020-11-24,93.389999,95.820000,93.000000,95.620003,75.213715,17257400
2020-11-25,94.680000,94.680000,92.139999,92.139999,72.476364,10556600
2020-11-27,91.330002,92.589996,90.540001,91.309998,71.823509,4627700
2020-11-30,90.010002,90.849998,86.900002,87.180000,68.574890,14288400
2020-12-01,89.279999,89.709999,87.070000,87.449997,68.787262,9913600
2020-12-02,87.260002,91.309998,87.099998,89.870003,70.690826,10509600
2020-12-03,90.580002,91.110001,89.070000,89.800003,70.635750,8249800
2020-12-04,91.220001,93.449997,90.919998,93.279999,73.373093,10791100
2020-12-07,91.820000,92.379997,89.879997,90.760002,71.390869,9398400
2020-12-08,90.339996,92.459999,90.190002,91.540001,72.004417,7627300
2020-12-09,92.199997,93.019997,89.370003,90.440002,71.139175,11129400
2020-12-10,91.550003,94.559998,90.779999,93.349998,73.428154,11992100
2020-12-11,92.529999,93.279999,91.029999,92.449997,72.720238,9584500
2020-12-14,93.400002,93.699997,89.239998,89.440002,70.352592,12198400
2020-12-15,89.419998,90.480003,88.769997,89.370003,70.297523,11775300
2020-12-16,89.199997,89.349998,87.849998,88.690002,69.762642,9892900
2020-12-17,89.540001,89.550003,87.550003,88.410004,69.542397,11748900
2020-12-18,87.980003,88.709999,86.260002,87.190002,68.582748,27427600
2020-12-21,84.349998,86.839996,83.529999,86.089996,67.717537,11430500
2020-12-22,85.440002,85.800003,84.300003,84.360001,66.356728,8585800
2020-12-23,85.000000,86.660004,85.000000,85.690002,67.402863,7223100
2020-12-24,85.930000,85.930000,84.809998,85.330002,67.119705,3335600
2020-12-28,85.610001,86.629997,84.620003,84.900002,66.781487,8051900
2020-12-29,85.260002,85.720001,84.050003,84.610001,66.553352,7670800
2020-12-30,84.610001,86.580002,84.540001,85.330002,67.119705,7901800
2020-12-31,84.900002,85.199997,83.959999,84.449997,66.427513,8350700
2021-01-04,85.150002,85.949997,83.889999,84.709999,66.632019,9234900
2021-01-05,85.489998,89.220001,85.320000,87.000000,68.433327,13414800
2021-01-06,89.000000,90.779999,87.820000,89.800003,70.635750,13916800
2021-01-07,90.389999,90.820000,89.309998,90.220001,70.966125,9286600
2021-01-08,92.080002,92.430000,90.449997,91.080002,71.642586,11152100
2021-01-11,89.120003,92.099998,88.570000,91.599998,72.051620,10635000
2021-01-12,92.660004,93.919998,91.709999,93.339996,73.420258,10923900
2021-01-13,93.199997,93.519997,91.940002,93.250000,73.349487,9723300
2021-01-14,93.940002,96.320000,93.790001,95.489998,75.111458,13950200
2021-01-15,94.220001,94.309998,91.709999,92.089996,72.437065,10244600
2021-01-19,93.500000,95.029999,93.290001,94.510002,74.340591,9574800
2021-01-20,95.000000,95.559998,94.300003,95.379997,75.024918,8735400
2021-01-21,93.860001,94.660004,91.220001,92.010002,72.374130,10393100
2021-01-22,90.400002,92.029999,89.830002,91.730003,72.153893,7810600
2021-01-25,90.620003,91.029999,89.330002,90.900002,71.500984,7689400
2021-01-26,92.199997,92.910004,89.269997,89.360001,70.289658,7827800
2021-01-27,87.529999,90.349998,86.750000,88.199997,69.377213,10178500
2021-01-28,88.669998,90.150002,88.250000,89.019997,70.022217,8155500
2021-01-29,86.830002,87.339996,84.919998,85.199997,67.017456,14699800
2021-02-01,85.989998,87.300003,84.570000,86.410004,67.969215,8073600
2021-02-02,88.010002,88.370003,86.529999,87.059998,68.480515,9233100
2021-02-03,87.050003,89.389999,86.889999,88.959999,69.975014,9256500
2021-02-04,89.510002,89.650002,87.949997,89.000000,70.006485,7917600
2021-02-05,89.940002,90.470001,88.639999,89.260002,70.211014,8017300
2021-02-08,90.290001,92.040001,90.010002,91.480003,71.957237,9886600
2021-02-09,91.099998,91.269997,89.809998,90.959999,71.548210,7605500
2021-02-10,91.379997,92.589996,90.599998,92.519997,72.775269,8778800
2021-02-11,92.370003,92.440002,90.080002,92.019997,72.381966,8572400
2021-02-12,91.529999,92.730003,91.349998,92.550003,72.798882,7858300
2021-02-16,93.050003,93.860001,92.610001,93.129997,74.290604,14006000
2021-02-17,95.419998,96.720001,94.199997,95.919998,76.516197,14342300
2021-02-18,95.750000,95.779999,94.300003,95.000000,75.782333,9030600
2021-02-19,95.129997,96.379997,94.650002,95.800003,76.420471,8913900
2021-02-22,96.989998,99.639999,96.459999,98.389999,78.486534,13178700
2021-02-23,99.970001,100.160004,96.800003,99.629997,79.475685,14874000
2021-02-24,100.330002,104.040001,99.809998,103.309998,82.411263,16116000
2021-02-25,104.900002,104.959999,101.589996,102.349998,81.645454,13219200
2021-02-26,100.300003,101.059998,97.610001,100.000000,79.770866,14454100
2021-03-01,102.459999,103.800003,101.400002,102.050003,81.406174,10439900
2021-03-02,101.889999,103.309998,101.709999,102.440002,81.717262,10643500
2021-03-03,103.410004,105.750000,103.400002,103.589996,82.634605,14958200
2021-03-04,104.519997,107.580002,103.129997,104.500000,83.360550,22994200
2021-03-05,106.959999,109.129997,106.150002,109.000000,86.950218,23638200
2021-03-08,109.860001,110.430000,108.059998,109.750000,87.548500,18033600
2021-03-09,109.070000,110.690002,107.879997,109.500000,87.349075,19010700
2021-03-10,110.199997,112.010002,109.699997,111.370003,88.840805,17389900
2021-03-11,111.650002,112.550003,110.889999,111.190002,88.697220,10989500
2021-03-12,111.639999,112.699997,110.720001,111.559998,88.992371,10930300
2021-03-15,111.529999,111.910004,108.889999,110.250000,87.947365,10488000
2021-03-16,108.529999,108.879997,107.080002,107.639999,85.865341,11698400
2021-03-17,107.209999,108.559998,106.599998,108.029999,86.176430,9168600
2021-03-18,107.010002,107.529999,103.709999,104.120003,83.057404,13246600
2021-03-19,103.940002,104.889999,102.739998,103.379997,82.467102,18491000
2021-03-22,103.059998,104.500000,102.309998,102.540001,81.797035,12508500
2021-03-23,101.449997,104.300003,100.690002,101.970001,81.342323,14781700
2021-03-24,102.989998,105.760002,102.910004,104.699997,83.520073,11026800
2021-03-25,102.849998,105.260002,102.070000,105.070000,83.815231,11138200
2021-03-26,106.540001,107.540001,105.360001,107.480003,85.737709,9820200
2021-03-29,106.400002,107.529999,105.699997,106.919998,85.291000,7542300
2021-03-30,106.059998,106.830002,105.589996,105.930000,84.501282,6284600
2021-03-31,105.550003,106.220001,104.599998,104.790001,83.591896,8954400
2021-04-01,105.260002,105.860001,104.209999,105.750000,84.357681,8515800
2021-04-05,105.730003,105.830002,104.169998,104.510002,83.368515,8692700
2021-04-06,104.250000,105.080002,103.449997,103.580002,82.626640,8125100
2021-04-07,103.470001,104.570000,103.260002,104.190002,83.113258,7699300
2021-04-08,103.519997,103.620003,102.070000,103.019997,82.179939,8283000
2021-04-09,103.120003,103.680000,102.099998,102.919998,82.100143,7163700
2021-04-12,103.669998,103.860001,101.510002,101.779999,81.190758,7845900
2021-04-13,101.559998,102.599998,101.290001,102.239998,81.557709,6829900
2021-04-14,102.650002,105.330002,102.599998,104.269997,83.177071,10194800
2021-04-15,104.010002,104.269997,102.930000,103.419998,82.499016,7860500
2021-04-16,103.800003,104.360001,102.430000,102.959999,82.132072,7459700
2021-04-19,103.269997,103.830002,102.209999,103.260002,82.371391,7068700
2021-04-20,102.830002,102.989998,100.510002,101.330002,80.831795,9783800
2021-04-21,100.330002,102.989998,100.139999,102.730003,81.948593,8264400
2021-04-22,102.870003,102.870003,100.870003,100.949997,80.528664,9899400
2021-04-23,101.099998,102.169998,100.720001,101.550003,81.007309,6756000
2021-04-26,101.269997,102.669998,101.260002,101.519997,80.983368,5639700
2021-04-27,101.809998,103.099998,101.510002,102.699997,81.924660,6898900
2021-04-28,103.540001,105.860001,103.370003,105.220001,83.934891,8718400
2021-04-29,106.419998,107.650002,105.750000,106.900002,85.275040,9740300
2021-04-30,104.980003,105.389999,102.970001,103.070000,82.219818,13730000
2021-05-03,103.980003,105.720001,103.220001,105.529999,84.182182,7938100
2021-05-04,105.959999,106.510002,104.849998,106.110001,84.644844,8704300
2021-05-05,107.089996,109.540001,106.820000,108.959999,86.918327,12872400
2021-05-06,108.949997,109.129997,107.419998,109.019997,86.966179,9654900
2021-05-07,108.089996,110.669998,107.699997,110.019997,87.763901,10273000
2021-05-10,111.440002,113.110001,109.519997,109.570000,87.404938,13586500
2021-05-11,109.059998,109.580002,106.209999,106.699997,85.115501,12754800
2021-05-12,107.000000,110.150002,106.720001,107.370003,85.649971,11661900
2021-05-13,106.070000,107.870003,105.440002,106.680000,85.099564,9706300
2021-05-14,107.800003,109.820000,107.800003,109.470001,87.325165,9124100
2021-05-17,109.089996,110.879997,108.970001,110.809998,88.394081,12692900
2021-05-18,108.940002,109.059998,105.970001,106.180000,85.737495,12759900
2021-05-19,103.820000,104.290001,101.970001,103.199997,83.331215,14762700
2021-05-20,103.070000,104.070000,101.970001,103.559998,83.621902,9706300
2021-05-21,104.099998,105.199997,103.680000,104.120003,84.074097,10352800
2021-05-24,104.949997,105.839996,104.000000,105.599998,85.269157,6785600
2021-05-25,105.430000,105.620003,103.610001,103.870003,83.872238,7884000
2021-05-26,104.519997,104.910004,103.660004,104.120003,84.074097,9232400
2021-05-27,104.120003,104.910004,102.570000,103.010002,83.177795,11703400
2021-05-28,103.620003,104.120003,102.949997,103.790001,83.807648,7278200
2021-06-01,105.300003,107.430000,105.300003,106.650002,86.117012,10260600
2021-06-02,107.209999,108.559998,106.209999,108.080002,87.271706,9141800
2021-06-03,107.559998,108.089996,106.559998,107.589996,86.876030,8809300
2021-06-04,108.239998,108.669998,107.209999,108.449997,87.570435,6699300
2021-06-07,108.370003,108.699997,107.570000,107.750000,87.005241,6748600
2021-06-08,107.650002,108.980003,106.300003,108.730003,87.796539,10559500
2021-06-09,109.059998,109.529999,107.650002,107.779999,87.029449,10146900
2021-06-10,109.059998,110.250000,107.250000,108.410004,87.538162,13526200
2021-06-11,108.839996,108.970001,107.860001,107.910004,87.134430,7731700
2021-06-14,108.180000,108.959999,106.830002,107.970001,87.182869,9051900
2021-06-15,108.410004,110.480003,108.389999,110.300003,89.064301,10540200
2021-06-16,110.029999,110.510002,108.900002,109.669998,88.555565,9283300
2021-06-17,109.239998,109.980003,96.309998,107.070000,86.456146,14337800
2021-06-18,105.250000,106.269997,102.910004,103.029999,83.193947,22284500
2021-06-21,104.099998,106.440002,103.930000,106.050003,85.632530,13591500
2021-06-22,105.330002,106.959999,104.309998,106.400002,85.915138,10230100
2021-06-23,107.360001,108.129997,106.230003,106.269997,85.810165,7792800
2021-06-24,107.139999,107.779999,106.360001,107.139999,86.512672,8724600
2021-06-25,107.589996,108.059998,106.779999,107.300003,86.641861,8102300
2021-06-28,106.949997,107.000000,103.660004,103.989998,83.969124,11348400
2021-06-29,104.589996,104.970001,103.610001,103.760002,83.783386,7225500
2021-06-30,103.839996,104.879997,103.720001,104.739998,84.574738,7927500
2021-07-01,106.949997,107.099998,105.739998,106.209999,85.761711,10873200
2021-07-02,105.699997,106.400002,105.040001,106.070000,85.648682,7107700
2021-07-06,105.970001,105.970001,103.389999,103.989998,83.969124,10162800
2021-07-07,103.959999,104.900002,102.120003,102.930000,83.113197,8245000
2021-07-08,101.500000,103.089996,101.220001,102.599998,82.846725,8695500
2021-07-09,103.459999,104.230003,102.360001,104.070000,84.033722,8567900
2021-07-12,103.559998,105.019997,103.239998,104.279999,84.203300,9898600
2021-07-13,104.000000,104.580002,103.220001,103.930000,83.920677,6738000
2021-07-14,104.480003,105.320000,101.720001,101.970001,82.338028,9216600
2021-07-15,101.050003,102.250000,100.849998,101.300003,81.797020,9665700
2021-07-16,101.629997,101.690002,98.330002,98.620003,79.632988,12199100
2021-07-19,95.820000,96.949997,94.519997,95.959999,77.485123,17385500
2021-07-20,95.889999,98.040001,95.050003,96.529999,77.945374,12114600
2021-07-21,97.980003,100.470001,97.699997,99.820000,80.601974,11478100
2021-07-22,99.400002,99.410004,97.889999,98.820000,79.794495,7694300
2021-07-23,98.800003,99.120003,97.940002,98.860001,79.826797,7570800
2021-07-26,99.459999,101.260002,99.440002,100.949997,81.514397,10227500
2021-07-27,100.050003,100.720001,98.940002,100.610001,81.239853,8332100
2021-07-28,100.900002,101.809998,100.279999,101.180000,81.700127,8546100
2021-07-29,102.379997,102.879997,101.940002,102.570000,82.822510,8681300
2021-07-30,103.059998,104.050003,100.769997,101.809998,82.208832,12295300
2021-08-02,102.080002,103.980003,101.559998,101.629997,82.063484,8911800
2021-08-03,101.589996,102.910004,100.669998,102.599998,82.846725,8437300
2021-08-04,100.440002,101.900002,100.099998,100.300003,80.989563,10389800
2021-08-05,100.940002,102.430000,100.669998,101.230003,81.740517,7986100
2021-08-06,102.019997,102.580002,101.599998,101.949997,82.321877,6475600
2021-08-09,100.910004,101.379997,99.930000,100.250000,80.949188,9243100
2021-08-10,100.739998,102.320000,100.580002,102.080002,82.426849,9762600
2021-08-11,102.040001,102.970001,101.599998,102.849998,83.048615,7079800
2021-08-12,102.860001,103.250000,101.779999,102.639999,82.879036,7377600
2021-08-13,102.230003,102.540001,101.639999,101.959999,82.329948,6572600
2021-08-16,100.830002,101.199997,99.910004,100.919998,81.490196,9476600
2021-08-17,100.199997,101.680000,99.629997,100.730003,81.336769,10937500
2021-08-18,98.690002,99.419998,96.550003,96.699997,79.135376,12893600
2021-08-19,94.809998,95.309998,92.860001,94.290001,77.163132,17423400
2021-08-20,93.519997,94.879997,93.209999,94.300003,77.171318,9707600
2021-08-23,96.089996,97.000000,96.059998,96.730003,79.159927,10277800
2021-08-24,97.500000,98.610001,97.389999,97.839996,80.068298,8924900
2021-08-25,97.220001,98.720001,96.720001,98.510002,80.616600,9342300
2021-08-26,98.110001,98.730003,97.199997,97.220001,79.560928,8124800
2021-08-27,98.139999,99.459999,98.050003,98.639999,80.723007,10281200
2021-08-30,99.089996,99.309998,97.970001,98.389999,80.518387,8127200
2021-08-31,98.139999,98.410004,96.639999,96.769997,79.192657,15676900
2021-09-01,96.860001,97.070000,95.470001,95.709999,78.325180,10557300
2021-09-02,96.639999,98.389999,96.550003,97.709999,79.961914,12340100
2021-09-03,97.400002,98.430000,97.379997,97.489998,79.781883,9097000
2021-09-07,97.019997,97.980003,96.739998,97.059998,79.429977,9237800
2021-09-08,97.500000,98.470001,96.349998,96.389999,78.881676,10775900
2021-09-09,95.889999,97.620003,95.349998,96.000000,78.562531,10219400
2021-09-10,97.599998,97.699997,95.889999,96.070000,78.619812,11006000
2021-09-13,97.209999,98.709999,97.059998,97.970001,80.174667,11500900
2021-09-14,98.379997,98.739998,95.980003,96.199997,78.726196,15294100
2021-09-15,96.989998,98.529999,96.989998,98.239998,80.395653,11623400
2021-09-16,98.320000,98.589996,96.910004,97.320000,79.642769,10616700
2021-09-17,97.110001,98.379997,96.370003,96.760002,79.184471,16006100
2021-09-20,94.639999,95.250000,93.309998,94.779999,77.564133,15796100
2021-09-21,95.570000,95.889999,94.029999,94.849998,77.621407,10958400
2021-09-22,96.239998,98.779999,96.239998,97.639999,79.904640,13292800
2021-09-23,98.239998,100.269997,97.750000,100.059998,81.885056,10094900
2021-09-24,99.650002,100.970001,99.650002,100.599998,82.326981,8225300
2021-09-27,102.589996,103.779999,102.589996,102.970001,84.266495,12697500
2021-09-28,103.910004,104.889999,102.879997,103.360001,84.585648,15560800
2021-09-29,103.209999,104.239998,102.339996,103.330002,84.561096,10268100
2021-09-30,103.419998,103.449997,101.449997,101.449997,83.022568,15319800
2021-10-01,102.220001,104.540001,101.879997,104.330002,85.379456,10854900
2021-10-04,105.000000,105.860001,104.110001,104.720001,85.698624,13305400
2021-10-05,106.040001,107.769997,105.419998,105.860001,86.631561,13017300
2021-10-06,104.180000,105.349998,103.580002,104.930000,85.870468,10630100
2021-10-07,105.610001,106.300003,105.220001,105.680000,86.484261,8830900
2021-10-08,106.809998,108.430000,106.599998,108.050003,88.423752,10586700
2021-10-11,109.559998,109.629997,106.919998,107.129997,87.670860,9794800
2021-10-12,106.989998,107.580002,106.169998,107.150002,87.687241,9085000
2021-10-13,106.769997,108.339996,106.480003,107.790001,88.210983,9220700
2021-10-14,108.879997,109.160004,108.110001,108.809998,89.045700,7648600
2021-10-15,109.769997,110.029999,109.430000,109.610001,89.700401,9968100
2021-10-18,110.220001,110.410004,108.959999,109.559998,89.659500,10677400
2021-10-19,110.160004,111.699997,109.800003,111.699997,91.410782,10362800
2021-10-20,111.089996,113.169998,110.779999,113.160004,92.605591,10811400
2021-10-21,112.709999,112.809998,110.870003,111.739998,91.443527,9372600
2021-10-22,112.220001,112.879997,111.449997,112.800003,92.310974,8673800
2021-10-25,113.529999,114.349998,113.300003,113.849998,93.170242,9579800
2021-10-26,113.980003,114.599998,113.510002,114.099998,93.374840,7463000
2021-10-27,113.220001,113.580002,111.650002,112.070000,91.713570,9096100
2021-10-28,111.580002,113.269997,111.580002,113.120003,92.572845,7538200
2021-10-29,114.830002,115.290001,113.150002,114.489998,93.694016,15294200
2021-11-01,115.029999,115.089996,114.050003,114.529999,93.726738,11213800
2021-11-02,114.180000,114.190002,113.209999,113.830002,93.153885,9189700
2021-11-03,112.269997,113.269997,111.970001,113.010002,92.482834,10416000
2021-11-04,114.220001,114.260002,112.910004,113.510002,92.892014,9673000
2021-11-05,114.269997,115.050003,113.930000,114.739998,93.898590,8102100
2021-11-08,115.089996,115.989998,114.690002,115.150002,94.234123,7695900
2021-11-09,115.269997,116.120003,114.459999,116.000000,94.929710,10945900
2021-11-10,115.760002,116.209999,113.660004,114.150002,93.415749,10305100
2021-11-11,113.599998,114.669998,113.570000,114.160004,93.423920,7317500
2021-11-12,113.800003,114.309998,113.589996,114.230003,93.481239,8682800
2021-11-15,114.949997,116.949997,114.269997,116.820000,95.600777,11050400
2021-11-16,117.110001,118.080002,116.860001,117.279999,95.977219,10566300
2021-11-17,114.870003,116.529999,114.660004,115.419998,95.546745,11108000
2021-11-18,114.849998,115.379997,113.410004,114.449997,94.743782,8368600
2021-11-19,112.510002,113.150002,111.099998,111.910004,92.641106,13532600
2021-11-22,112.019997,115.190002,111.849998,113.910004,94.296753,9947100
2021-11-23,115.190002,116.839996,115.059998,116.300003,96.275230,10366800
2021-11-24,116.809998,118.000000,116.680000,117.190002,97.011986,8500900
2021-11-26,113.349998,114.830002,112.629997,114.510002,94.793449,11861800
2021-11-29,116.339996,117.169998,114.709999,114.849998,95.074890,12003800
2021-11-30,113.449997,115.860001,112.440002,112.870003,93.435822,24451200
2021-12-01,114.949997,116.059998,112.089996,112.099998,92.798401,12302700
2021-12-02,113.250000,115.699997,111.930000,115.139999,95.314980,11392400
2021-12-03,116.739998,117.000000,113.589996,114.410004,94.710655,10445100
2021-12-06,115.959999,117.449997,115.050003,116.199997,96.192467,9833900
2021-12-07,117.239998,118.660004,117.239998,117.919998,97.616295,11419600
2021-12-08,118.389999,119.260002,117.660004,118.449997,98.055038,8827900
2021-12-09,117.849998,118.599998,117.580002,118.139999,97.798409,8334700
2021-12-10,118.930000,119.199997,116.870003,118.339996,97.963989,9090700
2021-12-13,117.459999,117.849998,115.610001,115.879997,95.927544,8533000
2021-12-14,115.739998,116.919998,115.470001,116.220001,96.209015,12245300
2021-12-15,116.320000,116.320000,113.949997,115.559998,95.662659,11069500
2021-12-16,116.190002,118.190002,115.919998,116.639999,96.556694,11344700
2021-12-17,115.919998,116.459999,113.529999,113.599998,94.040123,22727900
2021-12-20,111.860001,113.709999,110.730003,113.650002,94.081520,13464400
2021-12-21,114.430000,116.070000,114.290001,115.470001,95.588150,11368200
2021-12-22,115.419998,116.680000,114.410004,116.129997,96.134506,8345200
2021-12-23,116.510002,117.919998,116.400002,116.410004,96.366310,7416600
2021-12-27,116.070000,118.820000,115.410004,118.790001,98.336510,7745500
2021-12-28,118.660004,119.339996,118.040001,118.559998,98.146118,6516000
2021-12-29,118.080002,118.650002,117.290001,117.949997,97.641144,6957400
2021-12-30,118.129997,118.690002,117.339996,117.430000,97.210686,6016000
2021-12-31,117.379997,118.089996,117.129997,117.349998,97.144440,5706600
2022-01-03,117.419998,119.690002,117.290001,119.260002,98.725571,10717700
2022-01-04,119.949997,121.980003,119.660004,121.430000,100.521935,16413100
2022-01-05,122.239998,123.839996,122.070000,122.220001,101.175919,15487100
2022-01-06,123.620003,124.320000,121.639999,123.260002,102.036850,13318500
2022-01-07,123.550003,125.540001,122.949997,125.029999,103.502083,14164600
2022-01-10,125.150002,125.690002,123.860001,125.110001,103.568314,12626100
2022-01-11,125.860001,128.000000,124.830002,127.970001,105.935875,14609000
2022-01-12,127.989998,128.429993,126.470001,127.330002,105.406067,12469200
2022-01-13,127.139999,128.100006,126.449997,126.800003,104.967339,9691300
2022-01-14,126.760002,129.199997,126.760002,128.960007,106.755409,13281000
2022-01-18,129.690002,130.000000,127.870003,129.380005,107.103088,12905500
2022-01-19,129.949997,130.149994,128.539993,128.910004,106.714027,12064300
2022-01-20,128.270004,130.860001,127.879997,128.449997,106.333214,11370400
2022-01-21,127.760002,128.399994,126.230003,126.910004,105.058411,13055700
2022-01-24,124.449997,127.730003,122.839996,127.180000,105.281891,19513700
2022-01-25,127.120003,132.740005,125.269997,132.589996,109.760376,19984500
2022-01-26,132.899994,134.710007,131.589996,132.690002,109.843178,17266500
2022-01-27,134.449997,137.000000,133.589996,135.369995,112.061714,20654100
2022-01-28,130.000000,132.059998,128.070007,130.610001,108.121300,24817800
2022-01-31,130.190002,131.860001,129.330002,131.330002,108.717346,16401800
2022-02-01,130.830002,135.740005,130.509995,134.789993,111.581581,16169700
2022-02-02,134.350006,135.800003,132.800003,135.410004,112.094849,10906700
2022-02-03,134.850006,135.350006,133.190002,134.199997,111.093185,9447700
2022-02-04,135.009995,137.000000,135.009995,135.880005,112.483925,13034700
2022-02-07,135.339996,139.429993,134.830002,138.550003,114.694183,18422500
2022-02-08,138.179993,138.429993,135.009995,136.440002,112.947487,11021600
2022-02-09,136.720001,138.339996,136.100006,137.789993,114.065041,10140800
2022-02-10,137.559998,138.789993,135.389999,136.039993,112.616364,11012700
2022-02-11,136.860001,139.440002,136.279999,138.809998,114.909409,12821200
2022-02-14,137.940002,138.050003,135.050003,136.669998,113.137886,15945000
2022-02-15,133.080002,134.839996,132.179993,134.259995,112.309753,11746800
2022-02-16,134.949997,136.160004,133.759995,134.300003,112.343201,11348800
2022-02-17,134.169998,134.580002,132.449997,133.610001,111.766037,10073900
2022-02-18,132.820007,133.910004,132.050003,133.419998,111.607063,10691800
2022-02-22,137.000000,137.000000,130.520004,132.399994,110.753822,19428700
2022-02-23,132.929993,136.080002,132.559998,135.550003,113.388840,16134200
2022-02-24,137.929993,138.229996,131.720001,134.850006,112.803284,22108900
2022-02-25,135.960007,140.500000,135.429993,140.380005,117.429176,28028000
2022-02-28,139.270004,144.000000,138.649994,144.000000,120.457336,24394300
2022-03-01,145.009995,149.960007,144.699997,149.720001,125.242172,31159900
2022-03-02,150.199997,155.750000,150.050003,154.139999,128.939545,31329500
2022-03-03,152.259995,157.119995,151.750000,156.220001,130.679459,22492900
2022-03-04,155.789993,159.949997,155.089996,158.649994,132.712173,29034400
2022-03-07,159.899994,162.100006,155.720001,162.039993,135.547989,34824700
2022-03-08,164.309998,174.000000,164.100006,170.529999,142.649948,57231000
2022-03-09,162.770004,169.770004,161.210007,166.270004,139.086380,43430000
2022-03-10,168.740005,174.759995,168.289993,170.820007,142.892548,34913600
2022-03-11,165.889999,172.979996,165.880005,170.899994,142.959442,28423600
2022-03-14,166.210007,168.350006,164.300003,166.720001,139.462845,25156200
2022-03-15,159.110001,160.190002,155.259995,158.279999,132.402695,28534400
2022-03-16,158.789993,160.500000,156.210007,157.710007,131.925888,22299700
2022-03-17,159.949997,160.990005,157.919998,160.440002,134.209579,15750700
2022-03-18,160.889999,161.729996,158.779999,161.729996,135.288666,23214700
2022-03-21,163.020004,165.580002,162.720001,164.639999,137.722885,13180600
2022-03-22,163.690002,165.259995,162.580002,164.089996,137.262817,11063900
2022-03-23,166.000000,167.350006,164.940002,165.860001,138.743439,10755000
2022-03-24,166.429993,167.399994,165.000000,166.300003,139.111496,9024800
2022-03-25,165.220001,169.690002,165.160004,169.309998,141.629425,10254700
2022-03-28,165.899994,166.630005,165.130005,166.350006,139.153336,9992000
2022-03-29,163.509995,164.479996,160.500000,164.320007,137.455200,15102600
2022-03-30,165.240005,166.350006,163.660004,165.479996,138.425568,9906000
2022-03-31,163.470001,166.160004,162.720001,162.830002,136.208801,10395900
2022-04-01,162.779999,165.949997,162.330002,164.220001,137.371582,8795300
2022-04-04,165.000000,165.449997,163.000000,164.369995,137.497025,8718600
2022-04-05,165.029999,167.720001,163.100006,163.360001,136.652145,9538200
2022-04-06,164.830002,167.009995,164.330002,164.809998,137.865097,9269000
2022-04-07,165.100006,167.699997,163.419998,167.100006,139.780716,8018400
2022-04-08,167.050003,171.100006,167.020004,169.929993,142.148041,10801200
2022-04-11,168.570007,168.779999,164.910004,165.559998,138.492462,10206100
2022-04-12,168.970001,172.679993,168.149994,169.009995,141.378433,9528400
2022-04-13,170.929993,172.080002,168.289993,171.669998,143.603577,7330700
2022-04-14,170.690002,172.940002,170.559998,171.589996,143.536652,9421100
2022-04-18,173.000000,174.539993,171.869995,173.889999,145.460617,7639000
2022-04-19,173.080002,173.690002,171.029999,171.830002,143.737411,6970200
2022-04-20,171.619995,173.580002,171.460007,172.529999,144.322968,7495000
2022-04-21,171.740005,172.440002,163.830002,164.580002,137.672699,14594800
2022-04-22,164.380005,165.470001,160.860001,160.949997,134.636185,12160100
2022-04-25,155.729996,158.360001,151.360001,157.490005,131.741882,15449800
2022-04-26,158.820007,160.369995,156.389999,156.529999,130.938797,9810600
2022-04-27,157.080002,157.919998,154.520004,156.240005,130.696182,10396600
2022-04-28,157.449997,163.000000,154.929993,161.789993,135.338837,9366400
2022-04-29,161.279999,162.440002,156.289993,156.669998,131.055878,14713200
2022-05-02,156.309998,160.000000,155.149994,159.750000,133.632355,11559000
2022-05-03,159.570007,163.429993,159.259995,162.490005,135.924423,8827200
2022-05-04,164.970001,167.889999,163.470001,167.589996,140.190598,9183200
2022-05-05,169.259995,169.500000,162.649994,166.259995,139.078049,9807600
2022-05-06,168.270004,170.970001,165.419998,170.690002,142.783783,10418100
2022-05-09,167.750000,167.750000,158.479996,159.250000,133.214127,14110700
2022-05-10,162.210007,164.190002,157.869995,160.779999,134.493958,11636000
2022-05-11,163.580002,167.460007,162.509995,163.160004,136.484894,9105500
2022-05-12,163.220001,164.850006,158.860001,164.710007,137.781448,8936400
2022-05-13,166.500000,168.789993,164.880005,167.869995,140.424850,9229900
2022-05-16,169.000000,174.970001,168.860001,173.009995,144.724472,13296300
2022-05-17,174.839996,175.649994,172.610001,174.029999,145.577713,12827600
2022-05-18,174.119995,174.130005,165.789993,168.059998,141.740295,13107500
2022-05-19,164.630005,169.639999,162.830002,166.860001,140.728226,10958700
2022-05-20,168.880005,171.039993,164.089996,167.820007,141.537872,9615000
2022-05-23,169.429993,172.960007,169.110001,171.720001,144.827103,10216400
2022-05-24,170.690002,173.580002,169.809998,172.639999,145.603012,9782700
2022-05-25,173.139999,175.990005,172.970001,175.410004,147.939240,10174500
2022-05-26,176.490005,177.929993,175.009995,176.589996,148.934402,11213900
2022-05-27,176.520004,178.350006,175.690002,178.279999,150.359726,10512300
2022-05-31,179.960007,180.960007,173.470001,174.660004,147.306686,20547600
2022-06-01,176.729996,178.130005,174.940002,176.320007,148.706696,8824100
2022-06-02,174.740005,176.509995,174.100006,176.000000,148.436813,7441900
2022-06-03,176.000000,178.250000,176.000000,177.600006,149.786240,8435300
2022-06-06,177.899994,178.000000,175.509995,176.830002,149.136826,6734200
2022-06-07,177.470001,180.660004,176.919998,180.199997,151.979080,9668300
2022-06-08,180.949997,182.399994,180.250000,181.130005,152.763412,8715200
2022-06-09,180.029999,180.639999,177.389999,177.520004,149.718735,9764600
2022-06-10,176.369995,178.570007,173.649994,175.399994,147.930725,9529700
2022-06-13,171.610001,172.000000,164.059998,167.330002,141.124634,14614900
2022-06-14,169.369995,172.289993,165.839996,167.550003,141.310135,10269300
2022-06-15,166.779999,167.850006,161.940002,164.259995,138.535431,11565300
2022-06-16,159.940002,160.539993,153.750000,155.479996,131.130447,18125900
2022-06-17,154.880005,155.470001,145.789993,148.380005,125.142365,35575100
2022-06-21,152.050003,156.020004,151.440002,154.589996,130.379807,13772000
2022-06-22,148.070007,150.800003,146.330002,147.869995,124.712250,13735800
2022-06-23,148.789993,149.229996,140.149994,142.429993,120.124184,15713700
2022-06-24,145.199997,147.089996,142.600006,144.770004,122.097702,11108300
2022-06-27,145.860001,148.820007,145.600006,147.570007,124.459213,9242400
2022-06-28,150.880005,152.190002,148.110001,149.940002,126.458038,9183300
2022-06-29,151.630005,152.110001,146.089996,146.979996,123.961609,9082900
2022-06-30,144.550003,147.919998,143.410004,144.779999,122.106148,10685000
2022-07-01,146.600006,146.960007,142.470001,146.509995,123.565239,7684600
2022-07-05,143.649994,144.539993,139.410004,142.660004,120.318153,11513100
2022-07-06,141.660004,143.259995,136.800003,140.779999,118.732605,12421200
2022-07-07,144.100006,145.300003,143.080002,143.520004,121.043488,12741800
2022-07-08,144.880005,145.449997,141.089996,142.770004,120.410934,7915500
2022-07-11,141.910004,142.850006,139.929993,141.509995,119.348259,7056800
2022-07-12,138.500000,139.619995,137.259995,138.919998,117.163902,8653900
2022-07-13,137.610001,140.729996,137.139999,137.990005,116.379509,9414600
2022-07-14,134.309998,136.160004,132.539993,135.940002,114.650574,10150200
2022-07-15,138.960007,138.960007,136.429993,137.649994,116.092766,7051900
2022-07-18,140.559998,142.139999,139.080002,139.580002,117.720543,7943900
2022-07-19,139.690002,145.009995,139.419998,144.610001,121.962769,9152100
2022-07-20,144.500000,147.259995,143.320007,146.520004,123.573647,7856600
2022-07-21,143.119995,145.470001,141.500000,145.399994,122.629059,6724200
2022-07-22,145.559998,146.300003,143.419998,144.190002,121.608559,5889500
2022-07-25,145.699997,148.610001,144.179993,148.479996,125.226685,6210900
2022-07-26,149.500000,150.679993,146.529999,147.320007,124.248375,6112800
2022-07-27,148.339996,150.199997,146.660004,149.259995,125.884529,6223000
2022-07-28,150.690002,151.470001,148.029999,150.389999,126.837578,6574300
2022-07-29,156.539993,164.660004,155.899994,163.779999,138.130569,17143700
2022-08-01,161.179993,161.860001,159.149994,160.509995,135.372681,8017800
2022-08-02,160.889999,161.470001,158.300003,159.139999,134.217239,5928300
2022-08-03,159.309998,159.960007,154.350006,155.360001,131.029205,8751400
2022-08-04,155.320007,155.440002,150.729996,151.139999,127.470131,10640000
2022-08-05,149.639999,155.009995,149.020004,153.639999,129.578583,7170200
2022-08-08,153.589996,154.979996,153.149994,153.410004,129.384598,5966900
2022-08-09,155.940002,157.800003,154.600006,155.410004,131.071396,5842200
2022-08-10,156.000000,156.470001,152.929993,155.820007,131.417191,6145800
2022-08-11,158.110001,161.160004,157.619995,159.619995,134.622070,7888600
2022-08-12,158.250000,159.910004,157.139999,159.850006,134.816071,7244700
2022-08-15,155.179993,157.789993,153.440002,156.809998,132.252151,8975200
2022-08-16,157.410004,157.919998,155.820007,156.410004,131.914764,7218400
2022-08-17,156.630005,159.339996,155.509995,157.699997,133.002762,6741100
2022-08-18,157.149994,159.660004,157.089996,159.020004,135.334641,6477500
2022-08-19,158.460007,159.740005,157.619995,157.690002,134.202728,6834200
2022-08-22,156.690002,157.740005,154.419998,156.899994,133.530441,9147000
2022-08-23,159.100006,162.339996,158.710007,161.990005,137.862259,10354800
2022-08-24,161.660004,163.350006,160.669998,163.190002,138.883560,9468100
2022-08-25,163.919998,164.899994,162.610001,164.619995,140.100555,8050700
2022-08-26,164.179993,166.130005,162.460007,163.410004,139.070770,7765800
2022-08-29,163.889999,166.830002,163.639999,164.630005,140.109070,8462600
2022-08-30,162.320007,162.559998,158.759995,160.619995,136.696335,8814300
2022-08-31,157.610001,161.410004,156.149994,158.059998,134.517654,13582700
2022-09-01,156.479996,156.880005,153.229996,155.539993,132.372986,8244400
2022-09-02,158.240005,159.130005,156.720001,157.850006,134.338882,7526600
2022-09-06,159.889999,159.990005,155.710007,157.119995,133.717651,8550000
2022-09-07,154.059998,155.820007,152.619995,155.110001,132.007019,9442100
2022-09-08,155.589996,156.380005,153.380005,155.949997,132.721893,9232500
2022-09-09,158.410004,160.649994,157.529999,159.970001,136.143143,8261100
2022-09-12,162.809998,164.529999,161.250000,162.500000,138.296310,8920800
2022-09-13,161.410004,162.660004,158.740005,159.410004,135.666565,10308300
2022-09-14,160.940002,163.570007,160.350006,163.270004,138.951630,11160800
2022-09-15,160.679993,161.699997,159.580002,160.619995,136.696335,9665000
2022-09-16,160.520004,161.139999,155.610001,156.449997,133.147415,43741600
2022-09-19,152.929993,156.949997,152.800003,156.899994,133.530441,6813800
2022-09-20,156.039993,156.850006,154.339996,156.279999,133.002777,8955200
2022-09-21,158.309998,158.779999,154.949997,155.009995,131.921875,6877000
2022-09-22,157.600006,158.279999,154.740005,154.889999,131.819778,6981100
2022-09-23,149.750000,150.179993,143.660004,144.770004,123.207100,13919700
2022-09-26,143.570007,145.050003,140.889999,140.960007,119.964607,9444000
2022-09-27,142.289993,143.770004,140.460007,141.020004,120.015671,10121000
2022-09-28,142.080002,146.440002,141.399994,145.779999,124.066711,8279800
2022-09-29,144.509995,145.410004,142.270004,144.770004,123.207100,8197600
2022-09-30,144.029999,145.139999,142.490005,143.669998,122.270958,9402700
2022-10-03,148.970001,152.339996,148.300003,151.729996,129.130478,9597400
2022-10-04,154.429993,157.880005,153.630005,157.630005,134.151688,9520200
2022-10-05,155.839996,159.729996,154.800003,158.529999,134.917618,10633100
2022-10-06,157.339996,161.940002,157.199997,161.419998,137.377182,9498300
2022-10-07,162.509995,163.929993,159.059998,160.029999,136.194214,9972500
2022-10-10,161.000000,161.470001,156.440002,157.139999,133.734680,5904500
2022-10-11,154.750000,159.929993,154.110001,157.169998,133.760208,7533300
2022-10-12,156.139999,158.809998,155.520004,157.639999,134.160202,4942000
2022-10-13,156.350006,165.990005,156.350006,165.279999,140.662231,10227500
2022-10-14,164.039993,165.460007,159.929993,160.139999,136.287811,7327900
2022-10-17,163.289993,164.910004,161.100006,161.309998,137.283539,5890400
2022-10-18,162.360001,163.309998,158.960007,162.720001,138.483536,5631200
2022-10-19,163.589996,169.210007,163.589996,168.000000,142.977097,9766800
2022-10-20,169.300003,171.820007,167.940002,168.960007,143.794159,8871500
2022-10-21,169.149994,173.839996,168.850006,173.190002,147.394089,7971300
2022-10-24,172.080002,174.669998,171.610001,173.130005,147.343033,7007700
2022-10-25,173.059998,175.000000,172.169998,174.929993,148.874939,7280600
2022-10-26,175.320007,178.479996,175.169998,177.089996,150.713196,6865300
2022-10-27,179.889999,181.399994,177.479996,177.899994,151.402527,9177400
2022-10-28,181.470001,182.860001,176.529999,179.979996,153.172714,10773900
2022-10-31,178.059998,183.839996,178.059998,180.899994,153.955734,13281000
2022-11-01,183.869995,184.500000,181.899994,182.220001,155.079132,9185600
2022-11-02,180.929993,182.899994,178.270004,178.500000,151.913177,8087500
2022-11-03,177.970001,182.190002,177.410004,181.130005,154.151474,6607800
2022-11-04,184.839996,185.399994,180.600006,183.419998,156.100372,7491900
2022-11-07,182.500000,186.380005,182.110001,185.610001,157.964172,7578000
2022-11-08,185.320007,186.250000,183.860001,185.339996,157.734375,6308200
2022-11-09,183.610001,183.809998,177.220001,177.929993,151.428070,8021700
2022-11-10,182.229996,182.330002,178.039993,181.300003,154.296158,6981500
2022-11-11,184.050003,187.100006,183.889999,186.460007,158.687622,8428300
2022-11-14,186.309998,189.679993,186.179993,186.550003,158.764160,9722400
2022-11-15,187.119995,188.440002,185.270004,188.050003,160.040771,7747300
2022-11-16,186.539993,187.820007,183.679993,184.990005,157.436523,7941100
2022-11-17,181.509995,184.229996,180.270004,184.089996,157.882477,6550500
2022-11-18,180.960007,183.410004,179.649994,182.990005,156.939102,7661500
2022-11-21,179.729996,181.699997,175.820007,181.240005,155.438217,8432900
2022-11-22,183.750000,186.559998,183.080002,185.889999,159.426239,9018000
2022-11-23,183.210007,185.149994,182.580002,184.240005,158.011124,5831200
2022-11-25,184.889999,185.300003,183.309998,183.699997,157.548019,2796400
2022-11-28,180.279999,181.470001,177.960007,178.360001,152.968231,9365500
2022-11-29,180.259995,181.850006,179.649994,181.029999,155.258118,6985400
2022-11-30,182.850006,183.339996,179.619995,183.309998,157.213516,10936700
2022-12-01,184.259995,184.550003,181.440002,182.490005,156.510269,5217400
2022-12-02,181.529999,183.630005,179.929993,181.029999,155.258118,6852300
2022-12-05,182.669998,182.949997,174.630005,176.559998,151.424454,8162200
2022-12-06,175.509995,178.059998,171.119995,172.009995,147.522232,8765000
2022-12-07,171.059998,174.580002,170.850006,172.520004,147.959641,6936300
2022-12-08,176.250000,176.399994,172.029999,173.539993,148.834427,8076600
2022-12-09,172.300003,173.190002,167.929993,168.000000,144.083084,10754300
2022-12-12,168.929993,170.520004,167.710007,169.750000,145.583954,9364900
2022-12-13,173.570007,174.460007,172.479996,173.529999,148.825851,7838800
2022-12-14,174.490005,174.919998,171.270004,172.330002,147.796677,7045500
2022-12-15,170.600006,171.369995,168.059998,171.039993,146.690338,7272900
2022-12-16,168.529999,170.149994,167.100006,168.720001,144.700607,23876000
2022-12-19,170.110001,170.820007,168.250000,169.880005,145.695450,7131600
2022-12-20,169.809998,173.289993,169.600006,172.669998,148.088272,6199100
2022-12-21,175.190002,175.960007,173.160004,174.699997,149.829269,5479400
2022-12-22,175.160004,175.210007,168.330002,172.080002,147.582275,5755000
2022-12-23,174.100006,177.580002,173.690002,177.399994,152.144882,6079100
2022-12-27,178.360001,180.229996,177.399994,179.630005,154.057404,5168000
2022-12-28,178.860001,179.300003,175.929993,176.979996,151.784683,4494400
2022-12-29,176.649994,179.199997,176.649994,178.320007,152.933914,4142100
2022-12-30,178.029999,179.949997,177.699997,179.490005,153.937347,5005100
2023-01-03,178.039993,179.000000,171.509995,173.990005,149.220367,7565400
2023-01-04,170.949997,174.289993,170.850006,172.139999,147.633743,7684500
2023-01-05,171.500000,176.190002,171.240005,175.240005,150.292404,6088200
2023-01-06,177.020004,179.389999,175.699997,176.559998,151.424454,7191200
2023-01-09,178.259995,178.330002,174.380005,175.179993,150.240952,8385600
2023-01-10,176.399994,176.710007,173.720001,176.039993,150.978516,8307000
2023-01-11,177.889999,178.139999,174.300003,175.199997,150.258102,6962600
2023-01-12,175.990005,178.369995,175.899994,177.080002,151.870453,6891400
2023-01-13,177.089996,177.990005,175.679993,177.559998,152.282135,5726300
2023-01-17,178.440002,181.320007,178.179993,180.490005,154.795013,10697700
2023-01-18,180.820007,182.380005,176.940002,177.229996,151.999069,8899200
2023-01-19,176.610001,179.949997,176.160004,179.000000,153.517105,5907200
2023-01-20,178.809998,181.360001,177.520004,180.899994,155.146652,10477900
2023-01-23,181.210007,182.550003,180.029999,180.660004,154.940765,8381300
2023-01-24,181.089996,182.000000,178.699997,180.830002,155.086578,5989000
2023-01-25,179.289993,180.029999,176.350006,179.080002,153.585724,6727500
2023-01-26,184.990005,187.809998,183.479996,187.789993,161.055740,14307800
2023-01-27,184.229996,184.229996,177.919998,179.449997,153.903076,19654700
2023-01-30,178.000000,178.339996,173.669998,174.199997,149.400467,11476000
2023-01-31,172.750000,174.630005,171.419998,174.020004,149.246078,14481300
2023-02-01,173.309998,173.660004,169.539993,171.360001,146.964783,11526400
2023-02-02,171.130005,171.429993,166.820007,169.009995,144.949295,10463400
2023-02-03,169.860001,171.550003,168.490005,169.449997,145.326675,8404900
2023-02-06,169.559998,170.119995,167.369995,169.639999,145.489609,7659500
2023-02-07,170.070007,174.389999,169.610001,174.089996,149.306122,10256500
2023-02-08,172.479996,174.070007,169.470001,170.000000,145.798386,9784700
2023-02-09,170.229996,170.660004,168.000000,168.440002,144.460464,10123400
2023-02-10,170.800003,172.729996,170.779999,171.970001,147.487930,11602400
2023-02-13,171.320007,171.899994,169.770004,171.009995,146.664566,9442900
2023-02-14,170.479996,173.509995,169.979996,172.320007,147.788086,8077300
2023-02-15,169.399994,169.520004,167.500000,169.009995,146.230682,8885700
2023-02-16,168.190002,168.660004,166.399994,166.570007,144.119598,6727500
2023-02-17,164.729996,164.839996,161.850006,162.850006,140.900986,9612100
2023-02-21,162.179993,163.750000,160.699997,161.000000,139.300293,7259700
2023-02-22,160.279999,161.660004,158.910004,160.350006,138.737915,6205900
2023-02-23,162.250000,162.839996,160.559998,161.929993,140.104965,6445500
2023-02-24,160.770004,162.600006,159.149994,162.410004,140.520264,5330200
2023-02-27,163.009995,163.369995,161.919998,162.820007,140.875031,6386800
2023-02-28,164.320007,164.320007,160.279999,160.770004,139.101288,10854200
2023-03-01,160.919998,163.589996,160.589996,162.050003,140.208817,7470400
2023-03-02,161.979996,163.490005,161.589996,162.559998,140.650070,5582000
2023-03-03,160.869995,165.580002,160.419998,164.960007,142.726593,6007500
2023-03-06,164.339996,166.800003,163.809998,166.169998,143.773468,7703600
2023-03-07,165.699997,166.600006,163.580002,164.029999,141.921921,7393000
2023-03-08,163.229996,165.289993,161.380005,162.990005,141.022079,5435800
2023-03-09,163.789993,165.490005,160.190002,160.509995,138.876343,6214700
2023-03-10,160.940002,164.669998,158.669998,159.669998,138.149567,7385800
2023-03-13,156.440002,160.949997,153.800003,158.710007,137.318970,10106100
2023-03-14,158.259995,164.020004,157.880005,160.759995,139.092621,10035200
2023-03-15,155.589996,157.949997,152.009995,153.800003,133.070740,14063100
2023-03-16,150.160004,155.470001,149.910004,154.289993,133.494690,12849600
2023-03-17,153.619995,155.380005,150.600006,152.339996,131.807495,33161800
2023-03-20,151.740005,155.779999,151.289993,154.580002,133.745590,8469200
2023-03-21,157.160004,159.570007,156.470001,159.309998,137.838058,9753500
2023-03-22,159.869995,160.059998,155.929993,156.070007,135.034790,6315000
2023-03-23,157.020004,158.759995,153.139999,154.520004,133.693665,7859400
2023-03-24,152.100006,156.649994,151.830002,156.059998,135.026123,6600100
2023-03-27,157.399994,158.479996,155.690002,157.649994,136.401810,7006800
2023-03-28,157.279999,160.190002,156.679993,159.490005,137.993805,5605400
2023-03-29,160.619995,161.320007,159.330002,160.860001,139.179184,7569700
2023-03-30,162.250000,163.009995,161.580002,162.389999,140.502975,6322400
2023-03-31,162.699997,163.720001,162.149994,163.160004,141.169189,7041400
2023-04-03,169.800003,171.100006,168.919998,169.949997,147.044022,12868200
2023-04-04,171.139999,171.139999,167.720001,169.039993,146.256653,7521400
2023-04-05,169.259995,170.440002,167.740005,169.880005,146.983459,6478100
2023-04-06,169.350006,169.410004,167.130005,167.649994,145.053986,5803200
2023-04-10,168.490005,169.679993,167.309998,168.289993,145.607758,5923500
2023-04-11,169.070007,170.339996,168.070007,169.220001,146.412415,5469600
2023-04-12,170.449997,171.119995,169.470001,169.820007,146.931534,6157900
2023-04-13,170.250000,172.470001,169.820007,172.089996,148.895538,6856600
2023-04-14,172.500000,172.880005,171.220001,172.440002,149.198425,4930700
2023-04-17,172.389999,172.539993,170.220001,170.919998,147.883270,7006000
2023-04-18,170.820007,172.389999,170.130005,170.520004,147.537186,8045600
2023-04-19,169.460007,170.740005,169.100006,170.679993,147.675629,5506800
2023-04-20,168.759995,170.059998,168.020004,169.850006,146.957489,5851100
2023-04-21,169.830002,170.589996,168.839996,169.119995,146.325851,7179000
2023-04-24,169.100006,172.380005,168.580002,171.479996,148.367798,7177600
2023-04-25,170.320007,170.399994,168.429993,168.990005,146.213379,5807200
2023-04-26,168.210007,168.949997,165.229996,165.979996,143.609070,5927400
2023-04-27,166.429993,167.389999,165.070007,166.949997,144.448364,6417200
2023-04-28,164.500000,168.940002,164.050003,168.580002,145.858673,10036300
2023-05-01,167.710007,168.729996,166.360001,167.240005,144.699280,6099800
2023-05-02,165.320007,165.380005,158.449997,160.039993,138.469666,10701700
2023-05-03,158.149994,159.570007,156.740005,156.830002,135.692352,7538100
2023-05-04,157.110001,158.199997,155.419998,156.220001,135.164551,7500400
2023-05-05,159.300003,161.119995,158.779999,160.210007,138.616776,5802000
2023-05-08,161.570007,162.300003,159.520004,159.580002,138.071671,5028200
2023-05-09,158.110001,160.419998,157.910004,159.119995,137.673721,5019800
2023-05-10,160.440002,160.440002,155.880005,157.089996,135.917297,6161200
2023-05-11,155.380005,156.320007,153.889999,156.220001,135.164551,6666100
2023-05-12,157.000000,157.929993,155.559998,156.619995,135.510651,4898900
2023-05-15,157.229996,158.160004,156.229996,157.199997,136.012482,5096700
2023-05-16,156.479996,157.020004,153.330002,153.509995,132.819824,7007700
2023-05-17,154.789993,156.419998,153.960007,155.710007,134.723328,6169600
2023-05-18,152.869995,154.240005,151.529999,154.009995,134.557251,7477700
2023-05-19,154.889999,156.440002,153.990005,155.229996,135.623184,8100900
2023-05-22,153.789993,154.830002,152.089996,152.440002,133.185577,11661000
2023-05-23,154.139999,157.679993,153.839996,156.850006,137.038574,10436200
2023-05-24,157.949997,158.570007,156.289993,157.270004,137.405533,7064000
2023-05-25,154.679993,155.630005,153.500000,154.559998,135.037811,7037700
2023-05-26,155.289993,155.630005,153.460007,154.080002,134.618454,7736200
2023-05-30,151.669998,153.259995,151.210007,153.119995,133.779678,7814800
2023-05-31,151.539993,152.419998,150.360001,150.619995,131.595474,13346400
2023-06-01,151.300003,153.740005,149.740005,152.160004,132.940948,9887700
2023-06-02,154.580002,156.750000,153.610001,156.259995,136.523087,9464300
2023-06-05,158.449997,158.449997,155.240005,155.509995,135.867798,6443800
2023-06-06,153.330002,156.160004,153.199997,155.789993,136.112457,6176400
2023-06-07,156.550003,160.210007,156.500000,159.830002,139.642166,9900000
2023-06-08,160.160004,160.490005,157.089996,159.240005,139.126724,7142200
2023-06-09,159.279999,160.389999,158.619995,158.860001,138.794708,6669500
2023-06-12,157.059998,159.330002,156.229996,157.330002,137.457932,7159600
2023-06-13,158.520004,160.580002,158.270004,158.509995,138.488892,7660800
2023-06-14,159.979996,160.770004,156.149994,157.089996,137.248260,7721100
2023-06-15,157.320007,159.789993,157.320007,158.279999,138.287949,7705400
2023-06-16,158.570007,159.240005,157.259995,157.259995,137.396790,22908100
2023-06-20,156.149994,156.570007,152.240005,153.679993,134.268951,10438700
2023-06-21,152.669998,155.960007,152.500000,154.880005,135.317429,7328200
2023-06-22,153.350006,153.589996,151.970001,152.639999,133.360321,7088600
2023-06-23,151.009995,151.699997,150.130005,151.350006,132.233276,15172700
2023-06-26,151.619995,154.970001,151.539993,154.009995,134.557251,7371800
2023-06-27,153.500000,154.710007,152.820007,153.529999,134.137909,6581700
2023-06-28,153.440002,155.020004,152.190002,154.919998,135.352341,5773800
2023-06-29,155.429993,156.270004,154.440002,156.240005,136.505600,5633500
2023-06-30,157.460007,157.919998,156.600006,157.350006,137.475418,6346600
2023-07-03,157.179993,158.100006,156.699997,157.210007,137.353088,3272600
2023-07-05,157.699997,157.699997,155.119995,156.309998,136.566772,6318700
2023-07-06,155.199997,155.830002,151.630005,152.880005,133.570053,9203000
2023-07-07,152.139999,155.990005,151.960007,154.220001,134.740784,6602200
2023-07-10,153.929993,155.789993,153.919998,155.250000,135.640671,5167900
2023-07-11,156.000000,158.410004,155.660004,158.119995,138.148117,5060500
2023-07-12,159.220001,160.339996,158.330002,159.639999,139.476181,6464000
2023-07-13,159.839996,160.600006,156.570007,157.509995,137.615204,8143900
2023-07-14,157.009995,157.020004,153.300003,153.580002,134.181580,7065700
2023-07-17,153.350006,154.139999,152.639999,153.440002,134.059296,4351700
2023-07-18,152.669998,156.070007,152.369995,153.750000,134.330109,6798300
2023-07-19,153.830002,155.779999,153.279999,154.690002,135.151382,5653100
2023-07-20,156.160004,157.190002,155.710007,156.399994,136.645401,5866600
2023-07-21,157.529999,158.830002,157.059998,158.690002,138.646149,8760100
2023-07-24,160.470001,164.039993,160.009995,161.820007,141.380814,9722100
2023-07-25,161.910004,163.509995,160.660004,162.559998,142.027374,6767600
2023-07-26,160.880005,162.089996,160.550003,161.339996,140.961426,6056400
2023-07-27,162.089996,162.470001,159.220001,159.660004,139.493652,6470100
2023-07-28,158.410004,159.000000,156.509995,158.869995,138.803452,6542300
2023-07-31,161.130005,163.979996,160.619995,163.660004,142.988434,13056300
2023-08-01,163.639999,163.639999,160.550003,162.300003,141.800201,7531400
2023-08-02,161.169998,161.220001,158.059998,159.729996,139.554779,7067100
2023-08-03,159.910004,161.699997,158.850006,159.669998,139.502396,6680700
2023-08-04,160.660004,163.020004,159.039993,159.309998,139.187836,10185400
2023-08-07,161.009995,161.380005,159.080002,159.889999,139.694595,13927400
2023-08-08,157.940002,159.789993,156.220001,159.649994,139.484894,6451300
2023-08-09,160.860001,161.440002,159.309998,159.860001,139.668381,10531500
2023-08-10,160.330002,162.479996,159.619995,160.830002,140.515869,8647100
2023-08-11,160.500000,164.169998,160.179993,164.149994,143.416550,6682600
2023-08-14,163.770004,164.250000,162.610001,164.029999,143.311676,6060100
2023-08-15,163.399994,163.410004,159.100006,159.240005,139.126724,7876500
2023-08-16,160.520004,161.830002,158.470001,158.630005,138.593735,7920500
2023-08-17,159.179993,162.139999,158.970001,159.750000,140.913620,8270500
2023-08-18,158.380005,161.320007,158.160004,160.899994,141.928024,5999200
2023-08-21,161.199997,162.070007,159.449997,160.360001,141.451706,6802300
2023-08-22,160.490005,161.250000,158.970001,159.039993,140.287338,6080800
2023-08-23,158.139999,159.410004,156.699997,159.250000,140.472580,4975600
2023-08-24,157.729996,159.889999,157.559998,157.940002,139.317047,5989600
2023-08-25,159.070007,159.910004,157.649994,159.119995,140.357925,5291800
2023-08-28,159.529999,161.800003,159.220001,160.210007,141.319412,4386100
2023-08-29,160.910004,160.949997,159.100006,159.960007,141.098892,5374800
2023-08-30,160.589996,161.250000,159.929993,160.179993,141.292953,5534900
2023-08-31,161.009995,161.240005,159.929993,161.100006,142.104462,7003700
2023-09-01,162.639999,164.690002,162.639999,164.300003,144.927139,6663000
2023-09-05,165.279999,167.559998,165.199997,166.460007,146.832443,9755800
2023-09-06,166.279999,167.440002,165.580002,166.630005,146.982376,7195500
2023-09-07,167.139999,167.899994,166.279999,166.639999,146.991211,7925900
2023-09-08,167.419998,168.490005,166.710007,167.210007,147.494019,7434400
2023-09-11,168.080002,168.589996,162.869995,163.759995,144.450836,7155100
2023-09-12,165.300003,167.190002,165.100006,166.809998,147.141159,7521100
2023-09-13,167.410004,167.750000,165.580002,166.199997,146.603104,5759500
2023-09-14,167.699997,168.500000,167.119995,167.229996,147.511642,8822800
2023-09-15,166.210007,168.369995,165.880005,166.500000,146.867722,17439700
2023-09-18,167.869995,168.360001,166.399994,167.220001,147.502853,7027600
2023-09-19,168.690002,168.960007,166.429993,167.199997,147.485168,6615100
2023-09-20,167.070007,168.509995,166.600006,166.690002,147.035324,5939100
2023-09-21,167.119995,167.869995,165.050003,165.190002,145.712158,7150000
2023-09-22,166.229996,167.419998,165.940002,166.279999,146.673660,5963000
2023-09-25,166.330002,168.779999,165.990005,168.710007,148.817154,5510000
2023-09-26,167.440002,168.410004,166.979996,167.800003,148.014450,5659200
2023-09-27,169.369995,171.229996,168.809998,171.039993,150.872421,9124400
2023-09-28,170.550003,171.699997,169.429993,170.589996,150.475479,7151800
2023-09-29,170.490005,170.500000,167.820007,168.619995,148.737762,7396100
2023-10-02,168.339996,168.570007,165.229996,166.539993,146.903015,6839600
2023-10-03,165.919998,167.360001,165.509995,166.929993,147.247055,6168600
2023-10-04,164.699997,164.979996,161.490005,163.039993,143.815689,9664700
2023-10-05,161.419998,164.750000,161.389999,163.899994,144.574295,8073000
2023-10-06,164.309998,164.369995,158.990005,162.229996,143.101196,10190400
2023-10-09,166.380005,168.190002,164.949997,166.720001,147.061813,8183500
2023-10-10,166.770004,167.399994,165.679993,166.539993,146.903015,6512900
2023-10-11,165.070007,165.080002,160.479996,161.100006,142.104462,12570700
2023-10-12,163.259995,163.259995,160.899994,161.229996,142.219116,7397000
2023-10-13,163.410004,164.839996,162.300003,164.059998,144.715408,8042800
2023-10-16,165.339996,165.809998,163.850006,165.399994,145.897415,5446000
2023-10-17,164.830002,168.199997,164.649994,167.589996,147.829193,7538300
2023-10-18,168.470001,169.699997,167.580002,168.919998,149.002396,6893500
2023-10-19,168.699997,170.169998,167.509995,169.100006,149.161179,6580200
2023-10-20,168.410004,169.100006,166.100006,166.830002,147.158844,7458300
2023-10-23,163.300003,164.429993,160.250000,160.679993,141.733948,16232400
2023-10-24,160.889999,161.080002,156.470001,156.649994,138.179138,17689900
2023-10-25,156.940002,157.410004,155.169998,155.869995,137.491119,10502400
2023-10-26,155.009995,155.179993,153.630005,154.750000,136.503189,10830400
2023-10-27,150.720001,151.250000,143.960007,144.350006,127.329453,24524300
2023-10-30,145.660004,146.440002,144.320007,146.089996,128.864288,13857100
2023-10-31,146.100006,146.520004,144.229996,145.729996,128.546738,14261300
2023-11-01,145.979996,146.009995,143.820007,143.979996,127.003120,10819600
2023-11-02,144.539993,149.000000,143.830002,148.759995,131.219467,11099100
2023-11-03,148.300003,148.559998,146.149994,147.610001,130.205078,13160000
2023-11-06,148.729996,149.330002,146.690002,147.000000,129.666962,10634200
2023-11-07,145.160004,145.610001,143.240005,144.410004,127.382416,15054600
2023-11-08,143.880005,144.649994,142.250000,142.399994,125.609390,12654100
2023-11-09,143.050003,143.910004,141.779999,141.940002,125.203613,10359500
2023-11-10,143.289993,143.440002,141.729996,142.949997,126.094559,11988200
2023-11-13,143.149994,144.300003,142.850006,144.000000,127.020721,8747700
2023-11-14,144.479996,145.500000,143.860001,145.050003,127.946938,11224400
2023-11-15,144.860001,146.639999,144.410004,145.559998,128.396790,10052100
2023-11-16,143.020004,143.509995,140.740005,141.770004,126.364548,14031300
2023-11-17,142.949997,145.190002,142.399994,144.460007,128.762238,11075600
2023-11-20,144.630005,145.690002,144.270004,144.380005,128.690933,8062400
2023-11-21,143.830002,144.300003,142.699997,144.039993,128.387878,6783300
2023-11-22,141.740005,144.389999,140.720001,144.330002,128.646378,7216100
2023-11-24,144.300003,145.940002,144.199997,144.899994,129.154419,3861000
2023-11-27,144.649994,144.820007,142.850006,144.360001,128.673096,9850800
2023-11-28,144.779999,146.520004,144.059998,145.509995,129.698135,9746500
2023-11-29,146.389999,146.490005,143.059998,143.910004,128.272018,16417100
2023-11-30,144.979996,146.009995,142.029999,143.600006,127.995689,16276000
2023-12-01,143.490005,146.509995,142.600006,144.809998,129.074203,11906500
2023-12-04,144.000000,145.699997,143.250000,144.869995,129.127686,11842800
2023-12-05,144.759995,145.070007,142.630005,142.860001,127.336090,9597600
2023-12-06,141.899994,144.029999,141.350006,142.529999,127.041985,18079700
2023-12-07,143.509995,144.009995,140.990005,142.419998,126.943901,14786700
2023-12-08,143.509995,144.669998,143.119995,144.309998,128.628525,10821700
2023-12-11,144.839996,145.399994,143.820007,144.350006,128.664185,9849600
2023-12-12,143.169998,143.589996,141.750000,142.500000,127.015221,9863900
2023-12-13,142.169998,144.679993,141.649994,144.610001,128.895935,10641300
2023-12-14,145.850006,149.929993,145.850006,149.929993,133.637817,14960500
2023-12-15,147.320007,149.820007,147.320007,149.350006,133.120880,30850900
2023-12-18,150.830002,152.119995,149.320007,149.679993,133.415009,11561700
2023-12-19,149.960007,151.830002,149.490005,151.639999,135.162033,8738100
2023-12-20,152.149994,153.059998,150.059998,150.250000,133.923080,9370000
2023-12-21,150.779999,150.800003,149.220001,150.710007,134.333099,7264700
2023-12-22,151.740005,152.389999,150.750000,151.050003,134.636154,6396100
2023-12-26,152.070007,153.009995,151.899994,152.410004,135.848358,5165600
2023-12-27,152.270004,152.970001,151.339996,151.910004,135.402679,5337200
2023-12-28,151.179993,152.020004,149.399994,149.770004,133.495255,8148000
2023-12-29,150.029999,150.229996,148.669998,149.160004,132.951538,7658600
2024-01-02,149.990005,151.479996,149.240005,149.479996,133.236740,8879700
2024-01-03,149.389999,153.190002,148.679993,152.330002,135.777039,10255300
2024-01-04,153.660004,154.350006,150.589996,150.660004,134.288513,8220300
2024-01-05,151.979996,152.029999,149.830002,150.399994,134.056732,7455400
2024-01-08,148.419998,149.699997,146.580002,149.500000,133.254578,10038200
2024-01-09,149.949997,149.949997,145.589996,145.699997,129.867493,11784700
2024-01-10,146.020004,146.020004,144.110001,144.500000,128.797897,8490400
2024-01-11,145.559998,146.169998,144.619995,145.279999,129.493118,8612500
2024-01-12,147.830002,148.500000,146.169998,147.270004,131.266891,9386900
2024-01-16,146.509995,146.580002,143.580002,143.690002,128.075912,9380400
2024-01-17,142.419998,144.020004,142.039993,143.119995,127.567833,8167000
2024-01-18,143.000000,143.190002,139.619995,141.820007,126.409103,11187800
2024-01-19,141.729996,142.250000,141.009995,142.240005,126.783470,11192500
2024-01-22,141.910004,142.660004,140.919998,142.490005,127.006302,9184600
2024-01-23,141.990005,143.330002,141.899994,142.089996,126.649765,6767200
2024-01-24,142.699997,144.979996,142.220001,144.919998,129.172241,8100000
2024-01-25,146.220001,148.690002,145.229996,148.570007,132.425613,9773600
2024-01-26,148.029999,149.259995,146.979996,149.139999,132.933670,9151900
2024-01-29,149.089996,149.220001,147.110001,149.080002,132.880219,10494800
2024-01-30,148.179993,150.309998,147.710007,150.119995,133.807205,9902900
2024-01-31,150.369995,150.380005,147.339996,147.429993,131.409515,10428000
2024-02-01,148.190002,149.020004,146.520004,147.889999,131.819534,8641100
2024-02-02,150.860001,153.380005,149.550003,152.240005,135.696838,12839100
2024-02-05,151.619995,153.509995,150.789993,152.330002,135.777039,8277800
2024-02-06,152.500000,153.539993,151.809998,152.350006,135.794876,6198200
2024-02-07,153.020004,153.779999,151.169998,152.130005,135.598770,6252000
2024-02-08,151.949997,154.300003,151.649994,154.059998,137.319046,9237000
2024-02-09,154.419998,155.320007,150.979996,151.039993,134.627228,9194500
2024-02-12,151.619995,152.610001,151.389999,152.080002,135.554214,6713000
2024-02-13,152.619995,153.070007,149.600006,150.600006,134.235031,6987100
2024-02-14,151.279999,152.199997,150.080002,151.009995,134.600479,5995100
2024-02-15,149.910004,155.089996,149.669998,154.460007,139.177902,8950300
2024-02-16,155.369995,155.770004,154.089996,154.630005,139.331055,7570200
2024-02-20,155.470001,155.610001,153.830002,154.000000,138.763397,6977900
2024-02-21,154.570007,155.570007,154.100006,155.440002,140.060898,6628900
2024-02-22,154.820007,156.630005,153.830002,155.429993,140.051895,8874900
2024-02-23,154.869995,154.919998,153.250000,154.660004,139.358078,6561600
2024-02-26,154.539993,155.550003,153.830002,154.449997,139.168869,6900800
2024-02-27,153.199997,153.880005,149.899994,152.160004,137.105453,15093800
2024-02-28,152.360001,153.860001,151.779999,152.339996,137.267624,6715900
2024-02-29,152.910004,153.240005,151.479996,152.009995,136.970276,9334400
2024-03-01,153.050003,154.350006,152.250000,152.809998,137.691132,7459100
2024-03-04,152.500000,152.589996,147.669998,148.880005,134.149948,12503200
2024-03-05,148.830002,150.619995,148.300003,149.589996,134.789719,6985500
2024-03-06,150.830002,152.410004,148.139999,148.330002,133.654373,14692100
2024-03-07,148.500000,150.750000,148.449997,149.369995,134.591461,8739300
2024-03-08,149.369995,149.990005,148.389999,149.880005,135.051010,7528400
2024-03-11,150.500000,152.080002,149.589996,152.000000,136.961258,7577100
2024-03-12,151.830002,152.570007,150.789993,151.889999,136.862152,6432900
2024-03-13,153.240005,154.880005,153.149994,153.889999,138.664276,8065600
2024-03-14,153.770004,155.729996,152.759995,155.699997,140.295181,9047200
2024-03-15,155.190002,157.039993,154.419998,155.550003,140.160034,20387200
2024-03-18,156.029999,156.669998,154.940002,155.410004,140.033890,7242700
2024-03-19,155.300003,156.839996,155.009995,156.619995,141.124161,7736700
2024-03-20,155.759995,156.429993,154.229996,154.550003,139.258942,8449100
2024-03-21,154.949997,155.690002,154.410004,154.860001,139.538300,7899100
2024-03-22,155.080002,155.279999,154.160004,154.660004,139.358078,5974700
2024-03-25,155.479996,157.309998,155.270004,156.470001,140.988998,6058700
2024-03-26,156.520004,156.860001,154.649994,155.270004,139.907745,6677900
2024-03-27,154.869995,156.440002,154.850006,156.350006,140.880875,7416900
2024-03-28,157.149994,158.190002,156.369995,157.740005,142.133362,8331600
2024-04-01,158.270004,159.589996,156.940002,159.080002,143.340759,6285700
2024-04-02,160.050003,161.220001,159.020004,159.779999,143.971527,8815400
2024-04-03,160.100006,160.949997,159.720001,160.440002,144.566238,7819700
2024-04-04,160.800003,161.949997,159.820007,160.690002,144.791489,9269700
2024-04-05,161.330002,162.169998,159.860001,161.600006,145.611450,7432800
2024-04-08,161.649994,162.500000,160.330002,161.270004,145.314102,7253200
2024-04-09,161.850006,162.529999,160.460007,162.000000,145.971878,6576200
2024-04-10,162.210007,162.770004,161.009995,162.669998,146.575562,7525800
2024-04-11,163.619995,163.619995,159.800003,161.889999,145.872757,7682500
2024-04-12,162.289993,163.869995,158.039993,158.960007,143.232635,11071000
2024-04-15,159.940002,160.490005,157.360001,157.589996,141.998169,7236900
2024-04-16,157.300003,157.809998,155.419998,156.279999,140.817795,5541900
2024-04-17,155.990005,157.710007,155.639999,156.399994,140.925934,6733900
2024-04-18,157.139999,158.039993,156.389999,157.570007,141.980179,4979200
2024-04-19,158.750000,160.750000,158.149994,160.000000,144.169724,7734700
2024-04-22,159.949997,162.699997,158.440002,161.919998,145.899796,6779200
2024-04-23,161.309998,162.850006,160.600006,162.850006,146.737808,5597600
2024-04-24,161.880005,163.839996,161.449997,163.570007,147.386551,7610300
2024-04-25,163.699997,165.600006,162.669998,165.279999,148.927338,9702600
2024-04-26,165.229996,166.979996,163.300003,165.889999,149.477005,9736400
2024-04-29,165.910004,167.110001,164.690002,166.330002,149.873459,6364000
2024-04-30,165.970001,166.119995,160.949997,161.270004,145.314102,8457300
2024-05-01,160.779999,161.449997,158.899994,159.630005,143.836365,7713700
2024-05-02,160.410004,161.779999,159.889999,160.729996,144.827530,8597100
2024-05-03,160.660004,160.660004,157.039993,160.250000,144.395004,11664500
2024-05-06,160.729996,164.020004,160.729996,162.300003,146.242188,8430300
2024-05-07,162.309998,163.149994,162.020004,162.669998,146.575562,6869900
2024-05-08,161.949997,163.080002,161.539993,162.539993,146.458435,6706400
2024-05-09,163.020004,165.509995,162.729996,165.449997,149.080521,6683300
2024-05-10,166.039993,166.419998,165.020004,165.820007,149.413925,5490900
2024-05-13,166.479996,166.910004,162.979996,164.529999,148.251541,6848300
2024-05-14,164.339996,165.199997,163.020004,163.610001,147.422592,4924000
2024-05-15,163.130005,163.800003,160.169998,163.050003,146.917984,7603100
2024-05-16,161.529999,162.000000,160.479996,161.089996,146.617645,6409400
2024-05-17,161.750000,162.970001,161.190002,162.669998,148.055679,5497900
2024-05-20,162.720001,163.000000,161.070007,161.139999,146.663147,4913800
2024-05-21,160.580002,161.460007,159.740005,159.970001,145.598251,4783300
2024-05-22,159.520004,159.520004,156.520004,157.570007,143.413879,6260500
2024-05-23,157.919998,158.600006,156.330002,156.940002,142.840469,6718400
2024-05-24,158.080002,158.970001,157.300003,157.750000,143.577698,4477700
2024-05-28,158.119995,159.419998,157.949997,159.039993,144.751801,6928300
2024-05-29,158.020004,158.490005,156.440002,156.899994,142.804077,5909600
2024-05-30,156.850006,158.460007,156.809998,158.259995,144.041885,6369600
2024-05-31,158.630005,162.580002,158.509995,162.300003,147.718918,10334200
2024-06-03,161.490005,161.679993,156.460007,157.460007,143.313782,9009900
2024-06-04,155.720001,156.350006,154.110001,156.130005,142.103241,6360500
2024-06-05,156.160004,157.020004,154.529999,154.979996,141.056549,7058500
2024-06-06,154.500000,156.020004,153.389999,155.929993,141.921204,5215100
2024-06-07,155.710007,157.690002,155.130005,156.080002,142.057739,5887700
2024-06-10,156.410004,158.199997,156.320007,156.740005,142.658447,7074700
2024-06-11,156.169998,156.750000,154.479996,156.490005,142.430923,5132000
2024-06-12,157.490005,157.630005,152.399994,154.220001,140.364853,10017400
2024-06-13,153.770004,154.089996,152.229996,152.839996,139.108810,6163000
2024-06-14,153.130005,153.289993,151.970001,152.570007,138.863068,6159100
2024-06-17,152.500000,153.929993,151.929993,153.190002,139.427383,6321400
2024-06-18,153.550003,155.949997,152.839996,153.330002,139.554810,6942900
2024-06-20,153.710007,157.410004,153.250000,156.639999,142.567429,8336000
2024-06-21,156.800003,157.669998,155.220001,155.279999,141.329605,21289800
2024-06-24,156.270004,159.539993,156.190002,159.309998,144.997528,7971600
2024-06-25,159.119995,159.360001,157.669998,158.460007,144.223923,5985400
2024-06-26,158.460007,158.460007,155.789993,155.949997,141.939407,8637800
2024-06-27,156.699997,156.940002,155.639999,156.320007,142.276184,5568700
2024-06-28,157.520004,158.580002,156.169998,156.419998,142.367157,11283400
2024-07-01,157.160004,158.699997,155.979996,156.520004,142.458221,5584100
2024-07-02,157.679993,157.720001,155.449997,156.750000,142.667557,7216800
2024-07-03,156.940002,157.740005,156.559998,156.710007,142.631165,3264200
2024-07-05,156.550003,156.550003,153.679993,154.309998,140.446747,6183100
2024-07-08,153.320007,155.279999,153.320007,154.330002,140.464966,4990700
2024-07-09,153.000000,154.759995,152.350006,152.979996,139.236237,5301600
2024-07-10,152.500000,155.440002,152.300003,155.130005,141.193100,5416600
2024-07-11,155.000000,156.679993,154.220001,155.259995,141.311401,8322500
2024-07-12,156.160004,156.440002,154.559998,155.589996,141.611740,6446300
2024-07-15,156.949997,159.520004,156.369995,158.039993,143.841660,5661200
2024-07-16,157.009995,158.309998,156.149994,157.770004,143.595917,6924200
2024-07-17,158.500000,161.479996,158.289993,161.229996,146.745071,7296600
2024-07-18,161.229996,164.279999,160.240005,161.970001,147.418564,6577700
2024-07-19,162.479996,162.699997,158.410004,159.149994,144.851898,6427700
2024-07-22,158.220001,158.979996,156.850006,156.990005,142.885986,5577300
2024-07-23,156.350006,156.600006,153.839996,154.089996,140.246521,6238700
2024-07-24,154.690002,155.699997,153.419998,155.070007,141.138489,5971700
2024-07-25,155.369995,158.259995,154.619995,157.539993,143.386551,5432100
2024-07-26,157.729996,159.039993,157.059998,157.839996,143.659592,5232500
2024-07-29,158.250000,158.250000,154.860001,156.600006,142.531036,5072000
2024-07-30,156.460007,160.089996,156.440002,159.570007,145.234192,5740900
2024-07-31,161.690002,161.690002,160.050003,160.470001,146.053360,6209200
2024-08-01,158.710007,159.500000,152.029999,152.619995,138.908600,16689900
2024-08-02,151.130005,152.039993,147.020004,148.550003,135.204239,13278600
2024-08-05,145.520004,145.770004,143.410004,144.660004,131.663727,13037200
2024-08-06,144.490005,145.089996,143.119995,143.229996,130.362183,9692700
2024-08-07,144.580002,145.729996,142.279999,142.410004,129.615860,8867900
2024-08-08,143.070007,144.820007,142.710007,144.490005,131.508987,7531100
2024-08-09,144.210007,146.110001,143.190002,144.990005,131.964066,7653100
2024-08-12,145.839996,146.740005,139.690002,145.020004,131.991364,8442200
2024-08-13,144.080002,144.550003,143.050003,144.149994,131.199509,7794800
2024-08-14,144.389999,145.240005,143.429993,144.669998,131.672821,5874200
2024-08-15,145.589996,147.520004,145.479996,146.800003,133.611465,6304200
2024-08-16,146.050003,147.619995,145.639999,147.270004,134.039230,6874400
2024-08-19,146.009995,147.729996,145.889999,146.830002,135.134430,5967400
2024-08-20,146.330002,146.509995,144.559998,144.690002,133.164902,7497600
2024-08-21,145.429993,146.639999,144.550003,145.320007,133.744736,5985000
2024-08-22,145.350006,146.330002,145.130005,145.729996,134.122055,4027000
2024-08-23,146.529999,148.089996,146.320007,147.619995,135.861511,4824100
2024-08-26,148.970001,150.089996,147.550003,148.500000,136.671417,5780300
2024-08-27,148.669998,149.550003,146.740005,146.949997,135.244873,5100000
2024-08-28,146.440002,147.139999,145.479996,146.000000,134.370544,5614400
2024-08-29,146.460007,148.179993,145.440002,147.419998,135.677429,4466700
2024-08-30,146.220001,148.080002,145.699997,147.949997,136.165222,6414800
2024-09-03,145.550003,145.770004,144.279999,144.660004,133.137283,7944700
2024-09-04,144.639999,145.529999,141.669998,142.070007,130.753601,9820700
2024-09-05,143.169998,143.169998,140.600006,140.929993,129.704391,9371100
2024-09-06,141.070007,142.110001,137.869995,138.559998,127.523178,7836400
2024-09-09,138.639999,142.020004,138.539993,140.300003,129.124588,9892300
2024-09-10,140.899994,141.080002,137.089996,138.229996,127.219475,8202500
2024-09-11,138.210007,138.479996,135.369995,137.880005,126.897346,9534000
2024-09-12,138.229996,139.470001,137.419998,139.210007,128.121399,6591500
2024-09-13,139.869995,141.529999,139.710007,140.610001,129.409897,5900700
2024-09-16,141.690002,143.169998,141.070007,142.089996,130.771973,6864300
2024-09-17,141.800003,144.139999,141.740005,143.410004,131.986862,7338800
2024-09-18,143.320007,145.600006,143.190002,143.960007,132.493057,6180300
2024-09-19,145.809998,146.779999,144.929993,144.990005,133.441010,7247400
2024-09-20,145.229996,145.910004,143.440002,145.679993,134.076050,23162900
2024-09-23,146.250000,148.419998,145.949997,147.539993,135.787872,6960600
2024-09-24,148.880005,149.100006,146.910004,147.449997,135.705048,6014200
2024-09-25,146.949997,147.410004,143.500000,143.970001,132.502243,7888400
2024-09-26,140.899994,143.220001,140.630005,141.990005,130.679977,8046200
2024-09-27,142.979996,145.770004,142.839996,145.490005,133.901199,8049200
2024-09-30,145.369995,147.479996,144.279999,147.270004,135.539383,7491700
2024-10-01,146.350006,150.520004,145.449997,149.699997,137.775848,9489100
2024-10-02,151.679993,152.279999,149.259995,150.949997,138.926254,8105400
2024-10-03,151.309998,152.169998,150.020004,151.250000,139.202362,6553300
2024-10-04,152.479996,152.500000,150.139999,150.740005,138.732986,7892400
2024-10-07,151.500000,152.750000,150.690002,151.119995,139.082703,5895900
2024-10-08,149.199997,149.600006,147.729996,148.750000,136.901505,5892700
2024-10-09,147.509995,150.369995,147.360001,149.649994,137.729797,4973500
2024-10-10,150.679993,151.550003,149.850006,150.619995,138.622543,4420900
2024-10-11,150.380005,152.330002,150.250000,151.419998,139.358826,5051300
2024-10-14,150.520004,151.899994,150.179993,151.779999,139.690170,4214700
2024-10-15,148.800003,149.960007,147.559998,147.729996,135.962738,6704600
2024-10-16,148.350006,149.029999,148.210007,148.729996,136.883072,4303700
2024-10-17,149.259995,151.330002,148.970001,151.199997,139.156326,6593100
2024-10-18,150.820007,151.080002,149.380005,150.750000,138.742203,5208200
2024-10-21,152.000000,152.479996,150.490005,150.880005,138.861862,5074000
2024-10-22,151.250000,151.679993,150.220001,150.919998,138.898651,4416400
2024-10-23,150.360001,151.000000,149.289993,150.479996,138.493698,5248600
2024-10-24,151.130005,151.449997,149.380005,150.449997,138.466080,5474300
2024-10-25,151.389999,152.119995,150.460007,150.809998,138.797409,6839900
2024-10-28,148.250000,150.699997,148.160004,150.539993,138.548935,8892000
2024-10-29,150.039993,150.419998,147.869995,148.520004,136.689850,6014700
2024-10-30,149.080002,149.649994,147.660004,148.050003,136.257263,5784000
2024-10-31,148.759995,149.570007,147.889999,148.820007,136.965927,8400900
2024-11-01,152.479996,155.929993,151.699997,153.070007,140.877411,11728000
2024-11-04,154.419998,154.419998,152.619995,153.970001,141.705719,6130000
2024-11-05,154.529999,154.669998,152.550003,153.410004,141.190323,5978900
2024-11-06,157.100006,158.610001,156.119995,157.720001,145.157013,12118900
2024-11-07,157.940002,158.009995,156.399994,156.770004,144.282684,8143200
2024-11-08,156.600006,157.580002,155.669998,156.929993,144.429932,6041500
2024-11-11,157.139999,157.940002,155.899994,156.500000,144.034180,7771700
2024-11-12,157.300003,157.470001,155.119995,155.289993,142.920547,5681900
2024-11-13,156.070007,159.020004,154.529999,158.720001,146.077377,8824000
2024-11-14,159.839996,161.830002,159.679993,161.800003,148.912003,10111200
2024-11-15,161.520004,162.380005,160.759995,161.419998,148.562286,9022800
2024-11-18,160.559998,161.520004,159.070007,160.759995,149.464127,6075400
2024-11-19,159.979996,160.429993,158.750000,159.600006,148.385635,4657400
2024-11-20,159.910004,161.440002,159.779999,161.330002,149.994095,6391300
2024-11-21,162.020004,162.649994,161.289993,161.630005,150.272995,7945200
2024-11-22,161.509995,162.610001,161.149994,162.360001,150.951706,7005900
2024-11-25,162.149994,163.169998,159.830002,160.360001,149.092255,10702400
2024-11-26,162.309998,162.940002,161.399994,162.529999,151.109741,7369500
2024-11-27,162.759995,164.679993,161.610001,162.110001,150.719269,7674500
2024-11-29,162.250000,162.750000,160.660004,161.929993,150.551926,5077000
2024-12-02,162.289993,162.949997,160.110001,162.210007,150.812241,6229600
2024-12-03,162.979996,163.199997,161.389999,161.919998,150.542618,5900100
2024-12-04,161.830002,161.839996,157.860001,158.320007,147.195587,7862700
2024-12-05,159.289993,160.669998,158.690002,159.330002,148.134613,6358400
2024-12-06,158.750000,158.830002,155.169998,155.240005,144.331985,9701700
2024-12-09,157.000000,160.080002,156.820007,157.080002,146.042725,9404500
2024-12-10,159.059998,159.520004,156.699997,157.000000,145.968353,9126200
2024-12-11,156.860001,157.169998,155.800003,156.210007,145.233841,13764700
2024-12-12,155.869995,156.529999,154.270004,154.710007,143.839249,7621500
2024-12-13,154.869995,154.960007,153.070007,153.869995,143.058258,5816200
2024-12-16,153.889999,153.889999,149.250000,149.360001,138.865158,11961200
2024-12-17,148.000000,148.649994,146.910004,148.110001,137.702972,11909300
2024-12-18,147.759995,148.669998,143.979996,144.080002,133.956177,10174500
2024-12-19,144.570007,144.759995,140.949997,141.149994,131.232040,16544300
2024-12-20,140.820007,142.850006,140.550003,142.850006,132.812592,32209200
2024-12-23,142.479996,143.350006,141.539993,142.970001,132.924149,8156500
2024-12-24,143.100006,144.039993,142.259995,143.839996,133.733017,3556100
2024-12-26,143.669998,144.309998,142.899994,143.979996,133.863205,4492600
2024-12-27,144.289993,145.710007,143.389999,144.000000,133.881775,5296500
2024-12-30,143.789993,143.979996,142.350006,143.070007,133.017136,6194800
2024-12-31,143.520004,145.339996,143.320007,144.839996,134.662750,6137800
2025-01-02,145.479996,148.070007,145.479996,146.710007,136.401382,7170300
2025-01-03,147.539993,148.500000,147.300003,147.850006,137.461258,5809000
2025-01-06,148.399994,150.330002,146.869995,147.259995,136.912720,5888700
2025-01-07,148.509995,150.500000,147.630005,149.589996,139.078995,7736000
2025-01-08,148.039993,151.179993,148.029999,150.300003,139.739105,7640900
2025-01-10,153.410004,154.339996,150.869995,153.139999,142.379547,11074700
2025-01-13,154.100006,157.350006,154.000000,155.350006,144.434265,11774100
2025-01-14,155.210007,156.910004,154.460007,156.899994,145.875381,6830200
2025-01-15,156.880005,158.690002,156.380005,158.330002,147.204865,7900000
2025-01-16,158.029999,159.899994,158.029999,159.380005,148.181107,5578900
2025-01-17,159.130005,161.770004,158.800003,161.470001,150.124252,9260400
2025-01-21,161.149994,161.399994,157.490005,158.240005,147.121216,10131400
2025-01-22,157.679993,158.440002,156.270004,156.410004,145.419769,7232200
2025-01-23,157.630005,157.940002,155.619995,156.009995,145.047867,5979800
2025-01-24,156.460007,157.470001,155.270004,155.649994,144.713181,8003800
2025-01-27,156.330002,157.889999,155.520004,157.229996,146.182159,7141000
2025-01-28,157.710007,158.919998,155.179993,156.210007,145.233841,6425400
2025-01-29,155.720001,156.580002,154.809998,155.690002,144.750366,5630600
2025-01-30,156.559998,157.449997,155.520004,156.320007,145.336090,6931900
2025-01-31,153.759995,154.369995,148.649994,149.190002,138.707077,16726800
2025-02-03,149.000000,150.860001,147.800003,149.339996,138.846558,7605000
2025-02-04,148.720001,153.389999,148.720001,153.220001,142.453934,8458100
2025-02-05,152.990005,153.800003,152.289993,152.990005,142.240112,6533700
2025-02-06,154.220001,155.259995,151.059998,151.899994,141.226669,6420500
2025-02-07,152.479996,153.809998,151.919998,152.619995,141.896103,4724900
2025-02-10,154.289993,155.800003,154.059998,155.770004,144.824768,5653800
2025-02-11,156.350006,158.710007,156.119995,157.440002,146.377411,6011800
2025-02-12,156.750000,157.470001,154.570007,154.899994,144.015884,6693500
2025-02-13,154.779999,156.419998,153.320007,155.880005,144.927032,7836400
2025-02-14,155.080002,157.449997,154.880005,155.339996,146.026901,5828800
2025-02-18,155.339996,157.309998,154.779999,156.160004,146.797714,5981500
2025-02-19,156.520004,158.360001,156.000000,157.229996,147.803558,4945800
2025-02-20,157.500000,158.949997,157.070007,158.789993,149.270035,6256200
2025-02-21,158.130005,158.949997,156.820007,156.919998,147.512177,6689800
2025-02-24,157.089996,158.330002,156.750000,157.889999,148.423996,5925000
2025-02-25,157.990005,158.990005,155.460007,156.419998,147.042130,6810900
2025-02-26,156.619995,156.690002,154.399994,155.139999,145.838882,6005200
2025-02-27,155.690002,158.289993,154.809998,156.669998,147.277161,7517200
2025-02-28,156.699997,158.669998,154.919998,158.619995,149.110214,8828500
2025-03-03,159.460007,160.089996,151.759995,153.089996,143.911774,9059800
2025-03-04,151.210007,154.149994,150.050003,152.000000,142.887131,8826300
2025-03-05,150.149994,151.369995,147.740005,150.809998,141.768494,9288300
2025-03-06,150.509995,153.330002,149.470001,152.949997,143.780167,7314700
2025-03-07,153.949997,157.449997,153.710007,156.339996,146.966919,8562600
2025-03-10,157.190002,160.369995,156.169998,157.570007,148.123199,11750300
2025-03-11,158.429993,158.839996,153.789993,154.080002,144.842438,10466300
2025-03-12,153.639999,154.789993,152.220001,152.669998,143.516968,9710200
2025-03-13,152.259995,154.429993,151.919998,153.610001,144.400604,9022800
2025-03-14,153.990005,157.240005,153.009995,157.020004,147.606186,6671500
2025-03-17,157.220001,159.449997,156.759995,158.720001,149.204254,7615200
2025-03-18,159.740005,161.089996,158.820007,160.809998,151.168945,9289500
2025-03-19,160.970001,164.539993,160.899994,164.050003,154.214706,11503900
2025-03-20,163.130005,165.309998,162.410004,164.770004,154.891525,9545900
2025-03-21,164.490005,164.889999,163.110001,164.750000,154.872711,21625500
2025-03-24,164.690002,166.429993,164.320007,165.020004,155.126541,8068000
2025-03-25,166.080002,167.820007,165.110001,165.940002,155.991379,7869200
2025-03-26,167.369995,168.960007,167.250000,167.970001,157.899689,10076100
2025-03-27,167.250000,168.220001,165.850006,166.649994,156.658798,6862700
2025-03-28,166.699997,167.130005,165.300003,166.089996,156.132385,4923000
2025-03-31,166.190002,168.919998,166.130005,167.289993,157.260437,10675300
2025-04-01,167.289993,168.600006,166.160004,168.509995,158.407288,6378600
2025-04-02,167.399994,167.979996,165.850006,166.470001,156.489594,7044900
2025-04-03,160.119995,161.350006,155.800003,156.119995,146.760101,15501000
2025-04-04,151.759995,152.460007,142.750000,143.279999,134.689911,20374700
2025-04-07,138.729996,146.190002,137.289993,140.149994,131.747574,17817000
2025-04-08,144.149994,144.490005,134.869995,136.929993,128.720627,12904400
2025-04-09,135.020004,147.470001,133.880005,146.029999,137.275024,16846800
2025-04-10,143.220001,143.630005,133.449997,134.979996,126.887535,20991200
2025-04-11,135.009995,137.119995,132.039993,135.630005,127.498566,17224400
2025-04-14,138.479996,138.539993,134.100006,135.320007,127.207146,9628200
2025-04-15,134.320007,136.630005,134.250000,134.539993,126.473892,9334800
2025-04-16,135.399994,137.550003,134.800003,135.360001,127.244751,8637200
2025-04-17,136.690002,140.240005,136.449997,137.869995,129.604263,8434400
2025-04-21,136.020004,136.289993,132.330002,133.729996,125.712479,9967500
2025-04-22,135.259995,138.240005,134.940002,137.300003,129.068436,7984700
2025-04-23,137.210007,138.550003,135.149994,136.679993,128.485611,10002000
2025-04-24,137.919998,139.399994,137.220001,139.070007,130.732315,7745800
2025-04-25,138.330002,139.050003,137.250000,138.729996,130.412704,6878500
2025-04-28,138.970001,140.460007,138.679993,140.100006,131.700577,6715500
2025-04-29,138.690002,140.009995,138.570007,139.300003,130.948517,7343800
2025-04-30,138.000000,138.149994,134.139999,136.059998,127.902779,13858000
2025-05-01,135.419998,137.949997,135.119995,136.259995,128.090790,10199800
2025-05-02,137.880005,139.779999,135.289993,138.500000,130.196503,12393200
2025-05-05,136.770004,137.000000,135.179993,135.500000,127.376335,9665000
2025-05-06,136.350006,137.309998,135.039993,135.600006,127.470367,9916200
2025-05-07,136.070007,136.300003,134.619995,135.789993,127.648972,8422100
2025-05-08,136.690002,138.889999,136.470001,137.039993,128.824020,8669300
2025-05-09,138.899994,139.369995,137.699997,138.490005,130.187103,5965700
2025-05-12,142.449997,143.710007,140.570007,141.619995,133.129425,8028200
2025-05-13,141.529999,143.229996,140.919998,142.350006,133.815689,8536800
2025-05-14,141.759995,142.229996,140.729996,141.669998,133.176437,6453600
2025-05-15,140.000000,142.460007,139.509995,142.259995,133.731064,7545400
2025-05-16,142.699997,143.000000,140.699997,142.100006,133.580688,8200100
2025-05-19,139.470001,139.520004,137.119995,138.490005,131.772842,7713600
2025-05-20,138.289993,138.750000,137.029999,137.270004,130.612000,6503900
2025-05-21,136.619995,137.130005,135.490005,135.559998,128.984924,9073200
2025-05-22,134.990005,135.990005,133.770004,135.289993,128.728012,8877600
2025-05-23,134.389999,136.789993,134.059998,136.539993,129.917419,7025900
2025-05-27,137.380005,137.970001,136.410004,137.830002,131.144836,8348900
2025-05-28,138.779999,138.789993,135.660004,136.020004,129.422638,6876300
2025-05-29,136.500000,137.940002,136.100006,137.910004,131.220978,7554300
2025-05-30,136.880005,137.449997,135.210007,136.699997,130.069626,12858900
2025-06-02,138.490005,138.690002,136.429993,137.839996,131.154327,9076600
2025-06-03,137.649994,140.589996,136.600006,139.550003,132.781418,9001300
2025-06-04,139.419998,140.630005,137.330002,137.369995,130.707153,8735600
2025-06-05,138.149994,138.289993,136.699997,136.899994,130.259933,6342600
2025-06-06,138.089996,140.610001,138.089996,140.210007,133.409409,6563500
2025-06-09,140.550003,142.139999,139.690002,140.759995,133.932709,7159500
2025-06-10,142.220001,144.940002,141.910004,143.350006,136.397095,9841500
2025-06-11,144.190002,145.119995,142.610001,144.779999,137.757721,9256700
2025-06-12,144.500000,145.199997,143.429993,144.970001,137.938522,6999400
2025-06-13,147.080002,147.600006,144.539993,145.910004,138.832916,14148000
2025-06-16,145.729996,146.869995,143.740005,146.029999,138.947098,10105100
2025-06-17,147.330002,149.979996,146.500000,148.850006,141.630341,11330300
2025-06-18,149.440002,150.169998,147.699997,148.190002,141.002335,9841900
2025-06-20,148.520004,149.899994,147.899994,149.550003,142.296371,23705900
2025-06-23,152.119995,152.149994,146.320007,146.860001,139.736877,10540600
2025-06-24,144.539993,146.389999,143.160004,143.550003,136.587387,10778400
2025-06-25,143.410004,144.199997,142.509995,143.229996,136.282913,7386100
2025-06-26,143.699997,145.080002,143.399994,144.440002,137.434219,7415700
2025-06-27,144.550003,144.669998,142.570007,143.789993,136.815750,9213500
2025-06-30,143.039993,144.100006,142.399994,143.190002,136.244858,6980300
2025-07-01,143.339996,146.270004,142.509995,145.570007,138.509445,8508200
2025-07-02,147.009995,148.009995,145.470001,147.979996,140.802521,8228700
2025-07-03,147.839996,148.979996,147.360001,148.369995,141.173599,5173300
2025-07-07,147.399994,148.169998,145.580002,147.399994,140.250671,9460900
2025-07-08,147.320007,153.240005,147.259995,153.240005,145.807404,14082100
2025-07-09,152.940002,153.960007,152.479996,153.020004,145.598083,9495900
2025-07-10,152.789993,155.279999,151.679993,154.169998,146.692307,8395100
2025-07-11,154.289993,155.889999,153.570007,155.309998,147.777008,8333200
2025-07-14,154.899994,154.899994,151.139999,151.649994,144.294510,10706300
2025-07-15,151.600006,152.309998,150.250000,150.690002,143.381088,7346300
2025-07-16,150.759995,151.479996,149.220001,149.919998,142.648422,7923400
2025-07-17,149.160004,151.839996,148.600006,151.380005,144.037613,8359600
2025-07-18,155.020004,155.910004,146.529999,150.039993,142.762604,45782600
2025-07-21,151.199997,151.669998,149.130005,149.679993,142.420074,17982200
2025-07-22,149.259995,150.940002,148.479996,150.039993,142.762604,26196500
2025-07-23,150.910004,153.139999,150.470001,153.119995,145.693207,13162800
2025-07-24,152.690002,156.000000,152.199997,155.830002,148.271790,15701000
2025-07-25,155.830002,156.199997,153.960007,154.839996,147.329773,7875500
2025-07-28,155.399994,156.550003,154.949997,156.279999,148.699951,8755400
2025-07-29,156.679993,157.210007,155.449997,157.029999,149.413574,6446000
2025-07-30,156.139999,156.309998,152.699997,153.559998,146.111877,9191700
2025-07-31,152.000000,153.929993,151.139999,151.639999,144.285004,10237100
2025-08-01,152.539993,154.649994,150.350006,151.399994,144.056625,10706500
2025-08-04,151.250000,152.080002,149.820007,151.039993,143.714096,10116600
2025-08-05,151.029999,153.100006,149.899994,153.039993,145.617096,8604100
2025-08-06,154.479996,155.160004,152.220001,152.779999,145.369720,7840900
2025-08-07,153.789993,155.149994,152.830002,153.160004,145.731293,6510400
2025-08-08,153.990005,155.750000,153.500000,155.009995,147.491547,6332800
2025-08-11,155.339996,155.929993,152.990005,153.449997,146.007217,6169700
2025-08-12,154.089996,156.050003,153.360001,154.440002,146.949219,6641600
2025-08-13,154.570007,156.009995,154.199997,155.869995,148.309830,6581900
2025-08-14,155.699997,155.699997,154.100006,155.160004,147.634277,7337300
2025-08-15,155.479996,158.539993,155.289993,156.550003,148.956848,11617000
2025-08-18,156.130005,156.490005,154.750000,155.320007,147.786514,8174300
2025-08-19,153.460007,153.940002,151.850006,152.000000,146.237534,8567500
2025-08-20,152.419998,153.490005,151.929993,153.220001,147.411285,8076300
2025-08-21,152.820007,155.669998,152.729996,155.550003,149.652969,7533600
2025-08-22,155.320007,158.789993,155.320007,158.179993,152.183273,9084300
2025-08-25,157.899994,158.320007,157.169998,158.199997,152.202499,7030000
2025-08-26,157.509995,160.000000,156.550003,157.360001,151.394348,10270000
2025-08-27,157.399994,159.990005,157.210007,159.240005,153.203079,7483000
2025-08-28,159.009995,159.520004,157.850006,159.320007,153.280045,6502000
2025-08-29,159.699997,161.100006,159.449997,160.600006,154.511505,6934800
2025-09-02,160.479996,161.860001,159.380005,161.830002,155.694885,8947300
2025-09-03,160.000000,161.850006,157.020004,158.059998,152.067795,9556100
2025-09-04,158.059998,159.649994,157.500000,157.690002,151.711838,7243000
2025-09-05,156.059998,156.720001,153.490005,153.660004,147.834610,11011700
2025-09-08,153.910004,155.029999,152.880005,154.000000,148.161713,9462000
2025-09-09,154.910004,156.990005,154.600006,154.850006,148.979507,7769200
2025-09-10,155.050003,157.919998,155.000000,157.789993,151.808029,7440800
2025-09-11,156.500000,158.919998,156.009995,158.250000,152.250595,6417400
2025-09-12,158.850006,159.779999,157.100006,157.110001,151.153824,5546300
2025-09-15,157.380005,158.320007,156.500000,157.309998,151.346237,5030500
2025-09-16,158.250000,160.100006,158.119995,159.539993,153.491699,8011000
2025-09-17,159.199997,160.669998,158.610001,160.089996,154.020859,5736800
2025-09-18,160.029999,160.289993,158.089996,158.839996,152.818237,6244200
2025-09-19,159.000000,159.000000,155.550003,156.210007,150.287949,16734000
2025-09-22,155.619995,157.119995,155.149994,156.050003,150.134018,5244000
2025-09-23,157.119995,159.830002,156.990005,157.419998,151.452057,7181400
2025-09-24,158.320007,160.490005,158.250000,159.179993,153.145340,6285200
2025-09-25,159.440002,161.009995,159.350006,160.720001,154.626953,6311000
2025-09-26,160.570007,161.300003,159.509995,160.160004,154.088196,7015200
2025-09-29,159.130005,159.130005,155.559998,156.100006,150.182114,8315100
2025-09-30,154.889999,155.729996,153.929993,155.289993,149.402817,7755700
2025-10-01,154.830002,155.089996,153.190002,154.580002,148.719742,6768400
2025-10-02,153.960007,156.600006,153.320007,153.369995,147.555603,7562400
2025-10-03,153.580002,154.279999,152.229996,153.550003,147.728790,7249300
2025-10-06,153.970001,154.649994,152.919998,154.020004,148.180969,4778900
2025-10-07,153.649994,154.960007,151.279999,154.910004,149.037231,5479600
2025-10-08,154.360001,154.679993,152.839996,153.740005,147.911591,5678000
2025-10-09,154.130005,154.970001,151.559998,151.639999,145.891190,6178600
2025-10-10,150.699997,151.350006,148.889999,148.899994,143.255051,7796600
2025-10-13,150.000000,151.979996,149.429993,151.940002,146.179825,5978800
2025-10-14,149.809998,153.460007,149.660004,152.389999,146.612762,6419400
2025-10-15,152.899994,154.210007,151.039993,152.110001,146.343369,5824900
2025-10-16,152.139999,152.729996,150.229996,151.710007,145.958542,5276800
2025-10-17,152.259995,154.190002,152.199997,153.080002,147.276611,7735500
2025-10-20,153.429993,154.720001,153.179993,154.479996,148.623520,5676500
2025-10-21,154.740005,155.289993,153.210007,153.789993,147.959686,6304900
2025-10-22,154.649994,155.979996,153.610001,155.570007,149.672226,6036700
2025-10-23,158.199997,158.589996,156.119995,156.559998,150.624664,9810900
2025-10-24,157.419998,157.630005,155.429993,155.559998,149.662582,4979900
2025-10-27,155.800003,156.500000,154.869995,155.279999,149.393204,4884400
2025-10-28,154.899994,156.229996,153.889999,154.130005,148.286804,5066500
2025-10-29,153.860001,156.149994,153.860001,155.100006,149.220032,7344400
2025-10-30,155.229996,155.229996,153.240005,153.520004,147.699921,8971200
2025-10-31,155.729996,159.179993,155.110001,157.720001,151.740707,11136100
2025-11-03,157.410004,157.720001,153.570007,154.039993,148.200195,8512200
2025-11-04,153.429993,153.759995,152.149994,153.389999,147.574860,6976800
2025-11-05,153.529999,154.399994,152.660004,152.660004,146.872528,5894700
2025-11-06,152.910004,154.789993,152.679993,152.940002,147.141907,6466300
2025-11-07,153.429993,156.169998,153.429993,155.020004,149.143066,9835900
2025-11-10,155.419998,155.979996,152.369995,155.649994,149.749161,8436800
2025-11-11,156.750000,157.990005,155.899994,156.240005,150.316803,6361400
2025-11-12,155.580002,155.789993,152.080002,153.320007,147.507507,11670900
2025-11-13,154.000000,156.199997,153.929993,155.580002,149.681824,7998700
2025-11-14,156.229996,157.949997,154.809998,157.619995,151.644485,8484800
2025-11-17,157.720001,157.889999,154.440002,154.820007,148.950653,8745000
2025-11-18,152.500000,154.279999,151.759995,153.619995,149.446793,10813400
2025-11-19,151.160004,151.960007,150.250000,151.699997,147.578949,7539900
2025-11-20,152.539993,153.039993,150.050003,150.309998,146.226685,7623400
2025-11-21,150.440002,151.009995,148.750000,149.979996,145.905670,9248400
2025-11-24,149.820007,150.119995,147.740005,149.750000,145.681915,14181100
2025-11-25,148.899994,149.899994,148.270004,148.529999,144.495056,11447900
2025-11-26,148.259995,150.460007,148.199997,149.509995,145.448441,7578900
2025-11-28,149.460007,151.520004,149.259995,151.130005,147.024429,3848600
2025-12-01,151.750000,153.949997,151.500000,152.539993,148.396118,8209000
2025-12-02,152.020004,152.460007,149.259995,150.250000,146.168335,9196300
2025-12-03,151.039993,152.500000,150.979996,151.589996,147.471924,8060200
2025-12-04,151.750000,152.940002,151.220001,152.259995,148.123718,7254700
2025-12-05,152.000000,152.630005,149.830002,150.000000,145.925125,12659800
2025-12-08,149.250000,150.070007,147.660004,148.710007,144.670181,10237200
2025-12-09,149.050003,150.100006,148.220001,148.490005,144.456161,8916700
2025-12-10,149.179993,151.800003,148.699997,151.410004,147.296814,10976300
2025-12-11,150.830002,151.940002,150.100006,150.720001,146.625565,8414200
2025-12-12,151.149994,151.550003,149.630005,149.990005,145.915405,5848100
2025-12-15,149.839996,150.100006,148.429993,149.800003,145.730560,7503000
2025-12-16,148.539993,148.820007,146.490005,146.750000,142.763397,11290500
2025-12-17,147.500000,149.869995,147.350006,149.520004,145.458176,8805300
2025-12-18,148.850006,149.270004,147.080002,147.690002,143.677887,6998800
2025-12-19,147.960007,149.009995,147.190002,147.750000,143.736237,21701400
2025-12-22,148.809998,150.490005,148.699997,149.800003,145.730560,8143600
2025-12-23,150.039993,151.080002,149.850006,150.509995,146.421265,4663700
2025-12-24,150.380005,150.990005,150.100006,150.500000,146.411560,2227600
2025-12-26,150.380005,151.139999,149.649994,150.020004,145.944580,3706900
2025-12-29,151.000000,151.639999,150.089996,150.990005,146.888229,5589100
2025-12-30,151.500000,152.669998,151.470001,152.309998,148.172363,5150500
2025-12-31,152.389999,152.550003,151.669998,152.410004,148.269653,4953100
2026-01-02,152.169998,155.899994,151.250000,155.899994,151.664841,6862100
2026-01-05,165.750000,165.750000,159.309998,163.850006,159.398895,35094900
2026-01-06,164.880005,165.050003,156.110001,156.539993,152.287460,20564900
2026-01-07,157.440002,158.009995,154.899994,155.199997,150.983871,13537900
2026-01-08,155.500000,160.440002,155.210007,159.250000,154.923828,12929600
2026-01-09,160.559998,162.699997,159.940002,162.110001,157.706161,12549600
2026-01-12,162.699997,163.559998,160.710007,162.339996,157.929886,9796800
2026-01-13,163.470001,166.130005,163.300003,163.869995,159.418335,12068600
2026-01-14,164.100006,169.369995,164.100006,167.240005,162.696793,16414900
2026-01-15,165.770004,167.330002,165.100006,166.160004,161.646118,8097400
2026-01-16,166.589996,167.289993,165.809998,166.259995,161.743408,9745800
2026-01-20,166.710007,167.649994,165.149994,165.300003,160.809494,11142500
2026-01-21,167.000000,168.479996,166.059998,166.729996,162.200623,10918500
2026-01-22,166.259995,167.559998,165.729996,166.660004,162.132553,8957400
2026-01-23,167.949997,168.440002,166.440002,166.720001,162.190918,8368700
2026-01-26,168.330002,168.410004,166.770004,167.500000,162.949722,8912600
2026-01-27,167.770004,169.350006,166.649994,169.050003,164.457611,9784900
2026-01-28,169.960007,170.419998,168.199997,169.929993,165.313705,9200200
2026-01-29,172.649994,174.919998,171.039993,171.190002,166.539490,16786600
2026-01-30,172.619995,177.300003,171.270004,176.899994,172.094376,22946600
2026-02-02,173.440002,176.270004,172.649994,174.029999,169.302322,14235300
2026-02-03,173.880005,178.820007,173.750000,178.039993,173.203384,18425400
2026-02-04,178.880005,182.589996,178.880005,181.229996,176.306717,16170500
2026-02-05,179.639999,180.460007,177.410004,179.229996,174.361053,10474100
2026-02-06,180.300003,182.100006,179.509995,180.860001,175.946777,9901800
2026-02-09,181.009995,182.820007,179.949997,182.600006,177.639526,12021300
2026-02-10,182.729996,182.949997,180.860001,182.259995,177.308746,7458200
2026-02-11,183.940002,186.520004,183.550003,185.820007,180.772034,10502100
2026-02-12,185.800003,185.800003,182.089996,182.399994,177.444946,9673700
2026-02-13,182.539993,184.839996,181.720001,183.740005,178.748566,9034700
2026-02-17,183.300003,183.800003,178.740005,180.550003,177.363434,9849000
2026-02-18,183.229996,183.919998,181.979996,183.869995,180.624847,10313400
2026-02-19,185.289993,187.899994,184.740005,184.779999,181.518768,10773300
2026-02-20,184.589996,184.889999,182.320007,183.929993,180.683777,9566200
2026-02-23,184.669998,186.630005,184.050003,184.910004,181.646484,7047200
2026-02-24,185.289993,185.960007,183.850006,185.339996,182.068893,7451800
2026-02-25,185.839996,185.979996,182.509995,184.220001,180.968658,9440700
2026-02-26,182.899994,186.259995,181.759995,184.160004,180.909729,7133800
2026-02-27,186.000000,187.550003,183.770004,186.759995,183.463837,12035500
2026-03-02,190.330002,191.440002,187.220001,189.600006,186.253708,15809100
2026-03-03,190.520004,191.559998,187.419998,188.770004,185.438370,14004200
2026-03-04,187.449997,188.460007,184.149994,186.029999,182.746719,11054400
2026-03-05,186.600006,189.970001,186.490005,189.899994,186.548416,13567200
2026-03-06,190.880005,192.410004,188.119995,189.940002,186.587708,13073100
2026-03-09,191.000000,191.649994,188.110001,189.440002,186.096527,15987500
2026-03-10,188.630005,189.179993,185.639999,186.289993,183.002121,11999600
2026-03-11,186.589996,191.860001,186.490005,191.789993,188.405060,11371700
2026-03-12,192.580002,198.880005,191.770004,196.970001,193.493637,27151800
2026-03-13,196.000000,197.630005,194.690002,196.820007,193.346298,13017000
2026-03-16,196.600006,197.839996,195.580002,196.839996,193.365921,12683900
2026-03-17,197.490005,200.580002,196.460007,197.970001,194.475998,14018600
2026-03-18,199.220001,200.729996,198.509995,198.610001,195.104691,13305000
2026-03-19,199.789993,202.440002,199.000000,201.440002,197.884750,16918400
2026-03-20,201.399994,205.080002,201.000000,201.729996,198.169617,35849500
2026-03-23,198.630005,205.360001,197.369995,205.210007,201.588211,15735700
2026-03-24,206.050003,209.789993,205.809998,206.789993,203.140320,16695500
2026-03-25,206.000000,207.240005,204.619995,205.149994,201.529251,8865000
2026-03-26,206.029999,209.210007,205.160004,207.789993,204.122665,11085600
2026-03-27,208.149994,212.460007,206.250000,211.149994,207.423355,13907800
2026-03-30,213.259995,214.710007,210.289993,210.710007,206.991150,10409000
2026-03-31,210.899994,213.100006,201.960007,206.899994,203.248367,17403900
2026-04-01,201.990005,204.779999,194.910004,197.410004,193.925873,23051900
2026-04-02,202.509995,205.479996,198.039993,198.970001,195.458344,11528000
2026-04-06,198.500000,199.770004,196.350006,198.860001,195.350281,8245700
2026-04-07,199.970001,204.619995,199.240005,201.539993,197.982971,11672600
2026-04-08,191.410004,193.169998,188.600006,192.889999,189.485641,17195400
2026-04-09,194.309998,196.669998,189.270004,190.360001,187.000290,11634000
2026-04-10,189.710007,190.960007,186.470001,188.550003,185.222244,11151400
2026-04-13,191.449997,192.610001,189.720001,191.779999,188.395233,12000200
2026-04-14,188.600006,189.169998,184.600006,187.020004,183.719254,12111000
2026-04-15,186.360001,187.240005,184.039993,184.910004,181.646484,8661600
2026-04-16,185.619995,188.229996,185.339996,188.149994,184.829300,8013200
2026-04-17,181.889999,184.300003,177.740005,183.990005,180.742722,15720600
2026-04-20,184.500000,186.270004,182.830002,183.250000,180.015778,9661100
2026-04-21,183.970001,186.369995,182.339996,185.979996,182.697601,9799000
2026-04-22,187.270004,189.419998,186.119995,186.320007,183.031601,8708300
2026-04-23,187.119995,188.419998,185.500000,187.600006,184.289017,6684700
2026-04-24,185.229996,186.419998,183.199997,185.210007,181.941193,9626700
2026-04-27,186.190002,188.369995,183.669998,184.779999,181.518768,10836600
2026-04-28,188.279999,189.960007,186.550003,188.360001,185.035599,10754900
2026-04-29,190.130005,192.619995,189.500000,192.220001,188.827469,8644600
2026-04-30,190.250000,194.130005,188.500000,193.309998,189.898239,11748600
2026-05-01,191.300003,194.089996,189.750000,190.630005,187.265549,10435900
2026-05-04,190.850006,193.710007,187.970001,192.279999,188.886398,8229500
2026-05-05,191.220001,193.669998,190.449997,192.639999,189.240051,5642800
2026-05-06,185.589996,186.779999,183.139999,185.160004,181.892075,11082900
2026-05-07,181.580002,183.440002,179.529999,182.500000,179.279007,12194000
2026-05-08,182.039993,182.729996,180.740005,181.619995,178.414551,13053000
2026-05-11,183.000000,185.199997,183.000000,184.740005,181.479492,12042100
2026-05-12,186.500000,186.889999,184.660004,185.949997,182.668121,8995100
2026-05-13,185.809998,186.009995,183.960007,186.000000,182.717255,7554700
2026-05-14,186.190002,187.570007,185.250000,186.639999,183.345947,6222400
2026-05-15,188.600006,191.500000,187.899994,191.100006,187.727234,11210800
2026-05-18,191.169998,196.199997,189.029999,196.119995,192.658630,9869700
2026-05-19,194.929993,198.869995,193.470001,197.250000,195.543457,11819200
2026-05-20,196.250000,198.190002,191.270004,191.330002,189.674683,14564900
2026-05-21,193.789993,194.160004,189.000000,191.009995,189.357437,9051200
2026-05-22,190.369995,192.000000,189.800003,191.429993,189.773804,7209600
2026-05-26,190.000000,190.490005,183.899994,184.710007,183.111954,14264600
2026-05-27,181.850006,183.720001,180.669998,182.399994,180.821930,9442800
2026-05-28,183.710007,185.259995,182.089996,183.029999,181.446487,8725400
2026-05-29,182.720001,182.970001,180.399994,182.460007,180.881424,13886500
2026-06-01,184.380005,187.940002,184.020004,185.830002,184.222260,8850500
2026-06-02,184.880005,188.449997,184.880005,187.550003,185.927383,6549800
2026-06-03,188.889999,191.479996,187.960007,189.710007,188.068695,7983700
2026-06-04,189.000000,190.100006,187.669998,188.350006,186.720459,5163200
2026-06-05,189.059998,189.610001,186.589996,187.309998,185.689453,6310900
2026-06-08,188.699997,191.029999,188.500000,189.240005,187.602768,6113000
2026-06-09,188.500000,189.380005,185.470001,186.759995,185.144211,8469900
2026-06-10,189.190002,192.690002,188.229996,189.800003,188.157913,10041800
2026-06-11,191.809998,192.250000,185.550003,185.820007,184.212357,9274100
2026-06-12,185.080002,188.399994,184.360001,187.220001,185.600235,8703400
2026-06-15,178.899994,181.669998,177.759995,180.399994,178.839233,10184900
2026-06-16,178.619995,180.250000,178.330002,180.110001,178.551743,6663500
2026-06-17,179.009995,180.080002,177.100006,177.580002,176.043640,8430000
2026-06-18,175.639999,175.639999,172.229996,173.630005,172.127808,19146100
2026-06-22,174.080002,175.449997,172.860001,175.059998,173.545441,11108900
2026-06-23,175.779999,176.399994,174.699997,175.979996,174.457474,6555300
2026-06-24,173.889999,173.990005,170.860001,171.449997,169.966675,10634600
2026-06-25,170.220001,172.770004,169.270004,172.240005,170.749847,7954200
2026-06-26,172.240005,172.250000,169.929993,171.059998,169.580048,13102200
2026-06-29,171.369995,171.600006,168.369995,168.470001,167.012451,8813700
2026-06-30,169.699997,170.460007,165.199997,165.759995,164.325897,19428800
2026-07-01,164.779999,167.470001,164.779999,165.690002,164.256500,9175500
2026-07-02,168.279999,169.550003,167.399994,169.199997,167.736130,9561800
2026-07-06,168.860001,169.259995,167.160004,168.100006,166.645660,9974300
2026-07-07,170.139999,174.610001,170.000000,174.009995,172.504517,9748900
2026-07-08,176.800003,178.580002,174.949997,175.970001,174.447571,9921800
2026-07-09,174.630005,175.589996,173.899994,174.050003,172.544174,6582400
2026-07-10,174.970001,176.419998,173.509995,176.399994,174.873840,5996600
2026-07-13,179.020004,182.380005,179.020004,182.199997,180.623657,7685100
2026-07-14,182.750000,183.360001,180.630005,181.759995,180.187469,6823300
2026-07-15,182.169998,182.399994,178.580002,181.600006,180.028870,6665700
2026-07-16,182.570007,184.830002,181.949997,183.860001,182.269302,6257600
2026-07-17,187.470001,188.149994,185.500000,187.380005,185.758850,7058300
2026-07-20,186.289993,190.350006,185.929993,189.710007,188.068695,7767000
2026-07-21,190.500000,191.259995,189.320007,191.070007,189.416931,6892400
2026-07-22,193.399994,193.699997,191.940002,192.979996,191.310394,6142400
2026-07-23,196.300003,197.690002,194.020004,194.419998,192.737946,8150000
2026-07-24,194.460007,196.869995,193.800003,194.789993,193.104736,6700400
2026-07-27,188.669998,192.490005,188.669998,190.000000,188.356186,7369200
2026-07-28,191.470001,191.970001,186.729996,187.580002,185.957123,7406800
2026-07-29,192.500000,193.559998,190.779999,191.860001,190.200089,8101200
2026-07-30,189.910004,193.119995,189.309998,192.309998,190.646194,6645000
2026-07-31,195.110001,197.550003,191.539993,196.830002,195.127090,9958100
2026-08-03,195.380005,195.860001,191.809998,193.179993,191.508667,9544100
2026-08-04,190.149994,191.470001,186.339996,190.399994,188.752716,9455900
2026-08-05,191.190002,191.380005,186.270004,186.410004,184.797241,8260600
2026-08-06,188.970001,189.779999,187.020004,189.229996,187.592834,7182100
2026-08-07,186.210007,187.750000,185.869995,186.559998,184.945938,7098800
2026-08-10,188.880005,194.990005,188.880005,194.910004,193.223709,13667300
2026-08-11,194.250000,197.460007,194.250000,196.660004,194.958572,6049800
2026-08-12,195.220001,197.399994,194.580002,196.600006,194.899094,7366200
2026-08-13,195.000000,198.100006,193.750000,197.699997,195.989563,5908900
2026-08-14,198.869995,201.630005,198.360001,200.000000,198.269669,7910500
2026-08-17,200.729996,203.679993,199.800003,202.699997,200.946304,8357800
2026-08-18,205.029999,206.220001,203.710007,205.740005,203.960007,7701600
2026-08-19,205.050003,207.679993,204.259995,205.759995,205.759995,8689900
2026-08-20,208.899994,208.979996,205.520004,205.770004,205.770004,8200600
2026-08-21,205.929993,207.820007,205.009995,205.270004,205.270004,7359100
2026-08-24,203.669998,205.300003,201.750000,203.089996,203.089996,5853900
2026-08-25,201.029999,202.059998,199.789993,199.889999,199.889999,8176800
2026-08-26,198.729996,202.389999,198.119995,200.210007,200.210007,6863100
2026-08-27,199.570007,200.880005,197.820007,199.770004,199.770004,8112300
2026-08-28,199.979996,202.240005,199.559998,201.860001,201.860001,5301000
2026-08-31,206.080002,208.419998,203.839996,206.139999,206.139999,12067400
2026-09-01,209.000000,211.080002,207.800003,211.050003,211.050003,8551500
2026-09-02,210.490005,212.789993,209.460007,211.779999,211.779999,7595300
2026-09-03,212.380005,213.199997,211.169998,211.320007,211.320007,6668200
2026-09-04,209.509995,209.860001,207.119995,208.600006,208.600006,5458400
2026-09-08,211.250000,213.309998,209.179993,209.800003,209.800003,7703900
2026-09-09,212.875000,215.279999,212.229996,213.809998,213.809998,8370900
