date,open,high,low,close,adj_close,volume
2012-01-03,52.094662,52.735477,52.047543,52.377377,38.462059,4892728
2012-01-04,52.292561,52.433918,51.972153,52.330257,38.427460,3884640
2012-01-05,52.122932,52.565849,51.576351,52.386799,38.468975,3050474
2012-01-06,52.509308,52.509308,51.868488,52.000423,38.185265,4064186
2012-01-09,52.292561,52.537579,51.811947,52.433918,38.503578,2749427
2012-01-10,52.999344,53.715553,52.876835,53.319752,39.154076,5849245
2012-01-11,53.018192,53.395142,52.829716,53.206669,39.071033,3718465
2012-01-12,53.489380,54.026535,53.216091,53.894604,39.576214,3181526
2012-01-13,53.479958,53.555347,52.942802,53.432838,39.237133,2611372
2012-01-17,54.026535,54.375217,53.753246,53.866333,39.555439,3282334
2012-01-18,53.856907,54.893524,53.753246,54.836983,40.268219,4216567
2012-01-19,54.874676,55.185661,54.563690,55.129120,40.482758,4241079
2012-01-20,55.063152,55.063152,53.508228,54.073654,39.707691,6767347
2012-01-23,54.139622,55.034882,54.007690,54.299828,39.873772,3582745
2012-01-24,53.885181,54.356369,53.706127,54.309250,39.880707,2809806
2012-01-25,54.007690,54.959492,53.244362,54.761593,40.212852,3900239
2012-01-26,55.411831,55.515495,54.186741,54.497726,40.019115,4851344
2012-01-27,53.828636,55.327019,53.545921,54.912373,40.323570,6481157
2012-01-30,54.610809,54.921795,54.186741,54.827557,40.261284,3944489
2012-01-31,55.025455,55.195084,54.290401,54.695625,40.164425,3657555
2012-02-01,55.261051,55.920715,55.261051,55.543766,40.787220,3672836
2012-02-02,55.543766,55.817055,55.166813,55.628578,40.849510,3430789
2012-02-03,56.194008,57.287167,56.071499,57.240047,42.032856,5998442
2012-02-06,56.599228,57.032722,56.542686,56.834824,41.735283,4132418
2012-02-07,56.523838,56.834824,56.080921,56.693466,41.631477,3061192
2012-02-08,56.608650,56.787704,56.175159,56.420177,41.430801,3450738
2012-02-09,56.420177,56.627499,56.222279,56.439026,41.444645,3381339
2012-02-10,55.996105,56.005531,55.374138,55.911293,41.057125,3880396
2012-02-13,56.363632,56.806553,55.930141,56.674618,41.617653,2901277
2012-02-14,56.391907,56.627499,55.892445,56.391907,41.410049,2337172
2012-02-15,56.646347,56.646347,55.421257,55.600307,40.828762,3296448
2012-02-16,55.600307,56.137463,55.562614,56.043224,41.153996,2386834
2012-02-17,56.420177,56.787704,56.325939,56.636925,41.589977,3363300
2012-02-21,56.995026,57.098690,56.241123,56.439026,41.444645,2369537
2012-02-22,55.986683,56.373058,55.760513,56.080921,41.181671,2683848
2012-02-23,55.581459,55.835903,54.968914,55.600307,41.086269,3872119
2012-02-24,55.600307,56.231701,55.468376,55.854752,41.274300,2736906
2012-02-27,55.364712,56.448448,55.317593,56.259972,41.573734,3734170
2012-02-28,56.278820,56.665195,56.099770,56.307091,41.608562,3234052
2012-02-29,56.288242,56.731159,56.099770,56.137463,41.483204,4817918
2012-03-01,55.930141,56.721737,55.883022,56.655769,41.866211,4245642
2012-03-02,56.646347,56.750008,56.184582,56.307091,41.608562,2899049
2012-03-05,56.354210,56.467297,55.619156,55.694546,41.155922,3641744
2012-03-06,55.006611,55.157391,54.233860,54.441181,40.229725,5287899
2012-03-07,54.328098,54.620235,54.007690,54.412910,40.208832,6182020
2012-03-08,55.449528,56.175159,54.997185,56.062073,41.427490,4378816
2012-03-09,56.354210,56.702888,55.948990,56.335361,41.629456,3454452
2012-03-12,56.363632,56.467297,55.732243,55.845325,41.267342,3937061
2012-03-13,56.269398,56.966755,55.958412,56.891365,42.040318,4718594
2012-03-14,56.919636,57.475639,56.844246,57.032722,42.144779,3458484
2012-03-15,57.042145,57.400249,56.750008,57.343708,42.374580,2853738
2012-03-16,57.287167,57.324860,56.750008,56.891365,42.040318,5409294
2012-03-19,56.768856,57.296589,56.665195,56.976181,42.102970,2414848
2012-03-20,56.627499,56.627499,55.911293,56.052650,41.420540,3413598
2012-03-21,55.977261,56.363632,55.807632,56.043224,41.413574,4013676
2012-03-22,55.609734,56.373058,55.016033,56.307091,41.608562,5641472
2012-03-23,56.401329,56.759434,55.920715,56.693466,41.894062,4353242
2012-03-26,57.296589,58.286083,57.258892,58.220119,43.022202,5271875
2012-03-27,58.286083,58.427441,57.758354,57.767776,42.687935,3107245
2012-03-28,57.645267,57.767776,56.759434,57.249470,42.304928,2903506
2012-03-29,56.665195,57.324860,56.363632,57.202351,42.270100,2894486
2012-03-30,57.701813,57.862015,57.334282,57.532185,42.513840,2848857
2012-04-02,57.079842,57.852592,56.891365,57.598148,42.562592,3193729
2012-04-03,57.400249,57.786625,56.891365,57.136383,42.221363,2706663
2012-04-04,56.646347,56.759434,56.344788,56.684044,41.887108,3073819
2012-04-05,56.391907,56.552109,56.052650,56.062073,41.427490,3113082
2012-04-09,55.336441,55.619156,54.535419,54.554268,40.313290,4919894
2012-04-10,54.328098,54.460030,53.310329,53.319752,39.401043,7289219
2012-04-11,53.979416,54.309250,53.564770,53.790943,39.749229,5277818
2012-04-12,53.904026,55.487221,53.800365,55.402409,40.940025,4947059
2012-04-13,55.223358,55.270473,54.648506,54.723896,40.438644,2886846
2012-04-16,55.204510,55.308170,54.516575,54.657928,40.389893,3523002
2012-04-17,55.157391,55.741665,54.629658,55.534340,41.037525,5433594
2012-04-18,55.223358,55.562614,54.978336,55.345867,40.898243,3820229
2012-04-19,55.279900,55.524918,54.299828,54.657928,40.389893,4821950
2012-04-20,56.410751,57.013874,55.939564,55.967834,41.357872,8942695
2012-04-23,55.600307,55.835903,55.166813,55.788784,41.225552,4924032
2012-04-24,56.090343,56.778278,55.845325,56.476719,41.733898,4058774
2012-04-25,56.985603,57.334282,56.712315,56.995026,42.116920,3660951
2012-04-26,56.891365,57.635845,56.797127,57.485065,42.479019,3276816
2012-04-27,57.730083,57.909134,57.447369,57.758354,42.680981,4197360
2012-04-30,57.541607,57.682964,56.863094,57.164654,42.242256,3558338
2012-05-01,56.995026,57.927982,56.731159,57.419098,42.430286,3103744
2012-05-02,56.976181,57.221199,56.561535,57.145809,42.228329,4313025
2012-05-03,57.136383,57.371979,56.599228,56.985603,42.109955,3550061
2012-05-04,56.684044,56.750008,55.798206,55.892445,41.302132,2807047
2012-05-07,55.732243,56.194008,55.609734,56.090343,41.448387,2890772
2012-05-08,55.722816,56.052650,55.204510,55.948990,41.343933,3259944
2012-05-09,55.204510,55.656849,54.808708,55.006611,40.647568,4218371
2012-05-10,55.458950,55.694546,54.997185,55.195084,40.786842,2866472
2012-05-11,54.865253,55.788784,54.742744,55.176239,40.772915,3117114
2012-05-14,54.620235,55.213932,54.186741,54.799286,40.494350,3933241
2012-05-15,54.714474,55.176239,54.045383,54.167892,40.027790,3212935
2012-05-16,54.271557,54.714474,53.800365,53.847485,40.050919,4089654
2012-05-17,53.781517,53.969994,52.236019,52.283138,38.887363,5071319
2012-05-18,52.565849,52.754326,51.811947,52.047543,38.712139,5248955
2012-05-21,52.132355,53.819214,52.132355,53.743824,39.973812,4830439
2012-05-22,54.035961,54.375217,53.640160,53.979416,40.149036,4209457
2012-05-23,53.291481,54.394066,52.848564,54.299828,40.387360,4227921
2012-05-24,54.412910,54.544846,53.272633,53.969994,40.142025,3069150
2012-05-25,54.101929,54.243282,53.197243,53.479958,39.777565,2505894
2012-05-29,54.007690,54.111351,53.536499,53.904026,40.092960,3956692
2012-05-30,53.451687,53.451687,52.867413,52.961651,39.392036,3744675
2012-05-31,52.961651,52.999344,51.623470,52.452766,39.013535,5410037
2012-06-01,51.086315,51.387878,50.699944,50.831875,37.807945,6345648
2012-06-04,50.662247,50.747063,49.521969,50.134514,37.289257,6083333
2012-06-05,49.946037,50.426651,49.766987,50.219330,37.352341,4089866
2012-06-06,50.690517,51.510387,50.436077,51.510387,38.312626,5062405
2012-06-07,52.122932,52.989922,52.028694,52.179474,38.810272,5177752
2012-06-08,52.179474,52.801445,52.000423,52.763748,39.244843,3181101
2012-06-11,53.404568,53.423412,51.877914,51.953304,38.642040,3241056
2012-06-12,52.170052,52.857986,51.868488,52.820293,39.286907,2940646
2012-06-13,52.547005,52.612968,51.680016,51.943882,38.635040,3184815
2012-06-14,52.198322,52.594124,51.585777,52.038120,38.705135,4541277
2012-06-15,52.330257,52.820293,52.254868,52.810867,39.279892,5295963
2012-06-18,52.528156,52.848564,52.311409,52.660088,39.167755,2384181
2012-06-19,52.971073,53.451687,52.857986,53.319752,39.658382,3379111
2012-06-20,53.404568,53.564770,52.801445,53.282059,39.630363,3678354
2012-06-21,53.527077,53.706127,52.198322,52.236019,38.852325,4354409
2012-06-22,52.141781,52.518730,51.934456,52.311409,38.908394,3619566
2012-06-25,51.614048,51.670589,50.577431,50.624550,37.653732,4967751
2012-06-26,50.718788,50.831875,49.795258,50.191055,37.331314,5278242
2012-06-27,50.322990,51.010925,50.304142,50.888416,37.850002,3480662
2012-06-28,50.049702,50.520889,49.201561,49.870647,37.093002,6989339
2012-06-29,51.246521,52.641239,50.907265,52.622395,39.139717,5168520
2012-07-02,52.716633,52.952225,51.482117,51.981575,38.663074,4557725
2012-07-03,51.802525,52.716633,51.566929,52.386799,38.964474,2556405
2012-07-05,52.207748,53.131275,52.113510,52.857986,39.314941,2942450
2012-07-06,52.113510,52.198322,51.189980,51.727135,38.473827,3212829
2012-07-09,51.585777,52.104084,51.246521,52.028694,38.698124,3039863
2012-07-10,52.141781,52.933376,50.370110,50.615128,37.646725,5693256
2012-07-11,50.633976,51.199402,50.407803,50.605705,37.639732,4020679
2012-07-12,50.238174,50.860146,49.691597,50.511467,37.569645,3976005
2012-07-13,50.568008,51.557507,50.511467,51.434998,38.256538,3413492
2012-07-16,51.237099,51.491539,50.511467,51.340759,38.186447,3081460
2012-07-17,51.472691,51.764828,50.756485,51.397301,38.228512,3660527
2012-07-18,53.065311,55.119694,52.678936,54.827557,40.779877,8906086
2012-07-19,54.893524,55.242203,54.149044,54.610809,40.618660,6188705
2012-07-20,54.412910,55.034882,54.054810,54.412910,40.471462,3781179
2012-07-23,53.489380,54.384640,53.197243,54.130199,40.261196,3743614
2012-07-24,54.101929,54.224438,52.707207,53.413990,39.728493,3569692
2012-07-25,53.687279,54.328098,53.084160,53.527077,39.812595,3181632
2012-07-26,54.516575,55.289322,54.073654,54.412910,40.471462,3267266
2012-07-27,54.855827,56.090343,54.488300,55.609734,41.361645,3819168
2012-07-30,55.411831,55.901871,54.818134,55.025455,40.927074,3317670
2012-07-31,54.799286,55.223358,54.667355,54.705048,40.688747,3144598
2012-08-01,55.034882,55.261051,54.441181,54.657928,40.653702,3812801
2012-08-02,54.280979,54.337521,53.432838,54.017113,40.177071,3384098
2012-08-03,55.082001,55.732243,55.034882,55.515495,41.291553,2933005
2012-08-06,55.873596,56.071499,55.261051,55.261051,41.102295,2181821
2012-08-07,55.600307,56.024380,55.129120,55.195084,41.053223,4152473
2012-08-08,54.921795,55.703968,54.818134,55.534340,41.305573,2917619
2012-08-09,55.440102,55.798206,55.251629,55.572037,41.333611,2009915
2012-08-10,55.317593,55.628578,55.072575,55.609734,41.361645,1936166
2012-08-13,55.317593,55.609734,54.968914,55.327019,41.151363,1846817
2012-08-14,55.477798,55.562614,54.818134,55.063152,40.955109,2042280
2012-08-15,55.034882,55.242203,54.846405,55.100845,40.983143,1809146
2012-08-16,54.761593,55.609734,54.705048,55.374138,41.450836,2819993
2012-08-17,55.572037,56.128040,55.223358,56.071499,41.972858,3611183
2012-08-20,55.930141,56.194008,55.835903,56.071499,41.972858,2370705
2012-08-21,56.259972,56.523838,55.524918,55.703968,41.697739,2612009
2012-08-22,55.685123,55.760513,55.223358,55.487221,41.535484,2313615
2012-08-23,55.279900,55.440102,54.931217,55.110271,41.253323,1886928
2012-08-24,54.846405,55.166813,54.337521,54.997185,41.168671,3280106
2012-08-27,55.119694,55.374138,54.733318,55.025455,41.189842,1905286
2012-08-28,54.865253,55.392986,54.761593,55.185661,41.309761,3402562
2012-08-29,55.374138,55.383560,54.884102,55.345867,41.429688,2121866
2012-08-30,54.893524,55.119694,54.620235,54.761593,40.992325,2315100
2012-08-31,55.195084,55.440102,54.808708,55.082001,41.232151,2909660
2012-09-04,55.110271,55.129120,53.866333,54.205589,40.576103,2996037
2012-09-05,54.186741,54.469456,53.932301,54.064232,40.470291,2421639
2012-09-06,54.535419,55.845325,54.535419,55.619156,41.634247,3723346
2012-09-07,55.817055,56.467297,55.760513,56.448448,42.255028,3122101
2012-09-10,56.325939,56.410751,56.043224,56.128040,42.015186,3229383
2012-09-11,56.278820,56.702888,56.052650,56.344788,42.177433,3265144
2012-09-12,56.439026,56.806553,56.203430,56.636925,42.396118,2736906
2012-09-13,56.401329,57.720657,56.005531,57.598148,43.115650,4089866
2012-09-14,57.560455,58.380322,57.202351,57.503914,43.045101,4744699
2012-09-17,57.268318,58.201271,57.221199,58.163574,43.538918,3871058
2012-09-18,58.078762,58.238968,57.419098,57.852592,43.306122,3465700
2012-09-19,57.767776,57.975101,57.419098,57.748932,43.228512,3294007
2012-09-20,57.249470,57.437946,56.778278,57.060993,42.713551,3630496
2012-09-21,57.437946,57.635845,57.013874,57.032722,42.692402,5531113
2012-09-24,56.684044,56.853672,56.165733,56.665195,42.417271,2426627
2012-09-25,56.768856,57.013874,55.873596,55.892445,41.838825,3093769
2012-09-26,55.986683,56.222279,55.261051,56.014954,41.930527,4076283
2012-09-27,56.448448,57.004452,56.250549,56.768856,42.494869,3185770
2012-09-28,56.391907,56.684044,55.901871,56.307091,42.149208,3237236
2012-10-01,56.891365,57.767776,56.636925,57.296589,42.889900,4824921
2012-10-02,57.682964,58.012794,57.381401,57.909134,43.348438,4688564
2012-10-03,57.927982,58.173000,57.381401,57.447369,43.002785,5001602
2012-10-04,57.871441,58.116459,57.616997,57.739506,43.221462,3018215
2012-10-05,58.144730,58.361477,57.692387,57.890285,43.334339,3761229
2012-10-08,57.522758,57.880863,57.145809,57.748932,43.228512,2889074
2012-10-09,57.777203,57.824322,57.023300,57.183502,42.805248,3304937
2012-10-10,57.098690,57.268318,56.702888,56.768856,42.494869,3576590
2012-10-11,57.202351,57.466217,56.815975,56.815975,42.530144,2902657
2012-10-12,57.089264,57.541607,56.589806,56.731159,42.466652,2669735
2012-10-15,56.891365,57.409676,56.702888,57.343708,42.925182,2372508
2012-10-16,57.673538,58.050491,57.513336,57.975101,43.397808,2275308
2012-10-17,57.645267,58.380322,57.645267,58.323780,43.658825,3192668
2012-10-18,58.238968,58.304932,57.409676,57.880863,43.327271,6007567
2012-10-19,57.296589,59.822163,57.296589,58.889206,44.082088,10448991
2012-10-22,58.559376,59.822163,58.069340,58.691307,43.933949,5810301
2012-10-23,57.946831,58.135303,57.466217,58.003372,43.418972,3590491
2012-10-24,57.927982,58.201271,57.334282,57.503914,43.045101,3737460
2012-10-25,58.672459,58.681885,57.560455,57.890285,43.334339,3212087
2012-10-26,57.852592,58.276661,57.513336,57.946831,43.376667,3424422
2012-10-31,58.173000,58.361477,57.353130,57.711235,43.200291,3798157
2012-11-01,57.730083,59.398090,57.730083,59.021141,44.180840,5961726
2012-11-02,59.416939,59.539448,58.672459,58.832664,44.039757,3977809
2012-11-05,58.766697,59.341549,58.597069,59.181347,44.300766,2492206
2012-11-06,59.124802,60.208538,59.124802,59.869282,44.815731,4279492
2012-11-07,59.124802,59.285007,58.163574,58.540527,43.821072,3631239
2012-11-08,58.474560,58.889206,57.758354,57.767776,43.242630,3357463
2012-11-09,57.409676,57.984524,57.136383,57.324860,42.911064,5205342
2012-11-12,57.428520,58.107033,57.296589,57.899712,43.341389,3118600
2012-11-13,57.494488,58.418018,57.485065,57.711235,43.200291,2698598
2012-11-14,57.767776,57.946831,56.382481,56.504990,42.297348,4081164
2012-11-15,56.457870,56.844246,55.647427,55.911293,41.852940,5773160
2012-11-16,55.675697,55.883022,54.931217,55.741665,42.016308,5066332
2012-11-19,56.373058,57.004452,56.278820,56.957333,42.932644,3885808
2012-11-20,56.825397,57.306011,56.655769,57.117535,43.053394,3204871
2012-11-21,57.108112,57.315437,56.881943,57.098690,43.039185,1858171
2012-11-23,57.268318,57.730083,57.202351,57.730083,43.515129,966279
2012-11-26,57.108112,57.371979,56.750008,57.164654,43.088917,2528285
2012-11-27,57.155231,57.654694,57.051571,57.126961,43.060501,3256867
2012-11-28,56.778278,57.758354,56.401329,57.711235,43.500904,3217286
2012-11-29,57.909134,58.154152,57.371979,57.805473,43.571938,2380043
2012-11-30,57.880863,57.956253,57.541607,57.796047,43.564835,3740643
2012-12-03,58.012794,58.144730,57.060993,57.098690,43.039185,2757704
2012-12-04,57.051571,57.437946,56.768856,57.032722,42.989479,2436708
2012-12-05,57.268318,58.154152,56.900791,58.022221,43.735317,3391314
2012-12-06,57.871441,57.993950,57.428520,57.975101,43.699814,2415166
2012-12-07,58.210693,58.427441,57.814896,58.399170,44.019459,2387258
2012-12-10,58.257812,58.427441,57.956253,58.295509,43.941326,3126770
2012-12-11,58.427441,58.691307,57.965675,58.097610,43.792160,4841793
2012-12-12,58.380322,58.427441,57.532185,57.579304,43.401466,3969108
2012-12-13,57.635845,58.427441,57.494488,58.182423,43.856079,4621818
2012-12-14,58.078762,58.333202,57.899712,58.003372,43.721115,3440233
2012-12-17,58.135303,58.870361,58.022221,58.794968,44.317799,4169664
2012-12-18,58.898632,60.359318,58.794968,60.274502,45.433022,5683175
2012-12-19,60.312199,60.642033,60.086025,60.095451,45.298065,5541406
2012-12-20,60.170841,60.773964,60.104874,60.585487,45.667431,4681348
2012-12-21,59.746773,60.604336,59.746773,60.510098,45.610615,6101373
2012-12-24,60.038910,60.773964,59.746773,60.001213,45.227032,2374419
2012-12-26,60.104874,60.576065,59.982365,60.133144,45.326462,2951894
2012-12-27,60.057755,60.246231,59.350971,60.067181,45.276752,3013122
2012-12-28,59.595989,59.972942,59.228462,59.294430,44.694263,2218642
2012-12-31,59.105953,59.869282,58.625340,59.812737,45.084957,4234288
2013-01-02,60.943592,61.339390,60.462978,61.018982,45.994190,5527081
2013-01-03,60.877625,61.725765,60.821083,61.254578,46.171795,3156058
2013-01-04,61.490170,62.621025,61.490170,62.507938,47.116520,4392398
2013-01-07,62.262920,62.950855,62.196953,62.536209,47.137821,4525360
2013-01-08,62.432549,62.441975,61.763462,61.951935,46.697407,3159454
2013-01-09,62.244072,62.705837,62.074444,62.705837,47.265678,3414871
2013-01-10,63.016823,63.016823,62.281769,62.592754,47.180454,4691323
2013-01-11,62.526787,62.668144,62.291191,62.489094,47.102310,2489871
2013-01-14,62.573906,62.913162,62.310040,62.913162,47.421970,1952083
2013-01-15,62.451397,63.111061,62.366581,63.026245,47.507206,2412408
2013-01-16,62.705837,62.884892,62.555058,62.884892,47.400650,2213337
2013-01-17,63.139332,63.610523,62.894314,63.431469,47.812653,2408481
2013-01-18,63.591675,63.902660,63.271263,63.902660,48.167809,3605665
2013-01-22,63.846115,64.458664,63.733032,64.458664,48.586910,3865752
2013-01-23,64.364426,64.458664,64.128830,64.336151,48.494572,3485225
2013-01-24,64.420967,65.221985,64.128830,64.307884,48.473255,4370645
2013-01-25,65.174866,65.259682,64.034592,64.392693,48.537189,5981039
2013-01-28,65.221985,65.221985,64.618866,64.948700,48.956280,4698539
2013-01-29,64.948700,65.212563,64.647141,65.108902,49.077042,3840497
2013-01-30,64.939278,65.221985,64.665985,64.713104,48.778698,2628563
2013-01-31,64.458664,64.731949,64.147675,64.307884,48.473255,3741916
2013-02-01,64.995819,65.551819,64.665985,65.165443,49.119656,3905439
2013-02-04,64.779068,64.967545,64.449242,64.609444,48.700554,3216119
2013-02-05,65.005241,66.126671,64.986397,65.853378,49.638210,4857498
2013-02-06,65.523552,65.966469,65.316223,65.891075,49.666626,3632937
2013-02-07,65.891075,66.381111,65.570671,66.315147,49.986267,4359609
2013-02-08,66.230331,66.710945,66.136093,66.465927,50.099915,3481405
2013-02-11,66.362267,66.399963,65.891075,66.051285,49.787376,2464722
2013-02-12,66.032433,66.503624,65.928772,66.362267,50.021786,2169617
2013-02-13,66.362267,66.701523,65.862808,66.136093,49.851292,2741999
2013-02-14,65.966469,66.324570,65.759148,66.051285,49.787376,3060024
2013-02-15,66.324570,66.381111,65.749718,66.070129,49.801590,3245725
2013-02-19,66.183212,66.861725,65.994736,66.842880,50.384071,3374230
2013-02-20,66.729790,67.314072,66.286873,66.296303,49.972069,4466254
2013-02-21,65.627213,65.947617,65.344498,65.777992,49.872025,4397810
2013-02-22,65.966469,66.192635,65.532974,65.862808,49.936337,3836252
2013-02-25,65.862808,66.088974,64.976967,64.976967,49.264694,5627784
2013-02-26,65.090057,65.542397,64.873306,65.137177,49.386169,4017602
2013-02-27,65.118324,66.447083,65.042938,66.296303,50.265015,2876659
2013-02-28,66.333992,66.786339,66.060707,66.060707,50.086384,3909471
2013-03-01,65.693176,66.211487,65.240837,66.013588,50.050655,3162213
2013-03-04,65.580093,65.825111,64.929848,65.683754,49.800594,3789243
2013-03-05,65.966469,66.786339,65.938194,66.607285,50.500782,3982053
2013-03-06,66.739220,67.295219,66.720367,67.163284,50.922356,3737353
2013-03-07,67.502541,68.190475,67.332916,68.011429,51.565399,4475168
2013-03-08,68.482613,69.528656,68.482613,69.453262,52.658573,5228793
2013-03-11,69.132858,69.670013,68.746483,69.604050,52.772900,3600678
2013-03-12,69.613472,69.641739,68.859566,69.349602,52.579994,3170808
2013-03-13,69.481537,69.754829,69.302483,69.688858,52.837208,3601315
2013-03-14,69.905609,69.999847,69.189400,69.556931,52.737175,4870126
2013-03-15,69.330757,69.604050,69.104584,69.227097,52.487083,6335780
2013-03-18,68.529732,69.990417,68.369530,69.632317,52.794334,4519630
2013-03-19,69.801949,70.084656,69.198822,69.764252,52.894341,4516871
2013-03-20,70.084656,70.555847,70.084656,70.395645,53.373066,3858006
2013-03-21,70.291985,70.678360,70.150627,70.291985,53.294487,4339023
2013-03-22,70.527580,70.895103,70.376793,70.857407,53.723183,3825853
2013-03-25,71.102425,71.385139,70.084656,70.546425,53.487392,4609721
2013-03-26,70.782021,71.272057,70.602966,71.130699,53.930378,3642911
2013-03-27,70.706627,70.866837,70.282562,70.838562,53.708889,2987760
2013-03-28,70.819717,71.177818,70.678360,71.008186,53.837494,3703927
2013-04-01,70.866837,70.942223,69.830215,70.046967,53.108719,4192797
2013-04-02,70.423912,70.518150,69.726555,69.933876,53.022964,3781815
2013-04-03,70.188324,70.273132,68.963226,69.104584,52.394230,5160667
2013-04-04,69.274216,69.528656,69.114014,69.500381,52.694294,4509230
2013-04-05,68.501465,68.944382,68.256447,68.774757,52.144138,4596350
2013-04-08,68.746483,69.368454,68.586281,69.311913,52.551407,3511011
2013-04-09,69.396721,69.472115,68.963226,69.302483,52.544239,3105760
2013-04-10,69.293060,70.150627,69.076317,70.122353,53.165859,4658534
2013-04-11,70.150627,70.546425,69.924454,70.395645,53.373066,3372213
2013-04-12,70.094086,70.235443,69.538078,69.971573,53.051563,2274883
2013-04-15,69.613472,69.660591,68.020851,68.039696,51.586826,3583700
2013-04-16,68.539162,69.010345,68.303566,68.963226,52.287037,2624318
2013-04-17,68.548584,68.548584,67.304642,67.747559,51.365334,4205000
2013-04-18,67.709869,67.747559,66.833458,67.351761,51.065247,5663438
2013-04-19,69.472115,70.150627,68.473190,69.905609,53.001541,6964720
2013-04-22,70.009270,70.574699,69.773674,70.291985,53.294487,3997758
2013-04-23,70.678360,70.678360,69.500381,70.452187,53.415943,3089736
2013-04-24,70.650085,70.838562,70.329674,70.518150,53.465961,3991498
2013-04-25,70.612389,70.716049,70.141205,70.235443,53.251614,5550426
2013-04-26,70.244865,70.376793,69.434418,69.641739,52.801487,3534462
2013-04-29,69.754829,69.839638,69.217674,69.547501,52.730030,3183966
2013-04-30,69.707710,69.717133,68.793602,69.302483,52.544239,3096528
2013-05-01,68.982079,69.161133,68.294144,68.350685,51.822601,3365104
2013-05-02,68.633400,69.858490,68.614548,69.707710,52.851490,3322021
2013-05-03,70.405067,71.338020,70.405067,70.904526,53.758923,3411582
2013-05-06,70.942223,71.780937,70.913956,71.696129,54.359097,3828930
2013-05-07,71.809212,72.610229,71.743248,72.468880,54.944969,3100030
2013-05-08,72.280403,73.081421,72.167313,73.015457,55.359394,3202961
2013-05-09,72.977760,73.514915,72.883522,73.298164,55.573746,4291377
2013-05-10,73.269897,73.580879,72.779861,73.260475,55.545166,2453155
2013-05-13,73.213356,73.524338,73.006027,73.373558,55.630894,2114969
2013-05-14,73.354713,74.598648,73.354713,74.598648,56.559723,3234158
2013-05-15,74.334785,75.286583,74.004951,75.286583,57.081306,3524063
2013-05-16,74.721161,74.721161,74.023804,74.193428,56.542671,3676868
2013-05-17,74.664619,76.181847,74.494987,76.097031,57.993427,4312919
2013-05-20,75.691811,76.558800,75.606995,75.889709,57.835419,2683000
2013-05-21,75.861435,76.210114,75.305435,75.531609,57.562534,3372744
2013-05-22,75.541031,76.181847,74.740005,75.003876,57.160324,4387093
2013-05-23,74.165154,75.022720,74.023804,74.674042,56.908974,4164358
2013-05-24,74.457291,74.843666,73.976685,74.721161,56.944870,2571049
2013-05-28,75.654114,76.219543,75.154655,75.173500,57.289585,3517272
2013-05-29,74.617500,75.088684,74.014374,74.259392,56.592960,3486817
2013-05-30,74.457291,75.248894,74.165154,74.862518,57.052616,2953273
2013-05-31,74.645767,75.522179,73.938988,73.938988,56.348782,3484376
2013-06-03,74.023804,74.626923,73.524338,74.306511,56.628880,2972904
2013-06-04,74.165154,74.664619,72.921219,73.260475,55.831703,3666681
2013-06-05,73.024879,73.109695,72.101349,72.280403,55.084789,2876552
2013-06-06,72.336945,73.185081,71.903450,73.185081,55.774227,3037316
2013-06-07,73.873016,74.655190,73.392403,74.523262,56.794067,3454877
2013-06-10,74.674042,74.740005,73.778778,74.146309,56.506783,2494858
2013-06-11,73.430099,74.353630,73.203934,73.656273,56.133343,1665574
2013-06-12,74.221703,74.391327,72.808128,72.864677,55.530052,2236257
2013-06-13,72.883522,73.986107,72.732742,73.797630,56.241066,2534227
2013-06-14,73.656273,74.118034,73.373558,73.675117,56.147682,2798134
2013-06-17,74.287666,75.361977,74.184006,75.116959,57.246532,4018026
2013-06-18,75.267738,76.417442,75.116959,76.191269,58.065250,3420283
2013-06-19,76.172424,76.266663,75.088684,75.088684,57.224957,3243815
2013-06-20,74.457291,74.721161,73.024879,73.194504,55.781414,3606090
2013-06-21,73.797630,73.976685,72.836403,73.741089,56.197945,4677210
2013-06-24,73.024879,73.071999,71.762093,72.233284,55.048882,3800385
2013-06-25,72.996605,73.496071,72.723320,73.175659,55.767067,2572640
2013-06-26,73.976685,75.258316,73.920135,75.154655,57.275253,3856414
2013-06-27,75.531609,76.332626,75.531609,75.578720,57.598431,3556959
2013-06-28,75.390251,75.578720,74.730583,74.768280,56.980804,3687798
2013-07-01,75.258316,76.417442,75.258316,75.691811,57.684608,2277854
2013-07-02,74.674042,75.239464,73.156815,73.392403,55.932232,9531949
2013-07-03,72.902367,74.419601,72.864677,73.986107,56.384697,2739559
2013-07-05,74.485565,75.465637,74.485565,75.446793,57.497883,2229572
2013-07-08,75.842590,76.370323,75.437370,76.021645,57.935970,4095278
2013-07-09,76.634186,76.945175,76.464561,76.700150,58.453072,3107776
2013-07-10,76.568222,77.039406,76.266663,76.530525,58.323799,2582297
2013-07-11,77.435211,77.906395,77.256157,77.812157,59.300522,2641403
2013-07-12,77.802734,77.981789,77.152496,77.623688,59.156891,2839518
2013-07-15,77.746193,77.915817,77.001717,77.557716,59.106632,3593356
2013-07-16,77.604836,77.878128,77.143074,77.303276,58.912704,2006095
2013-07-17,77.623688,78.170265,77.491753,77.689651,59.207169,2386728
2013-07-18,77.689651,78.490669,77.284431,78.189110,59.587795,3948627
2013-07-19,79.517860,79.960785,78.123146,78.754539,60.018707,3377413
2013-07-22,78.264503,78.490669,77.981789,78.255074,59.638081,2751656
2013-07-23,78.632027,78.773384,78.151413,78.471825,59.803257,2151684
2013-07-24,78.603760,78.773384,78.066605,78.226807,59.616512,2113271
2013-07-25,78.019485,78.217384,77.802734,78.076027,59.501614,2730645
2013-07-26,77.793312,78.170265,77.557716,78.104294,59.523148,2689154
2013-07-29,77.868706,78.330467,77.727348,77.991211,59.436970,2404343
2013-07-30,78.443550,78.914742,77.972366,78.217384,59.609341,2587921
2013-07-31,78.500099,78.971283,78.151413,78.198532,59.594975,3202855
2013-08-01,78.971283,79.828850,78.811081,79.687492,60.729721,2375480
2013-08-02,79.536713,79.894814,79.206879,79.800575,60.815895,2538790
2013-08-05,79.423630,79.828850,79.169182,79.659218,60.708160,1595962
2013-08-06,79.593254,79.819427,79.074944,79.310539,60.442440,2201134
2013-08-07,79.150337,79.159760,78.537788,78.829926,60.076168,2587496
2013-08-08,79.253998,79.527290,78.688568,78.697998,59.975639,2237319
2013-08-09,78.716843,78.867622,78.321045,78.518944,59.839165,2403494
2013-08-12,78.179688,78.735687,77.859276,78.622604,59.918175,2244534
2013-08-13,78.669724,79.103218,78.368164,78.867622,60.104900,1542268
2013-08-14,78.961861,79.084373,78.424706,78.547211,59.860683,1828884
2013-08-15,77.840431,77.934669,77.067680,77.284431,58.898369,2435647
2013-08-16,76.945175,77.416359,76.822662,77.237312,59.158176,3796353
2013-08-19,76.982864,77.284431,76.709579,76.766121,58.797276,2453686
2013-08-20,76.794388,77.454056,76.709579,77.011139,58.984959,1872921
2013-08-21,76.898056,76.982864,75.880287,75.936829,58.162106,3081672
2013-08-22,75.927406,76.408012,75.748352,76.115875,58.299248,2798240
2013-08-23,76.172424,76.879204,75.776627,76.709579,58.753975,1916004
2013-08-26,76.813240,76.964020,76.285507,76.379745,58.501343,2172695
2013-08-27,75.550453,75.861435,74.532684,74.683464,57.202099,3229065
2013-08-28,74.674042,75.145226,74.334785,74.871941,57.346478,3233203
2013-08-29,74.683464,75.852013,74.532684,75.446793,57.786777,1923962
2013-08-30,75.729507,75.729507,74.692886,74.985023,57.433094,2088652
2013-09-03,75.804893,76.360893,75.682388,76.313782,58.450836,4274187
2013-09-04,75.767197,76.417442,75.606995,76.294930,58.436398,3542421
2013-09-05,76.238388,77.190193,76.040489,76.700150,58.746769,1926827
2013-09-06,76.860359,77.491753,75.625839,76.954597,58.941654,2186065
2013-09-09,77.124222,77.962936,77.058258,77.680229,59.497437,2408906
2013-09-10,78.198532,79.423630,78.028908,79.282272,60.724510,2507168
2013-09-11,79.348236,79.536713,78.829926,79.188034,60.652302,2666340
2013-09-12,79.235153,79.555557,78.943016,78.952438,60.471859,2139375
2013-09-13,79.178612,79.244576,78.518944,79.206879,60.666737,1760228
2013-09-16,80.205803,80.413124,79.574409,80.196373,61.424599,2265757
2013-09-17,80.234070,80.733536,80.111565,80.526207,61.677242,2107965
2013-09-18,80.497940,81.873810,80.007896,81.657059,62.543388,2415697
2013-09-19,81.911507,82.505203,81.675911,81.788994,62.644424,2425035
2013-09-20,81.619370,81.713608,80.554482,80.554482,61.698872,3672305
2013-09-23,80.300041,80.554482,79.140915,79.282272,60.724510,3466655
2013-09-24,79.253998,80.064445,78.914742,79.395355,60.811092,2418350
2013-09-25,79.470741,79.791153,79.008980,79.008980,60.515148,2385985
2013-09-26,79.178612,79.564980,78.895897,79.206879,60.666737,1472339
2013-09-27,78.735687,78.980705,78.358742,78.763962,60.327473,1808722
2013-09-30,78.028908,78.622604,77.623688,78.255074,59.937737,2641721
2013-10-01,78.339890,78.707420,78.085449,78.424706,60.067642,2597047
2013-10-02,77.887550,78.104294,77.350395,78.066605,59.793365,3110004
2013-10-03,77.868706,78.028908,76.370323,76.756699,58.790077,2794208
2013-10-04,76.964020,77.736771,76.624763,77.501175,59.360264,2691701
2013-10-07,76.756699,78.594330,76.426865,78.132568,59.843876,3794337
2013-10-08,78.028908,78.547211,77.077103,77.105377,59.057140,3233628
2013-10-09,77.275002,77.746193,76.756699,77.180763,59.114872,2795481
2013-10-10,78.076027,80.186951,78.028908,80.186951,61.417400,3822882
2013-10-11,80.111565,81.525131,80.007896,81.478012,62.406254,3598237
2013-10-14,80.742958,81.176453,80.413124,81.025665,62.059807,3025007
2013-10-15,80.818344,81.044518,80.073868,80.234070,61.453495,2095019
2013-10-16,80.846619,81.204720,80.111565,80.808922,61.893776,2567016
2013-10-17,80.469666,81.779572,80.281189,81.741875,62.608379,2843232
2013-10-18,80.771225,80.987976,78.877045,79.706337,61.049290,7470674
2013-10-21,79.706337,79.951355,79.216301,79.772308,61.099785,3727273
2013-10-22,80.073868,81.496857,80.007896,81.195297,62.189686,3538176
2013-10-23,81.167023,81.694756,80.611023,81.694756,62.572262,2863819
2013-10-24,81.845535,82.392120,81.723030,82.250763,62.998154,2393837
2013-10-25,82.175369,82.495781,81.657059,82.458084,63.156940,2915709
2013-10-28,82.118828,82.505203,81.902077,82.297882,63.034214,2060213
2013-10-29,82.090553,82.476929,81.920929,82.420387,63.128044,2059471
2013-10-30,82.476929,82.872726,81.581673,81.723030,62.593952,1939561
2013-10-31,81.845535,82.599442,81.515701,81.732452,62.601151,2430023
2013-11-01,81.770149,82.712524,81.553398,81.902077,62.731064,3281592
2013-11-04,81.986893,81.986893,80.950279,81.336655,62.297974,3438535
2013-11-05,81.091637,81.694756,80.497940,81.364922,62.319637,2096080
2013-11-06,81.817268,82.165947,81.412041,81.723030,62.593952,1903588
2013-11-07,81.732452,81.977470,80.413124,80.535629,61.684452,2538365
2013-11-08,80.592178,82.420387,80.450821,82.401543,63.113632,2909130
2013-11-11,82.335571,82.618286,82.062286,82.382690,63.099174,2167601
2013-11-12,82.203644,82.363846,81.478012,81.600517,62.500099,2587178
2013-11-13,81.383774,82.467506,81.167023,82.467506,63.164150,2821797
2013-11-14,82.693680,83.702026,82.363846,83.560669,64.001427,2970358
2013-11-15,83.193138,83.654907,83.127174,83.513550,63.965305,2729584
2013-11-18,83.758568,84.361687,83.438156,83.570091,64.008629,2564364
2013-11-19,82.948120,83.362762,82.646561,82.797340,63.740223,1886398
2013-11-20,83.070625,83.070625,82.081131,82.194221,63.275883,1906453
2013-11-21,82.373268,82.976395,82.326149,82.872726,63.798264,1717145
2013-11-22,82.806763,83.749146,82.627708,83.683174,64.422157,2031669
2013-11-25,83.871651,84.126091,83.381615,83.485275,64.269821,1766701
2013-11-26,83.541817,83.965889,83.325073,83.428734,64.226280,1946140
2013-11-27,83.862228,84.258026,83.579514,83.749146,64.472961,1242601
2013-11-29,83.711449,84.022430,83.296799,83.409882,64.211777,1226896
2013-12-02,83.381615,83.862228,82.929276,83.061203,63.943310,2178001
2013-12-03,82.882156,82.882156,81.685333,82.052864,63.167091,2459204
2013-12-04,81.836113,82.260185,81.223572,81.826691,62.992985,2571792
2013-12-05,81.704178,82.269608,81.515701,81.854965,63.014744,1903058
2013-12-06,83.004662,83.381615,82.665405,83.230835,64.073936,1755028
2013-12-09,83.287376,83.419312,82.674828,82.806763,63.747471,1915367
2013-12-10,82.608864,83.193138,82.382690,82.778496,63.725712,1878651
2013-12-11,82.721947,82.740799,81.298958,81.468590,62.717293,3064375
2013-12-12,81.251839,81.704178,80.969124,81.317802,62.601231,3105654
2013-12-13,81.572250,82.345001,80.827766,81.619370,62.833382,4448002
2013-12-16,81.930351,82.674828,81.478012,82.335571,63.384758,3322870
2013-12-17,82.533478,82.910423,81.459160,81.496857,62.739040,3880077
2013-12-18,81.779572,83.381615,80.950279,83.353340,64.168213,3802614
2013-12-19,82.995239,83.607788,82.901001,83.532394,64.306099,2714409
2013-12-20,83.702026,84.814026,83.504120,84.389961,64.966263,4074479
2013-12-23,84.814026,85.011925,84.210907,84.550163,65.089584,2439042
2013-12-24,84.776337,85.388878,84.540741,85.238098,65.619186,906536
2013-12-26,85.360611,85.963730,85.332336,85.850647,66.090736,2306187
2013-12-27,86.067390,86.161629,85.822372,85.888344,66.119789,1131075
2013-12-30,86.057968,86.171051,85.558510,85.756409,66.018196,1538979
2013-12-31,85.633896,86.284142,85.501968,86.105087,66.286636,1545558
2014-01-02,85.718712,85.888344,84.861145,85.115593,65.524872,1850849
2014-01-03,85.275795,85.718712,85.125015,85.304062,65.669975,1562536
2014-01-06,85.709290,86.001427,85.190979,85.219254,65.604652,2075388
2014-01-07,85.351181,85.888344,85.256943,85.567932,65.873108,1669924
2014-01-08,84.879997,85.567932,84.738640,85.228676,65.611938,2807047
2014-01-09,85.652748,86.171051,85.049622,85.256943,65.633705,1923432
2014-01-10,85.445419,85.577354,84.587860,84.964806,65.408821,3182162
2014-01-13,84.691521,85.238098,83.626633,83.749146,64.472961,2629093
2014-01-14,84.126091,84.333420,83.042358,84.239182,64.850174,3078807
2014-01-15,84.653824,84.964806,84.437080,84.729218,65.227432,2622196
2014-01-16,84.682098,85.059044,84.569008,84.861145,65.328995,1738899
2014-01-17,85.021355,85.238098,84.493622,84.766907,65.256462,2759614
2014-01-21,85.388878,85.784676,84.672668,85.370033,65.720726,2655834
2014-01-22,85.671593,85.992004,85.021355,85.841225,66.083481,2903293
2014-01-23,85.153282,85.483116,84.088402,84.625549,65.147636,4434101
2014-01-24,84.389961,85.671593,83.334496,83.372192,64.182724,5329602
2014-01-27,84.088402,85.728134,84.088402,85.087318,65.503120,6989976
2014-01-28,85.059044,85.935455,84.945961,85.238098,65.619186,3107033
2014-01-29,84.427650,85.322914,84.116669,84.569008,65.104073,4207016
2014-01-30,85.464272,86.576279,85.238098,86.416069,66.526009,3343032
2014-01-31,85.379456,86.840141,85.059044,85.973152,66.185066,3933029
2014-02-03,85.973152,86.661087,83.551239,83.636055,64.385864,4495436
2014-02-04,83.833954,84.804604,83.183716,84.587860,65.118591,4175819
2014-02-05,84.060127,84.766907,83.409882,84.427650,64.995285,4534486
2014-02-06,84.729218,85.935455,84.597282,85.888344,66.119789,2318708
2014-02-07,86.406647,87.914452,86.199326,87.791946,67.585213,4452247
2014-02-10,87.735397,88.395065,87.169975,87.499809,67.360344,3482042
2014-02-11,87.735397,89.101852,87.584618,88.734322,68.310715,3160621
2014-02-12,89.111275,89.403412,88.498726,88.856834,68.405029,2629306
2014-02-13,88.093506,89.148972,87.886185,89.083000,68.579124,2482443
2014-02-14,89.045303,89.356293,88.479881,89.158394,68.637138,2713985
2014-02-18,88.969917,89.262054,88.461029,88.913376,68.448547,2483716
2014-02-19,88.564697,89.591888,87.480957,87.594048,67.432892,4526315
2014-02-20,87.857910,88.611816,87.377296,88.168892,67.875412,2438193
2014-02-21,88.432762,88.998184,88.310249,88.517578,68.143837,3415402
2014-02-24,88.922798,89.723816,88.347946,88.357368,68.020500,3140247
2014-02-25,88.234863,88.856834,87.857910,88.461029,68.428711,3444690
2014-02-26,88.159470,89.092422,88.112350,88.451607,68.421448,2780943
2014-02-27,88.225433,89.054733,88.055809,88.932220,68.793221,2190098
2014-02-28,88.866257,89.723816,88.423340,88.998184,68.844246,3408080
2014-03-03,87.367874,88.649506,87.235939,88.197166,68.224617,2862121
2014-03-04,89.205513,90.072502,89.073578,89.148972,68.960884,4141968
2014-03-05,89.884026,90.326942,89.111275,89.205513,69.004616,4477078
2014-03-06,89.573036,89.997108,89.243202,89.290321,69.070251,3971336
2014-03-07,89.978264,90.383484,89.733238,89.940567,69.573235,5104321
2014-03-10,89.573036,89.921715,89.233780,89.761513,69.434700,2681089
2014-03-11,89.648430,89.780357,88.517578,88.687202,68.603699,2596622
2014-03-12,87.895607,88.451607,87.273636,88.442184,68.414146,2811292
2014-03-13,88.903954,89.045303,87.292480,87.499809,67.685181,3748920
2014-03-14,87.273636,87.716553,86.585701,86.708206,67.072853,3485544
2014-03-17,87.179398,88.413910,87.141701,88.018112,68.086121,3306953
2014-03-18,88.319672,88.451607,87.980415,88.347946,68.341248,2462387
2014-03-19,88.385643,88.602386,86.896683,87.537498,67.714340,2524889
2014-03-20,87.537498,88.008690,87.160553,87.594048,67.758072,2535182
2014-03-21,88.630661,89.318596,87.603470,87.631737,67.787224,5092966
2014-03-24,88.027534,88.263130,86.237022,86.670517,67.043701,3920932
2014-03-25,87.254791,87.565773,86.491463,87.113434,67.386299,2512049
2014-03-26,87.509232,87.707130,85.596207,85.605629,66.219955,3424634
2014-03-27,85.718712,85.935455,84.861145,85.096741,65.826294,3520668
2014-03-28,85.285217,86.265289,85.266373,85.652748,66.256409,2625592
2014-03-31,86.378372,87.565773,86.152206,87.414993,67.619591,3534038
2014-04-01,87.782516,87.980415,87.273636,87.886185,67.984055,2377284
2014-04-02,88.046387,88.762596,87.773094,88.470459,68.436020,3058645
2014-04-03,88.677780,88.903954,88.178322,88.847404,68.727623,2463342
2014-04-04,89.101852,89.676697,87.914452,87.952148,68.035095,3530218
2014-04-07,87.905029,88.074654,86.293564,86.604546,66.992668,2999751
2014-04-08,88.055809,88.055809,85.916611,86.670517,67.043701,2202089
2014-04-09,86.858986,87.895607,86.576279,87.839066,67.947617,2913480
2014-04-10,87.829636,88.018112,86.076813,86.076813,66.584435,2693187
2014-04-11,85.219254,86.171051,85.011925,85.190979,65.899193,2918786
2014-04-14,85.926033,86.048546,84.832878,85.681015,66.278259,2058622
2014-04-15,85.831795,86.482040,84.776337,86.425491,66.854149,3790729
2014-04-16,87.179398,87.942726,86.774178,87.923874,68.013237,3674640
2014-04-17,88.216011,88.527000,86.906105,87.735397,67.867416,4171892
2014-04-21,88.084084,88.084084,87.141701,87.810791,67.925774,2809594
2014-04-22,87.867332,88.574120,87.631737,87.961571,68.042374,3037953
2014-04-23,87.471535,88.734322,87.471535,88.611816,68.545372,3665302
2014-04-24,89.092422,89.120697,88.027534,88.234863,68.253784,3005694
2014-04-25,88.244286,88.385643,87.132278,87.311333,67.539391,3152026
2014-04-28,87.509232,87.980415,86.133354,87.132278,67.400909,2978635
2014-04-29,87.320755,87.556351,86.679939,87.141701,67.408180,2762055
2014-04-30,86.943802,87.867332,86.604546,87.546928,67.721634,3634316
2014-05-01,87.480957,87.801369,86.679939,86.924957,67.240517,2655516
2014-05-02,86.915535,87.490379,86.764748,87.047462,67.335289,3002829
2014-05-05,86.858986,87.537498,86.529160,87.273636,67.510223,3411794
2014-05-06,87.066315,87.198242,86.293564,86.302986,66.759422,2729265
2014-05-07,86.632820,87.612892,86.255867,87.565773,67.736214,2678012
2014-05-08,87.339600,88.244286,87.235939,87.603470,67.765373,2355000
2014-05-09,87.414993,87.631737,86.981499,87.452690,67.648712,1944018
2014-05-12,87.829636,88.988762,87.829636,88.951073,68.807808,2528815
2014-05-13,89.054733,89.309174,88.630661,88.790863,68.683876,2670902
2014-05-14,88.828560,89.101852,87.283058,87.396149,67.604988,2798134
2014-05-15,87.122856,87.283058,85.756409,85.907188,66.453209,5287580
2014-05-16,85.803528,86.057968,85.464272,85.944885,66.482399,3760062
2014-05-19,85.765831,86.642242,85.699867,86.595123,66.985382,3020338
2014-05-20,85.982574,86.199326,84.879997,85.153282,66.194237,2931414
2014-05-21,85.567932,86.142784,85.483116,86.001427,66.853500,2875916
2014-05-22,86.095665,86.444344,85.756409,86.180473,66.992714,2525526
2014-05-23,86.001427,86.783600,86.001427,86.670517,67.373634,1977656
2014-05-27,87.122856,87.169975,86.821297,87.038040,67.659325,1910592
2014-05-28,86.962654,87.537498,86.953224,87.179398,67.769211,2173331
2014-05-29,87.226517,87.509232,87.066315,87.480957,68.003616,1672789
2014-05-30,87.254791,87.839066,87.169975,87.782516,68.238060,2559801
2014-06-02,87.923874,88.178322,87.377296,88.027534,68.428497,1757999
2014-06-03,87.829636,88.027534,87.292480,87.886185,68.318626,2947543
2014-06-04,87.839066,88.574120,87.546928,88.442184,68.750824,2435010
2014-06-05,88.583542,89.836906,88.395065,89.478798,69.556686,3548682
2014-06-06,89.686127,90.053650,89.535339,89.714394,69.739792,2945421
2014-06-09,89.921715,90.930061,89.601311,90.289246,70.186638,2840367
2014-06-10,90.044228,90.147888,89.488220,89.846329,69.842361,2796648
2014-06-11,89.441109,89.620155,89.054733,89.441109,69.527367,2187232
2014-06-12,89.384560,89.422256,88.065231,88.263130,68.611671,2627502
2014-06-13,88.300827,88.800285,88.046387,88.366791,68.692238,1989753
2014-06-16,88.206589,88.658928,88.018112,88.395065,68.714218,1999198
2014-06-17,88.206589,89.035881,88.102928,88.866257,69.080490,1968424
2014-06-18,88.781441,88.885101,87.961571,88.762596,68.999916,3156483
2014-06-19,88.988762,89.045303,88.498726,88.998184,69.183052,2494328
2014-06-20,89.280899,89.459953,88.979340,89.356293,69.461441,3291248
2014-06-23,89.148972,89.375137,88.536423,88.837982,69.058495,2374206
2014-06-24,88.724899,88.762596,87.575195,87.660011,68.142838,3028508
2014-06-25,87.349030,88.102928,87.254791,87.839066,68.282005,2399143
2014-06-26,88.027534,88.102928,87.264214,87.697708,68.172081,1818378
2014-06-27,87.245361,87.961571,87.179398,87.886185,68.318626,2144681
2014-06-30,87.810791,87.848488,87.264214,87.594048,68.091530,2498148
2014-07-01,87.914452,89.356293,87.716553,89.139542,69.292915,4647285
2014-07-02,88.809715,89.148972,88.555267,88.847404,69.065857,2399037
2014-07-03,89.318596,89.704971,89.224358,89.412834,69.505379,1614426
2014-07-07,89.262054,89.299751,88.649506,88.941643,69.139099,3092283
2014-07-08,88.875679,89.073578,88.451607,88.781441,69.014557,2566804
2014-07-09,89.167816,89.403412,88.536423,89.092422,69.256317,1998561
2014-07-10,88.102928,89.092422,87.895607,88.847404,69.065857,2950833
2014-07-11,88.800285,89.507072,88.658928,89.431679,69.520035,2692019
2014-07-14,89.874596,90.336365,89.610733,90.223282,70.135384,3309606
2014-07-15,90.053650,90.722740,89.884026,90.430603,70.296524,4272064
2014-07-16,90.892365,91.184502,90.647346,90.835823,70.611549,3359586
2014-07-17,89.893448,90.798126,89.676697,89.686127,69.717819,4007521
2014-07-18,90.751015,91.674538,90.138466,91.241051,70.926552,4762420
2014-07-21,91.127960,91.881866,90.741585,91.731087,71.307472,3970169
2014-07-22,92.287086,92.437866,91.193932,91.589729,71.197609,4071508
2014-07-23,92.117462,92.164581,91.024300,91.033722,70.765350,3363830
2014-07-24,91.024300,91.222198,90.392906,90.477722,70.333183,2327728
2014-07-25,90.298668,90.685043,90.138466,90.242126,70.150017,2383120
2014-07-28,90.308090,90.468300,88.922798,89.686127,69.717819,3509844
2014-07-29,89.620155,89.874596,88.291405,88.376221,68.699539,3700213
2014-07-30,89.365715,89.365715,87.961571,88.649506,68.912018,2798028
2014-07-31,87.933296,88.055809,86.538582,86.538582,67.271072,4359715
2014-08-01,86.463188,86.981499,85.699867,86.293564,67.080597,4916604
2014-08-04,87.509232,87.509232,85.520813,86.095665,66.926765,3527989
2014-08-05,85.624474,86.962654,85.370033,85.982574,66.838867,4550403
2014-08-06,85.153282,85.765831,84.983658,85.341759,66.340721,4124353
2014-08-07,85.746986,86.133354,85.370033,85.718712,66.633736,3808132
2014-08-08,85.860069,87.443260,85.643318,87.367874,67.915710,3102576
2014-08-11,87.641167,88.432762,87.603470,87.791946,68.245369,2983940
2014-08-12,87.471535,88.150047,87.217094,87.556351,68.062218,2331654
2014-08-13,87.905029,88.913376,87.716553,88.837982,69.058495,2373251
2014-08-14,89.026459,89.309174,88.837982,88.951073,69.146423,2077086
2014-08-15,89.045303,89.318596,88.112350,88.800285,69.029205,3669334
2014-08-18,89.167816,89.902870,89.139542,89.770935,69.783722,3004420
2014-08-19,89.591888,89.667274,89.214935,89.262054,69.717499,2540169
2014-08-20,89.563614,90.449448,89.139542,90.251549,70.490334,2729478
2014-08-21,90.449448,90.779282,90.034805,90.411758,70.615463,1604345
2014-08-22,90.223282,90.364639,89.761513,90.053650,70.335785,1538130
2014-08-25,90.505989,90.628502,90.195007,90.289246,70.519775,1258200
2014-08-26,90.364639,90.505989,89.959412,90.006531,70.298988,1615594
2014-08-27,90.232704,90.364639,89.789787,90.063072,70.343132,1383627
2014-08-28,89.657852,89.902870,89.243202,89.808632,70.144402,1003631
2014-08-29,89.855751,90.063072,89.365715,89.742668,70.092873,1242177
2014-09-02,89.695549,90.270401,89.582458,89.997108,70.291588,1775084
2014-09-03,90.336365,90.421181,89.770935,89.959412,70.262184,1424057
2014-09-04,89.978264,90.487144,89.356293,89.516495,69.916252,2675678
2014-09-05,89.516495,90.289246,89.054733,90.100769,70.372604,2041007
2014-09-08,90.034805,90.119614,89.507072,89.752090,70.100250,2145636
2014-09-09,89.563614,89.789787,88.894524,89.017036,69.526161,2377496
2014-09-10,88.894524,89.158394,88.395065,88.922798,69.452530,2649786
2014-09-11,88.706047,89.328018,88.527000,89.280899,69.732224,1623446
2014-09-12,89.299751,89.507072,88.837982,89.054733,69.555588,3209434
2014-09-15,88.875679,89.365715,88.366791,89.196091,69.665993,2877401
2014-09-16,89.026459,89.544769,88.479881,89.393990,69.820580,2374525
2014-09-17,89.676697,90.449448,89.431679,90.034805,70.321060,3325311
2014-09-18,90.468300,90.939484,90.157310,90.835823,70.946686,2797391
2014-09-19,91.146812,91.344711,90.694466,90.939484,71.027641,5718405
2014-09-22,90.298668,90.779282,89.111275,89.243202,69.702766,2367415
2014-09-23,88.913376,88.988762,87.942726,88.008690,68.738602,3543694
2014-09-24,87.933296,88.602386,87.867332,88.423340,69.062431,2492736
2014-09-25,88.140625,88.244286,87.009773,87.075737,68.009903,2402645
2014-09-26,87.104012,87.970993,86.934380,87.923874,68.672371,2539002
2014-09-29,87.104012,88.423340,87.038040,88.140625,68.841629,3241692
2014-09-30,88.046387,88.319672,87.330177,87.754250,68.539848,2719397
2014-10-01,87.405571,87.499809,86.039124,86.378372,67.465240,4731010
2014-10-02,86.312408,86.576279,85.096741,85.869492,67.067780,2891196
2014-10-03,86.604546,86.802444,85.897766,86.425491,67.502022,2698704
2014-10-06,86.774178,87.396149,86.378372,86.651665,67.678680,2539108
2014-10-07,85.916611,86.095665,84.569008,84.616127,66.088837,2748791
2014-10-08,84.700943,86.246445,84.135513,86.180473,67.310654,3667318
2014-10-09,86.114510,86.302986,84.342842,84.597282,66.074135,2855860
2014-10-10,84.389961,84.616127,82.825607,82.835037,64.697716,4934537
2014-10-13,82.948120,83.400459,80.629868,80.724106,63.049030,4374041
2014-10-14,81.044518,81.949196,80.771225,81.223572,63.439087,5965546
2014-10-15,80.262344,80.780647,78.113724,80.205803,62.644192,8395038
2014-10-16,78.905319,81.798416,78.669724,81.412041,63.586315,6378544
2014-10-17,84.088402,85.549088,83.767990,84.870567,66.287575,8315028
2014-10-20,84.201485,84.832878,83.843376,84.814026,66.243378,4789373
2014-10-21,85.379456,87.594048,85.379456,87.565773,68.392654,4817281
2014-10-22,88.168892,88.376221,85.878914,85.907188,67.097206,5575045
2014-10-23,87.452690,89.054733,87.264214,88.187744,68.878426,4329791
2014-10-24,88.150047,89.384560,87.839066,89.243202,69.702766,2826572
2014-10-27,88.762596,88.969917,87.876755,88.300827,68.966766,4373616
2014-10-28,88.960495,89.893448,88.724899,89.686127,70.048721,3379641
2014-10-29,89.752090,90.223282,88.932220,89.573036,69.960388,2763859
2014-10-30,88.960495,90.487144,88.724899,90.081924,70.357857,2432569
2014-10-31,91.344711,91.391830,90.355209,90.581383,70.747978,4240124
2014-11-03,90.703896,90.703896,89.931145,90.147888,70.409386,3279894
2014-11-04,90.185585,90.336365,89.412834,89.799210,70.137070,2855860
2014-11-05,90.769859,91.307014,90.185585,91.137383,71.182213,2946694
2014-11-06,91.307014,91.382401,90.590805,91.137383,71.182213,3202748
2014-11-07,91.127960,91.391830,90.590805,91.193932,71.226379,2509608
2014-11-10,91.288162,91.768776,90.835823,91.665115,71.594406,1939880
2014-11-11,91.599152,91.976105,91.165657,91.391830,71.380959,1310514
2014-11-12,90.807556,91.580307,90.779282,91.420097,71.403030,1921522
2014-11-13,91.448372,92.164581,91.165657,91.467216,71.439857,2566274
2014-11-14,91.542610,91.702812,91.014877,91.212776,71.241104,1430530
2014-11-17,90.637924,91.080841,90.637924,90.967758,71.049744,1847984
2014-11-18,90.703896,91.636848,90.553108,91.250473,71.655083,2364019
2014-11-19,91.005455,91.127960,90.468300,91.005455,71.462654,1432334
2014-11-20,90.600227,91.297592,90.326942,91.156235,71.581062,1843740
2014-11-21,92.108032,92.739426,91.985527,92.569801,72.691086,3534993
2014-11-24,92.861938,93.163498,92.315361,92.607498,72.720688,2074433
2014-11-25,92.598068,93.493332,92.494408,93.182343,73.172058,2959534
2014-11-26,93.427368,93.502754,93.172920,93.370819,73.320084,2316480
2014-11-28,93.531029,93.625267,93.238892,93.361397,73.312668,1643820
2014-12-01,92.918480,93.210617,91.712234,91.787628,72.076874,3228534
2014-12-02,91.853592,92.221123,91.627419,92.221123,72.417282,1788666
2014-12-03,92.484985,94.294350,92.484985,94.209541,73.978699,2850342
2014-12-04,94.096451,94.096451,93.069260,93.540451,73.453285,2023392
2014-12-05,93.879707,94.388588,93.653534,93.945671,73.771500,1562430
2014-12-08,93.644112,94.030487,92.890205,93.059837,73.075882,1665043
2014-12-09,91.872444,93.681808,91.834747,93.596992,73.497681,1819970
2014-12-10,93.474480,93.531029,91.787628,91.881866,72.150871,2534121
2014-12-11,92.070343,92.824242,91.947830,92.249390,72.439468,2348845
2014-12-12,91.504913,91.872444,90.317520,90.355209,70.952057,2508229
2014-12-15,91.438950,91.721657,89.874596,90.289246,70.900246,3525761
2014-12-16,90.383484,92.409599,90.289246,90.826401,71.322044,4285329
2014-12-17,90.845245,92.192848,90.081924,92.032646,72.269257,5212982
2014-12-18,93.257736,94.831505,92.984444,94.831505,74.467094,3880714
2014-12-19,94.859779,95.886971,94.652458,95.330971,74.859283,4685699
2014-12-22,95.151917,96.103722,95.019981,95.378090,74.896278,2708043
2014-12-23,95.755035,96.480667,95.689072,96.103722,75.466118,1609970
2014-12-24,96.442970,96.490089,96.075447,96.084869,75.451294,643585
2014-12-26,96.169685,96.301620,95.764465,95.773888,75.207108,1088629
2014-12-29,95.575989,96.056602,95.349815,95.811584,75.236710,1044273
2014-12-30,95.368660,95.585411,94.774963,94.916321,74.533707,1576331
2014-12-31,95.151917,95.510017,94.115303,94.162422,73.941711,1849682
2015-01-02,94.426285,95.038834,93.389671,94.454559,74.171074,2258860
2015-01-05,94.143570,94.143570,92.353050,92.654617,72.757690,3348656
2015-01-06,92.635765,93.757195,91.910133,92.437866,72.587479,4490130
2015-01-07,93.361397,94.096451,92.814819,93.106956,73.112877,2770013
2015-01-08,93.898552,94.991714,93.898552,94.803238,74.444893,2717699
2015-01-09,94.888054,94.972862,93.125801,93.229462,73.209076,2813733
2015-01-12,93.483910,93.644112,91.636848,92.777122,72.853867,2928549
2015-01-13,93.427368,94.454559,92.353050,93.436790,73.371902,3632088
2015-01-14,92.051491,93.257736,92.051491,93.003296,73.031479,3288807
2015-01-15,93.540451,93.662956,91.504913,91.514336,71.862289,3708490
2015-01-16,91.288162,92.654617,90.939484,92.560379,72.683708,5125119
2015-01-20,93.559296,94.002213,92.296509,93.276581,73.246071,4034474
2015-01-21,92.805397,93.776047,92.494408,93.531029,73.445862,2658487
2015-01-22,94.002213,94.190689,92.475563,93.662956,73.549477,4697159
2015-01-23,95.180191,97.931931,94.709000,96.593758,75.850937,6242081
2015-01-26,96.518364,96.584328,95.425209,96.018906,75.399483,3501673
2015-01-27,95.019981,95.934090,94.209541,95.085953,74.666908,2670054
2015-01-28,95.679649,96.593758,94.011642,94.068184,73.867706,4046253
2015-01-29,93.813744,94.529945,92.409599,94.398010,74.126678,4807412
2015-01-30,93.540451,94.002213,91.919563,92.126884,72.343285,4349316
2015-02-02,92.890205,94.115303,91.354134,94.021065,73.830673,3780542
2015-02-03,94.237808,95.472328,94.200111,95.434631,74.940720,2933324
2015-02-04,95.076523,95.651375,94.624184,94.944595,74.555878,2615192
2015-02-05,95.180191,96.593758,95.019981,96.442970,75.732529,2711757
2015-02-06,96.358162,96.933014,95.594833,95.886971,75.295914,2551736
2015-02-09,95.604256,96.103722,95.302696,95.736191,75.177513,2391291
2015-02-10,96.122566,96.725685,95.623108,96.537209,75.806503,1806706
2015-02-11,96.301620,96.885895,96.000053,96.527786,75.799118,2042280
2015-02-12,96.744537,97.734032,96.735115,97.536133,76.590904,2060850
2015-02-13,97.300537,98.431389,97.300537,98.365425,77.242142,2090668
2015-02-17,98.073288,98.403122,97.686913,98.007324,76.960907,2438936
2015-02-18,98.224068,98.902580,98.063866,98.591599,77.419708,2405616
2015-02-19,98.261765,98.940277,98.026169,98.666985,77.478912,2081649
2015-02-20,98.563324,99.317230,97.611526,99.288956,77.967354,3581047
2015-02-23,99.232414,99.232414,98.110985,98.365425,77.242142,3263870
2015-02-24,97.847115,98.516205,97.611526,98.290039,77.567863,2496026
2015-02-25,98.101562,98.780075,98.073288,98.374847,77.634796,2274353
2015-02-26,98.195801,98.346581,97.470169,97.668068,77.077026,2021163
2015-02-27,97.394775,97.884811,96.810501,96.857620,76.437439,3178236
2015-03-02,96.857620,98.601021,96.622025,98.553902,77.776115,3385478
2015-03-03,97.894234,98.384270,97.630371,98.045013,77.374512,2637158
2015-03-04,98.346581,98.346581,96.518364,97.112061,76.638252,2659548
2015-03-05,97.743454,97.856544,97.074371,97.187454,76.697792,2380043
2015-03-06,96.414703,96.848198,95.745613,96.000053,75.760674,2618164
2015-03-09,96.263924,97.536133,96.122566,97.196877,76.705177,2634717
2015-03-10,96.254501,96.499519,95.340393,95.340393,75.240097,3186937
2015-03-11,95.434631,95.623108,94.784386,94.850357,74.853371,2619861
2015-03-12,95.170761,96.659721,95.170761,96.556061,76.199455,2763965
2015-03-13,96.471245,96.546638,94.520523,95.340393,75.240097,2748897
2015-03-16,95.651375,96.923584,95.547714,96.857620,76.437439,2373251
2015-03-17,96.150841,96.603180,95.971786,96.320465,76.013542,1963013
2015-03-18,96.103722,98.252342,95.359238,97.856544,77.225777,3139716
2015-03-19,97.319389,97.620949,96.565483,97.083794,76.615952,2374949
2015-03-20,97.734032,100.033432,97.630371,99.326653,78.385941,10572084
2015-03-23,99.317230,99.317230,97.931931,98.290039,77.567863,4267077
2015-03-24,98.101562,98.789497,97.743454,98.063866,77.389389,2545793
2015-03-25,98.393700,98.393700,96.047173,96.056602,75.805290,2619755
2015-03-26,95.538292,96.697418,95.067101,96.282768,75.983772,2947119
2015-03-27,96.226227,97.112061,96.131989,97.027252,76.571312,3384417
2015-03-30,97.734032,99.043938,97.611526,98.864883,78.021515,2743697
2015-03-31,98.242920,98.780075,97.809425,98.299461,77.575310,2919210
2015-04-01,98.054443,98.101562,96.706841,97.291115,76.779541,2811716
2015-04-02,97.413628,98.016747,96.885895,97.545555,76.980339,2161128
2015-04-06,96.895317,99.006241,96.819923,98.469086,77.709183,2332397
2015-04-07,98.346581,98.808342,98.129829,98.129829,77.441422,1940835
2015-04-08,97.997894,98.704681,97.526711,97.865967,77.233200,2213124
2015-04-09,97.875389,98.601021,97.489014,98.374847,77.634796,2076024
2015-04-10,98.732956,98.855461,97.979050,98.666985,77.865326,2235727
2015-04-13,98.299461,98.619865,97.328812,97.328812,76.809273,2973223
2015-04-14,97.036674,97.583252,96.574905,97.300537,76.786980,2320618
2015-04-15,97.771729,98.233490,97.526711,97.809425,77.188576,2358714
2015-04-16,97.281693,98.167526,97.112061,97.931931,77.285271,3565766
2015-04-17,97.074371,97.385353,95.048256,95.839851,75.634232,7126970
2015-04-20,96.263924,96.914162,96.207382,96.669144,76.288719,3230444
2015-04-21,96.772804,97.036674,95.199036,95.491173,75.359093,3351733
2015-04-22,95.396935,96.452400,95.199036,96.301620,75.998688,3532977
2015-04-23,96.103722,97.479591,95.858704,97.074371,76.608513,3428030
2015-04-24,97.036674,97.112061,96.461823,96.593758,76.229233,2865092
2015-04-27,96.951859,97.319389,96.499519,96.631447,76.258949,1980097
2015-04-28,97.017822,97.366508,96.066025,96.998978,76.549011,2234666
2015-04-29,96.358162,96.914162,95.689072,95.877548,75.664009,2881964
2015-04-30,95.707916,96.084869,94.888054,95.104797,75.054161,3320111
2015-05-01,95.707916,96.612602,95.575989,96.593758,76.229233,2227662
2015-05-04,96.574905,97.385353,96.433548,96.669144,76.288719,2528497
2015-05-05,96.612602,96.951859,95.444054,95.689072,75.515266,2349269
2015-05-06,96.263924,96.358162,94.529945,95.170761,75.106201,4069174
2015-05-07,94.850357,95.330971,94.379166,95.189613,75.121101,4761465
2015-05-08,96.329887,96.565483,96.056602,96.235649,75.946594,4197042
2015-05-11,97.046097,97.432472,96.650299,96.772804,76.370506,3587626
2015-05-12,96.009483,96.546638,95.604256,96.414703,76.087906,2633338
2015-05-13,97.159180,99.166451,97.093216,98.421967,77.671967,4894002
2015-05-14,98.817764,100.438660,98.478508,100.306725,79.159370,5248849
2015-05-15,100.523476,100.759064,99.967468,100.693100,79.464317,5802554
2015-05-18,100.504623,100.928696,100.448082,100.617706,79.404800,3224290
2015-05-19,100.278450,100.485779,99.543396,99.713028,79.074493,2655091
2015-05-20,99.816689,100.438660,99.515129,100.108826,79.388382,3583381
2015-05-21,100.155945,100.645981,99.967468,100.231331,79.485519,2822328
2015-05-22,100.146523,100.363266,99.741295,99.816689,79.156700,1547150
2015-05-26,99.430313,99.581093,98.450241,98.798920,78.349564,2315631
2015-05-27,99.091057,99.496277,98.742378,99.307800,78.753128,2219597
2015-05-28,99.279533,99.675331,98.780075,99.599937,78.984818,2554389
2015-05-29,99.383194,99.468010,98.007324,98.195801,77.871292,2521069
2015-06-01,98.224068,98.676414,97.554977,98.063866,77.766678,2283372
2015-06-02,97.979050,99.072212,97.215729,98.535057,78.140327,2073902
2015-06-03,98.949699,99.317230,98.290039,98.930855,78.454224,1609545
2015-06-04,98.290039,98.817764,97.470169,97.743454,77.512566,2620604
2015-06-05,97.705765,98.063866,97.413628,97.762306,77.527534,1691359
2015-06-08,97.790573,97.931931,97.300537,97.309959,77.168816,1563067
2015-06-09,97.375931,97.997894,97.281693,97.592674,77.393028,1617398
2015-06-10,98.290039,98.959122,97.686913,98.732956,78.297279,2231694
2015-06-11,99.166451,99.166451,98.516205,98.855461,78.394432,1731577
2015-06-12,98.421967,98.761223,97.715187,98.054443,77.759193,1326113
2015-06-15,97.234573,97.686913,96.433548,97.479591,77.303337,3044850
2015-06-16,97.234573,98.318306,97.149757,98.101562,77.796547,1927252
2015-06-17,98.365425,98.666985,97.272270,98.195801,77.871292,2832409
2015-06-18,98.299461,99.816689,98.299461,99.449158,78.865227,2363913
2015-06-19,99.157021,99.788414,99.043938,99.270111,78.723244,2952955
2015-06-22,99.797844,100.089981,98.525627,99.298378,78.745651,2322741
2015-06-23,99.213570,99.279533,98.497360,98.723526,78.289795,1919612
2015-06-24,98.714104,99.194717,98.101562,98.101562,77.796547,2439467
2015-06-25,99.015671,99.015671,97.272270,97.404198,77.243538,1538236
2015-06-26,97.752876,97.771729,97.234573,97.573830,77.378082,2243792
2015-06-29,96.998978,97.206299,95.943512,95.981209,76.115082,2270108
2015-06-30,96.753960,97.178032,95.717346,96.094292,76.204758,2329744
2015-07-01,97.046097,97.517288,96.574905,96.914162,76.854927,2303852
2015-07-02,97.196877,97.357079,96.301620,96.603180,76.608330,1902739
2015-07-06,95.651375,97.027252,95.519447,96.480667,76.511192,2400841
2015-07-07,96.518364,97.046097,95.227310,96.914162,76.854927,2509078
2015-07-08,96.122566,96.490089,94.944595,95.151917,75.457443,2489659
2015-07-09,96.424126,96.801079,95.312119,95.349815,75.614395,2887058
2015-07-10,96.113144,96.753960,95.726768,96.508942,76.533607,2731706
2015-07-13,97.385353,97.884811,97.178032,97.790573,77.549973,1706958
2015-07-14,97.743454,98.393700,97.441895,98.082710,77.781601,1531445
2015-07-15,98.082710,98.440819,97.592674,97.856544,77.602272,2902550
2015-07-16,98.846039,98.846039,97.093216,97.602097,77.400490,4911404
2015-07-17,98.874313,100.476357,98.261765,99.458588,78.872719,5775283
2015-07-20,99.609367,100.636559,99.449158,100.240761,79.493004,4799135
2015-07-21,99.910927,100.269028,99.128754,99.326653,78.768089,3952129
2015-07-22,99.288956,99.439735,98.487938,98.704681,78.274849,3318944
2015-07-23,98.742378,99.392616,98.205223,98.308884,77.961006,2514171
2015-07-24,98.167526,98.497360,96.405281,96.848198,76.802635,2974708
2015-07-27,96.122566,96.169685,95.519447,95.783310,75.958160,3492547
2015-07-28,96.782234,98.497360,96.405281,98.195801,77.871292,4169027
2015-07-29,98.195801,99.741295,97.960205,99.458588,78.872719,2730220
2015-07-30,98.968552,99.675331,98.591599,99.307800,78.753128,2347678
2015-07-31,99.665909,99.816689,98.883736,98.996819,78.506523,2100006
2015-08-03,98.968552,98.968552,97.913086,98.666985,78.244942,2491675
2015-08-04,98.685837,99.326653,98.092133,98.591599,78.185150,3051854
2015-08-05,99.420891,100.146523,99.185295,99.637634,79.014732,2075600
2015-08-06,99.703606,100.174789,99.326653,99.694176,79.059525,2254509
2015-08-07,99.571671,99.835533,98.940277,99.383194,78.812904,1933194
2015-08-10,100.316147,101.220833,100.203064,101.117172,80.187996,2351286
2015-08-11,99.995743,100.325569,98.487938,99.298378,78.745651,3432168
2015-08-12,99.222992,99.684753,97.658646,99.458588,78.872719,3879229
2015-08-13,98.930855,99.797844,98.591599,99.439735,78.857780,2199011
2015-08-14,99.571671,100.089981,99.364349,99.967468,79.276276,1673426
2015-08-17,99.477432,100.221909,98.676414,100.155945,79.425735,2421639
2015-08-18,99.675331,100.523476,99.486855,100.089981,79.762184,3636545
2015-08-19,99.420891,99.882652,98.761223,98.987396,78.883530,2641721
2015-08-20,98.092133,98.299461,96.687996,96.725685,77.081161,4242352
2015-08-21,96.000053,96.169685,93.154076,93.182343,74.257454,7805890
2015-08-24,87.009773,92.814819,81.986893,89.789787,71.553902,8159888
2015-08-25,92.682884,92.861938,88.404488,88.517578,70.540054,6457493
2015-08-26,90.722740,92.239967,89.620155,92.192848,73.468941,5586187
2015-08-27,93.427368,94.709000,92.701736,94.134148,75.015961,5343078
2015-08-28,93.785469,94.473404,93.399094,94.256660,75.113586,3667636
2015-08-31,93.870285,94.595917,93.389671,93.549873,74.550339,4501166
2015-09-01,91.391830,91.825325,89.921715,90.430603,72.064583,4537351
2015-09-02,91.438950,92.362480,90.948914,92.362480,73.604080,4052620
2015-09-03,92.843086,93.917404,92.701736,92.890205,74.024658,3315336
2015-09-04,91.702812,92.070343,90.524841,91.024300,72.537704,3877106
2015-09-08,93.116379,94.068184,92.720581,94.058762,74.955856,3942154
2015-09-09,94.652458,95.199036,92.956177,93.163498,74.242439,3494882
2015-09-10,93.031563,94.379166,92.598068,93.813744,74.760612,3739476
2015-09-11,93.738350,93.898552,92.758278,93.879707,74.813187,2713348
2015-09-14,94.247231,94.247231,93.229462,93.502754,74.512794,2658275
2015-09-15,93.898552,94.935173,93.559296,94.539368,75.338844,3181207
2015-09-16,94.888054,95.302696,94.595917,95.142494,75.819504,3441931
2015-09-17,95.114220,96.395859,94.529945,94.737267,75.496582,2866578
2015-09-18,93.568718,93.634689,92.117462,92.390747,73.626602,5200354
2015-09-21,92.522682,92.909058,91.599152,92.108032,73.401352,2847477
2015-09-22,90.732162,90.845245,89.733238,90.505989,72.124649,4861637
2015-09-23,90.675621,90.892365,88.706047,89.139542,71.035721,6065400
2015-09-24,88.253708,88.536423,86.453766,88.225433,70.307281,5916309
2015-09-25,89.299751,89.328018,87.678856,88.131203,70.232178,4136875
2015-09-28,87.480957,88.008690,86.293564,86.312408,68.782768,4629670
2015-09-29,86.670517,87.735397,86.425491,87.188820,69.481194,3663073
2015-09-30,88.253708,89.375137,88.093506,89.233780,71.110825,4667129
2015-10-01,89.280899,90.543686,88.206589,89.252632,71.125862,3517484
2015-10-02,87.989845,91.043144,87.650589,90.977180,72.500145,4050922
2015-10-05,91.486069,93.229462,91.316437,92.711159,73.881958,3933135
2015-10-06,92.711159,93.370819,92.494408,92.550957,73.754288,2765132
2015-10-07,93.323700,94.567642,93.069260,93.757195,74.715553,3163698
2015-10-08,93.361397,95.557137,93.323700,95.246155,75.902115,3273102
2015-10-09,95.293274,96.226227,95.189613,95.330971,75.969696,3513982
2015-10-12,95.453476,95.821007,95.029404,95.651375,76.225044,1869844
2015-10-13,94.878624,95.264999,93.973946,94.068184,74.963394,3884004
2015-10-14,94.105881,94.237808,92.579224,92.598068,73.791832,3768233
2015-10-15,93.135223,93.135223,91.797050,92.824242,73.972084,6386184
2015-10-16,94.237808,95.038834,89.836906,91.438950,72.868156,13418393
2015-10-19,91.212776,91.910133,90.939484,91.580307,72.980766,6311692
2015-10-20,91.599152,93.144653,91.599152,92.616920,73.806854,4933582
2015-10-21,93.172920,94.152992,92.569801,93.078682,74.174820,3855141
2015-10-22,93.549873,96.970703,93.549873,96.669144,77.036095,4686229
2015-10-23,97.357079,97.818848,96.207382,97.187454,77.449158,4360033
2015-10-26,97.460747,97.460747,96.640877,96.857620,77.186302,2018086
2015-10-27,96.669144,97.055519,96.150841,96.546638,76.938469,2602459
2015-10-28,96.603180,97.677490,96.320465,97.611526,77.787079,2669735
2015-10-29,97.291115,97.856544,96.433548,97.008400,77.306465,3320429
2015-10-30,97.338234,98.007324,97.008400,97.328812,77.561768,3102046
2015-11-02,97.319389,98.337151,97.064941,98.176949,78.237656,2600336
2015-11-03,97.979050,98.205223,97.432472,97.677490,77.839653,2617209
2015-11-04,97.715187,98.214645,97.262840,97.413628,77.629372,2059258
2015-11-05,97.423050,97.931931,96.933014,97.630371,77.802101,2360093
2015-11-06,96.942436,98.007324,96.697418,98.007324,78.102493,2605218
2015-11-09,97.394775,97.649216,96.141411,96.791656,77.133759,3474720
2015-11-10,96.377007,96.933014,95.472328,96.499519,76.900917,2926002
2015-11-11,96.951859,98.129829,96.546638,97.309959,77.546768,2444454
2015-11-12,96.556061,96.725685,95.773888,96.094292,76.578011,3690875
2015-11-13,95.886971,96.603180,94.982285,95.255577,75.909607,2595773
2015-11-16,95.255577,97.055519,95.142494,97.027252,77.321487,2438193
2015-11-17,97.234573,97.234573,96.066025,96.395859,77.264809,2572004
2015-11-18,96.706841,98.148682,96.518364,98.063866,78.601807,2690852
2015-11-19,98.252342,99.119331,98.073288,98.987396,79.342026,3617126
2015-11-20,99.317230,100.024010,99.279533,99.543396,79.787666,2718654
2015-11-23,99.477432,99.826111,97.856544,98.563324,79.002121,3326266
2015-11-24,97.347656,97.818848,96.207382,97.225151,77.929543,6100736
2015-11-25,97.517288,97.922508,96.980133,97.658646,78.276985,3952872
2015-11-27,97.686913,98.384270,97.470169,98.063866,78.601807,1214693
2015-11-30,98.290039,98.516205,97.837692,97.960205,78.518715,3071485
2015-12-01,97.913086,99.204140,97.790573,98.148682,78.669800,3464215
2015-12-02,97.922508,98.280609,96.989555,97.159180,77.876648,2634717
2015-12-03,97.451317,97.705765,95.990631,96.499519,77.347908,2868063
2015-12-04,96.857620,98.676414,96.508942,98.525627,78.971939,3769188
2015-12-07,98.525627,98.808342,97.639793,98.176949,78.692444,2438936
2015-12-08,97.093216,97.592674,96.490089,96.744537,77.544296,2877720
2015-12-09,96.216805,97.583252,95.566566,96.018906,76.962685,2615298
2015-12-10,96.273346,96.442970,95.462898,95.896393,76.864479,2984259
2015-12-11,94.492249,95.170761,92.268242,92.569801,74.198112,5893282
2015-12-14,92.673462,93.351974,92.032646,93.276581,74.764595,6113470
2015-12-15,93.700653,94.190689,92.711159,92.795975,74.379379,5397091
2015-12-16,95.868126,98.384270,95.462898,98.082710,78.616920,7811302
2015-12-17,98.195801,98.506783,96.367584,96.414703,77.279938,3976217
2015-12-18,96.207382,97.055519,95.604256,95.962364,76.917381,5824626
2015-12-21,96.801079,97.771729,96.056602,96.687996,77.498985,3249863
2015-12-22,96.998978,98.450241,96.603180,98.158104,78.677322,2708255
2015-12-23,98.657562,99.251259,98.224068,98.912003,79.281616,3873498
2015-12-24,98.827194,98.940277,98.459663,98.619865,79.047447,842443
2015-12-28,98.224068,98.591599,97.847115,98.318306,78.805740,1522849
2015-12-29,99.138176,99.628212,98.233490,99.270111,79.568642,2136828
2015-12-30,99.326653,99.364349,98.186371,98.440819,78.903946,2361154
2015-12-31,98.073288,98.553902,97.517288,97.602097,78.231705,2206545
2016-01-04,95.764465,96.725685,95.170761,96.659721,77.476311,3545286
2016-01-05,96.725685,97.620949,96.377007,97.451317,78.110832,2709847
2016-01-06,96.254501,96.593758,95.632530,96.348740,77.227074,2463555
2016-01-07,94.746696,95.283852,93.022141,93.512177,74.953468,3629647
2016-01-08,94.162422,94.558220,92.522682,92.758278,74.349174,4273444
2016-01-11,93.125801,93.691231,91.825325,92.748856,74.341614,3322021
2016-01-12,93.521599,93.851433,92.192848,93.455635,74.908127,3339106
2016-01-13,94.002213,94.143570,91.146812,91.504913,73.344574,3165714
2016-01-14,91.731087,93.747772,90.958336,93.050415,74.583321,5787486
2016-01-15,90.760437,91.966682,90.374062,91.655693,73.465416,5108884
2016-01-19,92.748856,92.871361,90.666199,91.721657,73.518280,3964332
2016-01-20,89.987686,91.307014,88.310249,90.694466,72.694954,5269117
2016-01-21,91.241051,92.013794,90.364639,91.014877,72.951759,3228216
2016-01-22,92.484985,92.852516,91.193932,92.183426,73.888412,3385372
2016-01-25,91.957253,92.089188,90.816978,90.920639,72.876236,2580493
2016-01-26,91.175079,92.956177,90.835823,92.833664,74.409607,3456999
2016-01-27,92.136307,93.088104,90.769859,91.372978,73.238815,5369607
2016-01-28,92.277664,92.871361,91.504913,92.324783,74.001709,4774517
2016-01-29,95.170761,97.470169,94.124725,97.253418,77.952171,7045898
2016-02-01,96.311043,97.253418,94.878624,96.951859,77.710503,5724136
2016-02-02,95.934090,95.934090,94.322624,94.859779,76.033592,4049648
2016-02-03,95.604256,96.386429,93.691231,96.273346,77.166618,3988526
2016-02-04,95.830429,97.743454,95.764465,96.640877,77.461220,5348066
2016-02-05,96.744537,96.838776,95.387512,96.245071,77.143974,3894085
2016-02-08,95.180191,95.783310,94.124725,95.679649,76.690781,3660845
2016-02-09,94.463982,97.583252,94.463982,96.801079,77.589622,3934196
2016-02-10,97.196877,98.544479,96.565483,96.687996,77.498985,4287876
2016-02-11,94.624184,96.414703,94.171844,95.689072,76.698334,5360163
2016-02-12,96.763382,97.799995,96.028328,97.517288,78.163689,4715517
2016-02-16,98.450241,99.892075,98.158104,98.902580,79.274063,5604757
2016-02-17,99.317230,100.457504,99.204140,100.014587,80.165367,6407513
2016-02-18,99.826111,100.890999,99.637634,100.334999,80.422195,4345814
2016-02-19,100.024010,101.324493,99.326653,101.088898,81.026466,4695568
2016-02-22,101.776833,105.414413,98.619865,99.109901,79.440231,16042499
2016-02-23,98.299461,99.703606,97.225151,97.668068,78.729973,8316619
2016-02-24,96.433548,97.752876,95.415779,97.347656,78.471703,7175464
2016-02-25,97.649216,98.252342,97.102638,98.186371,79.147751,5136686
2016-02-26,98.092133,98.506783,96.791656,97.093216,78.266602,8391961
2016-02-29,96.678566,97.526711,95.444054,95.510017,76.990349,5912277
2016-03-01,97.639793,99.769569,97.347656,99.769569,80.423965,8725160
2016-03-02,99.703606,101.456429,99.307800,100.353844,80.894981,4459887
2016-03-03,100.457504,101.974731,100.080551,101.757988,82.026848,5632240
2016-03-04,101.635475,102.662666,101.456429,101.918190,82.155983,3130591
2016-03-07,101.607208,102.003006,100.466927,101.277374,81.639404,4120321
2016-03-08,100.363266,101.560089,99.976891,101.381035,81.722977,3299843
2016-03-09,101.569511,102.672096,101.550667,102.653244,82.748497,3780118
2016-03-10,102.766335,103.030197,101.088898,102.116089,82.315498,3330935
2016-03-11,103.294060,103.557930,102.379959,102.747482,82.824448,2969297
2016-03-14,102.445923,103.180977,102.248024,102.257446,82.429451,2954971
2016-03-15,101.569511,102.511887,101.381035,102.417648,82.558617,2144787
2016-03-16,102.332840,103.341179,101.871071,102.935959,82.976418,2815218
2016-03-17,103.350609,104.933800,102.323418,104.622818,84.336166,4468907
2016-03-18,105.159973,105.678284,104.585121,105.640587,85.156601,5733580
2016-03-21,105.301331,106.281403,105.131699,106.187164,85.597168,3069893
2016-03-22,105.527496,106.931641,105.386147,106.469879,85.825089,3309924
2016-03-23,105.989265,106.234283,105.480377,105.744247,85.240150,2336005
2016-03-24,104.990341,105.527496,104.603966,104.905533,84.564072,2512261
2016-03-28,105.094002,105.423836,104.679359,105.169395,84.776741,2263953
2016-03-29,104.792442,105.725395,104.019691,105.452110,85.004677,2620604
2016-03-30,106.507576,106.507576,105.470955,105.706551,85.209770,2355742
2016-03-31,105.650009,106.036385,104.735901,105.593468,85.118614,2651696
2016-04-01,105.075157,106.912796,104.443764,106.705475,86.015007,2507698
2016-04-04,106.884521,106.884521,105.744247,106.064651,85.498405,2467163
2016-04-05,105.508652,105.989265,104.914955,105.339027,84.913498,3524806
2016-04-06,105.367294,106.677200,104.858414,106.545265,85.885841,2663474
2016-04-07,106.083504,106.121201,104.952652,105.235359,84.829956,2919317
2016-04-08,105.621735,106.479301,105.254211,105.659431,85.171806,2199011
2016-04-11,105.932724,106.366219,105.452110,105.489807,85.035049,2286343
2016-04-12,105.631165,106.818558,105.546349,106.516998,85.863068,2271169
2016-04-13,107.365135,108.326363,106.903374,108.128464,87.162056,3669228
2016-04-14,108.364059,108.364059,107.610153,107.921143,86.994926,1874513
2016-04-15,107.826904,108.279243,107.478226,108.024803,87.078491,2221401
2016-04-18,107.996529,108.863518,107.544189,108.806976,87.708992,2744334
2016-04-19,109.212196,109.843590,108.684464,109.127380,87.967285,2341629
2016-04-20,109.259315,109.306435,108.279243,108.543106,87.496307,2719609
2016-04-21,108.665619,109.494911,108.100189,108.298088,87.298805,3040818
2016-04-22,107.431107,108.929482,105.866753,107.591309,86.729073,5199930
2016-04-25,107.431107,108.373482,106.121201,106.724319,86.030174,3886338
2016-04-26,107.072998,108.326363,107.072998,108.185005,87.207649,3146720
2016-04-27,108.241547,109.268738,107.826904,108.788132,87.693832,3464957
2016-04-28,108.486565,109.805893,107.638428,108.015381,87.070908,3171551
2016-04-29,107.817474,108.382904,107.138969,107.685547,86.805031,2885360
2016-05-02,107.864594,108.250969,107.270897,108.062492,87.108871,3240844
2016-05-03,107.242630,108.316940,107.129539,107.911713,86.987328,2789539
2016-05-04,107.101273,107.412254,106.158890,106.422760,85.787102,3436731
2016-05-05,106.752594,107.478226,106.535843,107.072998,86.311249,3182799
2016-05-06,107.035301,107.431107,106.403908,107.223778,86.432800,3556959
2016-05-09,107.120117,107.431107,106.469879,106.639503,85.961830,2836229
2016-05-10,107.374557,108.844673,106.724319,108.316940,87.313980,3046123
2016-05-11,108.373482,108.665619,107.393410,107.534767,86.683472,1823684
2016-05-12,107.939987,108.175583,106.969337,107.610153,86.744255,2509821
2016-05-13,107.544189,107.902290,106.356789,106.677200,85.992195,2666658
2016-05-16,107.072998,108.495987,106.479301,108.222702,87.238037,2544202
2016-05-17,107.525337,107.892868,106.526421,107.082420,86.768402,2648831
2016-05-18,106.639503,107.242630,105.650009,106.196587,86.050621,2619331
2016-05-19,105.555771,106.074081,104.340103,105.847908,85.768074,3211132
2016-05-20,106.224861,107.515915,106.224861,106.696045,86.455315,4229300
2016-05-23,106.573540,106.856255,106.102348,106.300247,86.134605,1803735
2016-05-24,106.582962,108.100189,106.498146,107.779785,87.333511,2215247
2016-05-25,107.987106,108.609077,107.836327,108.109612,87.600746,1687539
2016-05-26,108.109612,108.637344,107.242630,107.610153,87.196030,2146378
2016-05-27,107.874023,107.996529,107.336868,107.742088,87.302940,1870375
2016-05-31,107.694969,107.987106,106.846832,107.270897,86.921135,3162743
2016-06-01,107.327438,107.563034,105.979843,107.374557,87.005127,2364868
2016-06-02,107.478226,107.930565,106.997612,107.930565,87.455658,2272336
2016-06-03,108.137886,108.354637,107.176659,108.175583,87.654221,2280826
2016-06-06,108.354637,109.099113,108.147308,108.882362,88.226906,1986358
2016-06-07,108.882362,109.202774,108.684464,108.703316,88.081833,2124943
2016-06-08,108.854095,109.683388,108.656197,109.381828,88.631584,2599063
2016-06-09,108.910637,110.540955,108.788132,110.456139,89.502106,2820099
2016-06-10,110.738853,110.738853,109.523186,109.956673,89.097382,3443735
2016-06-13,109.890709,109.918983,108.430023,108.495987,87.913811,2546324
2016-06-14,108.430023,108.929482,107.958832,108.854095,88.203979,2179486
2016-06-15,109.287590,109.805893,108.788132,108.863518,88.211609,3061298
2016-06-16,108.345207,109.325279,107.431107,109.117958,88.417793,2275626
2016-06-17,109.240471,109.466637,108.533684,109.240471,88.517059,3458272
2016-06-20,110.540955,111.700073,109.909561,110.314781,89.387581,3074456
2016-06-21,110.710579,110.842514,110.220543,110.540955,89.570839,2461220
2016-06-22,110.682304,111.021561,109.730507,109.853012,89.013397,2329744
2016-06-23,110.738853,110.917900,109.918983,110.559799,89.586113,2130249
2016-06-24,106.959915,108.693893,106.149467,106.469879,86.272064,3887399
2016-06-27,105.612312,105.612312,103.850067,105.037460,85.111389,4130826
2016-06-28,106.790283,107.525337,105.904449,107.487648,87.096764,3866813
2016-06-29,107.770355,108.335785,106.658356,107.864594,87.402214,4262302
2016-06-30,108.373482,109.636269,108.005951,109.617416,88.822517,3584124
2016-07-01,109.928406,110.842514,109.560875,109.787048,88.959930,2369537
2016-07-05,109.193352,109.749352,108.062492,108.590225,87.990181,2564470
2016-07-06,108.825821,110.126305,107.817474,110.088608,89.204292,3287640
2016-07-07,110.050911,110.409019,108.891792,109.419518,88.662140,2271381
2016-07-08,110.324203,112.133568,110.192268,111.992210,90.746796,2679286
2016-07-11,112.105301,112.180687,111.313698,111.737770,90.540604,3148842
2016-07-12,112.152420,112.812080,111.935669,112.161842,90.884239,2438830
2016-07-13,112.717842,112.896896,111.916824,112.190109,90.907143,2017555
2016-07-14,112.774384,113.104218,112.048759,112.227806,90.937706,2563727
2016-07-15,112.774384,112.830933,112.086449,112.359741,91.044609,2391821
2016-07-18,112.359741,112.378586,111.841431,112.039330,90.784966,1324309
2016-07-19,111.756622,112.548218,111.521027,112.472824,91.136200,2316374
2016-07-20,112.557640,113.085373,112.322044,112.972282,91.540939,2307354
2016-07-21,112.906319,113.085373,111.483330,111.822586,90.609337,4358654
2016-07-22,107.101273,109.315857,106.206009,108.948334,88.280342,9727943
2016-07-25,108.439445,109.739929,108.439445,108.835243,88.188721,5731245
2016-07-26,108.646774,109.278168,107.996529,109.268738,88.539970,3236281
2016-07-27,109.391251,109.702232,107.996529,108.335785,87.783981,3657237
2016-07-28,108.373482,109.240471,107.657272,109.089691,88.394905,3159560
2016-07-29,108.938911,109.787048,108.420601,109.626846,88.830147,3119661
2016-08-01,109.268738,109.636269,108.665619,109.202774,88.486526,2409330
2016-08-02,108.844673,109.070839,108.411179,108.797554,88.158173,2220659
2016-08-03,108.806976,109.428947,108.495987,109.325279,88.585793,2111255
2016-08-04,109.353554,109.871864,109.221619,109.268738,88.539970,1369196
2016-08-05,109.598572,110.164001,109.221619,109.664536,88.860664,3117326
2016-08-08,109.881287,110.041489,109.042572,109.353554,88.608696,2132265
2016-08-09,109.532608,109.862442,109.240471,109.560875,88.776695,1765427
2016-08-10,109.617416,109.787048,108.910637,109.344131,88.601051,1876211
2016-08-11,109.739929,109.909561,109.391251,109.664536,88.860664,1662072
2016-08-12,109.457214,109.617416,109.155655,109.410095,88.654526,1447614
2016-08-15,109.787048,110.277084,109.344131,110.107460,89.219604,1961102
2016-08-16,109.721085,110.682304,109.466637,109.532608,88.753754,2056287
2016-08-17,108.938911,109.193352,108.448868,109.108536,88.865097,1795564
2016-08-18,108.948334,109.297012,108.788132,109.183929,88.926476,1885337
2016-08-19,108.816399,109.551453,108.816399,109.419518,89.118362,1690935
2016-08-22,109.231049,110.201698,109.070839,109.862442,89.479126,2354893
2016-08-23,110.182846,110.588074,110.116882,110.267662,89.809151,1922265
2016-08-24,110.069763,110.333626,109.824745,110.032066,89.617249,1834402
2016-08-25,109.918983,110.474983,109.664536,110.041489,89.624931,1935104
2016-08-26,110.380745,110.965019,109.664536,110.022644,89.609612,1807979
2016-08-29,110.022644,110.616341,109.796471,110.418442,89.931938,2550038
2016-08-30,110.446716,110.644615,110.116882,110.277084,89.816795,2065944
2016-08-31,110.220543,110.380745,109.702232,109.984947,89.578880,2178213
2016-09-01,109.692810,110.050911,108.505417,109.438370,89.133720,3043471
2016-09-02,109.560875,110.201698,109.136810,109.683388,89.333260,2625592
2016-09-06,109.739929,109.871864,108.382904,109.042572,88.811340,2328365
2016-09-07,108.863518,109.061417,107.176659,107.657272,87.683083,3625084
2016-09-08,107.431107,107.930565,106.988182,107.261475,87.360710,2869443
2016-09-09,106.356789,106.818558,105.320175,105.555771,85.971466,4815265
2016-09-12,104.858414,107.440529,104.603966,106.950493,87.107430,4041902
2016-09-13,106.328522,106.460457,104.877258,105.169395,85.656761,4113848
2016-09-14,105.320175,107.694969,105.320175,107.459373,87.521866,4646224
2016-09-15,107.223778,108.835243,107.110695,108.637344,88.481308,3466125
2016-09-16,108.156731,108.241547,106.950493,107.676125,87.698425,4156612
2016-09-19,108.250969,109.014297,107.864594,107.939987,87.913315,3136533
2016-09-20,108.703316,109.117958,108.119041,108.250969,88.166641,3034026
2016-09-21,108.335785,109.268738,107.892868,109.249893,88.980217,2587709
2016-09-22,109.692810,110.512680,109.504333,110.098030,89.670982,3073395
2016-09-23,108.665619,109.692810,108.627922,109.297012,89.018593,2491887
2016-09-26,109.070839,110.116882,108.741013,109.259315,88.987877,2765875
2016-09-27,109.004875,109.739929,108.580803,109.513756,89.195091,3914777
2016-09-28,109.758774,110.503258,109.183929,110.409019,89.924286,3534887
2016-09-29,110.936752,110.936752,109.447792,109.494911,89.179764,1991770
2016-09-30,109.918983,110.258240,109.362976,109.871864,89.486755,4072357
2016-10-03,109.718315,110.173065,109.358299,109.945686,89.546936,2619065
2016-10-04,109.869896,109.879372,108.553017,108.837234,88.644096,2662235
2016-10-05,109.045662,109.727791,109.045662,109.197243,88.937325,2240766
2016-10-06,109.254089,109.794106,108.950920,109.528831,89.207382,3452926
2016-10-07,101.390678,101.902267,99.713776,101.314880,82.517426,21581502
2016-10-10,101.627525,102.281227,100.623283,101.182243,82.409378,8890760
2016-10-11,100.831711,100.831711,99.723251,100.215897,81.622330,8810646
2016-10-12,100.263268,102.082275,100.168526,101.779106,82.895515,7647356
2016-10-13,101.210670,102.963356,100.945396,102.565453,83.535942,5402579
2016-10-14,104.204453,104.280243,102.840195,103.266525,84.106964,5601756
2016-10-17,103.133888,103.645485,102.281227,102.357025,83.366219,3822675
2016-10-18,103.418106,103.427582,102.044380,102.195961,83.235001,3439732
2016-10-19,102.328598,102.944412,101.760162,102.574921,83.543671,3299770
2016-10-20,102.394920,102.868614,102.053856,102.451759,83.443359,4307265
2016-10-21,102.281227,103.834969,101.854897,103.228630,84.076096,3560695
2016-10-24,103.673904,104.327614,103.086517,103.512848,84.307594,3647564
2016-10-25,103.740227,103.749702,102.897041,103.332840,84.160965,3729156
2016-10-26,103.133888,103.977074,102.830719,103.673904,84.438744,2252165
2016-10-27,103.986549,104.109711,102.717033,103.105469,83.975792,3073783
2016-10-28,103.645485,105.047638,103.200211,104.052864,84.747383,3038529
2016-10-31,104.176025,104.374985,103.768646,103.910759,84.631653,2683557
2016-11-01,104.090759,104.393929,103.105469,103.408638,84.222687,3094260
2016-11-02,103.636009,103.636009,102.328598,102.754929,83.690277,4897090
2016-11-03,103.029678,103.095993,102.328598,102.650719,83.605408,3949549
2016-11-04,102.773880,103.456001,102.328598,102.555977,83.528244,3314653
2016-11-07,104.052864,105.483437,103.692856,105.398170,85.843109,4931923
2016-11-08,105.161324,105.644501,104.697098,104.801315,85.356987,3464115
2016-11-09,105.208694,107.188759,103.958130,106.449783,86.699600,4821093
2016-11-10,107.160339,108.477219,106.885590,107.236130,87.340050,6917463
2016-11-11,107.160339,107.539299,106.809799,107.292969,87.386360,3478681
2016-11-14,107.643509,108.344589,106.904541,107.094017,87.224327,2825736
2016-11-15,107.112968,107.472977,106.193993,107.169807,87.286041,2949126
2016-11-16,106.554001,106.895065,105.985558,106.364517,87.142456,2609776
2016-11-17,106.667686,107.425606,106.525581,107.150864,87.786705,2316869
2016-11-18,107.037170,107.056122,106.004509,106.193993,87.002754,3038951
2016-11-21,106.336098,106.563477,105.900291,106.307678,87.095879,2663396
2016-11-22,106.610847,106.828751,106.203461,106.601372,87.336494,2272115
2016-11-23,106.838219,107.965630,106.838219,107.842461,88.353310,2772643
2016-11-25,107.927727,108.344589,107.548767,108.164581,88.617203,877455
2016-11-28,108.155106,108.183525,107.378235,107.861412,88.368820,2762721
2016-11-29,107.491928,108.467751,107.330872,107.378235,87.972977,3519741
2016-11-30,107.747726,108.704597,107.321396,107.946678,88.438698,6224197
2016-12-01,107.283501,108.050896,106.876114,107.690880,88.229111,4018686
2016-12-02,107.965630,108.003525,106.269783,106.535049,87.282188,3732850
2016-12-05,106.961380,107.814041,106.781380,106.942436,87.615936,3194324
2016-12-06,107.378235,107.681404,106.734009,107.122437,87.763412,2686935
2016-12-07,107.406662,110.665710,106.876114,110.381493,90.433495,7870810
2016-12-08,110.220436,110.978355,108.789864,109.566734,89.765953,5501376
2016-12-09,109.102509,110.305702,108.979340,110.116219,90.216156,3077161
2016-12-12,110.277283,111.234154,109.595154,111.234154,91.132065,6016682
2016-12-13,111.442581,112.172081,111.129936,111.878387,91.659859,4491454
2016-12-14,111.641533,112.380508,110.163589,110.381493,90.433495,4385479
2016-12-15,110.192017,111.309944,110.040428,110.220436,90.301544,4205618
2016-12-16,107.662460,111.395210,107.624565,110.258331,90.332565,8058165
2016-12-19,110.845718,111.849960,110.656242,111.120468,91.038902,3795654
2016-12-20,111.272049,111.878387,111.129936,111.518372,91.364914,2871017
2016-12-21,111.395210,111.698380,110.779404,111.035202,90.969063,2903633
2016-12-22,111.167831,111.319420,110.476234,110.769928,90.751747,3421261
2016-12-23,111.139412,111.272049,110.580444,110.836243,90.806053,1505279
2016-12-27,110.855194,111.366791,110.656242,110.874146,90.837112,1210577
2016-12-28,111.016251,111.196259,109.614098,109.661469,89.843590,2743722
2016-12-29,110.012009,110.447815,109.708839,109.898323,90.037666,1759554
2016-12-30,110.087799,110.087799,109.348831,109.756210,89.921219,2412288
2017-01-03,110.495178,110.750977,109.481468,110.068855,90.177361,3192740
2017-01-04,110.504654,110.817299,109.926743,110.372017,90.425735,3104921
2017-01-05,110.400444,111.281525,110.106750,110.618347,90.627525,2798292
2017-01-06,110.788879,112.465775,110.381493,112.295242,92.001381,3814337
2017-01-09,112.048920,112.162605,111.366791,111.366791,91.240761,4077584
2017-01-10,111.158363,112.209976,110.732033,111.651009,91.473572,3960210
2017-01-11,111.357315,111.906807,110.968880,111.802589,91.597763,3047395
2017-01-12,111.802589,111.802589,110.523605,111.442581,91.302818,3337030
2017-01-13,111.480476,112.086815,111.423630,111.859436,91.644318,3154214
2017-01-17,111.243629,111.868912,110.855194,111.063622,90.992332,3547501
2017-01-18,111.338364,112.077339,111.044678,111.849960,91.636581,2433610
2017-01-19,112.105759,112.503670,111.139412,111.707855,91.520164,2547184
2017-01-20,112.209976,112.209976,110.959412,111.622589,91.450302,3106504
2017-01-23,111.688904,112.029968,110.826775,111.234154,91.132065,2399305
2017-01-24,111.452057,111.868912,111.101517,111.755226,91.558975,2695801
2017-01-25,112.048920,112.418404,111.527847,111.679428,91.496857,4532619
2017-01-26,111.774170,111.897331,111.110992,111.764694,91.566711,6522276
2017-01-27,112.408928,112.844734,110.959412,112.191025,91.916016,4088878
2017-01-30,111.878387,112.854202,111.565742,112.844734,92.451584,3335447
2017-01-31,112.721573,112.958420,111.196259,112.096291,91.838394,4479421
2017-02-01,112.465775,112.674202,111.262573,111.793121,91.590012,2532829
2017-02-02,111.395210,111.916283,110.968880,111.783646,91.582237,2336713
2017-02-03,112.285767,113.081581,111.707855,112.920525,92.513664,3019213
2017-02-06,112.768944,113.299484,112.607880,113.062637,92.630104,3172897
2017-02-07,113.384750,113.839500,113.138428,113.422646,92.925049,2690418
2017-02-08,113.327904,113.687920,113.034210,113.432121,92.932816,1925376
2017-02-09,113.432121,114.606895,113.346855,114.313202,93.654655,2306103
2017-02-10,114.436363,115.582718,114.388992,115.440605,94.578323,3789638
2017-02-13,115.800621,117.297508,115.677460,117.117500,95.952187,4670681
2017-02-14,117.003815,117.439621,116.662750,117.117500,95.952187,3284043
2017-02-15,116.871178,117.922791,116.691170,117.742790,96.464455,3399306
2017-02-16,117.761734,117.894371,116.814339,117.629097,96.371323,4548029
2017-02-17,117.401726,118.008057,116.833282,118.008057,96.681793,2869223
2017-02-21,118.235435,118.424911,117.666992,118.150169,96.798195,2500741
2017-02-22,117.486992,118.491234,117.022766,118.462807,97.574669,3378723
2017-02-23,118.424911,118.822823,117.524887,118.254379,97.402977,3158330
2017-02-24,117.704887,118.453339,117.117500,118.453339,97.566849,2664241
2017-02-27,118.045952,118.519653,117.704887,118.320702,97.457603,4313176
2017-02-28,118.424911,119.107040,117.714363,117.951218,97.153290,3064072
2017-03-01,118.765976,120.708145,118.765976,120.556564,99.299232,4190313
2017-03-02,120.092339,120.651306,119.201782,119.684952,98.581299,3182607
2017-03-03,119.647057,119.969177,119.097565,119.571266,98.487679,2061855
2017-03-06,118.529129,119.902855,118.443863,119.448105,98.386215,3190840
2017-03-07,119.343895,119.760750,118.974403,119.618637,98.526711,2166774
2017-03-08,119.760750,120.518669,119.391258,119.931282,98.784187,3293015
2017-03-09,119.883911,120.537613,119.125992,119.552322,98.472054,2616954
2017-03-10,120.433403,120.660774,119.836540,120.357613,99.135338,2834919
2017-03-13,120.433403,120.651306,119.836540,120.063911,98.893425,3291220
2017-03-14,118.462807,119.931282,117.591202,119.097565,98.097488,2087821
2017-03-15,119.684952,120.812363,119.372314,120.291290,99.080719,3801248
2017-03-16,120.774467,120.774467,119.580742,119.713379,98.604729,2894978
2017-03-17,120.177605,120.622879,119.656532,120.471298,99.229012,4052990
2017-03-20,120.319710,120.480774,119.666008,119.846016,98.713982,2143552
2017-03-21,120.376556,120.603935,118.813347,119.050201,98.058479,2495463
2017-03-22,119.249153,119.315468,117.979637,118.898613,97.933632,2218283
2017-03-23,119.002831,119.353363,118.548073,118.917564,97.949226,1868589
2017-03-24,118.983879,119.400734,117.742790,118.207008,97.363968,2345685
2017-03-27,117.259613,118.263855,116.577484,117.951218,97.153290,3513091
2017-03-28,117.676468,119.182831,117.041710,118.690186,97.761948,2083388
2017-03-29,118.387016,118.879669,118.207008,118.709137,97.777542,1626875
2017-03-30,118.548073,119.107040,118.415443,118.813347,97.863411,1879989
2017-03-31,118.529129,118.945984,118.140694,118.301750,97.442001,2815919
2017-04-03,118.169113,118.642815,116.804863,117.790154,97.020607,3066606
2017-04-04,117.922791,118.178589,117.335403,117.648048,96.903572,1867322
2017-04-05,117.979637,118.538605,117.003815,117.070129,96.427551,2729155
2017-04-06,117.231194,117.790154,116.852234,117.316460,96.630447,2192001
2017-04-07,117.449097,117.922791,117.089081,117.733315,96.973816,1967175
2017-04-10,117.723839,118.585976,117.695419,117.913322,97.122063,2394027
2017-04-11,117.884895,118.225960,117.108032,117.989113,97.184494,2013090
2017-04-12,118.102798,118.197540,116.501694,116.672226,96.099808,2871545
2017-04-13,116.463799,116.984863,116.046944,116.056419,95.592560,1770848
2017-04-17,116.530113,116.937500,115.961678,116.937500,96.318283,1960314
2017-04-18,116.719597,117.183823,116.236420,116.605911,96.045189,1758604
2017-04-19,117.288033,117.288033,116.189049,116.283791,95.779861,1941948
2017-04-20,116.956444,118.045952,116.558540,117.259613,96.583611,4198758
2017-04-21,120.395508,121.551331,119.467056,120.395508,99.166580,6630678
2017-04-24,121.598701,123.862984,121.598701,122.962959,101.281303,5954195
2017-04-25,123.124016,124.431427,121.920815,122.498734,100.898933,6826900
2017-04-26,122.546104,123.948250,122.347145,123.256653,101.523216,4951344
2017-04-27,123.484024,123.645081,122.621895,123.048225,101.351547,3626032
2017-04-28,127.662056,127.898911,124.052467,124.241943,102.334770,6311489
2017-05-01,124.137733,124.952492,123.635612,124.014572,102.147507,3339352
2017-05-02,123.853516,124.649330,123.834564,124.289314,102.373787,4168042
2017-05-03,123.645081,124.611435,123.285072,124.175629,102.280167,4746573
2017-05-04,124.384056,124.507217,123.777718,124.298790,102.381607,2984275
2017-05-05,124.374580,124.819862,123.872459,124.497742,102.545471,4679759
2017-05-08,124.554588,124.554588,123.938782,124.232475,102.326981,2470131
2017-05-09,124.308266,125.160919,124.099838,124.971443,102.935669,3078955
2017-05-10,124.791435,125.113556,124.308266,124.810387,102.803009,2561011
2017-05-11,124.943024,125.530411,123.900879,124.961967,102.927826,2194640
2017-05-12,124.781967,124.848282,124.365105,124.573540,102.607903,2287737
2017-05-15,124.658798,125.123024,124.450371,125.037758,102.990280,2438782
2017-05-16,125.037758,125.293556,124.488274,125.066185,103.013687,1985857
2017-05-17,124.440903,124.440903,123.029274,123.105064,101.911743,3310959
2017-05-18,122.972427,124.279839,122.214508,123.559822,102.288200,2551617
2017-05-19,124.459846,125.066185,123.825089,124.488274,103.056831,2637008
2017-05-22,125.340927,125.416718,124.554588,124.905128,103.401901,2307475
2017-05-23,124.800911,125.416718,124.440903,124.914597,103.409760,2418199
2017-05-24,125.303032,125.691467,124.810387,125.189346,103.637184,2287420
2017-05-25,125.899895,126.885193,125.208290,126.714661,104.899933,2641231
2017-05-26,126.667290,127.065193,125.852524,126.240959,104.507782,2841780
2017-05-30,125.719887,126.212540,125.653572,125.937790,104.256790,2848429
2017-05-31,126.449387,126.458862,125.966209,125.994637,104.303871,2298397
2017-06-01,126.534653,126.818871,125.833580,126.430435,104.664612,2424426
2017-06-02,126.600967,127.519951,126.373596,126.979927,105.119514,2778659
2017-06-05,126.885193,127.093620,126.449387,126.468330,104.696014,2622548
2017-06-06,126.420967,126.638863,125.710419,125.757782,104.107780,2089615
2017-06-07,125.871475,126.326225,125.568306,125.738838,104.092102,2190734
2017-06-08,125.738838,126.563072,125.198822,126.525177,104.743065,2721239
2017-06-09,126.553596,127.027298,125.956741,126.752556,104.931290,2451026
2017-06-12,126.316750,127.178886,125.625153,126.250435,104.515587,2354657
2017-06-13,126.724129,127.349419,126.345169,127.320992,105.401878,2844313
2017-06-14,127.387314,127.756798,126.790451,127.178886,105.284233,2205511
2017-06-15,126.335701,127.529419,126.335701,127.396790,105.464630,2974564
2017-06-16,127.576790,128.211548,127.178886,127.548370,105.590118,3673319
2017-06-19,128.135757,128.751572,127.908379,128.694717,106.539085,2982481
2017-06-20,128.126282,128.315765,127.652580,127.813644,105.809715,2037261
2017-06-21,127.936806,128.069443,126.866241,127.188354,105.292076,2673213
2017-06-22,127.529419,127.529419,126.667290,127.017822,105.150887,1983746
2017-06-23,126.989403,127.197830,126.619919,126.942032,105.088165,6667199
2017-06-26,127.330467,127.908379,127.008354,127.197830,105.299919,1325207
2017-06-27,127.311523,127.425209,125.871475,125.937790,104.256790,2052250
2017-06-28,127.150459,127.311523,126.477806,126.923088,105.072464,2543806
2017-06-29,126.923088,127.093620,124.507217,125.359879,103.778397,1935615
2017-06-30,126.402016,126.828346,125.710419,126.278854,104.539139,1866161
2017-07-03,126.885193,127.368362,126.506233,126.676765,104.868553,954191
2017-07-05,126.572548,126.960983,126.240959,126.762032,104.939133,1975091
2017-07-06,126.307274,127.055725,126.193588,126.354645,104.601891,1510029
2017-07-07,126.667290,127.557846,126.487282,127.065193,105.190109,1826579
2017-07-10,127.027298,128.401031,126.780975,127.605217,105.637184,2165296
2017-07-11,127.804169,127.804169,126.468330,127.159935,105.268547,2050033
2017-07-12,127.823112,128.126282,127.425209,127.681007,105.699905,1786364
2017-07-13,127.747322,128.410507,127.567322,128.211548,106.139099,2581277
2017-07-14,128.382080,128.779984,128.022064,128.685242,106.531258,1894238
2017-07-17,128.770508,128.770508,127.898911,128.145233,106.084198,1507706
2017-07-18,127.993645,128.221024,127.671532,128.078918,106.029305,1795230
2017-07-19,128.372604,129.007370,128.183121,128.988419,106.782249,2326896
2017-07-20,129.016846,129.234741,127.766273,127.851540,105.841095,3107243
2017-07-21,126.667290,130.191620,126.667290,129.177902,106.939110,3745095
2017-07-24,129.604233,130.674789,129.547379,130.466354,108.005753,4095316
2017-07-25,130.741104,130.741104,129.338959,130.030563,107.644958,3244566
2017-07-26,130.096878,131.394806,129.661072,131.205338,108.617500,2829008
2017-07-27,131.072693,131.404282,129.177902,129.774765,107.433212,3874185
2017-07-28,129.774765,130.058975,129.026306,129.594757,107.284203,1949336
2017-07-31,130.191620,130.835846,128.865250,128.959991,106.758713,4073151
2017-08-01,129.177902,129.850555,128.675781,129.803177,107.456734,3029346
2017-08-02,130.134766,131.584290,129.661072,131.423233,108.797913,5095317
2017-08-03,131.290604,132.219055,130.750580,132.219055,109.456703,2697173
2017-08-04,132.219055,132.702225,131.802200,132.673798,109.833176,3688730
2017-08-07,132.834854,132.834854,130.684265,131.650604,108.986130,3738761
2017-08-08,131.536926,132.294846,131.214798,131.375870,108.758690,2182607
2017-08-09,131.584290,131.982193,130.930588,131.688507,109.017509,2066288
2017-08-10,131.053741,131.205338,129.831604,130.021088,107.637131,3234222
2017-08-11,129.632645,130.333725,129.386322,129.405273,107.127335,2477203
2017-08-14,129.935822,131.385330,129.793701,130.996902,108.444977,2449970
2017-08-15,131.139008,131.347443,130.049500,130.191620,107.778290,1827635
2017-08-16,130.087402,131.262177,129.964233,130.816895,108.822556,2112942
2017-08-17,130.400040,130.627411,128.704193,128.704193,107.065033,3242983
2017-08-18,128.590515,128.751572,127.747322,127.851540,106.355751,3142920
2017-08-21,127.842064,128.628403,127.425209,128.438919,106.844360,1596581
2017-08-22,128.855774,129.945297,128.742096,129.698959,107.892555,1768948
2017-08-23,129.272629,129.812653,128.997894,129.234741,107.506401,1318557
2017-08-24,129.443161,129.841080,129.026306,129.357895,107.608849,2027023
2017-08-25,130.096878,130.428467,129.604233,129.623169,107.829521,2107348
2017-08-28,129.926346,130.238983,129.395798,129.670547,107.868927,1600170
2017-08-29,129.064209,130.475830,128.865250,130.390564,108.467873,1793753
2017-08-30,130.390564,130.864273,129.869492,130.779007,108.791039,1883155
2017-08-31,131.129532,131.271652,130.352676,130.996902,108.972305,3151047
2017-09-01,131.015854,131.243225,130.390564,130.390564,108.467873,1856978
2017-09-05,130.163193,130.371613,129.007370,129.329483,107.585205,3003696
2017-09-06,130.011612,130.011612,129.007370,129.367371,107.616722,2575155
2017-09-07,129.244217,130.191620,129.149475,129.869492,108.034409,2597110
2017-09-08,129.632645,130.826370,129.481064,130.333725,108.420624,3092571
2017-09-11,131.139008,132.436951,131.139008,131.688507,109.547623,2462847
2017-09-12,131.631668,131.754822,131.072693,131.385330,109.295395,1691262
2017-09-13,131.271652,131.480072,130.513733,130.646362,108.680695,2157063
2017-09-14,130.513733,130.513733,129.661072,129.992661,108.136879,3612521
2017-09-15,130.617950,132.152725,130.381088,131.641129,109.508186,4849170
2017-09-18,131.972717,132.010620,130.068451,130.428467,108.499443,3039056
2017-09-19,130.627411,130.816895,129.964233,130.504257,108.562454,3611466
2017-09-20,130.797943,131.517975,130.570572,131.394806,109.303307,3846741
2017-09-21,131.574814,133.905426,131.508499,133.450668,111.013504,4131943
2017-09-22,133.213821,134.587540,133.119080,134.293854,111.714897,3079166
2017-09-25,134.293854,134.445435,133.090652,133.403290,110.974083,3107032
2017-09-26,133.640152,133.971741,132.778015,132.863281,110.524887,2492930
2017-09-27,133.156967,133.185394,132.143250,132.228516,109.996811,3208995
2017-09-28,132.181152,133.185394,131.963257,133.185394,110.792854,2198228
2017-09-29,132.417999,134.312805,131.877991,134.284378,111.707047,3877562
2017-10-02,134.350693,135.165466,134.284378,135.155991,112.432091,2662130
2017-10-03,135.193878,135.620209,134.748611,135.165466,112.439964,2365317
2017-10-04,135.354935,135.534943,134.615967,135.051773,112.345413,1886638
2017-10-05,135.430725,136.188644,134.928604,135.544418,112.755257,2370173
2017-10-06,135.298096,136.103378,135.146515,136.065491,113.188713,2285837
2017-10-09,137.533951,137.657120,135.828644,136.046539,113.172928,2557844
2017-10-10,136.434982,136.614975,132.825378,135.771790,112.944389,4324259
2017-10-11,135.582321,136.179184,134.881241,135.212830,112.479378,3421155
2017-10-12,135.184402,135.876007,135.184402,135.658112,112.849808,3170785
2017-10-13,136.747620,136.946564,135.733902,135.828644,112.991669,2277392
2017-10-16,135.828644,136.311813,135.487579,136.188644,113.291122,2113048
2017-10-17,135.951797,136.321289,135.013870,135.885483,113.038918,2570827
2017-10-18,135.847595,136.150757,135.572845,135.894958,113.046837,1830379
2017-10-19,135.866531,136.264450,135.118088,136.065491,113.188713,2768737
2017-10-20,137.505539,138.282410,135.838120,137.704483,114.552116,3556578
2017-10-23,138.339249,138.784531,137.695023,138.244507,115.001358,3052778
2017-10-24,138.879272,139.267700,138.206619,138.433990,115.158981,3503486
2017-10-25,138.756104,138.794006,137.704483,138.310822,115.056534,2934771
2017-10-26,138.794006,138.794006,137.552902,138.168716,114.938293,2265887
2017-10-27,138.187668,138.699265,137.875015,138.509781,115.222008,1973297
2017-10-30,138.017136,138.083450,136.927628,137.031830,113.992554,1905849
2017-10-31,136.757095,137.439224,136.510773,136.577087,113.614235,2578849
2017-11-01,136.984467,137.552902,136.643402,137.306580,114.221115,2281720
2017-11-02,137.107635,137.761337,136.292862,137.761337,114.599457,2052144
2017-11-03,137.751862,137.818176,137.164474,137.344482,114.252678,1502745
2017-11-06,137.837128,138.377151,137.515015,137.941345,114.749138,2152102
2017-11-07,138.140289,139.305588,138.045547,139.239273,115.828888,2759027
2017-11-08,139.087692,139.750870,138.831894,139.135056,115.742165,2654319
2017-11-09,138.576096,138.746628,137.012894,137.789749,114.623062,2484802
2017-11-10,137.221313,138.917160,136.804459,138.083450,114.867363,3069667
2017-11-13,138.007660,139.258224,137.609756,139.002426,115.631844,2125925
2017-11-14,138.415039,139.836136,138.083450,139.570862,116.104721,2439732
2017-11-15,138.964539,139.675079,138.519257,138.670837,115.356018,2661497
2017-11-16,138.623474,139.447708,138.329773,139.154007,116.350151,2331541
2017-11-17,138.680313,139.267700,138.509781,138.784531,116.041214,1728310
2017-11-20,138.718201,140.499313,138.718201,140.158249,117.189812,3751639
2017-11-21,140.451950,141.806732,140.451950,141.494095,118.306717,3196329
2017-11-22,141.626724,141.929886,140.954071,141.153030,118.021568,1916193
2017-11-24,141.513031,142.517273,141.437241,141.787781,118.552277,1262720
2017-11-27,142.024628,143.152039,141.835144,142.517273,119.162231,2411444
2017-11-28,143.123611,145.075256,143.076248,144.724716,121.007927,3859619
2017-11-29,144.999466,145.482635,144.374176,145.179474,121.388153,3531985
2017-11-30,145.833176,148.457474,145.359482,147.756393,123.542809,5996521
2017-12-01,147.510071,148.059570,144.838409,146.278458,122.307037,3180813
2017-12-04,147.623764,147.974304,145.681595,145.681595,121.808022,3430866
2017-12-05,145.738434,146.676361,144.971039,145.008942,121.245575,2725883
2017-12-06,145.226837,145.653168,144.772095,144.952087,121.198044,3057211
2017-12-07,144.952087,145.700546,144.791031,145.217361,121.419868,2158330
2017-12-08,145.814224,146.003708,145.018417,145.577377,121.720894,1564705
2017-12-11,144.933151,145.823700,144.895248,145.151047,121.364403,3824892
2017-12-12,145.340530,146.486877,144.952087,145.653168,121.784279,3123604
2017-12-13,145.378418,148.296417,145.065781,147.604813,123.416054,5345370
2017-12-14,147.699554,148.201675,145.113159,145.169998,121.380249,3316131
2017-12-15,146.060547,146.505829,145.501587,146.136337,122.188217,4532302
2017-12-18,146.846893,147.140594,145.899490,146.458466,122.457565,3773277
2017-12-19,146.988998,147.244797,145.918442,146.003708,122.077354,4487337
2017-12-20,146.790054,147.026901,145.994232,146.591095,122.568481,3781616
2017-12-21,146.979523,147.102692,145.425797,145.634216,121.768379,5128144
2017-12-22,146.098450,146.174240,145.075256,145.416321,121.586212,2271481
2017-12-26,145.378418,146.306870,145.378418,145.672119,121.800102,1485540
2017-12-27,145.927917,145.994232,145.255264,145.852127,121.950577,1862045
2017-12-28,145.908966,146.268982,145.548950,146.022659,122.093185,1745938
2017-12-29,146.250031,146.581619,145.293152,145.293152,121.483231,1761981
2018-01-02,145.728958,145.899490,144.677353,145.624756,121.760483,3022590
2018-01-03,144.857361,145.520538,143.815216,144.421555,120.754478,6689471
2018-01-04,144.772095,146.373199,144.677353,146.373199,122.386314,4746151
2018-01-05,146.827942,148.031143,146.382675,147.396378,123.241798,2616637
2018-01-08,147.794296,147.926926,146.117401,146.600571,122.576393,2892022
2018-01-09,146.856369,148.523788,146.666885,147.803772,123.582436,3580117
2018-01-10,147.955353,148.855377,146.865845,148.826965,124.437927,2704351
2018-01-11,148.855377,149.689087,148.751160,149.613297,125.095375,2458731
2018-01-12,150.238586,151.100723,149.499619,150.702805,126.006378,2473719
2018-01-16,150.769135,151.441772,149.006958,149.584885,125.071655,3612416
2018-01-17,149.395401,150.589127,149.168015,150.077530,125.483559,3338719
2018-01-18,150.541748,151.252304,149.471191,149.480667,124.984505,2803253
2018-01-19,150.077530,150.352264,149.310135,150.342804,125.705376,3974565
2018-01-22,150.352264,150.608063,149.698563,150.200684,125.586479,3450815
2018-01-23,150.627014,151.906006,150.409119,151.195450,126.418274,4119066
2018-01-24,151.801788,152.171280,150.759659,151.555466,126.719299,2802198
2018-01-25,152.152328,153.374481,151.271255,153.327103,128.200577,4309798
2018-01-26,154.151337,156.415634,152.531296,156.311417,130.695908,5298505
2018-01-29,156.178772,156.444046,152.910248,152.976562,127.907494,3873551
2018-01-30,151.915482,152.531296,149.698563,150.608063,125.927124,4104077
2018-01-31,151.574417,152.086014,150.920715,151.271255,126.481674,3472559
2018-02-01,150.636490,152.351288,150.087006,151.252304,126.465828,2906377
2018-02-02,150.342804,151.119659,148.163773,148.410110,124.089417,4442372
2018-02-05,147.273224,149.234344,139.258224,142.270950,118.956291,6092679
2018-02-06,139.911926,144.421555,139.447708,143.436249,119.930611,5614528
2018-02-07,143.426788,146.401611,143.066772,143.237305,119.764282,3348007
2018-02-08,143.521515,143.521515,138.055023,138.339249,115.668884,3549295
2018-02-09,139.286652,141.456192,136.283386,140.120361,117.158165,5706042
2018-02-12,141.200394,142.706757,139.343491,141.607773,118.401817,3647459
2018-02-13,141.029861,141.588821,140.309845,140.688797,117.633369,2971609
2018-02-14,140.035095,142.839401,139.315063,142.469910,119.122620,3124659
2018-02-15,143.606781,145.766861,142.858337,145.350006,121.530754,3837136
2018-02-16,145.037354,146.875320,144.753143,145.927917,122.013931,2956620
2018-02-20,144.866837,147.150055,144.535233,146.221603,122.259529,3919994
2018-02-21,146.827942,148.609055,145.927917,145.946869,122.029778,4280033
2018-02-22,145.908966,146.657410,144.753143,145.245789,122.033791,2347901
2018-02-23,145.747910,147.102692,145.539490,146.960587,123.474556,3341252
2018-02-26,147.396378,148.476425,146.951111,148.267990,124.572990,3064072
2018-02-27,148.391159,148.684845,145.747910,145.823700,122.519333,3270216
2018-02-28,146.278458,146.827942,143.038345,143.161514,120.282562,3724934
2018-03-01,143.369934,143.483627,138.917160,139.466660,117.178238,4883157
2018-03-02,138.623474,140.963547,138.443466,140.347733,117.918503,3592888
2018-03-05,139.807724,141.143555,138.812943,140.698273,118.212990,3588772
2018-03-06,141.503555,142.034103,140.518265,141.475143,118.865738,2937410
2018-03-07,139.807724,143.379410,139.495071,142.498337,119.725449,4206146
2018-03-08,143.398361,143.919434,142.270950,143.275192,120.378098,2307686
2018-03-09,144.014175,146.344772,143.625732,146.098450,122.750221,3044756
2018-03-12,146.297409,146.335297,143.938385,144.222595,121.174133,2549295
2018-03-13,144.611038,145.539490,143.133087,143.530991,120.593002,1990607
2018-03-14,144.573135,144.611038,142.195160,142.507812,119.733406,2141019
2018-03-15,142.754135,143.663635,142.223587,143.123611,120.250740,1950392
2018-03-16,143.332047,144.421555,143.332047,143.796265,120.815918,4569562
2018-03-19,143.123611,143.483627,141.427765,142.299377,119.558258,2294070
2018-03-20,142.905716,143.909958,142.261475,142.564651,119.781128,2872179
2018-03-21,142.839401,144.734192,142.166748,143.398361,120.481636,2733483
2018-03-22,141.730942,142.375168,138.699265,139.154007,116.915565,2722611
2018-03-23,139.258224,140.338257,135.572845,135.743378,114.049980,3815181
2018-03-26,137.808701,139.570862,136.738144,139.210861,116.963310,2370173
2018-03-27,139.817184,140.357208,136.018112,136.747620,114.893723,3251744
2018-03-28,136.330765,137.420273,134.994934,135.724426,114.034027,5301038
2018-03-29,136.434982,138.187668,136.037064,136.908676,115.029045,2716067
2018-04-02,136.273911,137.031830,132.796967,134.938080,113.373375,4319298
2018-04-03,135.478104,136.747620,134.180161,136.671829,114.830048,3383684
2018-04-04,134.360168,137.439224,134.104370,137.221313,115.291725,2922738
2018-04-05,138.149765,139.210861,137.638168,138.699265,116.533493,2363945
2018-04-06,137.533951,138.244507,134.038055,135.231781,113.620117,3027129
2018-04-09,135.781265,137.666595,135.137039,135.317047,113.691795,2060799
2018-04-10,137.391846,139.334015,136.993942,137.969757,115.920540,3040323
2018-04-11,136.889725,138.055023,136.378128,136.690765,114.845970,2061538
2018-04-12,137.467636,139.419281,137.467636,138.765579,116.589226,2456831
2018-04-13,139.457184,139.618240,137.732910,138.433990,116.310585,1676695
2018-04-16,139.637192,140.338257,138.737152,139.030853,116.812073,2708256
2018-04-17,140.110886,141.200394,139.921402,140.878281,118.364273,2223244
2018-04-18,141.503555,142.337280,140.755112,141.513031,118.897568,2904161
2018-04-19,140.963547,142.062531,139.760345,140.338257,117.910545,3358985
2018-04-20,142.839401,143.597321,140.158249,142.649918,119.852837,5562807
2018-04-23,142.782547,143.654160,139.798248,140.802490,118.300583,4709524
2018-04-24,141.048813,142.185684,137.230789,139.476120,117.186195,4424428
2018-04-25,139.703506,140.404572,137.420273,139.324539,117.058838,3036840
2018-04-26,139.570862,140.224579,138.386612,139.078217,116.851868,2538106
2018-04-27,138.831894,139.447708,138.197144,139.201385,116.955376,2250477
2018-04-30,139.296127,139.940353,136.993942,137.069733,115.164352,3415244
2018-05-01,136.776031,137.107635,134.701233,136.908676,115.029045,2566500
2018-05-02,136.927628,137.723434,135.193878,135.459152,113.811165,2477203
2018-05-03,134.758072,136.491821,132.171677,135.819168,114.113647,4598061
2018-05-04,134.597015,137.003418,134.104370,136.321289,114.535545,2786576
2018-05-07,136.624451,137.316055,136.112854,136.577087,114.750435,1927593
2018-05-08,135.999176,136.747620,135.288620,136.643402,114.806160,2985119
2018-05-09,137.088684,138.064499,136.596039,138.026611,115.968338,2610093
2018-05-10,138.320297,139.646652,138.036087,139.551926,117.249870,2083282
2018-05-11,139.248749,140.480377,139.116119,139.608765,117.297607,1629091
2018-05-14,140.072983,140.631958,139.059265,139.551926,117.249870,1919043
2018-05-15,139.343491,139.911926,139.144531,139.599289,117.289650,2825841
2018-05-16,139.400330,140.120361,139.002426,139.788773,117.448868,2056894
2018-05-17,139.296127,139.845612,138.699265,139.381393,117.700882,2078638
2018-05-18,139.599289,140.925644,139.040329,140.537216,118.676941,3110093
2018-05-21,141.560410,143.180450,141.181442,142.574127,120.396988,2583282
2018-05-22,143.170990,144.440506,142.583603,142.934128,120.700974,3533990
2018-05-23,142.109894,143.445724,141.929886,143.360458,121.061035,2986492
2018-05-24,143.464676,144.307861,141.920410,143.133087,120.868988,2785731
2018-05-25,142.877289,143.559418,141.920410,142.735184,120.532982,2041800
2018-05-29,141.721466,142.280426,139.722458,140.404572,118.564888,2479419
2018-05-30,140.944595,142.839401,140.944595,142.526749,120.356979,2313491
2018-05-31,142.839401,142.839401,139.987717,140.129837,118.332886,5317504
2018-06-01,141.020386,142.413071,140.954071,142.195160,120.076958,1829746
2018-06-04,142.109894,142.593079,141.361450,142.242538,120.116951,2212795
2018-06-05,142.555176,142.725708,141.711990,141.986740,119.900993,1782036
2018-06-06,142.204636,143.057297,140.897232,143.057297,120.804985,2748683
2018-06-07,143.095200,144.393127,143.057297,144.089966,121.677048,2094154
2018-06-08,143.796265,144.374176,143.701523,143.872055,121.493065,2049400
2018-06-11,143.928909,144.421555,143.540466,143.881531,121.501045,1820457
2018-06-12,143.947845,144.468918,143.587845,144.251022,121.813034,2372178
2018-06-13,143.947845,144.478394,143.417313,143.843643,121.469055,2042645
2018-06-14,144.336288,144.468918,142.394119,143.246780,120.965027,2672685
2018-06-15,142.545700,142.545700,140.954071,142.327805,120.188972,4143132
2018-06-18,141.200394,142.214111,140.736176,142.062531,119.964958,1670151
2018-06-19,140.641434,141.105652,139.191910,139.532974,117.828873,2735383
2018-06-20,139.447708,140.016144,138.509781,138.831894,117.236862,2042645
2018-06-21,138.291885,138.490829,136.027588,136.397079,115.180771,3378301
2018-06-22,137.751862,137.751862,136.311813,136.425507,115.204788,3048345
2018-06-25,135.876007,136.956039,134.483337,136.463394,115.236763,3773383
2018-06-26,136.899200,137.505539,136.340240,136.434982,115.212814,3358035
2018-06-27,137.571854,138.140289,135.591797,135.610733,114.516731,3283937
2018-06-28,136.283386,136.472870,134.843338,135.601257,114.508774,3016468
2018-06-29,135.800217,137.998184,135.658112,136.472870,115.244759,2985647
2018-07-02,135.819168,137.335007,135.487579,137.192902,115.852783,2378617
2018-07-03,137.458160,138.907684,137.079208,137.316055,115.956802,1316340
2018-07-05,138.235031,138.415039,136.681305,137.297104,115.940781,2089932
2018-07-06,136.927628,138.651886,136.823410,138.055023,116.580818,1995357
2018-07-09,138.282410,140.234039,138.083450,139.665604,117.940895,2107876
2018-07-10,140.006668,140.432999,139.637192,140.252991,118.436882,1821091
2018-07-11,139.220322,139.220322,136.804459,136.918152,115.620781,2456514
2018-07-12,138.263458,140.234039,137.732910,140.110886,118.316933,3287632
2018-07-13,140.063522,140.726700,139.334015,139.741394,118.004913,2710051
2018-07-16,139.722458,139.864563,138.339249,138.699265,117.124840,1877033
2018-07-17,138.689789,140.840378,138.140289,140.679321,118.796928,2635425
2018-07-18,140.830902,141.645676,140.584579,141.304611,119.324936,3212795
2018-07-19,140.129837,141.143555,139.551926,139.779297,118.036896,3193479
2018-07-20,141.342499,145.890015,141.276184,145.075256,122.509056,6807267
2018-07-23,145.065781,145.700546,143.180450,145.615280,122.965103,4612205
2018-07-24,145.918442,147.690079,145.132095,146.998474,124.133186,4029346
2018-07-25,145.435272,149.897522,145.435272,149.708038,126.421242,4159070
2018-07-26,149.897522,151.309143,149.783829,150.750183,127.301315,5055313
2018-07-27,150.873337,151.318619,150.030151,150.958603,127.477272,2995991
2018-07-30,150.825974,151.299667,148.400635,148.665894,125.541214,3292698
2018-07-31,149.253281,151.441772,149.253281,151.252304,127.725319,2875028
2018-08-01,151.508102,151.574417,148.230103,148.637482,125.517212,3562067
2018-08-02,147.491119,148.021667,146.685837,147.699554,124.725159,2258815
2018-08-03,147.547974,147.955353,146.117401,146.884796,124.037132,3130042
2018-08-06,146.638474,147.036377,145.710007,146.818466,123.981117,3243194
2018-08-07,147.187958,148.249039,146.771103,148.135361,125.093163,1719338
2018-08-08,148.097458,148.230103,146.922684,147.036377,124.165161,1791536
2018-08-09,146.704788,147.235321,145.501587,145.861603,123.173073,2643236
2018-08-10,145.350006,145.548950,144.506821,145.037354,122.477066,1628036
2018-08-13,145.151047,145.425797,143.815216,144.336288,121.885056,2148513
2018-08-14,144.667877,146.733200,144.402603,146.022659,123.309120,2728522
2018-08-15,144.904724,145.425797,143.256256,145.122620,122.549065,2395505
2018-08-16,145.151047,146.373199,145.008942,145.994232,123.887634,2217228
2018-08-17,145.937393,147.282700,145.425797,147.007950,124.747849,2144819
2018-08-20,147.187958,147.623764,146.676361,147.292175,124.989067,2259554
2018-08-21,147.756393,149.063812,147.746918,148.722748,126.203003,2603232
2018-08-22,148.533264,148.533264,146.752151,147.917450,125.519638,2151469
2018-08-23,149.556458,150.484909,148.751160,149.603821,126.950645,3687041
2018-08-24,149.490143,150.124893,148.845901,149.224869,126.629105,2617904
2018-08-27,149.632248,151.176514,149.632248,150.968079,128.108353,1958625
2018-08-28,151.593369,151.877579,150.807022,151.678635,128.711334,3172791
2018-08-29,151.735474,152.531296,151.432312,151.868103,128.872070,2282881
2018-08-30,151.489151,151.915482,150.645966,151.062820,128.188736,1606398
2018-08-31,150.560699,151.129135,150.134369,150.693329,127.875175,2543595
2018-09-04,150.702805,151.280716,149.888046,151.242828,128.341507,2465697
2018-09-05,151.347046,153.582901,151.299667,153.279739,130.069977,3381995
2018-09-06,153.914490,156.055618,153.914490,155.382965,131.854691,4314865
2018-09-07,154.776627,155.458755,153.706070,154.246078,130.889954,2920627
2018-09-10,154.985046,155.610336,154.539780,154.776627,131.340195,2455248
2018-09-11,154.388199,154.985046,153.563950,154.482925,131.090942,2688096
2018-09-12,154.103973,155.951401,154.047134,155.269272,131.758301,2373973
2018-09-13,155.970352,157.135651,155.970352,156.993546,133.221405,2209100
2018-09-14,156.841949,157.277756,156.102982,156.425095,132.739029,2072199
2018-09-17,156.320892,157.704086,155.799820,157.031433,133.253555,2979842
2018-09-18,157.192490,157.533554,155.951401,157.400925,133.567062,2749316
2018-09-19,157.514603,157.921997,156.974594,157.078812,133.293777,1556577
2018-09-20,157.836731,158.111465,156.254562,157.779877,133.888718,2157169
2018-09-21,158.111465,158.812546,157.552505,158.537796,134.531845,3315075
2018-09-24,157.855667,158.139893,156.557739,156.756683,133.020462,2055205
2018-09-25,157.097748,157.438812,156.282990,156.851425,133.100845,2426221
2018-09-26,157.192490,157.978836,156.046143,157.040909,133.261627,2932132
2018-09-27,157.391449,157.543030,156.396683,156.661957,132.940063,1842095
2018-09-28,156.680893,157.931473,156.481949,157.647247,133.776123,2316341
2018-10-01,159.352631,160.645691,158.528900,159.419678,135.280197,2288111
2018-10-02,158.912033,159.611237,158.605530,159.026978,134.946960,2813157
2018-10-03,159.659134,159.726181,157.925476,158.404388,134.418610,2398152
2018-10-04,158.040421,158.873718,155.981110,157.762650,133.874084,3110812
2018-10-05,158.030838,158.701309,156.661148,157.149643,133.353867,2545570
2018-10-08,157.101746,158.040421,156.306763,157.906326,133.995987,1949739
2018-10-09,157.312469,157.312469,154.017563,154.151657,130.809845,3831510
2018-10-10,153.960098,153.960098,149.908524,150.013885,127.298637,4741388
2018-10-11,149.956406,151.498505,146.948853,147.140411,124.860245,5073705
2018-10-12,148.586731,150.636459,147.772583,149.611588,126.957253,4638760
2018-10-15,149.161423,151.096222,148.864487,149.621170,126.965385,3467872
2018-10-16,150.435318,152.973541,150.195862,152.829865,129.688187,2962767
2018-10-17,152.772400,153.730225,150.502365,151.383560,128.460938,3620197
2018-10-18,150.550262,150.741821,147.533127,148.644196,126.136330,3794029
2018-10-19,149.515808,151.086639,145.971878,146.996750,124.738365,7090680
2018-10-22,147.284088,147.724686,144.726715,146.173019,124.039330,4700984
2018-10-23,143.079254,145.885666,140.655975,144.247803,122.405647,5607104
2018-10-24,144.314850,144.468094,138.893585,139.209656,118.130409,4828043
2018-10-25,140.972046,142.245956,140.052551,141.259399,119.869751,2926853
2018-10-26,139.592789,141.834091,138.663712,139.880142,118.699333,3633665
2018-10-29,143.446899,144.306870,137.694000,139.433716,118.320526,4796600
2018-10-30,139.829102,141.440308,139.048218,141.311813,119.914238,4253640
2018-10-31,143.229446,144.899963,142.428787,143.150360,121.474426,4789114
2018-11-01,143.763214,143.862061,141.845581,142.784637,121.164055,3836228
2018-11-02,143.931259,144.850540,142.043274,143.802750,122.027985,4917190
2018-11-05,143.911484,146.451859,143.812637,145.483154,123.453957,4230372
2018-11-06,145.987274,147.707214,145.898315,146.738510,124.519226,3215471
2018-11-07,148.320068,149.852203,147.035049,148.468338,125.987083,2210485
2018-11-08,148.310181,149.743469,148.181686,148.814301,126.280693,2833669
2018-11-09,148.359604,148.972458,147.114136,148.586960,126.087769,2406140
2018-11-12,148.438690,148.893387,146.204742,146.422211,124.250816,2287574
2018-11-13,146.244278,149.051544,145.463394,145.977386,123.873314,2501743
2018-11-14,146.936203,147.222870,145.512817,145.829117,123.747505,2860276
2018-11-15,143.970795,146.738510,143.535873,146.066360,124.641624,3064329
2018-11-16,145.779694,147.272293,145.117416,146.837357,125.299522,3194024
2018-11-19,146.718750,148.053177,145.265701,145.769821,124.388588,2283223
2018-11-20,144.020218,145.255814,141.647888,142.389236,121.503853,3620238
2018-11-21,143.278870,144.049881,142.369476,142.438660,121.546059,2900035
2018-11-23,140.995499,142.458435,140.372757,141.608353,120.837502,1530950
2018-11-26,142.211319,142.923019,140.382645,141.568817,120.803802,4076093
2018-11-27,140.738495,142.023514,140.501266,141.242615,120.525452,3701778
2018-11-28,142.023514,142.754974,140.461731,142.636368,121.714737,4345398
2018-11-29,142.636368,145.156967,142.152008,144.059753,122.929352,2677772
2018-11-30,144.217911,145.404083,143.654480,145.058121,123.781258,5456913
2018-12-03,148.270645,149.763229,147.094360,147.262405,125.662239,4369678
2018-12-04,146.590240,147.529297,140.867004,141.035034,120.348282,4161579
2018-12-06,138.633057,140.086105,135.558914,139.927948,119.403557,6015452
2018-12-07,139.206360,141.529266,136.517731,137.110809,116.999680,3687008
2018-12-10,137.100922,137.634705,134.086090,136.359573,116.358597,3158211
2018-12-11,138.178360,138.573746,134.550674,135.232712,115.397018,4172910
2018-12-12,137.170120,139.216248,136.636337,136.695648,116.645416,4250100
2018-12-13,137.506195,138.583633,136.310150,137.219543,117.092453,2389043
2018-12-14,135.845566,136.784607,134.491364,134.866974,115.084946,2628099
2018-12-17,134.264008,135.598450,132.039948,132.830734,113.347389,3169744
2018-12-18,134.382629,135.183289,132.830734,133.621506,114.022141,2668566
2018-12-19,133.987244,136.171768,130.626434,131.723648,112.402664,3913823
2018-12-20,131.199753,132.079498,127.878487,129.163498,110.218056,4571606
2018-12-21,128.511108,130.922974,127.838951,127.947685,109.180565,6984221
2018-12-24,127.117371,127.502869,123.193138,123.390831,105.292068,2871910
2018-12-26,123.578644,128.105835,122.056396,128.076187,109.290215,3480325
2018-12-27,126.148666,130.112427,125.377655,130.053131,110.977196,3287502
2018-12-28,130.596786,131.535828,128.748337,129.252457,110.293930,2791382
2018-12-31,130.043243,130.636322,128.965805,130.596786,111.441124,2225559
2019-01-02,128.689041,130.567123,128.006989,130.310135,111.196503,2788145
2019-01-03,130.577011,131.446869,127.581947,128.570419,109.711945,3221137
2019-01-04,131.091019,133.483124,130.527588,133.067963,113.549835,3625397
2019-01-07,132.791183,134.432053,131.614914,133.809311,114.182419,2978944
2019-01-08,134.491364,135.301910,132.771423,133.532547,113.946259,2666846
2019-01-09,134.629745,135.163513,133.512772,134.155273,114.477646,2016144
2019-01-10,133.661041,136.349686,133.117386,136.161880,116.189903,2174773
2019-01-11,135.173401,136.161880,134.837326,135.776367,115.860931,1912449
2019-01-14,134.768127,136.448532,134.412277,136.023483,116.071831,3136764
2019-01-15,135.845566,136.557266,134.965820,136.181641,116.206764,1863383
2019-01-16,135.934525,137.100922,135.667633,136.428757,116.417664,2273511
2019-01-17,135.726944,139.008667,135.608337,138.267319,117.986549,2607462
2019-01-18,140.145416,140.867004,138.741791,140.214600,119.648178,5484835
2019-01-22,139.334869,139.522675,137.100922,138.208008,117.935921,3233782
2019-01-23,139.196487,139.661057,137.624817,139.117401,118.711922,3000897
2019-01-24,139.265671,140.362885,138.840637,139.552338,119.083084,2738775
2019-01-25,140.857117,141.054810,139.789566,140.076218,119.530106,3243697
2019-01-28,138.712128,139.166824,137.268967,138.860397,118.492599,3518869
2019-01-29,139.226135,140.570450,138.880173,140.105881,119.555397,2452778
2019-01-30,140.817581,142.092697,139.315094,141.628113,120.854355,3149106
2019-01-31,141.153656,142.399124,140.610001,141.974091,121.149574,3514114
2019-02-01,146.985626,147.282181,142.675903,143.041641,122.060570,5601075
2019-02-04,142.814285,146.303589,142.774750,146.224503,124.776588,4747534
2019-02-05,146.689087,146.975754,145.710510,146.975754,125.417664,2997255
2019-02-06,147.272293,147.766525,146.580353,147.183334,125.594803,3183907
2019-02-07,145.967514,147.183334,145.552353,146.441971,124.962135,2996244
2019-02-08,146.273941,146.926331,145.493042,146.896667,125.350151,3998195
2019-02-11,147.272293,147.598480,146.343124,146.768173,125.240486,3012430
2019-02-12,147.479874,148.774765,147.242630,148.626495,126.826294,2685865
2019-02-13,149.249237,150.919754,148.942810,149.733582,127.770927,2791888
2019-02-14,149.189926,149.891739,148.231110,148.784653,126.961227,2135318
2019-02-15,150.247589,151.552368,149.842316,151.552368,129.322937,3074850
2019-02-19,150.850555,151.977417,150.633087,151.512833,129.289200,2508521
2019-02-20,151.562256,153.054840,151.245941,152.797836,130.385727,2652986
2019-02-21,151.769836,151.977417,150.326660,150.850555,129.410568,2737865
2019-02-22,151.483170,151.829147,150.623199,151.433746,129.910904,2901957
2019-02-25,152.422226,152.896683,151.957642,152.283844,130.640152,2339472
2019-02-26,152.115799,153.025192,151.848907,152.145447,130.521439,2009467
2019-02-27,152.086136,152.955994,151.344788,152.817612,131.098038,1771827
2019-02-28,152.313492,152.787964,151.641327,152.293716,130.648636,2877070
2019-03-01,153.203110,154.053207,152.857147,153.924698,132.047806,3424886
2019-03-04,154.982361,155.170166,152.204758,152.718765,131.013260,4115852
2019-03-05,152.728653,153.400803,151.839020,152.372803,130.716431,3421345
2019-03-06,152.323380,153.232773,151.957642,151.967529,130.368774,3975231
2019-03-07,151.799484,152.066376,149.891739,150.722046,129.300339,3621351
2019-03-08,149.526001,150.059784,148.646271,149.842316,128.545639,2954766
2019-03-11,149.259109,151.463409,148.814301,151.423874,129.902451,2825374
2019-03-12,151.799484,152.590256,151.038361,151.730301,130.165268,1843251
2019-03-13,152.521072,153.647934,152.076263,153.252533,131.471176,2563454
2019-03-14,153.558960,153.835739,152.590256,153.460114,131.649216,2688597
2019-03-15,153.361267,154.211349,153.242661,153.558960,131.734039,5348968
2019-03-18,153.756653,155.278900,153.114151,155.120743,133.073853,2423845
2019-03-19,155.802795,156.336563,154.853867,155.427170,133.336685,2726028
2019-03-20,155.377747,155.862106,153.855499,154.488129,132.531143,2401386
2019-03-21,154.567200,157.077927,154.300323,156.623230,134.362762,1974666
2019-03-22,155.783020,156.010376,153.825851,154.033432,132.141022,2459253
2019-03-25,154.132278,155.417297,153.815964,154.132278,132.225876,2072393
2019-03-26,155.061447,156.049911,154.774780,155.664413,133.540253,2240228
2019-03-27,155.516144,156.465073,154.399170,155.298676,133.226486,2796946
2019-03-28,155.802795,156.840683,155.199829,156.712189,134.439117,2204617
2019-03-29,157.354691,157.651230,156.158646,157.087799,134.761368,2736246
2019-04-01,158.155350,159.904953,157.918121,159.608414,136.923706,2421518
2019-04-02,159.460144,159.687485,158.016968,159.183365,136.559006,3371571
2019-04-03,159.766556,160.082870,158.313507,158.442017,135.923019,3859699
2019-04-04,158.412354,159.489792,157.947769,159.213013,136.584503,1990246
2019-04-05,159.756683,160.310226,159.321747,159.835754,137.118713,1765353
2019-04-08,159.341522,160.231140,158.699020,160.191605,137.424026,1875624
2019-04-09,159.321747,159.667709,158.699020,158.995560,136.397964,1955040
2019-04-10,158.946136,158.946136,157.374466,158.125702,135.651718,2408771
2019-04-11,158.333282,159.193253,157.839050,159.044983,136.440399,1776683
2019-04-12,160.043335,160.755035,159.539215,160.596878,137.771652,2143614
2019-04-15,160.873657,160.992264,159.924713,160.132294,137.373108,2420708
2019-04-16,160.705612,161.041687,160.260803,160.982376,138.102402,3042173
2019-04-17,161.427200,162.751740,160.784683,161.012039,138.127838,3456247
2019-04-18,165.588654,167.901672,163.977448,167.110901,143.359848,6451277
2019-04-22,166.310242,167.466751,165.568893,166.300354,142.664551,3302778
2019-04-23,166.310242,170.017014,166.073013,169.829193,145.691849,4218030
2019-04-24,169.789658,170.125732,169.077957,169.315186,145.250885,3869815
2019-04-25,168.731995,168.979111,166.675980,168.455215,144.513138,3379260
2019-04-26,168.198227,170.303665,168.040070,170.264130,146.064957,2734830
2019-04-29,169.918167,171.124100,169.789658,170.560669,146.319366,2977427
2019-04-30,171.015366,172.003830,170.491470,171.628220,147.235138,3694292
2019-05-01,171.756714,172.330032,168.860489,168.969223,144.954071,3806080
2019-05-02,168.445343,169.562317,167.605133,169.404160,145.327209,4473171
2019-05-03,169.601852,171.638092,169.423920,171.539246,147.158829,4176754
2019-05-06,168.524414,171.499710,168.297073,170.619980,146.370224,3036710
2019-05-07,168.722107,169.789658,166.932983,167.891800,144.029770,4738531
2019-05-08,167.792953,169.463470,167.545822,168.395920,144.462265,2933419
2019-05-09,167.269058,168.534302,166.241043,168.425568,144.487717,2994119
2019-05-10,167.802826,170.115860,166.082886,169.651276,145.539154,2369619
2019-05-13,166.537582,166.952744,163.404129,164.896729,141.460388,3748011
2019-05-14,165.005463,167.328369,164.876953,166.221283,142.596664,2651267
2019-05-15,165.074646,168.040070,164.610077,167.427216,143.631226,1891204
2019-05-16,167.901672,170.066437,167.822601,168.820953,144.826904,3068173
2019-05-17,167.318481,169.236115,166.903320,167.990646,144.114548,2119435
2019-05-20,167.437103,168.000519,166.073013,166.675980,142.986755,2085747
2019-05-21,167.891800,168.603500,167.110901,167.644669,143.817795,2565983
2019-05-22,167.516174,168.524414,167.051590,167.358017,143.571915,2277760
2019-05-23,165.035110,165.351425,163.423904,164.521103,141.825043,2747982
2019-05-24,165.816010,165.924744,164.619949,164.758347,142.029556,2059241
2019-05-28,164.936264,165.687500,163.038406,163.354706,140.819580,3922624
2019-05-29,161.832474,163.226212,160.804459,162.474976,140.061188,2557384
2019-05-30,162.761627,163.829178,162.692444,163.542526,140.981445,1974362
2019-05-31,161.852234,163.315170,161.763275,162.415665,140.010040,1917608
2019-06-03,162.583710,165.044998,162.425552,164.550766,141.850586,2412615
2019-06-04,166.112549,166.853897,165.015350,166.211395,143.282181,2731694
2019-06-05,167.219635,167.723755,166.280579,167.456863,144.355789,2738978
2019-06-06,167.516174,168.712219,166.972519,168.297073,145.080093,2255200
2019-06-07,169.087845,171.242706,168.959351,170.274002,146.784302,2051451
2019-06-10,171.489822,171.964294,169.226227,169.305313,145.949249,3050975
2019-06-11,170.501358,171.410751,168.425568,169.671036,146.264526,1746839
2019-06-12,169.878616,171.173523,169.463470,170.906631,147.329651,1589121
2019-06-13,171.568909,171.588669,170.343201,171.193283,147.576767,1417037
2019-06-14,170.946167,171.509598,169.127380,170.817673,147.252975,1646584
2019-06-17,171.381104,171.499710,170.036774,170.372849,146.869492,1665603
2019-06-18,171.559021,174.395935,171.143860,173.723770,149.758209,2917334
2019-06-19,173.615036,174.119156,172.241074,173.387695,149.468445,2212508
2019-06-20,174.386047,175.315216,173.110916,174.257553,150.218307,4283687
2019-06-21,174.840744,174.850632,171.559021,172.300369,148.531128,3858282
2019-06-24,172.280609,173.486542,172.201523,172.596909,148.786774,1816543
2019-06-25,173.002182,173.387695,171.628220,171.934647,148.215881,1865204
2019-06-26,172.537613,172.774841,171.539246,171.588669,147.917633,1836979
2019-06-27,172.073029,172.606796,171.213058,171.835800,148.130661,1832730
2019-06-28,172.181763,173.358032,171.993942,172.577148,148.769730,3592721
2019-07-01,174.593628,174.949478,173.634811,174.771545,150.661407,1632420
2019-07-02,174.949478,175.433823,174.119156,174.583740,150.499481,1423411
2019-07-03,174.732010,176.412415,174.178467,176.343216,152.016296,1254463
2019-07-05,175.166946,175.404175,172.656219,174.554092,150.473938,1222899
2019-07-08,174.267426,174.277313,172.784729,173.644699,149.690033,1592257
2019-07-09,172.982422,173.733658,172.577148,173.496429,149.562180,1614514
2019-07-10,174.089508,174.900055,172.359680,172.448639,148.658920,1887359
2019-07-11,172.814377,173.012070,171.242706,172.527725,148.727112,2454700
2019-07-12,172.735306,175.147171,172.735306,175.097748,150.942627,2222827
2019-07-15,175.315216,175.315216,172.517838,172.992310,149.127640,1687455
2019-07-16,172.982422,173.862152,172.290497,172.764954,148.931625,2012199
2019-07-17,172.557373,172.636459,166.577133,166.675980,143.682617,5539363
2019-07-18,168.633148,171.875336,167.743530,171.875336,148.164719,4176147
2019-07-19,172.033493,172.982422,170.926407,170.995590,147.406342,3073333
2019-07-22,171.025253,172.478302,170.442047,171.578796,147.909149,1784777
2019-07-23,173.190002,173.565613,171.470062,172.844040,148.999786,2105575
2019-07-24,172.241074,173.288849,171.796249,171.954407,148.232910,1771726
2019-07-25,172.537613,172.646332,171.015366,171.766602,148.070999,1779718
2019-07-26,171.519485,171.727066,170.669403,171.608444,147.934662,1779415
2019-07-29,171.855560,172.844040,171.381104,172.517838,148.718613,1537526
2019-07-30,172.211411,172.932999,171.341553,171.904984,148.190292,1450220
2019-07-31,171.479950,171.974182,168.208099,170.471710,146.954742,2930688
2019-08-01,169.908279,171.806137,167.298706,167.595261,144.475113,2783693
2019-08-02,166.942856,167.101013,164.718796,166.073013,143.162842,2179831
2019-08-05,163.275635,164.076294,159.035095,160.142181,138.050201,3333836
2019-08-06,161.486496,163.621597,161.338226,162.623245,140.188980,3646845
2019-08-07,161.081223,161.951080,159.213013,161.506271,139.226120,3115114
2019-08-08,162.692444,165.509583,162.306931,165.084534,142.310730,2457128
2019-08-09,164.965927,165.736923,163.344833,164.748459,142.021072,1823119
2019-08-12,163.512863,164.946152,162.524399,162.791290,140.333847,1507581
2019-08-13,163.008743,168.069717,162.603470,166.043350,143.137314,3259377
2019-08-14,164.115829,164.867065,162.089462,162.148773,139.779938,2485961
2019-08-15,161.437073,162.000504,159.242676,160.399185,138.966415,2246298
2019-08-16,161.921432,163.651260,161.338226,163.127365,141.330063,1768590
2019-08-19,165.282227,165.400848,163.591949,163.947800,142.040802,1666412
2019-08-20,163.700684,163.937912,161.506271,161.585342,139.994110,1746334
2019-08-21,163.097717,163.097717,160.903305,161.901657,140.268112,1752404
2019-08-22,162.781403,162.998856,159.717133,161.021927,139.505905,1962627
2019-08-23,159.618286,160.409073,153.697357,154.685822,134.016479,4393553
2019-08-26,156.049911,156.208069,153.124039,155.100983,134.376114,3130087
2019-08-27,156.287140,156.376114,154.438705,155.664413,134.864334,2559711
2019-08-28,155.357986,158.155350,154.656174,157.710541,136.637054,2390966
2019-08-29,159.618286,162.109238,159.084518,161.713852,140.105453,3965013
2019-08-30,163.097717,163.730331,162.208084,162.722092,140.978928,3193417
2019-09-03,161.624893,162.563934,160.774796,161.644653,140.045410,2832152
2019-09-04,163.275635,165.796234,163.275635,165.213043,143.137054,4021059
2019-09-05,166.666092,168.988998,166.567245,168.405792,145.903214,4564221
2019-09-06,168.979111,169.809433,168.554077,169.186691,146.579727,3366614
2019-09-09,169.908279,170.738586,167.110901,167.703979,145.295151,5050022
2019-09-10,166.685852,167.684219,164.975800,167.654556,145.252289,4270839
2019-09-11,167.832489,169.384384,167.249283,169.305313,146.682495,4094708
2019-09-12,169.552429,170.017014,166.458511,166.685852,144.413040,2809895
2019-09-13,166.982407,167.229523,165.549118,165.776459,143.625168,2771553
2019-09-16,165.114197,165.479919,163.848953,164.293762,142.340591,2456015
2019-09-17,164.570526,164.867065,163.354706,164.540878,142.554718,2313877
2019-09-18,163.977448,166.053238,163.601837,166.033463,143.847839,1853064
2019-09-19,166.142197,166.814362,164.610077,164.847305,142.820160,1972946
2019-09-20,165.667740,166.764938,164.768219,166.369553,144.139008,5109305
2019-09-23,164.817642,165.875320,164.293762,165.213043,143.137054,2352623
2019-09-24,165.855545,166.507935,163.028519,163.848953,141.955200,2668971
2019-09-25,164.016983,165.351425,163.354706,165.005463,142.957199,1664186
2019-09-26,164.946152,166.063126,164.550766,165.104309,143.042816,2006129
2019-09-27,165.924744,166.537582,164.392609,166.102661,143.907776,2544131
2019-09-30,166.883560,167.585373,166.122437,167.249283,144.901215,2103754
2019-10-01,167.595261,168.198227,162.129013,162.297043,140.610657,2825778
2019-10-02,160.270676,160.952728,157.601807,159.222900,137.947327,4572820
2019-10-03,158.758316,159.667709,157.008728,159.657837,138.324142,3124219
2019-10-04,160.132294,161.881897,159.964264,161.743500,140.131134,2773577
2019-10-07,161.397537,162.672668,160.666077,161.298691,139.745712,2240228
2019-10-08,159.460144,159.509567,156.761612,156.791260,135.840607,3457967
2019-10-09,158.778091,158.817627,156.919769,157.997192,136.885406,1699999
2019-10-10,158.016968,160.379410,158.007080,159.114166,137.853058,1631914
2019-10-11,161.130646,163.443680,160.863770,161.644653,140.045410,2271083
2019-10-14,161.733627,162.326706,160.636414,161.100998,139.574448,1068215
2019-10-15,161.634766,162.919785,161.239380,161.753387,140.139633,2847327
2019-10-16,161.723740,162.445312,160.804459,161.743500,140.131134,3490037
2019-10-17,164.382721,167.041702,163.680908,165.588654,143.462463,3341221
2019-10-18,165.222916,165.539230,160.557343,163.661133,141.792511,4473475
2019-10-21,165.044998,167.288834,164.649612,166.992279,144.678558,2563960
2019-10-22,166.755051,168.148804,165.954391,166.992279,144.678558,3328474
2019-10-23,167.980759,168.040070,167.051590,167.891800,145.457855,2406849
2019-10-24,168.000519,169.740234,167.012054,169.483231,146.836609,2206438
2019-10-25,169.265762,170.115860,168.682571,169.651276,146.982224,1972946
2019-10-28,169.987350,171.717178,169.987350,170.689163,147.881409,2394810
2019-10-29,170.115860,171.311905,169.661163,171.163635,148.292496,2745655
2019-10-30,171.242706,172.982422,171.054901,172.587036,149.525711,1979218
2019-10-31,172.161987,172.587036,169.651276,170.738586,147.924301,2168197
2019-11-01,172.280609,174.257553,171.924759,174.089508,150.827377,2868268
2019-11-04,174.563980,177.924774,174.563980,177.924774,154.150223,4434425
2019-11-05,177.697433,179.733673,177.163651,178.596939,154.732559,5216339
2019-11-06,178.596939,178.893478,177.648010,178.725433,154.843887,2774386
2019-11-07,179.704025,179.891830,177.311920,177.588699,153.859024,2578528
2019-11-08,177.588699,179.140594,177.479965,179.120819,155.186417,1655891
2019-11-11,178.606812,179.348175,177.717194,178.745209,154.861053,1613199
2019-11-12,179.081284,181.008804,179.012085,179.911606,155.871521,1838091
2019-11-13,178.705673,180.682602,178.428894,179.852295,155.820145,1876838
2019-11-14,178.587051,179.278976,177.045029,177.578812,154.615250,2234057
2019-11-15,178.824280,179.852295,178.577164,179.654602,156.422638,3280521
2019-11-18,179.348175,179.348175,177.311920,177.727081,154.744370,2433860
2019-11-19,178.419006,178.616699,176.946182,178.043396,155.019745,2704379
2019-11-20,178.844055,179.605179,174.504669,175.176819,152.523880,4239578
2019-11-21,174.890167,175.641403,173.377808,174.494781,151.930069,3171666
2019-11-22,174.840744,175.473373,173.634811,174.751785,152.153839,1873803
2019-11-25,175.809448,175.898407,173.941238,174.475006,151.912842,2688496
2019-11-26,175.453598,177.618347,175.018677,176.461838,153.642746,4632306
2019-11-27,176.531036,177.578812,176.076340,177.351456,154.417343,1056986
2019-11-29,176.718842,177.104340,175.631516,176.491486,153.668549,1652148
2019-12-02,176.491486,176.689178,172.290497,172.310257,150.028061,3089114
2019-12-03,170.590317,171.311905,169.285538,170.560669,148.504684,3819536
2019-12-04,171.964294,173.960999,171.153748,171.213058,149.072662,2967614
2019-12-05,171.667755,172.290497,170.639740,172.003830,149.761230,2369417
2019-12-06,172.893463,174.198242,172.725418,173.437119,151.009140,2142703
2019-12-09,173.160339,173.733658,172.241074,172.478302,150.174316,1574654
2019-12-10,172.478302,172.784729,171.657867,172.033493,149.787064,2051451
2019-12-11,172.577148,174.158707,172.181763,173.980774,151.482513,2199458
2019-12-12,174.306976,176.105988,173.180115,175.344864,152.670212,2304165
2019-12-13,175.344864,176.728729,174.791321,174.939590,152.317337,2074113
2019-12-16,175.226242,175.947830,174.109283,174.366272,151.818161,3245012
2019-12-17,174.218002,175.196594,173.783081,174.662827,152.076385,3075255
2019-12-18,174.524429,174.989014,172.399216,172.626572,150.303452,3656860
2019-12-19,172.992310,174.583740,172.478302,174.465118,151.904236,2711865
2019-12-20,175.107635,175.641403,174.119156,174.376160,151.826752,4402658
2019-12-23,175.334976,175.334976,173.783081,174.395935,151.843964,2607765
2019-12-24,174.405823,174.811096,173.704010,174.277313,151.740677,632796
2019-12-26,174.524429,174.860519,173.694122,174.840744,152.231277,1284509
2019-12-27,175.038437,175.196594,174.257553,174.445358,151.887024,1319108
2019-12-30,174.524429,174.959366,173.733658,174.386047,151.835327,1689579
2019-12-31,174.425583,175.038437,173.437119,174.959366,152.334564,1749065
2020-01-02,175.453598,178.715546,175.097748,178.705673,155.596375,2890727
2020-01-03,176.283920,177.756729,175.364639,176.797913,153.935364,2837918
2020-01-06,175.789673,176.323456,174.890167,175.463486,152.773468,3316132
2020-01-07,175.325089,176.017029,173.565613,175.562332,152.859558,3037823
2020-01-08,175.621643,177.035156,174.692474,175.710602,152.988708,2575189
2020-01-09,176.639755,177.361343,176.007141,177.005493,154.116058,1810372
2020-01-10,177.825928,177.825928,176.086212,176.619995,153.780441,1691198
2020-01-13,177.183426,179.249329,176.629883,179.180130,156.009506,2288282
2020-01-14,178.409119,179.130707,177.440430,178.369583,155.303757,2216757
2020-01-15,179.199905,180.336639,177.776505,178.646362,155.544739,2631134
2020-01-16,179.407486,180.386063,178.705673,180.158722,156.861542,2241239
2020-01-17,180.751801,181.937973,180.425613,181.117538,157.696396,2638418
2020-01-21,180.929733,181.186722,178.389359,178.844055,155.716919,2214127
2020-01-22,179.466782,179.783096,177.736969,177.974197,154.959518,1903647
2020-01-23,177.736969,178.458542,176.965958,177.509613,154.555023,2462389
2020-01-24,177.845703,178.181778,174.455246,175.087860,152.446426,2768923
2020-01-27,172.260834,173.318497,171.470062,171.539246,149.356705,2520560
2020-01-28,172.112564,174.712250,171.242706,173.437119,151.009140,2203808
2020-01-29,174.959366,175.690826,173.605164,173.644699,151.189880,2224648
2020-01-30,171.796249,176.708954,171.796249,176.283920,153.487869,3111978
2020-01-31,175.858871,175.858871,169.364609,171.222946,149.081299,5564149
2020-02-03,172.448639,173.595276,168.702347,169.344849,147.446091,3584020
2020-02-04,172.073029,174.030197,171.993942,173.190002,150.793991,3027403
2020-02-05,174.870392,175.582092,173.377808,174.860519,152.248459,2850969
2020-02-06,175.947830,175.947830,174.129044,174.316849,151.775101,2455813
2020-02-07,173.822617,174.682587,172.685883,173.259186,150.854248,3292459
2020-02-10,172.903336,175.077972,172.102676,174.909943,152.291504,2427689
2020-02-11,176.194946,177.865463,175.157059,177.084579,154.184967,2982890
2020-02-12,177.410767,179.545868,176.985733,179.091171,155.932007,2985217
2020-02-13,178.250977,178.863815,176.629883,178.043396,155.019745,2008860
2020-02-14,178.428894,179.763336,177.904999,178.725433,155.613586,2518030
2020-02-18,178.023621,178.409119,176.886887,177.351456,154.417343,1839811
2020-02-19,177.756729,179.585403,177.430542,178.774857,155.656647,2493245
2020-02-20,178.844055,180.109299,176.946182,178.616699,155.518921,2364055
2020-02-21,177.539276,178.903366,176.689178,177.806152,154.813187,1963032
2020-02-24,172.428879,175.325089,171.460175,173.249313,150.845627,3241673
2020-02-25,173.615036,174.514557,164.906616,165.865433,144.416580,4139929
2020-02-26,166.646317,170.096085,164.847305,165.252579,143.882996,3451492
2020-02-27,161.130646,164.906616,157.680893,157.710541,138.059494,3997386
2020-02-28,151.977417,160.300339,148.883499,160.300339,140.326569,9669581
2020-03-02,161.209732,163.572174,155.773148,162.346466,142.117752,6823569
2020-03-03,162.386017,166.241043,158.708893,160.023560,140.084259,6179746
2020-03-04,162.998856,169.947815,162.366241,169.216339,148.131638,4585365
2020-03-05,164.580414,165.974167,161.338226,163.018631,142.706177,5457621
2020-03-06,156.979080,163.216324,155.763260,162.138885,141.936050,5080169
2020-03-09,150.741821,155.446945,148.013641,151.097672,132.270599,5917220
2020-03-10,154.053207,160.072983,151.582016,159.825867,139.911224,5541488
2020-03-11,155.021896,155.664413,149.812653,151.621567,132.729248,4883199
2020-03-12,141.736847,143.802750,132.890030,133.295303,116.686432,7254133
2020-03-13,140.511154,147.954330,136.428757,147.687454,129.285309,6398569
2020-03-16,126.524284,141.578690,122.580284,133.710464,117.049866,5959710
2020-03-17,134.659393,140.333221,128.689041,130.280472,114.047272,8624229
2020-03-18,120.514381,122.698898,99.934418,118.231010,103.499199,7722938
2020-03-19,116.392456,121.008614,110.728516,117.588509,102.936722,6893576
2020-03-20,119.496254,119.763145,109.502815,111.202988,97.346848,6880526
2020-03-23,106.250748,109.799355,99.914642,102.662598,89.870636,8296045
2020-03-24,108.731804,118.151932,107.990456,118.132164,103.412666,5866738
2020-03-25,118.903175,133.779663,118.418823,128.155258,112.186852,7242600
2020-03-26,130.310135,137.782974,129.647858,135.815918,118.892967,5659650
2020-03-27,129.904861,133.651154,126.662666,129.756577,113.588638,3970678
2020-03-30,129.242584,132.217880,128.629730,130.231049,114.003983,5094434
2020-03-31,130.320007,134.540787,128.501221,132.247528,115.769218,5357770
2020-04-01,126.801056,129.766464,124.053108,128.214569,112.238762,4295624
2020-04-02,127.117371,131.614914,125.674202,131.278824,114.921234,3545071
2020-04-03,130.972397,131.308487,125.071236,125.980621,110.283188,4078521
2020-04-06,131.980637,133.809311,130.982285,132.455109,115.950928,4931151
2020-04-07,139.018555,140.580338,133.443588,133.680817,117.023911,4098957
2020-04-08,135.094330,138.761551,133.651154,137.644577,120.493790,3935978
2020-04-09,138.385941,144.613297,138.089401,141.776398,124.110741,4415911
2020-04-13,141.114120,141.558929,134.936172,136.349686,119.360237,3051481
2020-04-14,139.087753,142.072937,136.952652,138.969131,121.653267,3527266
2020-04-15,135.983948,136.379333,130.982285,133.285431,116.677780,3290739
2020-04-16,133.028427,133.740128,128.086075,130.804367,114.505859,4063549
2020-04-17,134.303558,138.583633,134.105850,136.725311,119.689079,4806110
2020-04-20,134.224472,136.596802,133.334854,134.135513,117.421951,2558497
2020-04-21,131.535828,132.474884,129.212921,130.478165,114.220314,2446304
2020-04-22,132.672577,133.156921,130.231049,131.496292,115.111603,2660372
2020-04-23,133.196457,136.992188,132.613266,133.127274,116.539330,2818899
2020-04-24,134.135513,134.669281,130.834015,133.957581,117.266228,2871000
2020-04-27,134.955948,139.453491,134.214584,138.267319,121.038925,3174297
2020-04-28,141.667664,144.899963,140.481491,141.114120,123.530998,3417298
2020-04-29,143.822525,146.165207,142.349701,144.474915,126.473053,2682122
2020-04-30,141.835693,142.329941,138.939484,140.264023,122.786812,4544999
2020-05-01,137.723663,137.891693,132.623154,135.667633,118.763153,3724035
2020-05-04,132.356262,134.787903,131.278824,133.641281,116.989304,4171089
2020-05-05,135.509491,135.509491,132.979004,133.315079,116.703758,3158717
2020-05-06,134.540787,134.540787,131.446869,131.506180,115.120224,2376903
2020-05-07,133.067963,134.086090,130.488052,131.259064,114.903908,3132616
2020-05-08,133.117386,135.736832,132.850494,135.331558,118.468979,2772363
2020-05-11,134.194824,134.352982,132.603378,132.731888,116.193222,2383884
2020-05-12,133.759888,134.461700,126.030052,126.119011,110.404327,4927206
2020-05-13,125.664314,125.674202,120.474838,121.552277,106.406624,5853687
2020-05-14,118.883400,125.792816,115.759834,125.585236,110.747604,5287156
2020-05-15,123.924606,125.199730,122.303513,123.964142,109.318047,4714655
2020-05-18,128.995468,136.003723,128.184921,134.471588,118.584045,6477479
2020-05-19,133.690704,133.858734,130.418854,130.428741,115.018875,4479444
2020-05-20,132.998764,135.104218,132.712112,134.461700,118.575325,2984104
2020-05-21,135.944412,137.189880,134.718704,136.102570,120.022331,2401993
2020-05-22,135.885101,137.733551,134.876862,137.575394,121.321167,2992501
2020-05-26,142.112473,144.573761,141.756622,143.268982,126.342049,4421172
2020-05-27,146.649551,149.199814,145.176727,146.876907,129.523682,4341756
2020-05-28,148.270645,149.466690,143.011978,145.858780,128.625870,3522410
2020-05-29,144.039993,148.171799,142.666016,144.168488,127.135223,4183229
2020-06-01,143.812637,146.086121,143.239334,144.494690,127.422943,2095256
2020-06-02,146.086121,147.015289,144.761566,146.639664,129.314484,3668090
2020-06-03,148.507874,152.600143,148.320068,151.582016,133.672913,3027605
2020-06-04,150.257477,154.379395,149.387619,154.112503,135.904449,3812150
2020-06-05,161.031799,163.809402,158.689133,159.509567,140.663834,4577676
2020-06-08,159.707260,162.405777,159.213013,161.041687,142.014969,3615078
2020-06-09,158.511200,159.143829,155.723709,156.277267,137.813431,3722011
2020-06-10,155.901642,156.030136,151.661102,152.343140,134.344101,3348404
2020-06-11,146.946091,147.104248,141.440308,141.786270,125.034508,4233711
2020-06-12,146.501282,147.282181,139.522675,142.843933,125.967239,3654533
2020-06-15,138.504547,146.392548,138.089401,144.939499,127.815193,3352653
2020-06-16,150.356323,150.652863,144.484802,147.390900,129.976974,3848874
2020-06-17,147.964218,148.339844,146.105896,146.629791,129.305786,3548511
2020-06-18,145.156967,147.282181,144.633072,146.521057,129.209915,2611710
2020-06-19,148.725342,149.100967,143.061401,143.694031,126.716881,5327319
2020-06-22,142.942780,144.810989,141.687424,143.268982,126.342049,2559407
2020-06-23,145.196503,145.542465,143.051514,143.189911,126.272346,2336740
2020-06-24,141.173431,141.677551,136.488068,136.754959,120.597626,3410520
2020-06-25,136.438644,141.153656,136.201416,140.817581,124.180305,4065876
2020-06-26,140.669312,140.669312,135.944412,136.616577,120.475624,10374913
2020-06-29,138.494659,141.647888,137.674240,141.588577,124.860214,3005855
2020-06-30,140.619873,143.842300,140.382645,142.923019,126.036980,3731015
2020-07-01,143.545761,144.791229,141.321701,142.448547,125.618576,2639936
2020-07-02,143.901611,145.453506,142.883484,143.348053,126.411812,2790674
2020-07-06,145.552353,146.590240,144.445267,145.522690,128.329468,2363954
2020-07-07,144.316757,144.415604,142.596817,143.298630,126.368164,2652582
2020-07-08,142.764862,144.247574,142.250854,143.911484,126.908623,3629646
2020-07-09,143.071289,143.842300,139.700607,139.740143,123.230148,3204141
2020-07-10,139.997147,141.469971,139.275558,140.807693,124.171555,2352118
2020-07-13,141.924667,144.198151,140.610001,141.835693,125.078110,2615858
2020-07-14,141.835693,146.600128,140.649536,146.392548,129.096573,2680706
2020-07-15,149.456818,150.929626,149.130615,150.178391,132.435135,3019411
2020-07-16,149.268997,151.740173,148.517761,151.315140,133.437576,3740727
2020-07-17,151.730301,153.588623,150.702286,153.212997,135.111221,4943494
2020-07-20,152.343140,153.094391,150.761597,151.621567,133.707809,4933074
2020-07-21,152.105911,155.209717,152.105911,152.975769,134.902023,2421922
2020-07-22,152.333267,153.815964,152.135574,152.827499,134.771240,1819578
2020-07-23,152.580383,153.697357,151.107559,151.957642,134.004181,2656224
2020-07-24,152.224533,152.471649,147.321716,147.707214,130.255951,4419250
2020-07-27,147.084473,149.219574,146.214630,149.021881,131.415253,3417703
2020-07-28,148.764877,150.326660,147.697327,150.257477,132.504837,3949737
2020-07-29,149.822540,153.638046,149.427155,152.797836,134.745087,3350124
2020-07-30,151.166870,151.305252,147.311829,147.440323,130.020599,2781164
2020-07-31,147.203094,147.756638,145.305237,147.647903,130.203659,4108568
2020-08-03,148.399139,148.517761,145.611664,146.817596,129.471390,2129956
2020-08-04,145.562241,146.451859,144.524338,145.631424,128.425400,3114204
2020-08-05,147.074600,149.259109,146.837357,149.081192,131.467560,4144988
2020-08-06,149.180038,151.137207,148.606720,150.820908,133.001755,2531890
2020-08-07,150.682510,153.470001,150.109207,153.321732,135.207108,2549594
2020-08-10,153.371155,158.036743,153.371155,157.591934,138.972794,2892144
2020-08-11,158.867050,161.367889,158.254196,158.432129,139.713715,3817715
2020-08-12,160.646301,160.942841,157.156998,158.224548,139.530655,2700535
2020-08-13,155.862106,157.809387,155.753372,157.147110,139.364090,2604932
2020-08-14,156.178406,159.015320,156.138870,158.432129,140.503723,2877879
2020-08-17,158.185013,159.025208,156.227844,156.929657,139.171249,2850058
2020-08-18,157.156998,157.918121,155.407410,155.565567,137.961517,1891103
2020-08-19,155.753372,156.306915,154.359619,155.041672,137.496872,2122571
2020-08-20,153.707230,155.209717,153.420578,154.369507,136.900803,1618965
2020-08-21,154.161926,155.941177,154.161926,155.684174,138.066681,2537050
2020-08-24,156.277267,157.611694,154.705597,157.532623,139.706009,2111342
2020-08-25,162.445312,165.074646,161.634766,162.633133,144.229294,7486816
2020-08-26,162.900009,164.511230,161.456848,163.404129,144.913025,3507033
2020-08-27,164.273987,166.745163,163.186676,164.076294,145.509155,4331033
2020-08-28,164.402496,166.755051,163.552414,166.438736,147.604248,13163563
2020-08-31,166.636429,166.646317,162.791290,163.641373,145.123459,4615108
2020-09-01,161.901657,166.221283,161.615005,166.033463,147.244858,4020958
2020-09-02,166.784714,170.936279,165.984039,170.481583,151.189621,4159859
2020-09-03,171.371216,171.816025,163.157013,164.382721,145.780914,3568845
2020-09-04,166.774826,167.703979,162.682556,164.768219,146.122787,3365299
2020-09-08,163.285522,164.521103,161.417313,162.376129,144.001389,2829420
2020-09-09,163.344833,165.618317,162.959320,163.839066,145.298782,2840245
2020-09-10,165.371201,165.371201,161.931320,162.376129,144.001389,2847732
2020-09-11,162.613358,165.519470,162.376129,164.530991,145.912384,2141388
2020-09-14,166.073013,167.585373,165.440384,166.527710,147.683167,2158890
2020-09-15,167.318481,168.030182,166.132309,166.359665,147.534134,1872791
2020-09-16,167.338257,169.384384,166.537582,168.040070,149.024399,3188763
2020-09-17,166.102661,169.473343,164.787994,168.376144,149.322418,2692441
2020-09-18,167.526062,168.504639,165.766586,166.755051,147.884735,4965244
2020-09-21,162.919785,163.275635,156.761612,159.509567,141.459183,4511615
2020-09-22,158.995560,161.120773,158.273972,160.804459,142.607559,2530170
2020-09-23,160.448608,162.010391,156.010376,156.959305,139.197540,2536847
2020-09-24,156.494720,159.064743,155.041672,156.929657,139.171249,2264406
2020-09-25,155.832443,160.191605,155.357986,159.628174,141.564392,2624154
2020-09-28,162.544159,164.234451,161.348114,162.741867,144.325775,2541906
2020-09-29,162.662781,164.313522,161.585342,162.613358,144.211746,2194602
2020-09-30,163.858826,165.984039,161.140533,162.712204,144.299423,2917031
2020-10-01,164.283875,165.213043,160.250916,161.792923,143.484177,2437401
2020-10-02,159.756683,165.074646,159.489792,163.700684,145.176071,2367191
2020-10-05,165.064774,167.298706,164.817642,166.774826,147.902328,1770411
2020-10-06,167.160324,169.443695,164.699036,164.965927,146.298126,2373160
2020-10-07,167.041702,170.214706,166.577133,169.572189,150.383118,2053879
2020-10-08,170.392624,171.865448,169.503006,171.776489,152.337997,2000969
2020-10-09,172.389343,174.030197,171.272369,172.369568,152.863937,2667655
2020-10-12,173.041733,174.939590,172.112564,173.338272,153.723038,3435913
2020-10-13,171.924759,172.923111,168.554077,169.572189,150.383118,2342305
2020-10-14,171.094437,172.942886,170.807785,171.470062,152.066254,2412413
2020-10-15,169.087845,171.539246,168.366257,170.619980,151.312363,2465019
2020-10-16,171.302017,174.366272,170.807785,172.844040,153.284744,3671125
2020-10-19,172.577148,173.140579,169.077957,169.611740,150.418182,2128034
2020-10-20,170.481583,173.694122,170.481583,171.262482,151.882141,1598732
2020-10-21,170.600204,173.199890,170.560669,170.876968,151.540268,1848309
2020-10-22,171.608444,175.206482,171.045013,174.811096,155.029190,1904052
2020-10-23,175.947830,176.580460,171.657867,173.516190,153.880844,2011086
2020-10-26,171.203171,171.203171,165.667740,168.208099,149.173416,2350802
2020-10-27,167.091125,167.891800,164.738571,164.827530,146.175369,2032735
2020-10-28,160.646301,163.601837,159.114166,159.301987,141.275146,3271214
2020-10-29,158.560623,163.829178,157.582047,162.702316,144.290680,3149915
2020-10-30,159.677597,163.848953,159.193253,163.048279,144.597488,4440697
2020-11-02,167.249283,172.488190,166.171860,171.608444,152.188995,4247267
2020-11-03,173.506302,178.310272,172.241074,177.143875,157.097961,3763186
2020-11-04,174.405823,180.326752,171.282242,176.847336,156.835022,4368970
2020-11-05,178.310272,182.254272,178.142242,181.166962,160.665833,4638578
2020-11-06,181.414078,183.855606,180.771576,182.145538,161.533676,3116227
2020-11-09,202.537704,207.578903,191.190048,194.718903,172.684204,7825420
2020-11-10,197.110992,200.679382,195.845749,199.651367,177.058487,5950807
2020-11-11,199.967682,200.610184,196.053329,196.992386,174.700424,3276272
2020-11-12,195.272446,197.012146,193.423996,194.966019,173.713989,2690823
2020-11-13,196.547562,199.572296,196.547562,199.216446,177.501144,2382670
2020-11-16,203.615128,207.193405,201.054993,206.185165,183.710205,4955937
2020-11-17,204.524521,204.524521,201.015457,202.962738,180.839035,3488013
2020-11-18,202.142319,202.606888,198.643127,198.791397,177.122406,4473879
2020-11-19,198.959442,200.748566,197.585464,200.382828,178.540390,3301058
2020-11-20,199.443787,200.985809,198.188431,199.671143,177.906265,2386514
2020-11-23,201.302109,202.933090,201.074768,202.221390,180.178543,2839132
2020-11-24,205.898499,206.382858,204.356491,205.493225,183.093674,4100879
2020-11-25,205.601959,206.234589,204.168686,205.285645,182.908768,2462692
2020-11-27,205.275772,207.005585,205.206573,206.995712,184.432434,1450928
2020-11-30,204.781525,205.849075,201.569000,201.569000,179.597244,6541113
2020-12-01,204.702454,207.410858,203.555832,203.822708,181.605286,3839769
2020-12-02,203.615128,206.629974,203.595367,205.601959,183.190582,2488591
2020-12-03,204.227982,207.025360,204.030289,205.819427,183.384354,2811818
2020-12-04,206.975937,210.435577,206.975937,210.228012,187.312393,3236109
2020-12-07,209.071487,209.348267,206.936401,208.666229,185.920822,2625368
2020-12-08,207.895218,210.603622,207.480057,209.625031,186.775146,2329153
2020-12-09,210.386154,211.354858,208.290604,209.793076,186.924866,2980765
2020-12-10,207.826019,210.346619,207.796371,209.526184,186.687088,3022041
2020-12-11,207.134094,212.778259,207.134094,212.155518,189.029755,3157098
2020-12-14,213.509735,214.201660,209.259308,209.407578,186.581375,3384318
2020-12-15,211.532791,212.422409,209.437225,211.700821,188.624664,2531688
2020-12-16,210.929825,211.858978,206.817780,207.885330,185.225082,2964275
2020-12-17,208.517944,209.496536,207.578903,209.496536,186.660660,2173357
2020-12-18,209.842499,210.059967,206.214813,207.618439,184.987228,6764184
2020-12-21,203.259293,208.725525,202.488281,208.231293,185.533310,2496280
2020-12-22,208.142334,208.774948,205.453690,205.542648,183.137756,2043156
2020-12-23,207.193405,209.694229,206.827667,207.569016,184.943222,2070572
2020-12-24,208.102798,208.270828,206.195038,207.114319,184.538071,763705
2020-12-28,208.567368,208.794724,206.966049,207.519592,184.899185,1735711
2020-12-29,208.962769,208.962769,205.483337,206.718933,184.185806,1545417
2020-12-30,207.578903,209.150574,207.143982,208.517944,185.788742,1620786
2020-12-31,208.567368,210.544312,207.252701,210.247772,187.330032,1422804
2021-01-04,210.386154,210.554199,203.980865,205.552536,183.146545,2356063
2021-01-05,204.593719,207.766708,204.593719,206.056656,183.595734,2197434
2021-01-06,207.035248,211.513016,206.817780,209.812851,186.942474,2779950
2021-01-07,210.435577,211.542679,208.369675,210.158813,187.250717,2081295
2021-01-08,210.346619,210.949585,205.275772,207.608551,184.978455,3317143
2021-01-11,205.710693,207.203278,205.433914,205.957809,183.507614,2973178
2021-01-12,205.463577,207.064896,202.893555,206.471817,183.965668,2527945
2021-01-13,205.878738,206.214813,204.020401,204.633255,182.327454,2170119
2021-01-14,205.641495,207.361435,204.791412,206.204926,183.727859,3704206
2021-01-15,205.137375,205.463577,202.834244,203.595367,181.402771,3932842
2021-01-19,205.839188,206.353195,204.069839,204.376251,182.098495,2687282
2021-01-20,205.522888,206.264236,204.287292,205.681046,183.261047,2481004
2021-01-21,204.475098,205.414154,202.735397,202.863892,180.750977,2736651
2021-01-22,201.905075,202.102768,199.068161,199.918259,178.126450,3543554
2021-01-25,199.018738,200.224686,197.793045,199.542633,177.791763,4792958
2021-01-26,201.489929,202.409195,198.662888,198.741974,177.078384,2227582
2021-01-27,195.825989,198.445435,194.264206,197.081345,175.598740,4156521
2021-01-28,198.307053,202.982513,197.328461,200.501450,178.646072,3775225
2021-01-29,194.244431,198.623352,192.307022,193.117569,172.067078,4689161
2021-02-01,195.272446,195.489899,193.028610,193.305389,172.234421,2922696
2021-02-02,195.549210,198.554169,195.232895,197.812805,176.250473,2800082
2021-02-03,197.328461,197.595352,195.134048,196.844116,175.387390,1932378
2021-02-04,197.526154,199.137360,196.537689,198.277390,176.664398,2299815
2021-02-05,199.898483,201.519577,198.959442,200.580536,178.716507,1889889
2021-02-08,201.470154,202.537704,200.224686,201.509689,179.544388,2099910
2021-02-09,201.252686,201.450378,198.761749,199.690903,177.923859,1814924
2021-02-10,200.659607,201.005569,198.860596,199.829285,178.047150,1916698
2021-02-11,199.849060,200.758453,198.564041,199.849060,178.064728,1728933
2021-02-12,200.036865,201.440506,199.325165,201.223038,179.288971,2013514
2021-02-16,202.498169,203.199982,199.552521,201.094528,179.174469,2310032
2021-02-17,199.038513,199.858948,197.555801,199.572296,177.818176,2944143
2021-02-18,199.176895,202.458618,198.336700,201.173615,179.244949,1785485
2021-02-19,201.766693,204.445450,200.975922,201.213150,179.280197,2462794
2021-02-22,200.699142,201.944626,200.086288,201.272461,179.333023,2231022
2021-02-23,202.646439,203.466858,200.629959,202.676086,180.583618,2487984
2021-02-24,202.527817,209.694229,201.153839,208.597031,185.859161,3380474
2021-02-25,207.529480,208.033600,201.905075,202.428970,181.161789,2766900
2021-02-26,203.259293,203.427322,199.740326,200.017105,179.003372,3708455
2021-03-01,201.974274,205.750229,201.341660,203.842484,182.426834,2565579
2021-03-02,204.386139,205.592072,202.814468,204.198334,182.745331,2529361
2021-03-03,203.743637,207.035248,203.743637,204.623383,183.125687,2737966
2021-03-04,204.959457,205.641495,198.198318,200.600296,179.525299,2831444
2021-03-05,202.171967,205.068192,199.453674,204.198334,182.745331,2891132
2021-03-08,205.147263,210.000656,204.811188,205.305420,183.736084,3253409
2021-03-09,206.580551,207.519592,204.109375,205.216461,183.656479,2674130
2021-03-10,205.285645,210.811203,205.255997,210.455353,188.344940,4383032
2021-03-11,209.348267,212.284027,208.765076,210.050079,187.982254,2994220
2021-03-12,210.830978,212.906769,210.742004,211.908401,189.645370,1860652
2021-03-15,211.246124,214.498199,210.247772,213.707428,191.255417,2590870
2021-03-16,213.865585,213.974304,208.972641,209.368042,187.371918,2607765
2021-03-17,211.038559,211.957825,209.496536,210.573975,188.451126,2762044
2021-03-18,211.038559,216.475143,210.722244,212.541031,190.211533,4343982
2021-03-19,212.886993,213.104462,209.723892,210.455353,188.344940,10228727
2021-03-22,208.676102,210.228012,207.114319,209.684341,187.654953,3345065
2021-03-23,207.994064,209.901810,205.473465,206.185165,184.523407,1936122
2021-03-24,207.539368,212.570679,207.470169,209.773315,187.734573,2591983
2021-03-25,209.763428,211.582214,205.849075,211.414169,189.203110,2243364
2021-03-26,212.639877,216.168716,211.671173,216.010559,193.316513,2569625
2021-03-29,215.140701,217.137421,214.636581,216.356522,193.626160,3099636
2021-03-30,216.475143,216.781570,214.547623,215.575638,192.927307,2476653
2021-03-31,215.674484,216.643188,214.251083,214.567398,192.024994,2478576
2021-04-01,215.447128,215.457016,213.005615,214.300507,191.786163,2134205
2021-04-05,216.188492,217.572342,215.852402,216.742035,193.971176,2285044
2021-04-06,217.038574,218.501511,215.990784,216.662949,193.900406,1816948
2021-04-07,215.704132,217.345001,214.774979,215.980911,193.290009,1737229
2021-04-08,215.664597,217.424072,214.142349,217.325226,194.493103,2095863
2021-04-09,224.877151,225.005646,220.735458,224.363144,200.791595,3906943
2021-04-12,223.038589,226.587204,222.959518,225.964462,202.224670,2691126
2021-04-13,226.567429,227.298904,224.975998,226.359848,202.578522,2781973
2021-04-14,225.371384,228.326904,225.371384,226.735474,202.914703,2212002
2021-04-15,227.575668,228.050140,225.934814,227.190170,203.321625,2032837
2021-04-16,229.008957,229.671234,227.397751,229.433990,205.329697,4145898
2021-04-19,229.038605,229.433990,227.842560,228.307144,204.321228,2938275
2021-04-20,227.348328,227.536133,223.176971,224.709106,201.101196,2074517
2021-04-21,224.511414,228.010605,224.313721,227.842560,203.905472,1742489
2021-04-22,227.743713,229.354919,226.162155,226.616852,202.808548,2545548
2021-04-23,222.603668,224.333481,219.658020,221.911728,198.597702,5372338
2021-04-26,222.989166,223.137436,218.709091,218.966095,195.961578,3653522
2021-04-27,219.460327,221.170380,218.560822,220.359833,197.208893,2819000
2021-04-28,220.172028,221.555878,219.934784,220.300522,197.155792,2193185
2021-04-29,221.130844,221.575653,219.124237,221.318649,198.067001,1810574
2021-04-30,220.448792,221.002335,218.491623,220.468567,197.306213,2242757
2021-05-03,221.654724,222.188507,219.697556,220.626724,197.447769,2244578
2021-05-04,219.578934,222.999054,218.204971,222.831009,199.420441,2859973
2021-05-05,223.681091,224.649796,223.157211,223.582245,200.092743,2745554
2021-05-06,224.630035,226.181931,222.850784,226.023773,202.277802,2076844
2021-05-07,225.499878,227.051788,223.760178,226.152267,202.392776,1979927
2021-05-10,226.359848,229.967773,226.359848,228.277481,204.294708,2419494
2021-05-11,225.430695,226.616852,221.664612,226.518005,202.720108,3419625
2021-05-12,224.027054,224.639908,217.354874,217.503159,194.652313,4246053
2021-05-13,216.307098,222.277466,216.218140,221.101181,198.712219,2938579
2021-05-14,223.137436,225.598724,222.267578,224.738754,201.981461,2105575
2021-05-17,225.233002,225.233002,222.148972,223.859024,201.190796,2082105
2021-05-18,222.771698,223.384552,219.667908,219.756866,197.504044,2428397
2021-05-19,218.125885,218.916672,214.280731,218.768402,196.615646,3085776
2021-05-20,217.947968,220.320297,217.928192,219.569061,197.335205,2233551
2021-05-21,220.429031,223.028702,220.092941,220.626724,198.285828,2301130
2021-05-24,221.911728,222.919968,220.597061,222.405975,199.884872,1834652
2021-05-25,222.405975,223.107788,220.814529,221.457031,199.032028,1825648
2021-05-26,222.366425,222.396088,220.735458,221.684387,199.236374,1768185
2021-05-27,224.076477,229.068268,223.977631,228.603683,205.454971,6724426
2021-05-28,229.325272,229.562500,227.654755,228.247833,205.135193,2558800
2021-06-01,230.205002,230.995789,228.840912,230.264313,206.947495,2260056
2021-06-02,231.321976,231.321976,227.842560,228.079788,204.984146,2251356
2021-06-03,228.050140,228.969421,225.835968,226.557541,203.616028,2348374
2021-06-04,227.111084,228.089676,226.547668,227.397751,204.371201,1315163
2021-06-07,226.863968,227.704178,224.906799,225.559189,202.718781,2056105
2021-06-08,225.677811,228.158875,224.817841,227.160507,204.157959,1740668
2021-06-09,227.170395,227.743713,224.975998,225.183578,202.381226,1996417
2021-06-10,226.478470,227.407639,223.542709,223.641556,200.995361,2249535
2021-06-11,225.124268,225.697571,221.377960,222.583893,200.044800,2021911
2021-06-14,222.326889,222.356537,220.162140,220.597061,198.259125,2616263
2021-06-15,220.448792,221.279114,219.114365,219.934784,197.663940,2087062
2021-06-16,219.934784,220.330185,216.079758,216.465256,194.545700,3087901
2021-06-17,216.672836,217.661301,212.254364,213.796387,192.147110,2453689
2021-06-18,211.137405,212.807922,209.516312,210.050079,188.780136,5489590
2021-06-21,212.264252,214.923248,211.868866,213.509735,191.889481,2905902
2021-06-22,213.193420,214.300507,212.402649,213.005615,191.436432,2135520
2021-06-23,213.183533,213.875458,212.086334,212.185181,190.699036,2260259
2021-06-24,213.302155,215.526215,212.175293,215.180252,193.390839,3403540
2021-06-25,215.358170,217.631653,214.824402,216.218140,194.323654,5279973
2021-06-28,216.593765,217.572342,213.806274,214.290619,192.591293,2387829
2021-06-29,214.527847,215.842514,212.936417,213.460312,191.845047,3036913
2021-06-30,213.045151,217.325226,213.045151,216.821106,194.865555,2899731
2021-07-01,218.036926,218.709091,217.127533,218.076462,195.993759,1649214
2021-07-02,218.442200,219.489975,217.176956,218.768402,196.615646,1560693
2021-07-06,217.552582,218.402664,213.440536,216.040222,194.163757,1958176
2021-07-07,215.516327,219.035278,215.496552,218.195084,196.100388,1581432
2021-07-08,216.040222,218.165421,214.626694,216.791458,194.838898,2432747
2021-07-09,218.481735,222.010574,218.195084,221.753571,199.298553,2187014
2021-07-12,220.310410,223.097900,219.569061,222.425735,199.902649,2090400
2021-07-13,223.246170,223.246170,221.130844,221.496582,199.067581,1433831
2021-07-14,221.585541,226.122620,221.585541,225.144028,202.345657,2662496
2021-07-15,227.348328,230.738785,226.399384,230.125931,206.823074,5611495
2021-07-16,229.513077,231.163818,226.972702,227.674515,204.619919,3634705
2021-07-19,223.068237,223.997406,217.473495,218.115997,196.029343,6178330
2021-07-20,219.084702,228.603683,218.946320,227.012238,204.024719,28566443
2021-07-21,226.557541,229.394455,226.092972,229.176987,205.970215,4607824
2021-07-22,230.027084,231.549316,227.476822,230.056732,206.760910,3723124
2021-07-23,226.359848,228.455414,223.572357,226.676163,203.722641,3953986
2021-07-26,225.845840,227.111084,222.623428,226.606964,203.660431,2809086
2021-07-27,226.043549,229.592148,225.460342,227.704178,204.646576,2192376
2021-07-28,227.417511,229.602036,226.725586,227.832672,204.762100,1733890
2021-07-29,230.205002,230.560852,228.672867,230.195114,206.885269,1519417
2021-07-30,230.106155,231.242905,229.404343,231.094635,207.693680,2263395
2021-08-02,232.429062,234.129227,229.542725,229.740417,206.476639,2048922
2021-08-03,230.481781,231.153931,227.921631,229.967773,206.680969,1803796
2021-08-04,229.127563,230.293961,226.270889,226.943054,203.962540,2351106
2021-08-05,226.883743,228.880447,226.310425,227.229706,204.220184,1484313
2021-08-06,227.348328,228.228058,226.369736,227.032013,204.042465,1342882
2021-08-09,226.132507,226.676163,224.926575,225.598724,202.754349,1385777
2021-08-10,225.776657,229.394455,225.489990,229.206650,205.996902,2416662
2021-08-11,229.918350,231.974365,229.196762,231.480133,208.040161,2122976
2021-08-12,230.827744,231.055084,228.040253,229.265961,206.871750,1939561
2021-08-13,229.176987,229.977661,228.485062,229.088028,206.711243,1421084
2021-08-16,229.186874,231.104507,227.516357,231.045197,208.477203,1815430
2021-08-17,230.501541,231.005661,225.707458,228.781601,206.434708,2710348
2021-08-18,227.308777,228.821152,225.608612,225.786545,203.732208,2585104
2021-08-19,224.956223,226.597092,223.433975,225.104492,203.116730,1967787
2021-08-20,225.499878,226.092972,223.898560,225.074844,203.090027,2105272
2021-08-23,224.630035,228.939758,224.630035,226.468582,204.347610,2168298
2021-08-24,226.211578,228.257721,225.677811,227.783249,205.533859,1280159
2021-08-25,228.198410,229.661346,226.162155,228.000717,205.730087,1825243
2021-08-26,227.427399,228.514725,226.784897,228.218170,205.926331,1318299
2021-08-27,228.910110,230.867279,228.000717,228.475174,206.158203,1683003
2021-08-30,228.554260,230.096268,227.901871,229.196762,206.809326,1333676
2021-08-31,228.761841,229.967773,227.911758,229.236298,206.844986,1979117
2021-09-01,230.264313,230.501541,226.656387,227.150635,204.963058,2513276
2021-09-02,228.257721,228.771729,227.120972,228.307144,206.006592,1613097
2021-09-03,228.336792,228.336792,225.144028,225.727234,203.678696,1641323
2021-09-07,225.074844,225.074844,220.201675,220.359833,198.835510,3259984
2021-09-08,220.181915,222.307114,219.262634,221.812881,200.146652,2456926
2021-09-09,221.328537,222.386200,219.766754,220.359833,198.835510,1960503
2021-09-10,220.399368,222.593781,219.648132,219.806290,198.336105,2385401
2021-09-13,221.733810,223.107788,219.648132,221.022110,199.433167,2803724
2021-09-14,221.466919,221.536118,217.176956,217.651428,196.391708,2731188
2021-09-15,218.086349,220.340057,217.602005,219.134125,197.729568,2045280
2021-09-16,218.718964,218.857361,216.000671,217.117645,195.910080,2421417
2021-09-17,217.325226,217.325226,214.992432,215.971024,194.875473,4442821
2021-09-20,213.598694,215.328522,211.720596,213.242844,192.413757,4055253
2021-09-21,214.290619,214.438889,211.878754,212.422409,191.673431,2598660
2021-09-22,213.944656,215.911713,213.826035,214.517975,193.564331,2307706
2021-09-23,214.794739,218.817825,214.794739,217.167068,195.954666,2205426
2021-09-24,217.206604,218.264282,215.951248,216.662949,195.499771,1971833
2021-09-27,216.415833,217.295578,215.219788,215.387817,194.349197,2224952
2021-09-28,214.122574,215.832642,211.997375,212.491608,191.735901,2685056
2021-09-29,213.341690,213.915009,212.076447,212.442184,191.691284,2133598
2021-09-30,213.677765,213.756851,209.654694,209.832611,189.336609,2968625
2021-10-01,210.524551,213.924881,209.199997,213.163757,192.342361,2303052
2021-10-04,212.768372,214.122574,210.732132,211.740372,191.058029,2662901
2021-10-05,211.147278,214.547623,211.147278,213.232956,192.404800,1578296
2021-10-06,211.305435,214.488312,210.662933,214.359818,193.421600,1756147
2021-10-07,215.486664,217.325226,215.200012,215.852402,194.768433,1874208
2021-10-08,216.158829,217.018799,214.241196,215.190125,194.170792,1360485
2021-10-11,214.873825,215.704132,212.778259,212.807922,192.021286,1371006
2021-10-12,213.213181,213.746964,211.463593,211.858978,191.165054,1399839
2021-10-13,212.807922,214.181885,210.485001,213.094574,192.279953,1618864
2021-10-14,214.656357,216.257675,214.033615,216.069870,194.964615,1442126
2021-10-15,217.760147,218.896896,216.732147,218.175308,196.864410,2206033
2021-10-18,216.059982,218.916672,215.328522,218.086349,196.784149,1905266
2021-10-19,218.807938,219.282394,216.929840,219.223083,197.809845,1618257
2021-10-20,219.667908,221.111069,218.284042,221.061646,199.468811,1676225
2021-10-21,221.041885,222.267578,218.689316,221.931503,200.253708,2680099
2021-10-22,220.399368,221.318649,214.735428,214.893585,193.903259,3539406
2021-10-25,214.310394,216.475143,213.163757,215.031982,194.028137,2742013
2021-10-26,215.684372,217.928192,214.270859,215.802979,194.723785,2472404
2021-10-27,215.585526,215.644821,212.738724,213.232956,192.404800,1666311
2021-10-28,211.908401,216.257675,211.908401,215.961136,194.866531,1970619
2021-10-29,215.486664,217.760147,214.557510,216.099518,194.991348,2645804
2021-11-01,216.178604,217.513031,215.555862,217.226379,196.008133,1717602
2021-11-02,217.997391,219.410904,216.722260,218.639893,197.283630,2324196
2021-11-03,218.363129,220.478455,217.048462,220.231339,198.719635,2081295
2021-11-04,220.102829,222.247818,219.519638,219.924911,198.443100,2347059
2021-11-05,221.654724,224.985870,221.239578,223.453751,201.627243,2356367
2021-11-08,225.183578,225.608612,221.793121,223.127548,201.332916,1735408
2021-11-09,223.097900,225.628387,222.751938,225.124268,203.134598,2396631
2021-11-10,224.649796,225.282425,222.583893,222.811234,201.916336,1340252
2021-11-11,222.900208,222.900208,218.056702,218.461975,197.974976,1614413
2021-11-12,219.381241,219.974335,216.969376,219.826065,199.211136,2210080
2021-11-15,220.063293,221.457031,219.084702,219.905136,199.282776,1221988
2021-11-16,220.053406,220.705795,218.511398,218.817825,198.297440,1667727
2021-11-17,218.442200,218.738739,217.068222,217.947968,197.509140,1918721
2021-11-18,216.969376,218.402664,216.494919,218.155548,197.697250,1707991
2021-11-19,218.461975,218.649780,214.666245,215.971024,195.717636,2120548
2021-11-22,215.812866,218.501511,215.516327,215.625061,195.404099,2480194
2021-11-23,214.854050,215.941360,212.669525,213.509735,193.487167,4068304
2021-11-24,212.659637,213.420761,209.397690,209.763428,190.092133,3304093
2021-11-26,202.587128,206.590439,200.234558,205.809540,186.509048,3902795
2021-11-29,207.786484,207.786484,204.613495,205.265884,186.016403,2628403
2021-11-30,203.852371,204.089600,198.791397,199.908371,181.161285,5746552
2021-12-01,203.279053,203.506409,196.883652,197.120880,178.635239,3159526
2021-12-02,198.643127,203.081360,197.199951,201.648071,182.737823,6074938
2021-12-03,201.657959,202.122543,198.682663,201.153839,182.289948,3587258
2021-12-06,202.863892,205.690918,202.508041,203.872131,184.753296,4427444
2021-12-07,204.939682,207.183517,203.387787,204.761765,185.559555,4842530
2021-12-08,202.478394,202.962738,200.185135,202.290588,183.320099,5055687
2021-12-09,202.221390,204.771652,200.610184,203.625015,184.529388,5050224
2021-12-10,204.455338,207.618439,203.447098,207.391098,187.942322,3449975
2021-12-13,207.381210,208.320251,206.195038,206.817780,187.422760,2926034
2021-12-14,206.422394,209.101151,203.536057,204.297180,185.138519,3834812
2021-12-15,205.157150,207.974289,202.873779,207.341675,187.897522,2986431
2021-12-16,208.814499,208.844147,206.886978,207.193405,187.763153,3028111
2021-12-17,207.045135,207.687637,202.349899,202.804596,183.785919,5644172
2021-12-20,199.789749,200.313644,195.816101,197.545929,179.020386,3426909
2021-12-21,198.830933,200.442139,198.000626,199.344940,180.650696,2658854
2021-12-22,198.900131,199.671143,197.773270,199.512985,180.803009,3147386
2021-12-23,200.857300,203.931442,200.659607,202.854019,183.830688,2403814
2021-12-27,203.318588,204.257645,202.547592,204.050064,184.914597,2515400
2021-12-28,204.089600,205.710693,203.842484,204.662918,185.469940,1994191
2021-12-29,205.513000,205.641495,204.079712,205.137375,185.899918,1734497
2021-12-30,205.700806,206.491592,204.524521,204.722229,185.523727,1287949
2021-12-31,204.475098,206.778244,204.000641,206.106079,186.777756,1554421
2022-01-03,205.463577,206.936401,203.190094,204.415802,185.246033,2608676
2022-01-04,204.326828,207.134094,203.279053,206.590439,187.216736,3294381
2022-01-05,207.124207,213.094574,206.709045,208.626678,189.062027,4136186
2022-01-06,209.358154,211.878754,208.191757,208.389450,188.847015,3308544
2022-01-07,209.704117,214.804626,209.130798,213.262619,193.263199,3092352
2022-01-10,213.183533,213.964432,209.417465,210.999008,191.211853,3493982
2022-01-11,211.947952,214.488312,209.081375,213.816162,193.764832,3570666
2022-01-12,214.982544,216.662949,214.844162,215.733795,195.502609,3141013
2022-01-13,215.882065,219.331818,215.555862,216.900192,196.559631,3118453
2022-01-14,215.101166,215.457016,212.877106,215.140701,194.965149,3382092
2022-01-18,212.402649,213.450424,209.615158,211.127518,191.328323,3090632
2022-01-19,211.938065,212.293915,208.171982,208.300491,188.766449,2645298
2022-01-20,209.239532,211.977600,206.323547,206.511353,187.145050,2598660
2022-01-21,206.847443,207.183517,202.597015,202.735397,183.723206,4492595
2022-01-24,201.845779,202.419083,196.685959,202.092896,183.140961,5501527
2022-01-25,198.396011,201.440506,195.628296,199.967682,181.215042,5298891
2022-01-26,200.807877,203.516281,196.428955,198.336700,179.736984,3427111
2022-01-27,200.728806,202.468506,196.962723,198.336700,179.736984,2782075
2022-01-28,198.069809,199.720566,193.789734,199.661255,180.937363,3431866
2022-01-31,198.247742,202.616776,197.012146,202.122543,183.167816,3336264
2022-02-01,201.578888,203.447098,199.186783,202.972626,183.938171,3088912
2022-02-02,203.051712,205.443802,202.280701,205.157150,185.917847,2868977
2022-02-03,197.852356,198.682663,189.371262,189.529419,171.755661,8781138
2022-02-04,189.657928,190.567322,185.862198,189.292191,171.540649,5543815
2022-02-07,189.934692,192.346573,188.610153,190.260895,172.418549,3498130
2022-02-08,190.260895,192.811142,188.847382,192.316910,174.281738,2767709
2022-02-09,193.858932,194.748550,192.445419,194.353165,176.127045,3247946
2022-02-10,191.872101,194.699127,188.817719,189.539307,171.764618,3702284
2022-02-11,189.598618,190.666168,184.399261,184.834183,167.500732,5385591
2022-02-14,185.219696,186.247696,182.412430,184.537643,167.231979,3193619
2022-02-15,186.010468,187.740295,184.379486,187.344910,169.775986,2861490
2022-02-16,187.354782,187.611786,184.646378,186.880325,169.354965,3121589
2022-02-17,185.318542,185.713928,182.175201,182.461853,165.350861,3111776
2022-02-18,181.809464,182.926437,179.298752,180.030212,163.147263,5097165
2022-02-22,181.008804,183.143906,178.853943,180.455261,163.532455,4054747
2022-02-23,181.453613,181.760040,176.738602,176.896759,160.307648,3624183
2022-02-24,172.932999,180.583755,172.409103,180.237793,164.234741,5968511
2022-02-25,180.000565,187.335022,179.970901,186.386093,169.837143,5059329
2022-02-28,183.905029,187.750183,183.905029,187.562363,170.908951,4159050
2022-03-01,184.498108,187.661209,180.820999,181.483276,165.369629,5526718
2022-03-02,183.203217,186.079666,182.036819,184.290527,167.927673,5402991
2022-03-03,187.285599,189.638153,184.962692,185.358078,168.900421,5081485
2022-03-04,183.509628,185.506348,182.392670,185.269119,168.819351,5121041
2022-03-07,184.883606,185.140610,179.921494,180.059875,164.072617,3575016
2022-03-08,180.089523,184.863846,180.020340,181.127426,165.045380,4628361
2022-03-09,184.211456,185.071426,182.758392,183.262512,166.990891,2933217
2022-03-10,180.435486,182.975861,180.119186,182.234512,166.054138,2484039
2022-03-11,184.231216,184.774872,179.931366,180.138947,164.144653,2757289
2022-03-14,181.354767,183.074707,180.613419,181.087875,165.009338,3037115
2022-03-15,182.995636,186.000580,182.659546,185.624969,169.143585,3968554
2022-03-16,187.414093,189.045074,184.369598,188.827606,172.061874,4180902
2022-03-17,187.463516,190.389389,187.018707,189.717239,172.872513,3190281
2022-03-18,189.559082,192.672760,187.611786,192.475067,175.385483,8850639
2022-03-21,191.338318,192.168640,189.311966,190.794662,173.854309,3541429
2022-03-22,190.913284,193.661240,190.913284,192.781494,175.664719,2397137
2022-03-23,192.198288,192.712296,189.796310,190.122513,173.241806,1837282
2022-03-24,190.952820,192.475067,189.835846,192.445419,175.358475,2223434
2022-03-25,193.097809,196.073105,193.068146,195.509674,178.150635,2572761
2022-03-28,194.817749,195.064865,192.010483,194.837509,177.538193,3308645
2022-03-29,196.784805,197.091232,192.583801,195.262558,177.925476,3389376
2022-03-30,194.847397,195.895172,193.433884,194.274078,177.024750,2455813
2022-03-31,194.402588,195.924835,192.307022,192.336685,175.259399,3314210
2022-04-01,193.641464,193.849045,191.269135,193.769958,176.565414,2313270
2022-04-04,193.078033,194.363052,191.209824,193.809509,176.601471,2075124
2022-04-05,192.395996,194.204895,190.863861,191.397629,174.403717,2320554
2022-04-06,189.707352,192.821030,188.926453,191.387756,174.394684,2976820
2022-04-07,190.280655,191.367981,186.267471,190.478363,173.566055,2227177
2022-04-08,190.774902,191.160400,187.621674,187.967636,171.278259,2911365
2022-04-11,188.076370,189.045074,186.554123,187.087906,170.476654,2732200
2022-04-12,188.699112,190.666168,187.809479,188.788071,172.025879,3134943
2022-04-13,189.618393,192.761719,189.114273,192.603561,175.502594,2419191
2022-04-14,192.919876,194.432236,192.662872,192.939651,175.808853,4325671
2022-04-18,192.050018,193.621689,188.936340,189.855621,172.998611,1980837
2022-04-19,190.844086,195.084625,190.349854,194.926468,177.619278,3379664
2022-04-20,195.895172,197.199951,193.750198,194.076385,176.844620,2653492
2022-04-21,195.677719,198.277390,193.206543,193.681000,176.484360,2446405
2022-04-22,192.356445,192.376221,188.155457,188.432220,171.701614,3076266
2022-04-25,188.135681,189.687576,185.170273,189.608505,172.773422,2425463
2022-04-26,187.325134,188.659576,185.407501,185.506348,169.035507,2882229
2022-04-27,184.290527,186.603546,183.618362,184.201569,167.846588,3089114
2022-04-28,185.615082,188.471756,183.114243,187.730408,171.062103,3464442
2022-04-29,197.882004,199.661255,190.646393,191.279022,174.295624,7333043
2022-05-02,192.247726,198.603592,189.717239,194.600281,177.322037,7182406
2022-05-03,194.056625,196.063217,192.998962,194.768326,177.475128,5422314
2022-05-04,195.213135,204.020401,195.074753,203.476746,185.410324,5547659
2022-05-05,201.351532,202.310349,194.204895,195.588745,178.222717,5826170
2022-05-06,195.005554,195.143936,190.933044,193.176880,176.024963,3667078
2022-05-09,192.860565,193.542618,190.142273,191.723831,174.700958,3825504
2022-05-10,194.017075,194.966019,190.003891,192.524490,175.430511,4823106
2022-05-11,192.583801,194.590393,189.213120,189.806198,172.953568,3322202
2022-05-12,188.778183,192.504715,186.514587,190.695816,174.655579,4036841
2022-05-13,191.180176,192.702408,188.728760,191.298782,175.207855,3275159
2022-05-16,191.367981,193.038498,190.112625,191.723831,175.597137,2654807
2022-05-17,193.710663,197.743622,193.542618,196.765030,180.214325,2755670
2022-05-18,195.480026,196.399292,191.022018,191.634872,175.515656,3223059
2022-05-19,189.816086,192.959412,185.951157,190.428925,174.411163,3162662
2022-05-20,191.298782,191.970947,183.638138,187.562363,171.785690,3929402
2022-05-23,189.697464,189.964355,186.326782,187.394333,171.631805,3769458
2022-05-24,187.127441,188.560715,182.758392,187.769943,171.975830,2875552
2022-05-25,186.939636,188.965988,184.547531,188.244415,172.410400,2541299
2022-05-26,189.074722,191.941299,188.985764,190.873749,174.818573,2264710
2022-05-27,192.741959,194.125809,191.802902,194.086273,177.760910,2272601
2022-05-31,191.328445,193.137344,189.361389,191.387756,175.289276,3544262
2022-06-01,192.257599,192.475067,188.194992,189.697464,173.741211,2388841
2022-06-02,191.555786,194.926468,189.845734,194.768326,178.385529,2539882
2022-06-03,193.097809,193.908356,191.377869,192.573914,176.375702,2281200
2022-06-06,194.323502,194.699127,192.247726,192.939651,176.710693,1604701
2022-06-07,191.397629,195.707367,189.934692,195.341629,178.910614,2154944
2022-06-08,194.372925,194.610168,191.387756,192.277374,176.104126,1708497
2022-06-09,191.012131,193.325150,189.638153,189.796310,173.831757,1694334
2022-06-10,186.148849,186.514587,184.063171,184.132370,168.644241,2912276
2022-06-13,180.257568,183.974213,180.227905,182.293823,166.960297,4819868
2022-06-14,183.005508,184.863846,180.336639,181.166962,165.928253,3492768
2022-06-15,182.293823,185.120850,180.672729,182.837479,167.458252,3013948
2022-06-16,179.753448,180.297104,176.975845,177.806152,162.850143,4479848
2022-06-17,177.331696,180.267456,176.135635,177.628235,162.687164,5699307
2022-06-21,179.654602,179.812759,177.341583,178.428894,163.420486,2969738
2022-06-22,176.402527,177.697433,174.138931,175.680939,160.903671,2940602
2022-06-23,175.186707,176.550797,170.926407,172.557373,158.042847,3372279
2022-06-24,174.455246,178.063156,173.674347,177.944550,162.976913,4203765
2022-06-27,178.903366,179.051636,175.354752,176.234482,161.410690,2631033
2022-06-28,177.400879,179.367935,173.723770,173.921463,159.292206,3218203
2022-06-29,174.020309,174.445358,169.433807,171.203171,156.802551,2456622
2022-06-30,169.285538,172.409103,168.217987,171.806137,157.354813,2905700
2022-07-01,171.647980,173.348160,169.591965,173.091156,158.531723,1996113
2022-07-05,171.727066,171.727066,167.012054,170.105972,155.797668,3384621
2022-07-06,170.778122,172.241074,169.107620,171.213058,156.811630,2227582
2022-07-07,172.201523,172.201523,169.285538,171.786377,157.336700,2788853
2022-07-08,171.885223,172.320145,169.542542,171.341553,156.929291,1633634
2022-07-11,172.992310,173.031845,170.105972,170.847321,156.476639,3261805
2022-07-12,169.740234,174.781433,169.740234,171.608444,157.173752,2789763
2022-07-13,168.811066,170.343201,167.911560,168.900040,154.693146,2020393
2022-07-14,166.774826,167.822601,165.420624,167.555710,153.461929,1845477
2022-07-15,169.058197,170.956055,168.168564,170.807785,156.440414,2214026
2022-07-18,171.143860,172.221298,168.563950,168.979111,154.765564,1676326
2022-07-19,170.926407,175.641403,170.797897,175.186707,160.451004,2484039
2022-07-20,174.771545,176.580460,174.148819,176.204834,161.383514,1668031
2022-07-21,176.204834,178.152130,175.068100,177.954422,162.985916,1875321
2022-07-22,178.419006,180.781448,178.122467,179.377823,164.289581,2354242
2022-07-25,179.674362,180.336639,178.280624,179.170242,164.099503,1963841
2022-07-26,179.555756,181.414078,178.330048,179.328400,164.244354,2351207
2022-07-27,178.270737,182.886902,177.479965,181.542572,166.272278,3546993
2022-07-28,186.929749,189.272415,184.725449,188.244415,172.410400,3696517
2022-07-29,188.283951,190.903397,186.682632,190.241119,174.239136,2941310
2022-08-01,189.203232,190.933044,188.699112,189.776535,173.813675,2360514
2022-08-02,188.926453,189.143921,186.484940,186.939636,171.215378,3374404
2022-08-03,187.176865,189.697464,185.634842,189.292191,173.370026,2564668
2022-08-04,188.926453,190.596970,188.244415,190.221359,174.221054,1721042
2022-08-05,189.361389,190.626633,188.086258,190.053314,174.067108,1870262
2022-08-08,191.951172,193.206543,190.863861,191.733719,175.606201,2101933
2022-08-09,192.326797,192.662872,191.170288,191.852325,175.714813,2308211
2022-08-10,194.669479,196.033569,194.106049,194.956131,178.557541,2670387
2022-08-11,194.728775,197.318573,194.728775,196.221375,180.613785,2420607
2022-08-12,197.031921,198.662888,195.954483,198.554169,182.761047,2284134
2022-08-15,198.316925,200.363068,197.140656,199.918259,184.016678,2334818
2022-08-16,198.109344,201.905075,197.753510,201.321884,185.308609,1680575
2022-08-17,199.483322,201.618423,198.929779,200.442139,184.498840,1680575
2022-08-18,200.175262,201.648071,200.046753,201.371307,185.354126,1526803
2022-08-19,200.283981,200.481689,198.544281,199.236206,183.388824,2064502
2022-08-22,197.279037,197.367996,195.054977,195.559097,180.004227,2618185
2022-08-23,196.073105,196.537689,194.867172,195.272446,179.740356,1626350
2022-08-24,194.471771,196.241135,194.056625,195.509674,179.958725,1367567
2022-08-25,196.923187,198.188431,195.638168,198.119232,182.360703,1650529
2022-08-26,196.942963,198.129120,190.715591,190.834198,175.655151,2870089
2022-08-29,190.557434,191.664520,188.995651,190.201584,175.072830,2120143
2022-08-30,189.746887,190.814438,187.107666,188.501419,173.507858,2249940
2022-08-31,190.349854,190.438812,186.830902,187.166977,172.279602,2659967
2022-09-01,186.969284,188.936340,186.366318,188.531067,173.535187,2268757
2022-09-02,190.863861,191.199936,184.082947,184.735336,170.041351,2780456
2022-09-06,184.952805,186.257584,182.234512,183.460205,168.867676,2578629
2022-09-07,183.756760,187.572250,183.687561,186.909973,172.043076,2371643
2022-09-08,186.168625,186.168625,182.313583,185.654617,170.887527,3547398
2022-09-09,186.929749,189.796310,186.633209,189.479996,174.408661,2943840
2022-09-12,190.972595,191.437180,189.173569,189.816086,174.717972,2798969
2022-09-13,186.336655,187.849030,182.491516,182.847366,168.303589,4915167
2022-09-14,183.114243,183.114243,176.135635,177.895126,163.745224,5007633
2022-09-15,177.074692,177.914886,174.168579,174.820969,160.915604,3492364
2022-09-16,171.559021,175.591980,170.531006,175.305328,161.361420,6492755
2022-09-19,173.970886,177.005493,173.713882,176.570572,162.526047,2444381
2022-09-20,174.998901,175.503021,173.051620,174.969254,161.052109,2507711
2022-09-21,175.858871,177.559036,172.280609,172.290497,158.586395,2534622
2022-09-22,171.539246,172.735306,170.036774,171.252594,157.631027,2255908
2022-09-23,170.788010,172.290497,167.960983,169.404160,155.929703,3239650
2022-09-26,169.552429,170.343201,166.913208,168.109253,154.737778,3309758
2022-09-27,168.890152,170.471710,166.438736,168.109253,154.737778,2723803
2022-09-28,169.878616,172.745193,168.465103,171.825912,158.158752,3113698
2022-09-29,171.361328,171.361328,166.171860,168.109253,154.737778,3153355
2022-09-30,168.138916,169.226227,164.708923,165.044998,151.917221,3854741
2022-10-03,168.109253,172.369568,167.130676,171.045013,157.440002,3418411
2022-10-04,172.883575,176.353104,172.814377,176.135635,162.125687,3734353
2022-10-05,174.583740,177.697433,172.992310,175.760025,161.779953,2974493
2022-10-06,174.257553,175.641403,171.855560,173.021957,159.259674,2629516
2022-10-07,171.588669,172.152100,168.405792,169.433807,155.956955,2996143
2022-10-10,170.817673,171.796249,168.158676,169.908279,156.393677,1954635
2022-10-11,169.423920,173.733658,168.811066,171.618332,157.967712,2942221
2022-10-12,172.053253,172.982422,170.214706,170.797897,157.212524,2759818
2022-10-13,167.446976,176.333344,167.269058,175.503021,161.543411,3260591
2022-10-14,176.096100,176.461838,171.825912,172.152100,158.459045,3004944
2022-10-17,175.611755,176.936310,174.099396,174.998901,161.079391,3477998
2022-10-18,178.102692,179.071396,175.591980,177.806152,163.663330,2001677
2022-10-19,177.430542,178.745209,175.888519,177.213074,163.117447,1707688
2022-10-20,177.292160,178.735321,175.068100,175.591980,161.625275,2718846
2022-10-21,174.949478,181.196609,174.484894,180.702377,166.329208,2994322
2022-10-24,182.382782,185.911621,181.720505,184.745224,170.050461,3309151
2022-10-25,184.507996,187.671097,184.053299,187.463516,172.552567,2941007
2022-10-26,189.420685,190.725479,187.572250,188.076370,173.116653,4251921
2022-10-27,191.130753,197.279037,190.577209,194.224655,178.775940,4809448
2022-10-28,196.705719,202.794708,194.422348,202.567352,186.455017,4949766
2022-10-31,200.076416,202.626663,199.957794,201.667847,185.627106,4485109
2022-11-01,202.092896,202.715622,199.196671,200.758453,184.790009,4427646
2022-11-02,200.995682,204.504761,197.743622,198.158768,182.397125,4747433
2022-11-03,198.059921,203.674438,196.873764,202.033585,185.963730,4707978
2022-11-04,203.921555,205.631622,201.855652,205.453690,189.111786,4173112
2022-11-07,205.305420,207.816132,204.751877,207.351562,190.858658,2702861
2022-11-08,206.916626,209.931458,206.471817,208.923218,192.305344,2661990
2022-11-09,207.578903,209.101151,206.036896,206.224701,190.751053,3075862
2022-11-10,212.372986,212.590454,208.715652,212.323563,196.392273,4405390
2022-11-11,212.115982,212.481720,209.012192,210.277435,194.499680,4276099
2022-11-14,210.326859,213.588806,209.387802,210.544312,194.746521,3109854
2022-11-15,212.877106,213.697540,210.633286,212.946304,196.968307,2395012
2022-11-16,213.272491,213.737076,210.850739,211.532791,195.660812,2475439
2022-11-17,209.802963,212.896881,209.575623,212.036911,196.127151,2720667
2022-11-18,213.895233,214.844162,210.702469,212.056671,196.145416,3009395
2022-11-21,212.521255,214.715668,211.384521,214.063278,198.001450,2373868
2022-11-22,214.626694,216.485031,214.498199,216.237915,200.012939,2545750
2022-11-23,216.267563,218.135773,215.783218,216.386185,200.150070,2718036
2022-11-25,215.229675,218.412552,215.229675,217.513031,201.192383,1132962
2022-11-28,217.167068,217.671188,212.985840,213.282379,197.279175,2673422
2022-11-29,213.430649,214.913361,212.699188,214.221436,198.147766,2126213
2022-11-30,213.826035,218.106125,211.226364,217.018799,200.735229,4729527
2022-12-01,217.740387,218.076462,213.855698,214.883698,198.760300,4036942
2022-12-02,212.353210,217.325226,212.244492,216.554214,200.305511,2219893
2022-12-05,215.239548,216.069870,212.718948,213.114334,197.123734,3113698
2022-12-06,213.776611,214.241196,208.923218,210.732132,194.920273,2547773
2022-12-07,211.503128,211.621750,209.565735,210.989120,195.157959,3018298
2022-12-08,211.384521,212.115982,209.763428,210.890274,195.066544,2194804
2022-12-09,210.890274,212.017136,208.962769,209.190109,193.493927,2286360
2022-12-12,209.714005,212.115982,208.626678,212.027023,196.117966,3386038
2022-12-13,217.018799,217.424072,210.682709,212.481720,196.538559,3490037
2022-12-14,213.727188,215.358170,210.593735,212.244492,196.319153,2575594
2022-12-15,210.435577,211.256012,205.631622,206.560776,191.061874,3258973
2022-12-16,204.959457,207.865555,203.852371,207.321899,191.765930,7211643
2022-12-19,206.847443,209.882034,205.967697,206.995712,191.464188,3125838
2022-12-20,207.153854,210.307083,206.807892,209.051727,193.365952,1897780
2022-12-21,210.504776,212.817795,210.297195,212.620102,196.666550,2655819
2022-12-22,211.868866,212.135757,206.580551,209.862274,194.115692,2245893
2022-12-23,209.555847,212.234604,209.022064,211.404282,195.541962,1315871
2022-12-27,211.433945,213.292267,211.246124,212.412521,196.474548,1478040
2022-12-28,213.440536,214.013855,209.565735,209.743652,194.005966,1626047
2022-12-29,210.633286,212.768372,210.316971,212.274139,196.346588,1901826
2022-12-30,211.513016,212.027023,209.486649,211.829330,195.935135,1618662
2023-01-03,212.669525,212.669525,209.773315,211.829330,195.935135,2245185
2023-01-04,206.096191,208.804611,204.929794,207.618439,192.040192,3905325
2023-01-05,206.076431,206.402618,201.707382,202.112656,186.947540,4104825
2023-01-06,204.089600,208.626678,203.496521,207.845795,192.250488,4103611
2023-01-09,207.845795,211.167053,207.124207,208.241180,192.616226,2658045
2023-01-10,207.084671,209.012192,207.084671,208.903458,193.228775,1796411
2023-01-11,209.536072,210.455353,207.588791,209.852386,194.106522,2953552
2023-01-12,210.396042,214.715668,209.931458,213.489960,197.471176,2998773
2023-01-13,212.017136,214.330154,210.445465,214.112701,198.047195,2020393
2023-01-17,214.517975,214.517975,209.486649,209.793076,194.051666,3319571
2023-01-18,208.458649,208.458649,201.628311,201.885315,186.737244,5160900
2023-01-19,201.944626,202.023697,197.911652,198.346588,183.464020,4602158
2023-01-20,197.269150,200.323532,196.517914,199.700790,184.716660,4023892
2023-01-23,200.214798,203.476746,199.058289,202.102768,186.938385,2832354
2023-01-24,201.608536,205.285645,199.898483,204.544296,189.196716,3254724
2023-01-25,202.181854,204.761765,201.410843,204.287292,188.959015,2179831
2023-01-26,205.404266,207.005585,203.516281,206.936401,191.409378,1949779
2023-01-27,205.493225,207.410858,205.246109,205.730469,190.293900,2147155
2023-01-30,204.148911,206.975937,203.239517,203.407562,188.145309,2575392
2023-01-31,204.188446,206.165390,203.140671,206.076431,190.613907,2325612
2023-02-01,205.018768,206.046768,201.460266,204.336716,189.004684,5455092
2023-02-02,196.656296,205.819427,195.410828,204.989105,189.608154,7267285
2023-02-03,204.811188,204.811188,199.295517,200.353180,185.320068,4509692
2023-02-06,199.918259,201.776581,198.445435,201.687622,186.554398,2887490
2023-02-07,200.659607,203.644791,199.453674,203.101135,187.861862,2982182
2023-02-08,201.549225,202.448746,198.890244,199.888596,184.890366,3603748
2023-02-09,201.015457,201.578888,196.349869,196.923187,182.147446,3048446
2023-02-10,196.517914,198.514618,196.082993,198.158768,183.290314,2924416
2023-02-13,197.882004,201.391068,197.447083,201.025345,185.941818,3007878
2023-02-14,200.748566,200.758453,196.379532,198.682663,183.774902,3034384
2023-02-15,197.496506,199.414139,196.567337,199.384476,184.424042,2561734
2023-02-16,196.478378,199.216446,195.697479,197.061569,182.275467,2787032
2023-02-17,196.962723,199.651367,196.369644,199.097824,184.158936,2883646
2023-02-21,199.246094,199.325165,194.185120,194.491547,179.898254,2863918
2023-02-22,194.807861,195.213135,192.376221,193.236191,178.737076,2997862
2023-02-23,193.779846,193.779846,190.359741,192.771606,179.251816,2475136
2023-02-24,191.654633,191.654633,188.659576,189.825958,176.512726,3344054
2023-02-27,192.178528,192.751846,189.529419,190.231232,176.889633,3402326
2023-02-28,189.302078,190.142273,187.443756,189.272415,175.998032,3146375
2023-03-01,188.432220,192.109329,188.372910,190.656281,177.284821,3269393
2023-03-02,189.381149,192.870453,189.292191,192.208176,178.727890,4303920
2023-03-03,193.186768,195.262558,191.980835,194.550858,180.906250,3152849
2023-03-06,194.916595,197.012146,194.382812,194.768326,181.108490,2753546
2023-03-07,195.143936,195.914948,192.504715,193.364685,179.803284,2813436
2023-03-08,194.017075,194.382812,191.891876,193.315262,179.757339,2088984
2023-03-09,194.610168,194.679352,190.132385,190.656281,177.284821,3225790
2023-03-10,190.656281,194.412476,189.677689,191.101089,177.698441,3709871
2023-03-13,190.774902,192.979187,189.954468,190.873749,177.487061,3261198
2023-03-14,193.799622,193.908356,187.977524,190.745239,177.367569,4909805
2023-03-15,187.878677,188.807846,182.629898,185.951157,172.909744,3972094
2023-03-16,185.209808,187.582138,184.152145,186.959396,173.847229,3897130
2023-03-17,185.644730,185.842422,182.106003,182.511276,169.711090,7469820
2023-03-20,183.816055,188.046722,183.371246,187.690872,174.527420,2873934
2023-03-21,188.867142,189.924805,186.969284,188.956116,175.703918,3170452
2023-03-22,189.509659,189.786423,184.923141,185.002228,172.027344,2375892
2023-03-23,184.705688,187.236176,183.410782,184.764999,171.806747,2387627
2023-03-24,184.241104,186.050003,182.471741,185.990692,172.946487,2359503
2023-03-27,186.455276,187.404205,185.269119,185.822662,172.790253,2157979
2023-03-28,185.585419,187.423981,185.239456,185.753464,172.725906,2093840
2023-03-29,187.473404,187.522827,185.605194,186.890213,173.782898,2715507
2023-03-30,187.423981,188.244415,185.812775,186.939636,173.828873,2022720
2023-03-31,187.928101,189.173569,187.147202,188.916565,175.667130,2734122
2023-04-03,188.372910,191.664520,187.769943,191.051666,177.652512,2907116
2023-04-04,190.893509,191.002243,187.493179,188.738647,175.501694,2528248
2023-04-05,188.096146,188.807846,187.097778,187.246063,174.113800,3065138
2023-04-06,187.423981,189.895157,186.830902,188.264175,175.060486,2814751
2023-04-10,188.540955,190.379517,188.125793,189.470108,176.181870,2569828
2023-04-11,190.656281,190.933044,189.608505,189.974243,176.650650,2464008
2023-04-12,191.229599,192.623337,190.112625,191.002243,177.606506,3699451
2023-04-13,191.022018,194.155472,190.379517,193.641464,180.060684,3399796
2023-04-14,193.374573,195.450363,192.998962,194.283966,180.658096,1986806
2023-04-17,194.906708,195.786438,194.471771,195.578873,181.862213,1702326
2023-04-18,196.428955,197.170303,193.957779,194.659592,181.007355,2427992
2023-04-19,195.964371,196.369644,194.946243,195.529449,181.816254,1885842
2023-04-20,195.223022,195.480026,193.740311,194.481659,180.841949,1969810
2023-04-21,194.817749,195.074753,193.147232,193.819382,180.226120,1993685
2023-04-24,194.936356,195.796326,194.007202,194.511322,180.869522,1624327
2023-04-25,196.231262,196.616760,193.601929,193.700775,180.115829,2270476
2023-04-26,191.644745,192.227951,187.987411,188.699112,175.464935,3621148
2023-04-27,193.681000,196.557449,191.338318,196.320221,182.551559,3907449
2023-04-28,196.705719,198.494858,196.201599,197.536041,183.682083,2896494
2023-05-01,197.694199,199.829285,197.654648,198.168655,184.270325,2250850
2023-05-02,197.358109,197.358109,194.106049,195.974258,182.229843,2618286
2023-05-03,197.545929,198.297165,195.430588,195.677719,181.954117,2807670
2023-05-04,195.934708,196.705719,192.682648,193.957779,180.354797,2331682
2023-05-05,195.064865,196.300446,194.511322,196.132416,182.376938,2112455
2023-05-08,197.447083,197.674423,193.710663,194.679352,181.025757,1511931
2023-05-09,193.700775,196.003906,192.712296,194.857285,181.191238,2263799
2023-05-10,195.213135,196.448715,192.079681,195.064865,181.384232,2183473
2023-05-11,193.671112,194.026962,190.972595,191.743607,179.231384,2904284
2023-05-12,192.692535,193.097809,190.478363,191.387756,178.898758,2126517
2023-05-15,191.269135,193.226303,190.428925,192.069794,179.536270,1584063
2023-05-16,191.723831,191.723831,189.094498,189.400925,177.041580,2074618
2023-05-17,190.804550,194.165359,190.320206,193.760086,181.116272,2449237
2023-05-18,193.196655,196.102753,192.643112,195.964371,183.176697,2466436
2023-05-19,197.199951,197.951202,194.788086,195.074753,182.345169,2700636
2023-05-22,194.778198,196.122528,192.969299,194.659592,181.957077,1784271
2023-05-23,194.926468,195.292206,192.643112,192.722183,180.146103,2183979
2023-05-24,192.682648,192.949539,188.689224,189.648041,177.272583,1764847
2023-05-25,189.657928,190.330078,187.799606,190.053314,177.651382,2449844
2023-05-26,190.557434,192.079681,189.934692,191.516251,179.018875,1995000
2023-05-30,191.367981,192.534378,188.224640,192.307022,179.758041,2282920
2023-05-31,191.615097,191.802902,188.165329,189.391037,177.032364,3698439
2023-06-01,189.638153,192.059906,188.274063,191.624985,179.120483,1931063
2023-06-02,194.185120,197.259262,193.631577,196.557449,183.731140,2772666
2023-06-05,196.428955,196.824341,193.789734,194.906708,182.188080,1682093
2023-06-06,195.282318,195.816101,193.107681,194.076385,181.411942,2321262
2023-06-07,194.689240,196.409180,191.990723,196.102753,183.306091,2585205
2023-06-08,195.588745,196.458603,194.788086,195.865524,183.084366,1645572
2023-06-09,195.351517,196.468491,193.829269,195.608521,182.844101,1780629
2023-06-12,195.924835,196.656296,194.363052,196.211487,183.407715,1700303
2023-06-13,196.211487,198.959442,195.480026,198.791397,185.819275,2011086
2023-06-14,199.671143,200.471802,196.369644,198.208206,185.274124,2687788
2023-06-15,198.929779,201.746918,198.119232,201.381195,188.240082,2496482
2023-06-16,202.636551,203.644791,200.125839,200.629959,187.537857,5064185
2023-06-20,200.313644,200.629959,196.735382,198.089584,185.163269,2109521
2023-06-21,196.992386,200.442139,195.825989,199.473434,186.456833,2583080
2023-06-22,199.631592,199.947906,197.328461,198.336700,185.394257,1635759
2023-06-23,196.834229,198.346588,196.359756,197.783157,184.876816,3361657
2023-06-26,197.990738,200.718918,197.150528,200.244446,187.177521,2156462
2023-06-27,200.224686,201.717270,200.115952,200.995682,187.879715,2386312
2023-06-28,201.074768,201.569000,199.671143,200.165375,187.103592,1995000
2023-06-29,200.086288,204.247757,199.414139,204.089600,190.771729,2573773
2023-06-30,205.275772,206.086319,204.425674,205.107727,191.723450,3045006
2023-07-03,204.405914,206.234589,202.676086,205.898499,192.462585,1229272
2023-07-05,205.008881,205.938049,203.575592,204.050064,190.734787,2363145
2023-07-06,202.606888,202.685974,199.750214,201.657959,188.498764,2126820
2023-07-07,200.540985,203.348251,199.829285,200.916611,187.805817,2279986
2023-07-10,201.855652,205.582199,201.272461,205.344955,191.945175,3138383
2023-07-11,206.036896,207.114319,205.048416,206.323547,192.859955,2834175
2023-07-12,207.964401,208.438873,205.947922,206.115967,192.665894,3001606
2023-07-13,205.275772,206.798004,204.801300,206.303772,192.841431,2351409
2023-07-14,205.513000,205.513000,203.130783,203.763412,190.466827,2186407
2023-07-17,203.199982,206.422394,202.893555,205.770004,192.342514,2175785
2023-07-18,204.316956,204.771652,201.598648,202.883667,189.644516,3711591
2023-07-19,201.499802,203.684326,201.480042,202.804596,189.570618,2535229
2023-07-20,203.773285,206.827667,203.209869,205.562424,192.148499,2562240
2023-07-21,205.908386,207.964401,205.384491,206.195038,192.739807,7617421
2023-07-24,206.264236,207.737061,205.809540,206.906738,193.405075,1868239
2023-07-25,205.750229,207.717285,204.880371,207.262589,193.737701,1991358
2023-07-26,206.372971,206.985825,204.801300,205.858963,192.425644,3331509
2023-07-27,201.361420,201.766693,193.394348,194.145584,181.476608,6672427
2023-07-28,195.381165,195.924835,192.761719,192.939651,180.349380,3980390
2023-07-31,192.870453,193.255966,191.190048,191.891876,179.369980,3486597
2023-08-01,191.120865,192.554138,190.735352,191.249359,178.769379,4019440
2023-08-02,191.664520,193.048386,190.181808,190.676056,178.233521,3032563
2023-08-03,190.557434,190.676056,188.264175,188.313599,176.025192,2538163
2023-08-04,189.054962,189.608505,186.633209,187.028595,174.824051,2436389
2023-08-07,187.918213,188.471756,186.425629,187.414093,175.184418,2875856
2023-08-08,186.425629,186.425629,184.419022,185.486572,173.382645,3299743
2023-08-09,184.893494,188.076370,184.844070,187.058243,174.851761,3262311
2023-08-10,186.050003,188.422333,185.891846,186.564011,175.344147,2844494
2023-08-11,186.030243,189.232880,186.030243,188.471756,177.137192,2731491
2023-08-14,188.748535,189.598618,186.979172,187.325134,176.059494,2472708
2023-08-15,185.812775,186.247696,184.409149,185.634842,174.470886,2278266
2023-08-16,185.486572,186.326782,184.260880,184.339951,173.253860,2267441
2023-08-17,185.298767,186.050003,183.835831,183.835831,172.780029,2509836
2023-08-18,183.054932,185.397614,182.936325,184.428909,173.337463,2077653
2023-08-21,183.865479,185.140610,183.282288,184.794647,173.681244,1953320
2023-08-22,185.190033,185.338303,183.410782,183.865479,172.807892,1732980
2023-08-23,184.349838,185.407501,184.003876,184.923141,173.801956,1921452
2023-08-24,184.784760,186.613434,182.975861,183.025284,172.018250,2419292
2023-08-25,183.479980,185.012115,182.451965,184.152145,173.077332,1966573
2023-08-28,186.267471,187.453629,184.962692,185.713928,174.545212,1963740
2023-08-29,185.713928,187.631561,185.190033,187.335022,176.068802,2205932
2023-08-30,187.335022,188.501419,185.545883,186.386093,175.176941,2232539
2023-08-31,186.277359,187.216400,185.753464,185.773239,174.600937,2628808
2023-09-01,186.840790,187.305359,185.377838,186.218048,175.018997,1614413
2023-09-05,186.405853,186.623322,183.479980,183.559052,172.519928,2255099
2023-09-06,182.906662,183.687561,181.512924,182.382782,171.414398,2254796
2023-09-07,182.620010,183.687561,181.117538,181.997269,171.052048,2110532
2023-09-08,181.680969,182.857239,181.305344,182.392670,171.423660,1790341
2023-09-11,183.786407,184.488220,182.620010,184.063171,172.993683,2140073
2023-09-12,184.043411,187.750183,183.825943,187.028595,175.780792,3710276
2023-09-13,187.631561,191.427292,187.601898,189.381149,177.991867,5116286
2023-09-14,190.181808,193.058258,189.727112,191.328445,179.822083,3725147
2023-09-15,192.277374,192.672760,190.171936,190.814438,179.338959,6084144
2023-09-18,190.527786,193.097809,190.221359,192.218063,180.658157,2323589
2023-09-19,190.913284,193.364685,190.913284,193.097809,181.485001,2905599
2023-09-20,193.878693,194.817749,192.148865,192.198288,180.639603,2401790
2023-09-21,192.425644,192.425644,189.193344,189.222992,177.843231,2951528
2023-09-22,188.728760,189.628265,187.404205,187.592026,176.310318,2857241
2023-09-25,186.860550,189.816086,186.386093,189.648041,178.242722,2754861
2023-09-26,188.807846,189.134033,185.595306,185.723816,174.554459,3439150
2023-09-27,186.761703,186.761703,184.201569,185.713928,174.545212,2261776
2023-09-28,185.565659,186.801239,184.527756,184.952805,173.829849,2946268
2023-09-29,186.050003,186.059891,182.214737,182.610123,171.628052,3369750
2023-10-02,181.878662,182.689209,178.982437,180.504684,169.649231,2732301
2023-10-03,179.763336,180.613419,178.162003,179.051636,168.283554,2519346
2023-10-04,179.338287,180.850647,178.339935,180.395950,169.547043,2325511
2023-10-05,180.049988,180.316879,177.064804,177.944550,167.243103,2314888
2023-10-06,178.389359,183.163666,177.628235,182.531052,171.553741,3814781
2023-10-09,183.134018,184.824295,182.629898,184.369598,173.281693,2305480
2023-10-10,185.832535,185.921509,182.254272,184.191681,173.114502,3300755
2023-10-11,184.409149,186.119202,183.667786,185.239456,174.099289,2235979
2023-10-12,185.199921,185.229568,180.712265,181.819351,170.884842,2442055
2023-10-13,182.718857,182.718857,180.257568,181.443726,170.531754,2271792
2023-10-16,183.470093,185.338303,182.995636,184.082947,173.012314,2461377
2023-10-17,183.203217,185.130722,182.837479,184.171906,173.095871,1870465
2023-10-18,183.489868,183.895142,180.929733,181.354767,170.448196,2288383
2023-10-19,181.058228,183.717209,179.763336,180.168610,169.333374,2595625
2023-10-20,180.544220,181.661194,178.972549,179.229553,168.450775,3078897
2023-10-23,179.496445,180.969269,178.310272,178.438782,167.707596,2097684
2023-10-24,179.476669,180.909958,178.181778,179.367935,168.580856,2582069
2023-10-25,179.358063,179.684250,175.928070,176.036789,165.450027,4195773
2023-10-26,176.521149,180.880310,172.863800,174.030197,163.564117,4873790
2023-10-27,173.624924,177.054916,173.328384,174.959366,164.437424,3439959
2023-10-30,175.493134,178.221313,174.563980,177.677658,166.992233,2664519
2023-10-31,177.430542,181.799576,177.114227,181.147186,170.253113,3814275
2023-11-01,182.066467,182.145538,179.328400,181.868774,170.931305,3397874
2023-11-02,183.460205,184.982452,182.026932,184.280640,173.198105,3095286
2023-11-03,185.970932,188.017059,185.812775,186.811127,175.576431,2994524
2023-11-06,186.494812,186.722168,184.863846,185.338303,174.192169,2367191
2023-11-07,184.616730,185.091187,183.420670,184.458572,173.365326,2511050
2023-11-08,184.725449,184.725449,181.661194,182.491516,171.516571,3230747
2023-11-09,181.750153,183.282288,181.087875,181.562347,171.647400,2750005
2023-11-10,182.481628,184.764999,181.542572,184.557419,174.478928,2204010
2023-11-13,184.646378,185.348190,183.568939,184.359726,174.292007,1695447
2023-11-14,186.593658,188.471756,186.475052,188.046722,177.777679,2986026
2023-11-15,188.283951,189.549194,186.603546,187.364670,177.132858,4124350
2023-11-16,189.015411,190.142273,188.214752,188.511292,178.216858,2158384
2023-11-17,189.578842,189.786423,187.740295,189.005539,178.684128,2233450
2023-11-20,188.471756,190.162048,187.878677,189.588730,179.235474,2023529
2023-11-21,188.886917,189.400925,187.878677,189.035187,178.712158,1899297
2023-11-22,188.896805,190.646393,187.937988,190.092850,179.712051,1903546
2023-11-24,190.893509,191.476715,190.191696,191.180176,180.740005,1087032
2023-11-27,190.389389,191.447052,190.132385,190.745239,180.328827,2509431
2023-11-28,190.765015,192.821030,190.191696,192.030258,181.543655,3367929
2023-11-29,193.275726,194.056625,191.694168,192.020370,181.534317,2269161
2023-11-30,192.030258,193.858932,191.793015,193.661240,183.085602,3150320
2023-12-01,194.234543,195.806213,193.068146,195.499786,184.823715,3148398
2023-12-04,194.254318,196.171951,194.195007,196.073105,185.365707,2749196
2023-12-05,195.242783,195.559097,193.078033,194.679352,184.048065,2614341
2023-12-06,195.865524,196.834229,195.005554,195.509674,184.833069,2256920
2023-12-07,196.695831,196.755142,195.183472,195.509674,184.833069,2465323
2023-12-08,193.779846,194.956131,190.784775,192.366333,181.861389,4598314
2023-12-11,194.185120,198.198318,193.789734,198.079697,187.262756,3749427
2023-12-12,199.671143,199.967682,198.544281,199.186783,188.309387,3129986
2023-12-13,200.264221,200.817764,197.941315,200.738678,189.776535,3099130
2023-12-14,201.648071,202.280701,200.125839,201.064880,190.084915,3829855
2023-12-15,201.499802,202.685974,200.106064,201.054993,190.075562,7611048
2023-12-18,201.657959,203.081360,201.134079,202.735397,191.664200,3005349
2023-12-19,202.171967,202.705750,201.143951,202.241165,191.196960,2627189
2023-12-20,201.361420,203.002289,200.501450,200.560760,189.608353,3388668
2023-12-21,201.440506,202.844131,201.084656,202.685974,191.617462,2183777
2023-12-22,202.685974,204.771652,202.597015,203.269165,192.168839,1911741
2023-12-26,203.763412,206.145615,203.417435,205.641495,194.411621,1881896
2023-12-27,204.771652,207.242828,204.771652,206.610199,195.327408,2367394
2023-12-28,206.906738,207.549255,206.422394,206.758469,195.467575,1666918
2023-12-29,206.807892,207.746948,206.501465,207.292252,195.972229,2282718
2024-01-02,206.452042,208.181870,205.918274,206.590439,195.308731,3169238
2024-01-03,206.017120,206.017120,201.905075,202.171967,191.131516,3858485
2024-01-04,201.766693,203.842484,201.677734,202.537704,191.477310,2571649
2024-01-05,202.033585,202.211502,199.928131,201.183502,190.197052,2713889
2024-01-08,200.778229,201.203262,198.929779,200.323532,189.384033,4066887
2024-01-09,198.168655,199.404251,196.606873,199.305405,188.421524,3118048
2024-01-10,198.682663,200.135712,198.109344,200.066528,189.141098,2399868
2024-01-11,199.957794,200.254333,197.249374,199.344940,188.458908,1963335
2024-01-12,201.045105,201.638199,197.852356,198.781509,187.926254,2457533
2024-01-16,198.366348,198.811172,195.232895,195.489899,184.814377,3541227
2024-01-17,194.481659,195.806213,193.740311,195.667831,184.982590,2539579
2024-01-18,195.440475,198.227966,194.985779,197.822693,187.019775,2634979
2024-01-19,197.970963,198.919891,196.349869,198.465195,187.627213,3125636
2024-01-22,199.018738,201.569000,198.119232,198.722198,187.870163,3631063
2024-01-23,198.910019,200.817764,198.316925,200.600296,189.645691,2057521
2024-01-24,200.600296,201.430618,197.377884,197.565689,186.776825,3524534
2024-01-25,199.414139,200.827652,198.356476,200.224686,189.290604,2684146
2024-01-26,200.689255,201.539352,199.068161,199.473434,188.580399,1947149
2024-01-29,199.107712,200.718918,198.504745,200.709030,189.748489,2222422
2024-01-30,198.840820,203.990753,198.840820,203.526169,192.411774,5711852
2024-01-31,204.811188,205.315308,199.433899,199.928131,189.010239,5690101
2024-02-01,193.611816,195.292206,187.473404,195.035202,184.384521,7910298
2024-02-02,194.768326,197.743622,193.285614,193.849045,183.263138,4368059
2024-02-05,191.723831,192.603561,190.596970,190.784775,180.366180,4686228
2024-02-06,190.320206,191.832565,189.825958,191.407516,180.954926,3785139
2024-02-07,193.216415,193.562378,191.358093,191.862213,181.384781,3065138
2024-02-08,191.358093,191.783142,190.033539,191.229599,180.786713,2545548
2024-02-09,190.774902,192.979187,190.606857,192.593689,182.076324,3729295
2024-02-12,191.743607,195.351517,191.536026,195.074753,184.421890,2860883
2024-02-13,194.471771,194.689240,190.498123,191.773254,181.300690,4483794
2024-02-14,192.198288,193.335037,191.644745,192.623337,182.104370,2139871
2024-02-15,193.740311,195.914948,193.364685,195.667831,184.982590,2019584
2024-02-16,195.242783,196.606873,194.185120,194.896820,184.253708,2358188
2024-02-20,195.667831,197.348236,194.639816,196.646408,185.907730,2793304
2024-02-21,197.298798,198.069809,195.924835,197.229614,186.459106,1992471
2024-02-22,197.130768,199.236206,196.320221,198.494858,187.655243,3677397
2024-02-23,198.494858,200.293869,198.218079,198.316925,187.487045,2478778
2024-02-26,197.723846,197.891891,195.924835,196.893539,186.141373,2052261
2024-02-27,197.288925,197.397659,194.679352,195.895172,185.197510,2480397
2024-02-28,195.825989,196.636536,194.975906,195.292206,184.627487,2695173
2024-02-29,196.003906,197.901779,194.363052,196.438843,186.732269,3477391
2024-03-01,195.311981,196.646408,193.809509,196.379532,186.675858,2817888
2024-03-04,196.142288,197.486618,195.875412,196.942963,187.211441,2173964
2024-03-05,196.834229,197.229614,194.363052,195.074753,185.435562,2561734
2024-03-06,197.199951,200.076416,196.379532,198.188431,188.395401,2745048
2024-03-07,199.878708,200.916611,199.404251,200.274109,190.378006,2476046
2024-03-08,200.788101,201.569000,198.139008,198.435547,188.630280,2164353
2024-03-11,199.255981,200.234558,196.824341,197.980850,188.198059,2471696
2024-03-12,197.427307,197.941315,195.391052,196.834229,187.108093,2973077
2024-03-13,197.644775,198.811172,196.547562,197.427307,187.671875,2567197
2024-03-14,196.952835,197.427307,192.712296,194.086273,184.495926,3882765
2024-03-15,194.125809,196.260910,193.641464,195.410828,185.755020,6383698
2024-03-18,196.715607,196.715607,194.115936,194.491547,184.881165,2510645
2024-03-19,194.491547,196.942963,193.858932,196.745255,187.023529,4577575
2024-03-20,196.300446,199.384476,196.043442,198.860596,189.034363,2746059
2024-03-21,199.671143,200.748566,198.969315,199.058289,189.222260,2844595
2024-03-22,199.196671,199.641479,197.783157,198.415771,188.611481,2085342
2024-03-25,198.069809,198.396011,196.142288,196.191711,186.497330,1984176
2024-03-26,195.766678,199.147247,195.470139,198.682663,188.865204,2728558
2024-03-27,200.600296,202.893555,199.878708,202.765045,192.745850,2792292
2024-03-28,203.031937,204.435562,202.814468,202.883667,192.858643,3636020
2024-04-01,203.022049,203.516281,199.562408,199.681015,189.814240,2247815
2024-04-02,199.750214,199.967682,197.713959,197.921539,188.141708,2645601
2024-04-03,197.120880,198.623352,195.638168,195.687592,186.018127,2525112
2024-04-04,198.366348,198.366348,193.265839,193.789734,184.214035,3454527
2024-04-05,193.641464,196.112640,192.900116,194.877045,185.247635,2238609
2024-04-08,195.311981,196.893539,195.054977,195.480026,185.820816,2412514
2024-04-09,196.063217,197.219727,193.760086,196.122528,186.431564,2065817
2024-04-10,193.315262,194.185120,192.158752,193.394348,183.838211,2941209
2024-04-11,193.750198,194.926468,192.030258,194.600281,184.984543,3061597
2024-04-12,193.651352,194.185120,192.366333,193.898468,184.317413,3540316
2024-04-15,195.825989,196.201599,190.952820,191.802902,182.325394,3216989
2024-04-16,190.913284,191.456940,188.333374,188.521179,179.205826,2834580
2024-04-17,190.191696,190.300430,187.562363,188.165329,178.867554,2452576
2024-04-18,188.797958,190.082962,187.799606,188.877029,179.544098,2168096
2024-04-19,190.389389,192.287262,189.420685,192.020370,182.532120,3611639
2024-04-22,192.040146,194.036850,191.901749,193.325150,183.772430,2394506
2024-04-23,193.769958,195.331741,193.423996,193.898468,184.317413,2587127
2024-04-24,191.328445,193.463531,191.031906,192.544266,183.030106,3620036
2024-04-25,197.160416,197.832581,188.293839,190.794662,181.366989,3939721
2024-04-26,188.106018,191.417404,187.918213,191.219711,181.771027,3076772
2024-04-29,191.031906,192.020370,190.003891,191.536026,182.071701,2623850
2024-04-30,191.753479,193.582153,190.102737,190.508011,181.094467,3164382
2024-05-01,189.756775,194.906708,189.687576,193.048386,183.509323,5143904
2024-05-02,194.115936,194.214783,190.468475,191.407516,181.949554,3458574
2024-05-03,192.524490,193.977539,191.308670,193.552505,183.988525,2277659
2024-05-06,194.106049,194.926468,191.713943,192.751846,183.227478,2283932
2024-05-07,192.781494,194.916595,192.781494,194.580505,184.965744,2076136
2024-05-08,194.422348,196.073105,193.661240,195.766678,186.093307,1809158
2024-05-09,196.557449,198.475082,195.588745,198.316925,188.517532,2723398
2024-05-10,198.682663,200.886948,198.405899,200.580536,190.669266,2345441
2024-05-13,202.083008,204.336716,201.391068,201.450378,191.496155,3546184
2024-05-14,202.636551,203.012161,200.570648,200.867188,190.941803,2406140
2024-05-15,202.013809,202.982513,200.432251,202.695862,192.680115,2707009
2024-05-16,202.606888,204.880371,202.221390,204.237869,195.173813,2596738
2024-05-17,204.504761,204.613495,202.814468,203.595367,194.559860,2293643
2024-05-20,203.377899,203.812836,200.906723,202.260925,193.284653,2031724
2024-05-21,202.854019,202.873779,200.797989,201.163727,192.236115,1763127
2024-05-22,200.778229,201.588776,199.552521,200.461914,191.565460,2036782
2024-05-23,199.206558,199.226318,196.923187,197.091232,188.344376,2646916
2024-05-24,198.040161,198.494858,196.893539,197.387772,188.627747,2388133
2024-05-28,195.875412,198.524506,195.816101,196.883652,188.146011,2445494
2024-05-29,195.549210,196.122528,194.620056,194.797974,186.152893,2879397
2024-05-30,195.519562,198.959442,195.124176,198.593704,189.780167,2339775
2024-05-31,198.020386,199.947906,196.834229,199.858948,190.989258,3200397
2024-06-03,201.470154,201.470154,198.672775,200.125839,191.244308,2472000
2024-06-04,198.741974,205.750229,198.741974,204.840836,195.750061,3399999
2024-06-05,205.532776,207.035248,203.496521,206.857315,197.677048,2754557
2024-06-06,206.758469,207.786484,205.226349,206.046768,196.902466,3308949
2024-06-07,206.115967,208.537720,205.265884,206.372971,197.214203,2593096
2024-06-10,207.351562,208.626678,206.718933,208.310379,199.065613,2679087
2024-06-11,207.361435,207.440521,204.761765,207.064896,197.875412,2331581
2024-06-12,208.320251,209.190109,205.344955,206.096191,196.949692,2500023
2024-06-13,204.702454,206.560776,203.872131,206.224701,197.072510,1982557
2024-06-14,204.811188,206.274124,203.634903,206.125854,196.978058,2265317
2024-06-17,205.601959,209.723892,205.147263,209.506424,200.208572,3136764
2024-06-18,208.606918,210.771667,208.003952,210.415817,201.077591,2471899
2024-06-20,210.939713,212.709061,210.415817,211.671173,202.277252,4089144
2024-06-21,213.302155,213.588806,211.058319,212.610214,203.174606,8021480
2024-06-24,212.728836,215.842514,212.432297,213.401001,203.930313,2967411
2024-06-25,214.330154,214.330154,211.256012,211.977600,202.570068,3000290
2024-06-26,211.087982,211.601974,209.160461,210.969360,201.606567,2199255
2024-06-27,211.829330,212.867218,210.554199,211.908401,202.503937,1935515
2024-06-28,211.671173,213.658005,208.705765,211.078094,201.710480,4860841
2024-07-01,210.682709,213.045151,208.438873,208.517944,199.263962,2173559
2024-07-02,209.328491,210.821091,208.527832,210.771667,201.417664,1930557
2024-07-03,210.544312,210.811203,209.625031,210.010544,200.690338,1099375
2024-07-05,210.119278,210.455353,208.310379,209.793076,200.482498,1371108
2024-07-08,209.447113,210.771667,208.587143,209.190109,199.906265,1859539
2024-07-09,209.249420,209.654694,208.132446,208.171982,198.933350,1391442
2024-07-10,208.765076,212.461945,208.340027,212.017136,202.607880,1812699
2024-07-11,212.521255,214.172012,211.186829,212.372986,202.947922,2731593
2024-07-12,213.045151,214.349930,209.882034,212.629990,203.193512,2113567
2024-07-15,211.928177,213.835922,210.949585,213.232956,203.769730,1752404
2024-07-16,213.361465,216.485031,213.163757,215.951248,206.367386,3013240
2024-07-17,216.475143,218.165421,215.338394,217.671188,208.010986,2719453
2024-07-18,217.443848,218.244507,215.012207,215.160477,205.611710,2190656
2024-07-19,215.219788,215.625061,211.770020,212.135757,202.721252,2691632
2024-07-22,212.788147,214.606934,211.167053,214.468552,204.950485,2817078
2024-07-23,214.478424,216.336761,213.717300,214.873825,205.337769,1812092
2024-07-24,214.873825,215.259323,210.672821,211.186829,201.814407,3565709
2024-07-25,200.452026,202.863892,196.705719,200.115952,191.234848,6761655
2024-07-26,200.689255,205.404266,195.954483,200.402603,191.508759,7539321
2024-07-29,201.183502,201.410843,196.834229,199.078049,190.243027,2907420
2024-07-30,199.621719,201.598648,199.147247,200.303757,191.414352,2638924
2024-07-31,201.410843,204.376251,199.809525,202.389435,193.407440,3362668
2024-08-01,201.974274,204.376251,199.176895,202.221390,193.246841,3786656
2024-08-02,205.849075,206.550888,198.979202,201.341660,192.406158,3417096
2024-08-05,200.195023,200.195023,194.629929,197.407532,188.646606,3960966
2024-08-06,197.397659,199.849060,196.201599,196.508026,187.787048,3671428
2024-08-07,198.237854,201.598648,195.420715,195.638168,186.955795,3330599
2024-08-08,195.638168,198.227966,195.638168,197.516266,188.750534,2489805
2024-08-09,196.735382,196.863876,195.242783,195.944595,187.248627,1910122
2024-08-12,196.171951,196.211487,194.264206,194.521194,185.888397,3109752
2024-08-13,194.985779,195.134048,193.354813,194.461899,185.831726,3782812
2024-08-14,193.740311,195.509674,193.315262,195.321869,186.653519,3511686
2024-08-15,196.656296,197.921539,195.816101,196.171951,187.465881,2934026
2024-08-16,195.311981,197.308685,194.560745,196.211487,188.529602,2843887
2024-08-19,196.171951,197.130768,195.559097,196.745255,189.042480,2068043
2024-08-20,196.705719,198.198318,195.648056,197.763382,190.020767,3096095
2024-08-21,198.524506,199.453674,197.585464,199.097824,191.302963,1805617
2024-08-22,198.435547,199.048401,197.022034,197.832581,190.087265,1970316
2024-08-23,199.364716,200.442139,198.524506,200.145599,192.309708,2982789
2024-08-26,201.242798,202.458618,200.570648,201.499802,193.610886,1856200
2024-08-27,201.618423,203.921555,201.410843,203.733749,195.757370,2389650
2024-08-28,204.227982,204.712341,201.440506,202.636551,194.703156,2366079
2024-08-29,203.941330,206.007233,202.083008,205.117615,197.087067,2396833
2024-08-30,205.582199,206.343307,202.933090,205.513000,197.466980,1945834
2024-09-03,205.255997,205.513000,201.756805,202.498169,194.570175,2080891
2024-09-04,202.903442,204.741989,202.814468,203.170319,195.216019,1759789
2024-09-05,202.824356,203.061584,199.364716,200.639832,192.784576,1529838
2024-09-06,200.659607,200.758453,195.568985,195.845749,188.178177,2570333
2024-09-09,197.674423,199.374588,196.853989,198.840820,191.056046,2327231
2024-09-10,197.990738,198.860596,196.280685,198.633240,190.856583,1411675
2024-09-11,198.524506,202.003922,195.084625,201.687622,193.791382,2769631
2024-09-12,201.588776,202.626663,199.542633,202.310349,194.389725,1967382
2024-09-13,202.112656,203.249405,201.213150,201.796341,193.895813,1996316
2024-09-16,203.625015,204.564072,201.381195,202.320236,194.399200,1580421
2024-09-17,202.636551,203.368011,201.203262,201.885315,193.981323,1458414
2024-09-18,201.885315,202.359772,198.277390,199.315292,191.511902,2419292
2024-09-19,201.806229,203.170319,199.849060,201.351532,193.468430,2726635
2024-09-20,201.440506,201.440506,199.631592,201.005569,193.135986,3874469
2024-09-23,201.657959,201.697495,200.274109,201.420731,193.534927,2290204
2024-09-24,201.420731,203.625015,200.353180,202.903442,194.959595,2611812
2024-09-25,203.822708,205.364731,202.893555,204.396027,196.393738,2891435
2024-09-26,205.325195,206.096191,204.178558,204.643143,196.631165,1616638
2024-09-27,205.107727,208.419098,204.741989,205.236221,197.201019,2482926
2024-09-30,205.700806,206.392731,201.875427,204.326828,196.327225,2655010
2024-10-01,204.050064,205.601959,202.468506,203.694214,195.719391,2327130
2024-10-02,203.199982,203.674438,201.311996,201.529465,193.639389,1863282
2024-10-03,200.165375,201.223038,199.275742,200.540985,192.689636,2071482
2024-10-04,202.211502,202.715622,199.315292,201.430618,193.544418,1662669
2024-10-07,199.878708,201.974274,199.394363,200.985809,193.117035,1822411
2024-10-08,206.284012,207.262589,201.440506,204.613495,196.602692,4180598
2024-10-09,204.633255,211.562439,204.514648,211.236252,202.966171,5141881
2024-10-10,209.061615,211.206589,208.685989,211.137405,202.871155,5015423
2024-10-11,212.699188,214.073151,211.265900,213.499847,205.141113,3853932
2024-10-14,213.746964,215.209900,212.778259,215.091278,206.670242,1871577
2024-10-15,215.486664,216.692612,213.984192,214.765091,206.356812,3994452
2024-10-16,214.567398,217.078110,214.063278,216.435608,207.961960,2626683
2024-10-17,216.475143,217.542694,215.832642,217.018799,208.522293,3171565
2024-10-18,215.209900,219.509750,215.209900,219.460327,210.868256,4080747
2024-10-21,219.410904,220.409256,217.552582,218.946320,210.374359,3733139
2024-10-22,218.007278,220.270874,217.226379,219.786514,211.181686,4058288
2024-10-23,218.985855,220.053406,216.643188,217.799698,209.272644,6255925
2024-10-24,211.898529,213.707428,206.491592,206.689285,198.597229,8801675
2024-10-25,206.689285,207.934753,204.257645,205.601959,197.552444,6158906
2024-10-28,205.661270,206.303772,202.547592,203.723862,195.747894,6165482
2024-10-29,202.666199,205.206573,200.689255,203.605255,195.633926,6141607
2024-10-30,202.092896,204.247757,200.748566,201.845779,193.943329,5416649
2024-10-31,202.290588,203.773285,201.045105,203.308716,195.348969,4708889
2024-11-01,203.911682,207.114319,203.407562,206.778244,198.682678,4536603
2024-11-04,206.422394,206.422394,204.040176,205.147263,197.115555,4076903
2024-11-05,205.799652,209.397690,204.237869,206.372971,198.293289,7463649
2024-11-06,209.615158,214.389465,206.679398,213.905121,205.530548,6223956
2024-11-07,214.448776,215.832642,212.936417,214.992432,206.575272,5435870
2024-11-08,214.943008,217.176956,214.013855,216.959488,208.465317,5761221
2024-11-11,216.672836,222.722275,216.672836,222.643204,213.926529,7383525
2024-11-12,236.600418,239.971100,226.933167,231.213242,222.161011,11218033
2024-11-13,232.290680,233.803040,229.503189,230.382935,221.363235,5595612
2024-11-14,230.303848,231.865631,227.634979,228.010605,219.083771,3881753
2024-11-15,226.359848,228.534485,225.756882,226.349960,218.558838,3751147
2024-11-18,226.834320,227.417511,225.638275,226.211578,218.425201,3486294
2024-11-19,224.709106,226.270889,223.661331,225.569077,217.804825,3739614
2024-11-20,224.620148,226.251114,222.811234,224.056717,216.344513,4686632
2024-11-21,225.371384,226.231354,222.228043,223.483398,215.790924,5696475
2024-11-22,225.124268,227.466934,224.501526,226.468582,218.673370,3879021
2024-11-25,228.455414,229.315384,227.051788,227.941406,220.095490,3882461
2024-11-26,229.127563,229.819504,227.200058,227.743713,219.904587,4252123
2024-11-27,229.503189,230.274200,226.824432,226.992477,219.179230,2903474
2024-11-29,226.765121,230.580627,226.765121,230.244537,222.319336,1939865
2024-12-02,230.501541,231.015549,227.160507,227.298904,219.475113,3263019
2024-12-03,225.509766,226.557541,220.587173,224.343369,216.621307,4070226
2024-12-04,224.778305,227.486710,224.175323,227.140747,219.322388,2685764
2024-12-05,227.298904,227.486710,222.910095,223.681091,215.981827,5244160
2024-12-06,224.669571,225.331848,223.107788,223.770065,216.067749,3216989
2024-12-09,224.027054,225.114380,222.346664,222.494934,214.836502,2572458
2024-12-10,222.564117,226.893631,221.990814,226.438934,218.644745,3589281
2024-12-11,229.216537,231.302200,225.233002,226.419159,218.625626,4433615
2024-12-12,225.124268,227.289017,224.718994,225.064957,217.318054,2747273
2024-12-13,223.335129,226.448807,223.265945,224.995758,217.251236,2460568
2024-12-16,229.779968,235.196777,227.496597,233.279144,225.249496,8292909
2024-12-17,235.414246,235.562515,228.969421,230.442230,222.510239,5445178
2024-12-18,231.005661,231.994141,223.799713,224.244522,216.525848,6503883
2024-12-19,225.984238,230.807968,223.690979,224.264297,216.544952,4927307
2024-12-20,222.564117,227.101212,222.030350,225.687698,217.919373,6912899
2024-12-23,225.144028,225.618500,223.345016,224.521301,216.793121,3508247
2024-12-24,224.036942,226.636627,223.048477,226.261002,218.472946,1895453
2024-12-26,226.142395,229.335144,225.786545,229.186874,221.298080,3107324
2024-12-27,228.336792,228.890335,226.162155,226.863968,219.055130,3089317
2024-12-30,224.531174,224.807953,222.801361,223.987518,216.277679,2399261
2024-12-31,224.531174,224.926575,222.999054,223.285706,215.600021,1959390
2025-01-02,224.452103,225.361496,222.059998,222.919968,215.246872,2113871
2025-01-03,223.374664,224.798065,223.256058,223.908447,216.201324,2667858
2025-01-06,222.089661,224.303833,218.807938,219.183548,211.639084,3873963
2025-01-07,218.946320,220.508102,217.374649,218.086349,210.579636,3051177
2025-01-08,217.552582,218.827698,216.672836,217.631653,210.140594,3156896
2025-01-10,217.433960,217.463608,213.786499,215.674484,208.250809,3626915
2025-01-13,215.160477,226.330200,214.913361,216.573990,209.119339,5455193
2025-01-14,217.799698,217.967728,212.125870,215.980911,208.546677,4068607
2025-01-15,217.246155,217.987503,213.697540,217.008911,209.539322,4702010
2025-01-16,217.463608,221.941391,217.384537,220.122604,212.545792,4665489
2025-01-17,224.224762,224.254410,219.727219,220.013870,212.440811,3388162
2025-01-21,220.794754,225.104492,220.616837,222.475159,214.817398,4710912
2025-01-22,221.417496,221.951263,220.073181,220.517990,212.927597,3007170
2025-01-23,220.873840,223.463638,220.181915,223.058365,215.380539,3072017
2025-01-24,222.405975,224.531174,218.728851,218.956207,211.419556,6406764
2025-01-27,217.710724,223.265945,217.562454,223.107788,215.428253,3146880
2025-01-28,222.129196,222.129196,217.631653,218.155548,210.646469,3641179
2025-01-29,218.402664,220.231339,218.106125,218.501511,210.980515,1938651
2025-01-30,219.489975,222.109421,219.025391,221.476807,213.853409,1834551
2025-01-31,220.280762,223.345016,219.984207,221.140732,213.528915,2510544
2025-02-03,219.934784,220.725571,217.127533,219.845825,212.278564,3258163
2025-02-04,221.980927,223.097900,220.537766,220.972687,213.366653,3483056
2025-02-05,220.972687,221.625076,216.722260,219.786514,212.221298,4650516
2025-02-06,212.521255,212.758484,203.802948,207.400986,200.262085,12327423
2025-02-07,209.555847,210.939713,203.012161,203.150558,196.157959,6774706
2025-02-10,204.168686,206.748581,202.715622,206.115967,199.021286,6705508
2025-02-11,204.188446,206.926514,203.407562,204.554184,197.513260,3113091
2025-02-12,203.219742,203.911682,201.895187,202.646439,195.671173,3452808
2025-02-13,204.129135,204.910034,202.251038,202.903442,195.919342,3421547
2025-02-14,202.458618,202.774933,199.216446,200.412491,193.514145,5413816
2025-02-18,202.063232,205.987473,200.442139,205.641495,198.563156,4955027
2025-02-19,205.532776,209.259308,205.522888,208.379562,201.206985,5123671
2025-02-20,207.173630,209.061615,206.461929,208.913345,201.722397,3678408
2025-02-21,208.725525,210.050079,206.985825,209.496536,202.285492,6294671
2025-02-24,209.318619,212.709061,207.302139,207.489944,200.347992,6820838
2025-02-25,208.715652,211.354858,208.587143,209.555847,202.342758,3842703
2025-02-26,208.399338,210.257660,207.331787,208.893570,201.703308,3163168
2025-02-27,209.348267,212.412521,209.180222,209.822739,202.600479,2787538
2025-02-28,210.534439,211.305435,208.162094,210.435577,204.279694,4022981
2025-03-03,211.256012,213.569031,208.597031,209.575623,203.444885,5395707
2025-03-04,209.259308,210.079742,205.433914,205.601959,199.587479,7042999
2025-03-05,205.601959,208.003952,204.405914,207.203278,201.141953,5357568
2025-03-06,206.531128,209.298843,205.503113,208.824371,202.715622,5101212
2025-03-07,208.814499,212.877106,208.359802,212.046799,205.843781,5748980
2025-03-10,211.819443,215.951248,211.117630,211.354858,205.172073,4225820
2025-03-11,211.028671,211.285675,204.534409,206.185165,200.153610,5304658
2025-03-12,204.702454,205.394379,202.369659,203.970978,198.004211,3856967
2025-03-13,203.288940,205.503113,202.745285,204.307068,198.330460,3572184
2025-03-14,206.066544,208.715652,205.493225,207.055008,200.998001,3929706
2025-03-17,206.036896,208.676102,205.335068,207.994064,201.909592,4466596
2025-03-18,207.984177,209.071487,206.422394,207.321899,201.257111,3855450
2025-03-19,207.865555,209.674469,205.908386,206.244461,200.211182,6483043
2025-03-20,205.196686,209.229645,204.910034,208.458649,202.360580,3624689
2025-03-21,206.718933,209.012192,206.372971,207.697525,201.621719,6621439
2025-03-24,209.199997,210.228012,208.073135,209.407578,203.281769,4297749
2025-03-25,208.656342,210.554199,207.845795,209.674469,203.540848,3854741
2025-03-26,210.277435,214.656357,210.158813,210.662933,204.500397,5311942
2025-03-27,210.643158,212.728836,209.822739,211.700821,205.507935,3626105
2025-03-28,211.799667,212.422409,207.549255,207.914978,201.832809,3291346
2025-03-31,208.399338,209.990768,207.341675,209.308731,203.185791,4014584
2025-04-01,208.676102,211.167053,207.262589,210.989120,204.817047,2593703
2025-04-02,210.040192,213.915009,209.882034,213.499847,207.254318,3463835
2025-04-03,211.127518,213.796387,203.951218,204.297180,198.320877,6586638
2025-04-04,200.906723,202.270813,188.511292,188.788071,183.265457,8543802
2025-04-07,188.610153,193.967651,181.275696,185.298767,179.878204,9461279
2025-04-08,186.069778,188.965988,178.745209,180.751801,175.464249,7033085
2025-04-09,178.419006,197.476730,177.292160,196.804565,191.047440,9247920
2025-04-10,194.718903,197.249374,186.623322,191.160400,185.568375,5889197
2025-04-11,190.557434,197.110992,189.391037,196.260910,190.519669,5162418
2025-04-14,196.725494,199.038513,195.914948,197.941315,192.150925,4544494
2025-04-15,198.514618,200.026978,196.102753,196.517914,190.769150,3054718
2025-04-16,195.223022,196.300446,190.290543,191.051666,185.462830,4177057
2025-04-17,192.998962,196.043442,192.732071,194.333389,188.648544,3253105
2025-04-21,192.732071,193.542618,189.905045,191.990723,186.374405,5006217
2025-04-22,193.601929,197.348236,193.157104,196.082993,190.346954,4397398
2025-04-23,197.328461,198.959442,194.550858,195.035202,189.329819,4206193
2025-04-24,195.054977,199.275742,193.977539,198.425659,192.621094,3277486
2025-04-25,196.903412,198.267502,195.509674,196.863876,191.105011,3681443
2025-04-28,197.269150,199.394363,195.707367,198.346588,192.544342,5756972
2025-04-29,205.058304,209.980881,204.475098,209.051727,202.936340,8846593
2025-04-30,208.685989,209.219772,203.417435,208.073135,201.986374,5090691
2025-05-01,207.974289,209.091263,207.351562,208.310379,202.216675,3633491
2025-05-02,209.733765,212.461945,209.575623,211.661285,205.469528,4429569
2025-05-05,210.613510,213.055038,210.020432,211.779907,205.584702,6358406
2025-05-06,210.277435,210.830978,207.074783,207.509705,201.439407,5189024
2025-05-07,211.433945,214.270859,210.672821,212.135757,205.930145,4384550
2025-05-08,213.213181,214.162125,211.315323,212.066559,205.862961,3947106
2025-05-09,212.066559,212.402649,210.218124,210.573975,204.414047,2421922
2025-05-12,215.486664,216.929840,214.033615,216.811218,210.468826,4079533
2025-05-13,217.226379,217.829346,215.545975,215.704132,209.394119,3903200
2025-05-14,213.875458,215.684372,213.331802,214.676132,208.396179,3272731
2025-05-15,215.190125,220.409256,215.190125,219.727219,213.299515,4181104
2025-05-16,219.737091,220.419144,218.076462,220.310410,214.958389,2929777
2025-05-19,219.055054,222.504822,218.076462,222.346664,216.945175,3455033
2025-05-20,220.686035,222.662964,220.686035,222.465271,217.060883,3372481
2025-05-21,221.842545,222.366425,218.956207,219.312057,213.984283,3653522
2025-05-22,218.837585,222.435623,218.639893,221.051758,215.681732,2949505
2025-05-23,218.274155,220.429031,218.274155,219.470215,214.138596,2566793
2025-05-27,221.832657,224.145676,219.766754,223.849136,218.411148,3126850
2025-05-28,223.849136,225.262650,221.595428,222.020462,216.626892,2612823
2025-05-29,222.939743,223.305481,220.666260,222.593781,217.186279,6818713
2025-05-30,224.036942,224.402679,221.190155,224.056717,218.613678,8396402
2025-06-02,222.405975,223.335129,220.458679,222.919968,217.504532,2560925
2025-06-03,222.405975,224.600372,222.396088,224.155563,218.710129,2841864
2025-06-04,224.857376,226.132507,223.582245,224.827728,219.365967,1854076
2025-06-05,224.847488,225.292297,223.513062,224.056717,218.613678,3287502
2025-06-06,226.112732,227.812897,225.519653,226.142395,220.648682,2241543
2025-06-09,226.053421,226.063309,223.918335,224.511414,219.057327,2590971
2025-06-10,224.501526,224.985870,223.127548,223.651443,218.218246,2696184
2025-06-11,223.315353,224.185211,219.094589,223.216507,217.793884,2522785
2025-06-12,222.435623,224.096252,221.190155,223.443863,218.015717,1617448
2025-06-13,222.307114,223.522934,220.933151,221.704147,216.318268,2526124
2025-06-16,222.969391,223.789825,220.952911,221.506454,216.125381,2467447
2025-06-17,221.022110,221.546005,218.926544,219.232971,213.907104,3141620
2025-06-18,219.598709,221.012222,218.343353,219.312057,213.984283,3640269
2025-06-20,220.814529,220.824417,217.661301,219.242859,213.916779,5943624
2025-06-23,220.745331,222.405975,219.183548,222.148972,216.752289,2609788
2025-06-24,222.989166,223.503174,221.071533,222.010574,216.617264,3625600
2025-06-25,222.089661,222.089661,218.600357,219.232971,213.907104,3038835
2025-06-26,220.251099,223.878784,219.569061,223.770065,218.334000,2660574
2025-06-27,223.562485,226.320312,223.186859,226.211578,220.716202,5052753
2025-06-30,226.211578,230.867279,225.687698,230.195114,224.602951,4108365
2025-07-01,230.887054,236.125946,230.501541,236.017212,230.283615,3967137
2025-07-02,235.414246,237.747040,234.188538,236.501556,230.756195,4151159
2025-07-03,237.124298,238.518051,236.630066,237.628418,231.855682,1925398
2025-07-07,237.104538,238.122650,235.196777,236.590530,230.843002,2742215
2025-07-08,236.521332,238.864014,236.274216,237.035339,231.277008,2800082
2025-07-09,237.924957,238.933197,233.990845,235.967789,230.235413,2202391
2025-07-10,235.078171,236.620178,233.783264,234.040268,228.354691,2290507
2025-07-11,231.667938,233.328568,231.302200,233.209961,227.544540,2445393
2025-07-14,233.773376,236.027100,231.924942,235.315399,229.598862,2945155
2025-07-15,234.455429,234.870590,232.478485,232.587219,226.936966,2382771
2025-07-16,232.745377,234.267624,230.323624,234.149002,228.460785,2857646
2025-07-17,233.882111,235.938141,233.447189,235.621826,229.897842,2535836
2025-07-18,236.956268,236.956268,232.527908,233.812927,228.132874,3655950
2025-07-21,233.812927,235.602051,232.468597,232.508148,226.859787,2927754
2025-07-22,232.429062,234.336807,231.628403,233.852463,228.171448,3448862
2025-07-23,234.860703,237.737152,234.494965,236.511444,230.765854,3873761
2025-07-24,223.513062,227.931519,221.219803,221.891968,216.501541,11324865
2025-07-25,223.710754,223.987518,219.727219,221.654724,216.270050,6038721
2025-07-28,222.534470,225.124268,222.129196,222.485046,217.080200,4879354
2025-07-29,223.088013,223.394440,218.689316,219.163788,213.839615,3808407
2025-07-30,219.826065,221.802994,218.669540,219.598709,214.263962,4801456
2025-07-31,219.005630,221.150604,218.748627,219.786514,214.447205,3090430
2025-08-01,218.817825,219.084702,214.656357,215.200012,209.972122,4013269
2025-08-04,215.802979,218.264282,215.288971,218.244507,212.942673,3492566
2025-08-05,217.483383,218.817825,216.979263,218.511398,213.203079,2508723
2025-08-06,219.094589,219.341705,216.475143,216.702484,211.438095,2825475
2025-08-07,217.740387,217.967728,213.124222,214.083038,208.882309,2936353
2025-08-08,214.270859,215.190125,213.509735,213.816162,208.621887,3095184
2025-08-11,213.816162,214.092926,211.730484,213.954544,208.756927,2439424
2025-08-12,214.142349,214.774979,213.064911,214.508087,209.297028,4400635
2025-08-13,214.863937,217.404312,214.705780,217.206604,211.929962,3670416
2025-08-14,216.564102,216.564102,214.774979,215.684372,210.444717,3007069
2025-08-15,215.506439,215.506439,213.292267,214.270859,210.153885,2772970
2025-08-18,214.231308,214.903473,213.430649,213.905121,209.795166,4161174
2025-08-19,213.766739,215.654709,212.985840,214.241196,210.124786,2404421
2025-08-20,214.557510,216.989151,213.727188,214.498199,210.376846,4108871
2025-08-21,213.994080,215.259323,212.521255,214.913361,210.784042,2718744
2025-08-22,217.028687,220.508102,216.158829,220.260986,216.028915,3321089
2025-08-25,219.183548,219.855713,217.957855,218.066574,213.876663,2283426
2025-08-26,217.681076,220.241211,217.305450,219.994095,215.767151,4104319
2025-08-27,219.064941,220.152252,218.145660,218.699203,214.497147,2136330
2025-08-28,219.144012,219.341705,217.246155,218.798050,214.594101,2630629
2025-08-29,218.521271,219.045166,216.653061,216.969376,212.800568,2014323
2025-09-02,214.527847,215.605286,212.916641,215.091278,210.958542,3289930
2025-09-03,214.676132,214.725555,210.109390,211.532791,207.468414,3562674
2025-09-04,211.265900,213.143997,209.654694,212.679413,208.593018,4709799
2025-09-05,212.501495,213.796387,210.910049,211.779907,207.710800,4152778
2025-09-08,212.343338,212.718948,210.089615,212.274139,208.195526,4617030
2025-09-09,212.481720,212.827682,209.496536,211.730484,207.662308,2979450
2025-09-10,211.503128,211.868866,208.942993,209.259308,205.238632,4335180
2025-09-11,209.476761,213.667892,209.031952,212.827682,208.738419,5645588
2025-09-12,211.582214,212.106094,208.508072,209.022064,205.005951,3205962
2025-09-15,209.318619,210.475128,208.260941,209.298843,205.277405,3835924
2025-09-16,209.239532,210.860626,208.171982,208.517944,204.511490,3378754
2025-09-17,209.229645,211.186829,207.826019,209.239532,205.219238,5475426
2025-09-18,208.656342,210.939713,207.628326,207.776596,203.784409,4505545
2025-09-19,208.666229,208.666229,205.028641,206.956161,202.979736,11134470
2025-09-22,206.343307,208.112671,204.939682,206.590439,202.621033,4861448
2025-09-23,207.025360,208.587143,206.402618,206.896851,202.921570,6308025
2025-09-24,206.886978,207.855682,205.819427,206.195038,202.233231,6230633
2025-09-25,206.491592,206.966049,204.910034,205.305420,201.360703,4121517
2025-09-26,206.017120,206.639862,204.959457,205.789764,201.835739,3593024
2025-09-29,207.470169,207.737061,202.013809,206.867203,202.892487,5703759
2025-09-30,206.541016,208.676102,206.046768,208.073135,204.075256,4231080
2025-10-01,208.073135,210.336731,207.569016,207.756821,203.764999,3932538
2025-10-02,208.073135,210.564087,207.667862,208.577255,204.569687,4357842
2025-10-03,208.547607,209.585495,206.017120,206.639862,202.669510,4376962
2025-10-06,207.578903,208.073135,205.404266,206.590439,202.621033,5217452
2025-10-07,206.224701,207.262589,205.414154,206.570663,202.601639,3918577
2025-10-08,206.432281,207.460281,205.503113,207.430634,203.445084,2846922
2025-10-09,207.569016,207.578903,201.134079,201.875427,197.996628,3798695
2025-10-10,202.606888,203.111008,198.405899,198.593704,194.777939,5597231
2025-10-13,200.076416,200.896835,198.297165,200.570648,196.716904,3766929
2025-10-14,199.097824,206.323547,199.028625,206.204926,202.242935,4097440
2025-10-15,206.372971,206.995712,199.769989,200.165375,196.319412,4481973
2025-10-16,201.351532,202.508041,199.908371,200.827652,196.968964,3137978
2025-10-17,200.788101,202.636551,199.690903,200.620071,196.765381,3918577
2025-10-20,201.984161,203.812836,201.964386,203.654678,199.741684,3954795
2025-10-21,203.763412,208.181870,203.506409,206.669510,202.698578,3844321
2025-10-22,207.381210,207.766708,203.625015,204.227982,200.303970,4314441
2025-10-23,212.521255,219.915024,211.779907,218.125885,213.934830,9578835
2025-10-24,218.382889,218.382889,212.274139,213.648117,209.543106,8134584
2025-10-27,216.435608,216.682724,212.224716,212.590454,208.505768,5457014
2025-10-28,212.333450,212.995728,210.712357,211.938065,207.865921,4290971
2025-10-29,210.919937,211.987488,208.073135,210.435577,206.392273,4235430
2025-10-30,211.641327,215.228104,209.543793,209.868896,205.836487,6208429
2025-10-31,208.495010,211.714737,208.337708,211.148407,207.091431,3878647
2025-11-03,211.148407,211.274246,206.712112,207.414795,203.429535,4732602
2025-11-04,207.299423,207.666489,204.174088,206.040909,202.082062,5460695
2025-11-05,205.684326,209.470367,204.834824,206.659668,202.688934,4010802
2025-11-06,205.547974,206.869431,204.740433,205.464081,201.516312,2890345
2025-11-07,205.610901,206.019928,203.146301,203.534348,199.623657,3534529
2025-11-10,204.499207,206.061874,203.062408,205.631882,201.680893,3643037
2025-11-11,206.061874,211.337173,205.327744,210.183533,206.145096,4001363
2025-11-12,210.781326,212.144730,209.313065,211.421082,207.358856,4392679
2025-11-13,211.085480,212.941788,209.260620,209.617203,205.589630,3968658
2025-11-14,208.138443,209.292084,205.212372,208.746719,205.962143,3552169
2025-11-17,207.540634,209.071838,204.478241,205.642365,202.899200,2705556
2025-11-18,201.185104,203.293137,199.863663,200.786575,198.108185,5790129
2025-11-19,199.979019,200.681702,198.227585,199.863663,197.197571,3234844
2025-11-20,201.814362,202.674362,195.867859,197.315155,194.683075,3502396
2025-11-21,197.451492,200.398529,197.000519,199.286835,196.628448,4492415
2025-11-24,199.318298,199.465134,196.161514,197.860519,195.221161,5057555
2025-11-25,199.077087,200.975357,198.458313,200.335602,197.663239,3493052
2025-11-26,201.667542,201.667542,199.213425,199.255371,196.597412,2975778
2025-11-28,199.265869,201.782898,198.846359,201.562668,198.873932,1567649
2025-12-01,199.559525,201.531204,199.244888,199.496597,196.835434,3070461
2025-12-02,200.104874,203.177765,198.772949,202.569489,199.867310,4269010
2025-12-03,202.758255,204.719452,202.170944,202.905090,200.198441,3986584
2025-12-04,202.894592,203.377029,200.797058,201.604614,198.915329,3819912
2025-12-05,202.170944,202.789719,199.947556,200.660721,197.984024,4094615
2025-12-08,201.510223,201.740952,199.821716,201.352905,198.666977,3089149
2025-12-09,200.492920,202.087051,199.119034,199.444153,196.783676,2643102
2025-12-10,199.433670,202.097534,199.391708,201.426331,198.739395,5308897
2025-12-11,202.076553,203.911911,202.034607,203.303619,200.591660,3560083
2025-12-12,203.586792,204.216049,201.898270,203.104355,200.395050,3169911
2025-12-15,205.201889,207.173569,202.800217,207.079178,204.316864,3302257
2025-12-16,207.131622,208.453064,206.282120,207.928680,205.155029,4514250
2025-12-17,208.085999,212.333511,207.781860,209.638168,206.841705,5998564
2025-12-18,210.624023,211.148407,206.250656,207.739899,204.968750,3974474
2025-12-19,208.526474,210.865234,207.834290,208.820129,206.034592,7500708
2025-12-22,207.949661,209.491348,204.719452,205.516525,202.775040,4180144
2025-12-23,205.348709,205.778717,204.216049,205.034088,202.299042,2307184
2025-12-24,205.034088,206.754059,204.520187,206.533829,203.778778,1411275
2025-12-26,206.324066,207.110641,205.432617,206.995285,204.234085,1390108
2025-12-29,206.974304,207.236496,205.810165,206.701630,203.944351,1971743
2025-12-30,205.915054,207.215515,204.939697,205.936020,203.188934,1815559
2025-12-31,205.936020,206.659668,204.562134,204.604095,201.874786,1933031
2026-01-02,205.233353,206.166748,202.779236,205.432617,202.692245,3009532
2026-01-05,205.348709,211.620346,204.425797,210.896698,208.083450,3667352
2026-01-06,210.173050,215.584686,210.120605,214.934448,212.067337,3818768
2026-01-07,215.112747,216.046143,208.201370,209.239639,206.448486,4850550
2026-01-08,208.641846,215.511276,208.232819,215.249084,212.377762,4951049
2026-01-09,214.630310,218.919769,213.434708,217.493439,214.592194,5442292
2026-01-12,217.199783,218.888306,214.619827,218.772949,215.854645,5264846
2026-01-13,219.475616,221.510223,218.479294,220.534866,217.593063,3929564
2026-01-14,224.278976,225.034088,221.269012,223.429474,220.449036,4215519
2026-01-15,223.807022,226.061874,222.181442,225.506027,222.497894,5310423
2026-01-16,229.910858,231.389618,227.089676,230.089142,227.019867,8132878
2026-01-20,227.257477,228.987946,224.646042,225.558472,222.549637,7839677
2026-01-21,226.491867,231.158890,226.051392,229.858414,226.792221,5392519
2026-01-22,230.728897,234.336655,230.403778,233.392761,230.279419,4150872
2026-01-23,232.794968,234.210800,231.347672,232.260101,229.161880,3642275
2026-01-26,232.155212,232.648132,230.435242,231.945465,228.851425,3531669
2026-01-27,232.123749,233.644470,230.844254,231.683273,228.592743,3357083
2026-01-28,230.739380,232.060822,226.733093,227.205032,224.174240,4870001
2026-01-29,232.029358,238.972214,231.546936,238.321976,235.142883,6622248
2026-01-30,237.797592,240.786575,236.497116,238.615631,235.432632,6406757
2026-02-02,237.273209,239.496597,236.056641,238.657578,235.474014,4304576
2026-02-03,237.587830,243.062408,237.587830,242.170944,238.940521,4320690
2026-02-04,244.908234,247.865753,244.415314,246.827484,243.534943,5666746
2026-02-05,245.128479,247.593079,243.890930,245.254333,241.982773,4784186
2026-02-06,246.208710,250.739380,245.568954,250.005249,246.670303,3791593
2026-02-09,248.977448,252.700577,248.557938,251.536438,248.181076,2866888
2026-02-10,251.672791,256.717346,250.917679,255.207138,251.802811,3707971
2026-02-11,255.888824,256.979553,250.781326,254.535919,251.140533,3997263
2026-02-12,256.339813,257.608795,250.854752,251.525955,248.170746,6232171
2026-02-13,251.326691,255.081284,250.613525,253.151550,249.774643,5082346
2026-02-17,251.358154,256.685883,251.358154,254.483475,251.088791,3527759
2026-02-18,254.787628,254.997375,250.770844,252.899841,249.526276,2720526
2026-02-19,252.302048,254.630310,250.844254,252.511795,249.143417,2250355
2026-02-20,252.564240,256.423706,252.018875,255.867859,252.454727,2556524
2026-02-23,255.616150,257.996857,254.200317,254.913483,251.513077,2380031
2026-02-24,254.913483,257.378082,254.913483,255.490295,252.082199,2455739
2026-02-25,256.685883,256.948090,252.396439,254.011536,250.623154,3211960
2026-02-26,254.567383,255.742004,251.515472,252.627167,249.257248,2898640
2026-02-27,253.151550,255.825912,251.976929,255.469330,253.312927,3707303
2026-03-02,254.535919,260.283173,252.983749,260.136353,257.940552,3465686
2026-03-03,255.825912,259.213409,253.424225,255.742004,253.583298,6071125
2026-03-04,256.549561,259.328796,250.844254,257.965393,255.787918,4552772
2026-03-05,255.416885,255.815414,247.477707,250.005249,247.894958,4107869
2026-03-06,246.796021,248.515991,245.537491,246.764557,244.681625,3678508
2026-03-09,245.547974,250.015732,242.045090,249.176712,247.073425,3246763
2026-03-10,248.348190,257.220764,248.159409,252.343994,250.213974,4852457
2026-03-11,251.452545,253.749344,249.008911,251.116943,248.997269,3090484
2026-03-12,249.365494,251.463028,244.562134,244.782379,242.716187,4379235
2026-03-13,246.974304,249.166229,245.233353,245.936020,243.860092,2972536
2026-03-16,246.460403,247.834290,245.034088,245.946518,243.870499,3028983
2026-03-17,245.831146,247.131622,239.643417,242.705826,240.657150,4027584
2026-03-18,242.852646,244.436295,239.706345,241.132675,239.097290,3103833
2026-03-19,239.297333,241.856323,238.070267,240.199265,238.171753,2890917
2026-03-20,239.056107,240.692184,230.550598,232.302048,230.341202,7721824
2026-03-23,235.920288,237.545883,233.780807,233.885681,231.911453,3487331
2026-03-24,231.368637,235.605667,231.337173,232.375458,230.413986,3171341
2026-03-25,234.735184,238.710022,233.497635,236.801254,234.802429,4361881
2026-03-26,235.637131,239.800735,235.374939,236.151016,234.157684,4533320
2026-03-27,237.241745,237.241745,233.539597,234.001053,232.025864,3161997
2026-03-30,236.811752,237.388565,233.466171,234.378601,232.400223,3067886
2026-03-31,236.675400,237.734665,232.952286,237.052963,235.052017,3317227
2026-04-01,238.290512,240.901947,237.671738,239.328796,237.308640,3659247
2026-04-02,237.954910,241.740952,236.098587,240.639755,238.608521,2848391
2026-04-06,239.160980,239.968536,237.420029,239.339279,237.319031,2993513
2026-04-07,237.734665,237.871002,232.239120,234.756165,232.774612,3546543
2026-04-08,240.723648,243.828003,239.444153,243.807022,241.749069,3630737
2026-04-09,241.929733,247.886734,239.884644,247.572098,245.482361,3043477
2026-04-10,247.844788,248.379654,245.485062,246.502365,244.421646,1818229
2026-04-13,244.824326,246.345047,243.093872,245.034088,242.965759,2533736
2026-04-14,244.614578,245.915054,242.957520,244.614578,242.549789,3008579
2026-04-15,244.268478,244.278976,240.094391,243.513367,241.457886,3351076
2026-04-16,242.999481,244.992126,240.146820,240.566330,238.535721,2789846
2026-04-17,242.401672,247.981125,242.024124,244.939697,242.872177,3882557
2026-04-20,244.708969,245.002625,240.115356,240.943893,238.910095,3068172
2026-04-21,238.070267,240.996323,231.924484,233.057159,231.089935,4667478
2026-04-22,235.228104,237.021500,229.984268,230.697433,228.750122,4262336
2026-04-23,218.007339,228.631363,217.965393,224.792862,222.895386,7646307
2026-04-24,223.188248,225.170425,220.052444,223.565811,221.678696,4393347
2026-04-27,223.765076,224.572632,220.786575,222.391190,220.513992,3447379
2026-04-28,225.212372,225.422134,220.618774,223.314102,221.429123,3620344
2026-04-29,222.863129,223.282639,218.458313,220.555847,218.694138,4293229
2026-04-30,219.727325,225.055054,219.664398,224.782379,222.884995,3936620
2026-05-01,225.516525,226.072372,222.349243,222.863129,220.981949,2849249
2026-05-04,222.244370,223.649719,219.433670,219.811218,217.955811,2690777
2026-05-05,220.220245,221.415833,218.710022,219.255371,217.404648,2531733
2026-05-06,223.230209,228.715256,223.230209,227.435760,225.515991,4097476
2026-05-07,227.435760,228.904037,224.446777,226.607239,224.694458,3406951
2026-05-08,227.037231,227.226013,223.135818,223.513367,221.626709,3558176
2026-05-11,225.778717,231.819611,225.348709,229.795486,227.855804,4246889
2026-05-12,229.826950,230.540115,226.963821,229.197693,227.263046,3423637
2026-05-13,228.631363,230.131104,226.491867,228.589401,226.659897,3198134
2026-05-14,228.201370,229.627686,226.282120,228.337708,226.410324,3220637
2026-05-15,226.156265,226.156265,221.814362,223.639221,222.970184,4256901
2026-05-18,224.551651,229.522812,223.408493,227.823807,227.142258,5574828
2026-05-19,227.593079,228.851593,225.663345,227.739899,227.058609,4868094
2026-05-20,227.530151,228.966965,225.243835,227.991608,227.309555,3839745
2026-05-21,228.715256,236.297852,227.844788,234.714218,234.012054,4512439
2026-05-22,236.539062,240.157318,233.403244,239.035141,238.320053,4835294
2026-05-26,244.499207,247.425278,241.866806,243.020447,242.293442,6280514
2026-05-27,245.201889,246.680649,242.747772,242.842163,242.115692,4270059
2026-05-28,242.160461,244.866287,239.444153,244.362869,243.631851,4232110
2026-05-29,244.362869,251.641327,243.146301,249.459885,248.713608,5235382
2026-06-01,245.411636,248.841110,244.048248,248.075516,247.333389,4782470
2026-06-02,247.414795,250.665970,243.398010,246.701630,245.963608,4467910
2026-06-03,245.306763,249.071838,232.186676,234.147873,233.447403,5895872
2026-06-04,236.329315,237.818558,227.341370,228.253799,227.570969,6447853
2026-06-05,229.543793,229.669632,223.387527,224.404831,223.733505,4696846
2026-06-08,224.216049,226.334564,221.751450,222.128998,221.464493,3583062
2026-06-09,223.251175,226.754059,222.485580,226.219193,225.542450,4307341
2026-06-10,224.667023,225.348709,215.542740,215.920288,215.274353,4433012
2026-06-11,218.059784,230.204514,217.273209,229.805984,229.118500,6339535
2026-06-12,232.826431,236.518097,229.847931,231.054016,230.362808,4443310
2026-06-15,238.070267,242.632401,236.025177,238.500259,237.786774,7949520
2026-06-16,240.167801,242.737289,237.986359,240.681702,239.961685,3973235
2026-06-17,241.678024,246.145782,239.003677,239.758789,239.041534,5710321
2026-06-18,243.618256,244.237015,237.954910,240.178284,239.459778,6344780
2026-06-22,240.985840,242.684845,238.280014,239.234406,238.518723,3842605
2026-06-23,236.633453,236.790771,231.400101,233.214478,232.516800,6104784
2026-06-24,234.735184,239.968536,234.619827,238.510757,237.797241,3911066
2026-06-25,238.877823,248.945984,238.877823,242.517044,241.791534,5579501
2026-06-26,240.723648,245.055054,237.325638,243.534348,242.805801,17047627
2026-06-29,240.649994,252.000000,227.160004,227.800003,227.118530,7773000
2026-06-30,231.350006,232.550003,219.330002,223.899994,223.230179,6010600
2026-07-01,227.309998,227.309998,220.600006,221.750000,221.086624,6204600
2026-07-02,222.279999,230.130005,220.220001,229.860001,229.172363,5659100
2026-07-06,229.149994,231.860001,222.850006,231.179993,230.488403,7539100
2026-07-07,230.419998,234.639999,222.050003,225.050003,224.376755,4462900
2026-07-08,223.000000,223.059998,218.699997,220.360001,219.700775,4323100
2026-07-09,221.220001,223.500000,218.100006,223.419998,222.751617,3026400
2026-07-10,224.050003,228.779999,222.110001,226.419998,225.742645,2601700
2026-07-13,225.949997,226.869995,220.389999,222.250000,221.585129,2585800
2026-07-14,223.300003,225.779999,222.220001,222.679993,222.013840,2123900
2026-07-15,222.500000,225.910004,220.539993,222.839996,222.173355,2515100
2026-07-16,221.169998,226.399994,221.169998,226.330002,225.652924,3149600
2026-07-17,225.960007,230.470001,224.529999,225.020004,224.346848,3920200
2026-07-20,225.000000,227.770004,223.589996,226.179993,225.503357,3114100
2026-07-21,227.899994,232.839996,225.509995,229.860001,229.172363,2405300
2026-07-22,232.460007,238.110001,231.320007,232.990005,232.292999,3798800
2026-07-23,238.000000,250.270004,237.690002,246.270004,245.533279,6306300
2026-07-24,246.889999,247.750000,239.119995,243.149994,242.422592,3822500
2026-07-27,244.500000,248.009995,242.529999,245.750000,245.014832,4053300
2026-07-28,249.800003,252.000000,246.089996,247.050003,246.310944,2945300
2026-07-29,245.440002,246.240005,240.320007,241.119995,240.398666,2775200
2026-07-30,241.880005,242.419998,237.360001,241.910004,241.186310,2839500
2026-07-31,240.520004,246.000000,238.020004,243.050003,242.322906,3888100
2026-08-03,245.470001,249.639999,242.199997,246.770004,246.031784,3279000
2026-08-04,249.619995,250.259995,245.000000,248.789993,248.045731,3568900
2026-08-05,248.619995,251.160004,246.740005,248.119995,247.377731,2230400
2026-08-06,248.960007,250.000000,239.929993,240.740005,240.019821,5041000
2026-08-07,240.550003,246.729996,239.479996,246.210007,245.473450,2837400
2026-08-10,245.759995,246.250000,241.880005,242.929993,242.203247,2245100
2026-08-11,242.320007,244.809998,229.699997,230.119995,229.431580,5436300
2026-08-12,231.000000,235.669998,228.559998,235.339996,234.635956,3145900
2026-08-13,235.500000,236.350006,232.500000,233.990005,233.290009,2477500
2026-08-14,232.389999,234.800003,232.389999,233.960007,233.960007,2686400
2026-08-17,232.309998,232.770004,228.279999,229.449997,229.449997,2599400
2026-08-18,229.289993,229.759995,227.429993,227.710007,227.710007,2505800
2026-08-19,226.899994,227.000000,221.490005,221.729996,221.729996,2306600
2026-08-20,221.089996,222.179993,218.050003,218.320007,218.320007,2438300
2026-08-21,219.380005,219.830002,215.779999,215.899994,215.899994,3470400
2026-08-24,216.009995,216.990005,213.100006,214.770004,214.770004,2686700
2026-08-25,216.509995,216.539993,214.440002,215.679993,215.679993,2265500
2026-08-26,216.520004,221.270004,216.410004,220.669998,220.669998,3214100
2026-08-27,219.679993,221.250000,217.199997,220.389999,220.389999,2246600
2026-08-28,221.449997,221.449997,215.089996,217.429993,217.429993,2109000
2026-08-31,214.740005,215.539993,212.220001,213.529999,213.529999,5081600
2026-09-01,213.169998,214.000000,208.809998,209.979996,209.979996,2345400
2026-09-02,210.630005,210.729996,204.809998,206.070007,206.070007,2911200
2026-09-03,208.360001,209.289993,204.910004,207.630005,207.630005,2490100
2026-09-04,207.059998,210.000000,206.919998,209.610001,209.610001,2698300
2026-09-08,209.000000,209.789993,207.050003,208.240005,208.240005,2278300
2026-09-09,207.059998,208.225006,204.720001,204.929993,204.929993,2094214
