date,open,high,low,close,adj_close,volume
2012-01-03,34.060001,35.189999,34.009998,34.980000,23.568771,44102800
2012-01-04,34.439999,35.150002,34.330002,34.950001,23.718063,36571200
2012-01-05,34.709999,35.919998,34.400002,35.680000,24.213463,38381400
2012-01-06,35.689999,35.770000,35.139999,35.360001,23.996304,33160600
2012-01-09,35.439999,35.680000,34.990002,35.299999,23.955578,23001800
2012-01-10,36.070000,36.349998,35.759998,36.049999,24.464552,35972800
2012-01-11,35.799999,36.740002,35.660000,36.660000,24.878521,29852900
2012-01-12,36.820000,37.049999,36.169998,36.849998,25.007458,39420700
2012-01-13,35.259998,35.919998,35.130001,35.919998,24.376329,61571500
2012-01-17,34.849998,35.680000,34.500000,34.910000,23.690922,55115100
2012-01-18,34.540001,36.680000,34.529999,36.540001,24.797083,55502100
2012-01-19,36.840000,37.150002,36.709999,36.930000,25.061749,37000400
2012-01-20,36.779999,37.400002,36.619999,37.360001,25.353561,34716500
2012-01-23,37.310001,37.939999,37.270000,37.660000,25.557140,27499200
2012-01-24,37.180000,37.889999,36.799999,37.660000,25.557140,25403800
2012-01-25,37.360001,37.820000,37.119999,37.599998,25.516426,29860700
2012-01-26,37.880001,38.099998,37.250000,37.490002,25.441780,33284600
2012-01-27,37.230000,37.660000,37.150002,37.209999,25.251760,27674600
2012-01-30,36.660000,37.169998,36.360001,37.009998,25.116037,24423600
2012-01-31,37.529999,37.540001,36.930000,37.299999,25.312841,29649500
2012-02-01,37.889999,38.029999,37.500000,37.599998,25.516426,41957800
2012-02-02,37.689999,38.160000,37.419998,37.549999,25.482500,26784200
2012-02-03,38.270000,38.500000,38.049999,38.279999,25.977892,41074400
2012-02-06,38.060001,38.320000,37.810001,38.139999,25.882885,23106200
2012-02-07,37.860001,38.119999,37.700001,37.869999,25.699654,21091900
2012-02-08,38.049999,38.349998,37.970001,38.299999,25.991463,23258700
2012-02-09,38.599998,38.680000,37.840000,37.860001,25.692875,28608400
2012-02-10,37.220001,37.770000,37.110001,37.610001,25.523212,22618800
2012-02-13,38.080002,38.340000,37.779999,38.299999,25.991463,24828000
2012-02-14,38.230000,38.259998,37.439999,37.919998,25.733582,27031900
2012-02-15,38.080002,38.400002,37.310001,37.400002,25.380699,26534900
2012-02-16,37.150002,38.119999,37.049999,38.000000,25.787888,22139600
2012-02-17,38.599998,38.639999,38.230000,38.470001,26.106834,28009300
2012-02-21,38.650002,38.970001,38.410000,38.459999,26.100040,22804200
2012-02-22,38.299999,38.389999,37.900002,38.070000,25.835379,23416900
2012-02-23,38.060001,38.520000,37.750000,38.490002,26.120415,31361400
2012-02-24,38.660000,38.680000,38.189999,38.279999,25.977892,17586400
2012-02-27,38.070000,39.230000,37.790001,39.060001,26.507231,34030400
2012-02-28,39.130001,39.549999,38.849998,39.209999,26.609009,37900900
2012-02-29,39.330002,39.939999,39.020000,39.240002,26.629381,41187700
2012-03-01,39.509998,40.450001,39.470001,40.369999,27.396221,44376700
2012-03-02,40.430000,40.880001,40.230000,40.630001,27.572672,34897900
2012-03-05,40.700001,40.709999,40.000000,40.400002,27.416582,30806900
2012-03-06,39.450001,39.869999,39.119999,39.320000,26.683678,33927500
2012-03-07,39.459999,40.060001,39.380001,39.950001,27.111210,22875100
2012-03-08,40.470001,40.750000,40.220001,40.439999,27.443731,22052300
2012-03-09,40.750000,41.439999,40.500000,41.029999,27.844120,33494200
2012-03-12,40.860001,40.980000,40.200001,40.540001,27.511599,30763800
2012-03-13,41.020000,43.730000,40.820000,43.389999,29.445677,77277600
2012-03-14,43.619999,44.000000,43.070000,43.580002,29.574631,68028700
2012-03-15,43.639999,44.919998,42.930000,44.700001,30.334688,57117700
2012-03-16,44.869999,44.919998,44.220001,44.570000,30.246469,48844500
2012-03-19,44.439999,45.349998,44.209999,45.000000,30.538280,41509300
2012-03-20,44.529999,45.599998,44.369999,45.380001,30.796160,34796200
2012-03-21,45.529999,45.669998,44.860001,45.119999,30.619722,27267900
2012-03-22,44.720001,45.099998,44.410000,44.650002,30.300756,27457200
2012-03-23,44.450001,45.250000,44.439999,45.160000,30.646860,30639300
2012-03-26,45.480000,46.169998,45.400002,46.169998,31.332275,33529400
2012-03-27,45.919998,46.490002,45.830002,45.889999,31.142262,33026400
2012-03-28,45.759998,46.310001,45.360001,46.270000,31.400148,29755800
2012-03-29,45.919998,46.020000,45.270000,45.669998,30.992958,32262300
2012-03-30,46.080002,46.130001,45.500000,45.980000,31.203346,25945800
2012-04-02,45.750000,46.349998,45.459999,46.130001,31.305132,27669300
2012-04-03,45.740002,45.990002,44.970001,45.419998,31.025066,31036400
2012-04-04,44.680000,44.860001,43.959999,44.410000,30.335173,41342900
2012-04-05,44.130001,44.730000,43.810001,44.340000,30.287355,28832300
2012-04-09,43.189999,44.279999,43.070000,43.889999,29.979969,29376400
2012-04-10,43.880001,44.009998,42.660000,42.959999,29.344719,38841000
2012-04-11,43.590000,44.209999,43.570000,44.009998,30.061943,32142200
2012-04-12,44.119999,44.990002,44.000000,44.840000,30.628891,33631100
2012-04-13,44.950001,44.950001,43.060001,43.209999,29.515472,58183900
2012-04-16,43.380001,43.799999,42.840000,43.330002,29.597456,40387600
2012-04-17,43.689999,44.000000,43.160000,43.900002,29.986801,26887000
2012-04-18,43.619999,43.910000,43.270000,43.290001,29.570126,20242900
2012-04-19,43.439999,43.689999,42.770000,43.220001,29.522310,25961800
2012-04-20,43.509998,43.580002,42.709999,42.720001,29.180775,26178100
2012-04-23,41.919998,42.959999,41.799999,42.849998,29.269577,25536300
2012-04-24,42.980000,43.310001,42.810001,43.279999,29.563307,21420400
2012-04-25,43.650002,43.889999,42.980000,43.160000,29.481331,31694000
2012-04-26,43.220001,43.889999,43.060001,43.799999,29.918489,28100300
2012-04-27,43.939999,43.990002,43.230000,43.340000,29.604290,26242900
2012-04-30,43.330002,43.369999,42.540001,42.980000,29.358379,23518000
2012-05-01,43.000000,44.240002,42.959999,43.790001,29.911667,26359700
2012-05-02,43.459999,43.529999,42.840000,43.200001,29.508657,22462200
2012-05-03,43.380001,43.389999,42.669998,43.009998,29.378866,19536400
2012-05-04,42.330002,42.680000,41.709999,41.750000,28.518200,31279900
2012-05-07,41.430000,42.400002,41.369999,41.779999,28.538689,25910100
2012-05-08,41.500000,41.840000,40.950001,41.380001,28.265451,28049700
2012-05-09,40.720001,41.020000,40.119999,40.639999,27.759993,38769900
2012-05-10,41.230000,41.400002,40.540001,40.740002,27.828300,35827100
2012-05-11,37.139999,37.990002,36.619999,36.959999,25.246294,217294200
2012-05-14,36.099998,36.470001,35.759998,35.790001,24.447096,96488500
2012-05-15,36.189999,37.270000,36.119999,36.240002,24.754480,89903700
2012-05-16,36.790001,36.980000,35.459999,35.459999,24.221684,68729600
2012-05-17,35.040001,35.099998,33.880001,33.930000,23.176588,95429200
2012-05-18,33.990002,33.990002,32.970001,33.490002,22.876040,82650100
2012-05-21,33.520000,33.709999,32.259998,32.509998,22.206623,99554800
2012-05-22,33.320000,34.580002,32.990002,34.009998,23.231232,84721000
2012-05-23,33.619999,34.419998,33.209999,34.259998,23.401999,52512900
2012-05-24,34.439999,34.480000,33.619999,33.970001,23.203915,37843800
2012-05-25,34.000000,34.130001,33.290001,33.500000,22.882872,28796400
2012-05-29,33.980000,34.000000,33.360001,33.630001,22.971663,35855200
2012-05-30,33.299999,33.439999,32.950001,32.959999,22.514013,34203600
2012-05-31,32.959999,33.470001,32.910000,33.150002,22.643795,42124900
2012-06-01,32.410000,32.650002,31.770000,31.930000,21.810446,50472200
2012-06-04,32.160000,32.169998,30.830000,31.000000,21.175200,60492400
2012-06-05,30.889999,32.130001,30.860001,31.990000,21.851427,46502800
2012-06-06,32.709999,33.310001,32.270000,33.070000,22.589146,47980500
2012-06-07,33.770000,33.830002,32.799999,32.810001,22.411552,53888800
2012-06-08,32.770000,33.680000,32.549999,33.680000,23.005819,34238200
2012-06-11,34.369999,34.439999,32.779999,32.820000,22.418377,46404900
2012-06-12,32.880001,33.779999,32.509998,33.770000,23.067289,43334400
2012-06-13,33.689999,35.070000,33.630001,34.299999,23.429323,72456600
2012-06-14,34.410000,34.889999,34.070000,34.650002,23.668406,44428000
2012-06-15,34.889999,35.070000,34.410000,35.029999,23.927961,40917100
2012-06-18,34.709999,35.299999,34.500000,34.619999,23.647903,31084400
2012-06-19,34.990002,35.630001,34.730000,35.380001,24.167049,32489000
2012-06-20,36.029999,36.939999,35.830002,36.450001,24.897926,61149700
2012-06-21,36.490002,37.029999,35.430000,35.509998,24.255842,95637000
2012-06-22,36.020000,36.490002,35.959999,35.990002,24.583714,44193500
2012-06-25,35.259998,35.470001,34.639999,35.320000,24.126051,33115800
2012-06-26,36.060001,36.119999,35.580002,35.709999,24.392454,35053600
2012-06-27,35.639999,36.820000,35.500000,36.779999,25.123337,34156800
2012-06-28,35.320000,35.930000,34.849998,35.880001,24.508579,69904800
2012-06-29,36.700001,36.799999,35.250000,35.730000,24.406115,56063200
2012-07-02,36.270000,36.360001,35.590000,36.279999,24.781801,34274900
2012-07-03,35.959999,36.139999,35.540001,35.880001,24.712931,26705900
2012-07-05,35.610001,35.660000,34.220001,34.380001,23.679777,58519800
2012-07-06,33.919998,34.119999,33.730000,33.900002,23.349173,32057200
2012-07-09,33.810001,34.119999,33.540001,33.959999,23.390495,30545000
2012-07-10,34.220001,34.450001,33.810001,34.250000,23.590237,33175500
2012-07-11,34.209999,34.799999,34.119999,34.590000,23.824423,35144300
2012-07-12,34.330002,34.570000,33.939999,34.040001,23.445599,39301500
2012-07-13,35.060001,36.200001,34.860001,36.070000,24.843801,83001000
2012-07-16,35.759998,35.849998,34.730000,35.090000,24.168800,52368300
2012-07-17,35.439999,35.480000,34.270000,34.990002,24.099928,43998300
2012-07-18,34.750000,35.230000,34.650002,34.959999,24.079262,28944900
2012-07-19,35.020000,35.169998,34.310001,34.459999,23.734879,34384700
2012-07-20,34.049999,34.130001,33.900002,33.900002,23.349173,36301200
2012-07-23,33.240002,34.500000,33.099998,34.439999,23.721102,41248300
2012-07-24,34.580002,34.889999,34.220001,34.730000,23.920843,29920400
2012-07-25,34.980000,35.450001,34.790001,35.169998,24.223904,32127700
2012-07-26,35.779999,35.939999,35.340000,35.810001,24.664713,28900500
2012-07-27,36.009998,37.200001,35.509998,36.889999,25.408573,63636200
2012-07-30,36.500000,36.520000,35.939999,36.139999,24.891998,30698200
2012-07-31,36.110001,36.330002,35.910000,36.000000,24.795576,19681600
2012-08-01,36.189999,36.400002,35.820000,36.000000,24.795576,22180200
2012-08-02,35.619999,35.840000,34.759998,35.169998,24.223904,36675000
2012-08-03,35.820000,36.290001,35.500000,36.090000,24.857565,24516300
2012-08-06,36.240002,36.799999,36.110001,36.299999,25.002209,18979200
2012-08-07,36.570000,37.869999,36.570000,37.009998,25.491230,37225800
2012-08-08,36.849998,37.480000,36.750000,37.160000,25.594547,18672400
2012-08-09,36.720001,37.259998,36.590000,36.919998,25.429245,23406700
2012-08-10,36.759998,37.000000,36.400002,36.970001,25.463673,15492700
2012-08-13,36.869999,37.090000,36.650002,36.990002,25.477457,14453500
2012-08-14,37.419998,37.639999,36.980000,37.099998,25.553226,18065100
2012-08-15,37.070000,37.410000,36.950001,37.070000,25.532560,17521300
2012-08-16,37.180000,37.349998,36.799999,37.099998,25.553226,15894100
2012-08-17,37.200001,37.200001,36.799999,36.980000,25.470572,17079800
2012-08-20,36.919998,37.500000,36.799999,37.369999,25.739189,17922100
2012-08-21,37.630001,38.860001,37.560001,38.040001,26.200661,36880600
2012-08-22,37.880001,38.180000,37.560001,37.830002,26.056017,16899400
2012-08-23,37.810001,37.889999,37.200001,37.230000,25.642765,16429500
2012-08-24,36.939999,37.439999,36.669998,37.169998,25.601427,20019300
2012-08-27,37.310001,37.439999,36.900002,37.230000,25.642765,17618200
2012-08-28,37.099998,37.490002,36.900002,37.130001,25.573877,18050500
2012-08-29,37.320000,37.490002,37.060001,37.299999,25.690971,13681900
2012-08-30,37.060001,37.130001,36.709999,36.900002,25.415466,13700700
2012-08-31,37.139999,37.400002,36.860001,37.139999,25.580770,16771600
2012-09-04,36.980000,37.240002,36.779999,37.009998,25.491230,13631400
2012-09-05,37.080002,37.290001,36.939999,37.110001,25.560110,13537500
2012-09-06,37.580002,38.869999,37.500000,38.689999,26.648357,41346800
2012-09-07,39.040001,39.529999,39.000000,39.299999,27.068512,28082400
2012-09-10,39.230000,39.779999,38.730000,38.759998,26.696573,20853500
2012-09-11,38.799999,39.630001,38.730000,39.599998,27.275131,22378900
2012-09-12,39.880001,40.250000,39.790001,39.919998,27.495544,29882200
2012-09-13,39.840000,41.580002,39.590000,41.400002,28.514921,47018600
2012-09-14,41.959999,42.090000,41.230000,41.570000,28.631998,43471600
2012-09-17,41.000000,41.439999,40.950001,41.189999,28.370275,19740100
2012-09-18,41.049999,41.330002,40.660000,41.259998,28.418489,25186600
2012-09-19,41.330002,41.759998,41.040001,41.340000,28.473589,22887200
2012-09-20,40.959999,41.279999,40.549999,41.250000,28.411598,20997400
2012-09-21,41.529999,41.700001,40.770000,40.880001,28.156767,28287400
2012-09-24,40.610001,41.470001,40.590000,41.230000,28.397821,20499500
2012-09-25,41.549999,41.549999,40.529999,40.549999,27.929464,21988200
2012-09-26,40.150002,40.630001,39.700001,40.240002,27.715952,23782700
2012-09-27,40.400002,40.990002,40.209999,40.680000,28.018993,20843400
2012-09-28,40.419998,40.630001,40.160000,40.480000,27.881247,21380700
2012-10-01,40.880001,41.500000,40.799999,40.970001,28.218746,21956400
2012-10-02,41.139999,41.240002,40.560001,40.919998,28.184309,26946100
2012-10-03,40.830002,41.000000,40.419998,40.860001,28.350828,22419100
2012-10-04,41.160000,41.990002,40.910000,41.820000,29.016933,24326500
2012-10-05,42.040001,42.439999,41.459999,41.709999,28.940609,22774400
2012-10-08,41.330002,41.840000,41.110001,41.660000,28.905918,18631300
2012-10-09,41.770000,41.950001,41.299999,41.380001,28.711628,19947500
2012-10-10,41.549999,42.000000,41.330002,41.770000,28.982243,25797600
2012-10-11,42.369999,42.639999,41.849998,42.099998,29.211208,27755000
2012-10-12,41.599998,42.430000,41.150002,41.619999,28.878153,44564000
2012-10-15,41.910000,42.410000,41.730000,42.380001,29.405495,26268000
2012-10-16,42.790001,43.110001,42.270000,42.830002,29.717722,28588100
2012-10-17,42.930000,43.540001,42.770000,43.320000,30.057709,26177500
2012-10-18,43.090000,43.349998,42.750000,43.009998,29.842621,23630400
2012-10-19,42.799999,42.820000,42.060001,42.320000,29.363853,29747500
2012-10-22,42.250000,42.520000,41.500000,42.090000,29.204266,27993000
2012-10-23,41.470001,41.740002,41.049999,41.330002,28.676945,22896400
2012-10-24,41.680000,41.880001,41.340000,41.709999,28.940609,18918900
2012-10-25,42.240002,42.279999,41.400002,41.669998,28.912855,17311700
2012-10-26,41.419998,41.660000,40.869999,41.160000,28.558996,21892700
2012-10-31,41.450001,41.790001,41.150002,41.680000,28.919792,19423500
2012-11-01,41.700001,42.900002,41.580002,42.840000,29.724651,23325400
2012-11-02,43.040001,43.070000,42.330002,42.419998,29.433243,17029200
2012-11-05,42.330002,42.360001,41.860001,42.270000,29.329159,13252500
2012-11-06,42.570000,43.049999,42.410000,42.880001,29.752420,17190900
2012-11-07,42.009998,42.009998,40.310001,40.480000,28.087172,47631200
2012-11-08,41.279999,41.500000,40.400002,40.400002,28.031666,27830900
2012-11-09,40.310001,41.230000,39.860001,40.619999,28.184305,27553200
2012-11-12,40.849998,40.910000,40.299999,40.580002,28.156551,12816000
2012-11-13,40.180000,40.520000,40.000000,40.040001,27.781870,19793500
2012-11-14,40.209999,40.369999,39.130001,39.290001,27.261482,30986600
2012-11-15,39.060001,39.720001,38.970001,39.389999,27.330868,24858700
2012-11-16,39.430000,39.669998,38.830002,39.529999,27.428009,32458000
2012-11-19,40.090000,40.700001,40.090000,40.590000,28.163490,26781200
2012-11-20,40.330002,41.180000,40.250000,40.700001,28.239819,19375900
2012-11-21,40.939999,40.980000,40.349998,40.730000,28.260639,13030200
2012-11-23,41.099998,41.220001,40.970001,41.090000,28.510408,8316700
2012-11-26,40.790001,40.880001,40.090000,40.880001,28.364716,20376600
2012-11-27,40.869999,41.200001,40.639999,40.750000,28.274508,19875000
2012-11-28,40.490002,40.880001,39.880001,40.830002,28.330017,26106900
2012-11-29,41.150002,41.349998,40.910000,41.220001,28.600630,18915000
2012-11-30,40.990002,41.340000,40.849998,41.080002,28.503477,20066600
2012-12-03,41.270000,41.369999,40.750000,40.810001,28.316151,18955500
2012-12-04,40.779999,40.919998,40.200001,40.570000,28.149616,24031100
2012-12-05,40.689999,41.490002,40.500000,41.200001,28.586744,25515600
2012-12-06,41.250000,41.549999,41.110001,41.470001,28.774090,20541700
2012-12-07,41.840000,42.570000,41.730000,42.560001,29.530390,34552900
2012-12-10,42.540001,42.669998,42.009998,42.310001,29.356934,22394500
2012-12-11,42.599998,43.090000,42.419998,42.639999,29.585890,21955000
2012-12-12,43.000000,43.380001,42.700001,42.770000,29.676085,23110600
2012-12-13,42.650002,42.919998,42.500000,42.779999,29.683033,18457000
2012-12-14,42.770000,43.110001,42.709999,42.810001,29.703840,16208600
2012-12-17,43.000000,43.509998,42.810001,43.480000,30.168720,23879800
2012-12-18,43.830002,43.939999,43.310001,43.869999,30.439320,33858600
2012-12-19,43.990002,44.389999,43.419998,43.529999,30.203417,34348500
2012-12-20,43.689999,44.540001,43.410000,44.529999,30.897276,25014900
2012-12-21,43.820000,44.200001,43.340000,44.000000,30.529530,38973500
2012-12-24,43.720001,44.020000,43.709999,43.919998,30.474018,8621200
2012-12-26,43.950001,44.180000,43.720001,43.959999,30.501778,11498900
2012-12-27,43.959999,44.020000,42.900002,43.630001,30.272808,19567000
2012-12-28,43.099998,43.689999,43.090000,43.240002,30.002197,15401200
2012-12-31,43.099998,44.000000,43.049999,43.970001,30.508720,24209600
2013-01-02,44.980000,45.000000,44.220001,44.660000,31.200340,31413000
2013-01-03,44.740002,44.750000,44.200001,44.570000,31.137472,24227700
2013-01-04,44.450001,45.430000,44.439999,45.360001,31.689390,24487700
2013-01-07,45.090000,45.490002,45.020000,45.410000,31.724314,24456900
2013-01-08,45.400002,45.500000,44.959999,45.500000,31.787189,19624200
2013-01-09,45.560001,46.200001,45.139999,45.470001,31.766237,25920600
2013-01-10,45.889999,46.160000,45.529999,46.150002,32.241291,23413600
2013-01-11,45.970001,46.150002,45.470001,46.139999,32.234303,19723900
2013-01-14,45.889999,46.180000,45.480000,45.880001,32.052673,19079500
2013-01-15,45.490002,46.470001,45.349998,46.349998,32.381020,29898000
2013-01-16,45.910000,46.830002,45.570000,46.820000,32.709358,43453600
2013-01-17,46.400002,46.869999,46.290001,46.439999,32.443893,41086800
2013-01-18,46.380001,46.599998,46.180000,46.459999,32.457870,28679100
2013-01-22,46.250000,46.549999,46.130001,46.540001,32.513752,24257300
2013-01-23,46.230000,46.439999,45.919998,46.230000,32.297176,19105100
2013-01-24,46.240002,46.799999,46.080002,46.369999,32.394989,20008200
2013-01-25,46.740002,47.160000,46.610001,47.160000,32.946899,26009100
2013-01-28,46.840000,47.000000,46.480000,46.639999,32.583607,19706800
2013-01-29,46.279999,47.160000,46.250000,47.119999,32.918957,19907400
2013-01-30,47.040001,47.349998,46.959999,47.130001,32.925934,18631300
2013-01-31,47.009998,47.220001,46.880001,47.049999,32.870037,19536000
2013-02-01,47.400002,48.000000,47.209999,47.849998,33.428947,24520000
2013-02-04,47.540001,47.810001,47.380001,47.680000,33.310173,20822600
2013-02-05,47.939999,48.799999,47.930000,48.790001,34.085636,28067500
2013-02-06,48.419998,48.830002,48.320000,48.610001,33.959896,28282600
2013-02-07,48.650002,48.750000,47.900002,48.230000,33.694408,21429600
2013-02-08,48.330002,48.689999,48.259998,48.630001,33.973866,15218300
2013-02-11,48.509998,48.900002,48.380001,48.660000,33.994831,13935900
2013-02-12,48.799999,49.310001,48.599998,49.139999,34.330158,16388000
2013-02-13,49.349998,49.450001,48.500000,48.680000,34.008789,21635600
2013-02-14,48.400002,49.290001,48.369999,49.220001,34.386055,18017800
2013-02-15,49.349998,49.459999,48.570000,48.880001,34.148521,20016200
2013-02-19,49.119999,49.680000,49.119999,49.450001,34.546741,20445900
2013-02-20,49.349998,49.540001,48.360001,48.610001,33.959896,24786700
2013-02-21,48.410000,48.450001,47.830002,48.250000,33.708389,24437700
2013-02-22,48.630001,48.910000,48.410000,48.910000,34.169476,23584100
2013-02-25,49.099998,49.200001,47.650002,47.700001,33.324150,32775500
2013-02-26,48.220001,48.259998,46.849998,47.599998,33.254288,39401400
2013-02-27,47.849998,49.400002,47.759998,49.279999,34.427959,31921200
2013-02-28,49.160000,49.549999,48.750000,48.919998,34.176449,24711500
2013-03-01,48.599998,49.419998,48.369999,48.910000,34.169476,25923400
2013-03-04,48.730000,49.139999,48.330002,49.099998,34.302204,17695200
2013-03-05,49.490002,50.110001,49.310001,49.490002,34.574680,25561100
2013-03-06,49.880001,50.189999,49.619999,50.029999,34.951931,19607900
2013-03-07,50.049999,50.860001,50.009998,50.630001,35.371101,24245400
2013-03-08,50.590000,50.849998,49.610001,50.200001,35.070705,32711900
2013-03-11,50.230000,50.770000,49.910000,50.480000,35.266304,19473000
2013-03-12,50.349998,50.669998,50.049999,50.279999,35.126587,18003400
2013-03-13,50.290001,50.430000,50.110001,50.160000,35.042755,16680200
2013-03-14,50.250000,51.000000,50.189999,51.000000,35.629589,26378700
2013-03-15,49.970001,50.290001,49.150002,50.020000,34.944946,60880800
2013-03-18,49.189999,49.660000,48.950001,49.509998,34.588638,28011400
2013-03-19,49.650002,49.990002,48.680000,49.200001,34.372082,24411500
2013-03-20,49.570000,49.639999,49.040001,49.119999,34.316204,19385300
2013-03-21,48.790001,49.230000,48.349998,48.349998,33.778244,23535900
2013-03-22,48.630001,49.000000,48.340000,48.779999,34.078659,22791500
2013-03-25,49.040001,49.320000,48.160000,48.520000,33.897018,23581400
2013-03-26,48.740002,48.970001,48.320000,48.639999,33.980846,16417500
2013-03-27,48.200001,48.310001,47.560001,47.770000,33.373055,26530100
2013-03-28,47.840000,47.930000,47.279999,47.459999,33.156479,27506700
2013-04-01,47.549999,47.990002,47.490002,47.830002,33.414978,17442200
2013-04-02,48.009998,48.380001,47.880001,48.279999,33.729359,17273700
2013-04-03,48.029999,48.070000,46.529999,46.849998,32.934975,33467400
2013-04-04,46.959999,47.540001,46.900002,47.490002,33.384892,21514000
2013-04-05,46.790001,48.040001,46.750000,47.910000,33.680134,22961500
2013-04-08,47.880001,48.590000,47.590000,48.580002,34.151138,18672300
2013-04-09,48.740002,48.959999,48.459999,48.680000,34.221428,20066700
2013-04-10,48.939999,49.560001,48.880001,49.250000,34.622139,20388900
2013-04-11,49.209999,49.599998,48.830002,49.310001,34.664318,22584700
2013-04-12,48.900002,49.580002,48.450001,49.009998,34.453423,37805900
2013-04-15,48.389999,49.340000,47.900002,47.930000,33.694191,31527300
2013-04-16,48.430000,48.520000,47.590000,48.490002,34.087883,23865500
2013-04-17,48.110001,48.180000,46.380001,46.790001,32.892799,43466300
2013-04-18,46.799999,47.330002,46.049999,46.639999,32.787342,26106800
2013-04-19,47.150002,47.360001,46.700001,47.230000,33.202110,19746100
2013-04-22,47.400002,47.490002,46.869999,47.349998,33.286461,15230100
2013-04-23,47.680000,48.240002,47.389999,48.169998,33.862907,20568500
2013-04-24,48.320000,48.919998,48.160000,48.720001,34.249561,16459300
2013-04-25,49.020000,49.630001,48.889999,49.000000,34.446400,19058800
2013-04-26,48.860001,49.090000,48.610001,48.880001,34.362034,13929000
2013-04-29,49.080002,49.099998,48.650002,48.919998,34.390144,13496300
2013-04-30,48.959999,49.250000,48.720001,49.009998,34.453423,13802600
2013-05-01,48.759998,48.910000,47.849998,48.009998,33.750454,17686400
2013-05-02,48.250000,48.250000,47.709999,48.080002,33.799652,15529300
2013-05-03,48.630001,48.700001,46.980000,47.570000,33.441128,43257900
2013-05-06,47.709999,48.389999,47.570000,48.180000,33.869938,20829500
2013-05-07,48.570000,49.389999,48.259998,49.139999,34.544815,24291600
2013-05-08,49.220001,49.990002,49.110001,49.759998,34.980663,23559300
2013-05-09,49.700001,49.810001,48.919998,49.040001,34.474506,18103100
2013-05-10,49.049999,49.230000,48.639999,48.959999,34.418282,16199600
2013-05-13,48.840000,49.700001,48.610001,49.669998,34.917397,23979500
2013-05-14,49.770000,50.419998,49.660000,50.230000,35.311066,24188400
2013-05-15,50.200001,51.430000,50.150002,51.090000,35.915649,27467000
2013-05-16,50.869999,51.660000,50.840000,50.970001,35.831287,21389500
2013-05-17,51.259998,52.330002,51.250000,52.299999,36.766266,26080300
2013-05-20,52.279999,52.630001,51.910000,52.290001,36.759228,22020000
2013-05-21,52.529999,53.669998,52.450001,53.020000,37.272415,37112600
2013-05-22,53.430000,54.959999,53.290001,53.630001,37.701229,46968300
2013-05-23,52.820000,53.790001,52.660000,53.349998,37.504395,25294200
2013-05-24,52.900002,53.660000,52.720001,53.660000,37.722305,18342300
2013-05-28,54.560001,54.650002,54.029999,54.599998,38.383110,27162300
2013-05-29,54.090000,54.959999,53.910000,54.669998,38.432339,20482600
2013-05-30,54.599998,55.900002,54.529999,55.619999,39.100170,24890800
2013-05-31,55.709999,55.830002,54.590000,54.590000,38.376091,24990100
2013-06-03,54.599998,54.860001,53.040001,54.490002,38.305813,28279600
2013-06-04,54.540001,55.389999,53.869999,54.040001,37.989464,22022600
2013-06-05,53.779999,54.270000,52.700001,53.029999,37.279427,24326000
2013-06-06,52.840000,53.520000,52.270000,53.500000,37.609844,23940900
2013-06-07,53.770000,54.480000,53.410000,54.270000,38.151134,21691000
2013-06-10,54.639999,54.840000,54.020000,54.360001,38.214413,16007000
2013-06-11,53.459999,54.049999,53.110001,53.490002,37.602818,17600800
2013-06-12,53.900002,54.099998,52.970001,53.180000,37.384903,18479100
2013-06-13,53.000000,54.240002,52.970001,54.169998,38.080837,17090200
2013-06-14,54.040001,54.130001,52.910000,53.130001,37.349739,17185300
2013-06-17,53.700001,54.259998,53.540001,53.849998,37.855877,16856600
2013-06-18,54.029999,54.270000,53.720001,54.110001,38.038662,13259100
2013-06-19,53.990002,54.509998,53.520000,53.549999,37.644993,20840000
2013-06-20,53.080002,53.180000,52.270000,52.480000,36.892788,31857100
2013-06-21,52.959999,52.980000,51.689999,51.959999,36.527237,44412200
2013-06-24,50.880001,51.450001,50.110001,50.919998,35.796135,30736500
2013-06-25,51.509998,52.560001,51.509998,52.080002,36.611610,20951400
2013-06-26,52.650002,52.799999,51.880001,52.500000,36.906849,19332000
2013-06-27,53.029999,53.490002,52.880001,53.150002,37.363792,17093600
2013-06-28,53.119999,53.130001,52.580002,52.790001,37.110729,18256000
2013-07-01,53.220001,53.630001,52.430000,52.490002,36.899826,23511100
2013-07-02,52.570000,53.529999,52.119999,52.799999,37.388424,23935300
2013-07-03,52.310001,52.810001,52.209999,52.770000,37.367172,10442300
2013-07-05,53.360001,54.000000,53.110001,53.990002,38.231079,17070200
2013-07-08,54.540001,54.910000,54.049999,54.700001,38.733833,21786900
2013-07-09,55.070000,55.169998,54.189999,54.889999,38.868382,20508700
2013-07-10,54.770000,55.150002,54.439999,54.830002,38.825897,16915000
2013-07-11,55.840000,55.869999,54.549999,55.139999,39.045406,21322600
2013-07-12,55.509998,55.849998,54.750000,54.970001,38.925022,32569200
2013-07-15,55.490002,55.500000,54.599998,54.889999,38.868382,28292000
2013-07-16,54.900002,55.410000,54.779999,55.009998,38.953342,19222700
2013-07-17,55.049999,55.580002,54.840000,55.270000,39.137470,19166600
2013-07-18,55.509998,56.529999,55.490002,56.369999,39.916393,24563100
2013-07-19,56.509998,56.560001,55.910000,56.160000,39.767685,17762600
2013-07-22,56.169998,56.669998,55.950001,56.560001,40.050930,15999700
2013-07-23,56.720001,56.889999,56.470001,56.669998,40.128826,10577100
2013-07-24,56.919998,56.930000,56.380001,56.630001,40.100502,16665000
2013-07-25,56.450001,56.500000,55.889999,56.500000,40.008430,13870200
2013-07-26,56.060001,56.220001,55.599998,56.049999,39.689793,16762300
2013-07-29,55.980000,56.000000,55.380001,55.689999,39.434856,10049100
2013-07-30,55.869999,55.990002,55.080002,55.330002,39.179958,14207400
2013-07-31,55.580002,56.270000,55.509998,55.730000,39.463188,19404900
2013-08-01,56.360001,56.779999,56.200001,56.540001,40.036762,15979400
2013-08-02,56.270000,56.520000,56.009998,56.490002,40.001362,11007300
2013-08-05,56.330002,56.580002,56.009998,56.099998,39.725201,9370200
2013-08-06,55.990002,56.099998,55.310001,55.490002,39.293243,10588600
2013-08-07,55.060001,55.470001,54.779999,55.299999,39.158707,12828400
2013-08-08,55.419998,55.730000,54.130001,54.830002,38.825897,18587100
2013-08-09,54.689999,55.150002,54.330002,54.520000,38.606377,12652500
2013-08-12,54.040001,54.320000,53.680000,54.090000,38.301899,15133000
2013-08-13,54.220001,54.700001,53.599998,54.290001,38.443504,15078100
2013-08-14,54.330002,54.849998,54.000000,54.150002,38.344387,15785800
2013-08-15,53.520000,53.680000,52.889999,53.290001,37.735386,16933200
2013-08-16,53.070000,53.779999,53.070000,53.290001,37.735386,17139000
2013-08-19,52.889999,52.950001,51.799999,51.830002,36.701561,22793300
2013-08-20,51.779999,52.360001,50.660000,52.119999,36.906891,18701500
2013-08-21,51.919998,52.220001,51.279999,51.630001,36.559933,17136200
2013-08-22,52.000000,52.660000,51.930000,52.209999,36.970631,14658500
2013-08-23,52.270000,52.419998,51.900002,52.320000,37.048527,11126800
2013-08-26,52.160000,52.540001,51.790001,51.799999,36.680309,16548400
2013-08-27,51.020000,51.549999,50.549999,50.599998,35.830563,23596800
2013-08-28,50.330002,51.049999,50.130001,50.580002,35.816422,18748100
2013-08-29,50.590000,51.180000,50.450001,50.700001,35.901382,13576000
2013-08-30,50.820000,50.830002,50.290001,50.529999,35.781013,15863100
2013-09-03,51.250000,51.720001,50.830002,51.130001,36.205868,15277200
2013-09-04,51.160000,52.099998,50.930000,51.869999,36.729874,19923800
2013-09-05,52.029999,52.520000,51.910000,52.110001,36.899826,13913200
2013-09-06,52.410000,52.709999,51.279999,52.560001,37.218472,22339900
2013-09-09,52.779999,53.189999,52.520000,52.860001,37.430912,19936400
2013-09-10,53.830002,53.930000,53.299999,53.669998,38.004467,20233200
2013-09-11,53.369999,53.759998,53.060001,53.259998,37.714157,16028600
2013-09-12,53.430000,53.709999,52.080002,52.240002,36.991882,21976700
2013-09-13,52.290001,52.799999,52.230000,52.590000,37.239723,11942900
2013-09-16,53.450001,53.490002,52.980000,53.139999,37.629173,17055300
2013-09-17,53.189999,53.320000,52.880001,53.090000,37.593788,13207000
2013-09-18,52.689999,53.869999,52.560001,53.410000,37.820366,20844500
2013-09-19,53.630001,53.750000,52.529999,52.750000,37.353012,22452200
2013-09-20,52.950001,53.470001,52.799999,52.799999,37.388424,30792200
2013-09-23,52.080002,52.380001,51.389999,51.459999,36.439537,28189500
2013-09-24,51.009998,51.270000,50.299999,50.320000,35.632305,34906900
2013-09-25,50.220001,51.900002,50.060001,51.700001,36.609493,39175500
2013-09-26,51.930000,52.560001,51.540001,51.889999,36.744034,22298700
2013-09-27,51.500000,52.400002,51.389999,52.240002,36.991882,23026000
2013-09-30,51.730000,52.090000,51.439999,51.689999,36.602417,21350600
2013-10-01,51.639999,52.090000,51.450001,51.959999,36.793594,19188000
2013-10-02,51.320000,52.450001,51.290001,52.090000,37.157410,23841200
2013-10-03,52.000000,52.200001,51.500000,51.939999,37.050404,18614500
2013-10-04,52.070000,52.680000,52.009998,52.669998,37.571133,17407200
2013-10-07,52.290001,52.360001,51.830002,51.830002,36.971943,16159300
2013-10-08,51.830002,51.959999,50.840000,50.869999,36.287151,19536000
2013-10-09,51.169998,51.340000,50.250000,50.750000,36.201527,24721200
2013-10-10,51.840000,52.560001,51.380001,52.520000,37.464130,24328700
2013-10-11,52.959999,53.349998,52.160000,52.509998,37.457005,32498800
2013-10-14,51.939999,52.840000,51.759998,52.709999,37.599667,18881600
2013-10-15,52.910000,53.040001,52.180000,52.310001,37.314342,17566500
2013-10-16,52.610001,54.049999,52.580002,54.000000,38.519871,24864000
2013-10-17,53.790001,54.290001,53.610001,54.209999,38.669666,17791000
2013-10-18,54.259998,54.580002,53.799999,54.299999,38.733868,24796600
2013-10-21,54.270000,54.849998,53.889999,54.270000,38.712463,19471700
2013-10-22,54.650002,54.680000,53.619999,53.619999,38.248795,24820900
2013-10-23,53.310001,53.360001,52.720001,52.750000,37.628201,21034400
2013-10-24,52.840000,52.889999,52.110001,52.480000,37.435604,17759000
2013-10-25,52.160000,52.910000,52.070000,52.770000,37.642456,20889600
2013-10-28,52.889999,53.090000,52.500000,52.680000,37.578270,14836800
2013-10-29,52.830002,52.990002,52.250000,52.730000,37.613941,23363100
2013-10-30,53.000000,53.240002,52.500000,52.599998,37.521210,16157200
2013-10-31,52.650002,52.709999,51.540001,51.540001,36.765068,23738000
2013-11-01,51.450001,52.709999,51.299999,52.509998,37.457005,25794400
2013-11-04,52.740002,52.759998,52.000000,52.040001,37.121738,18891300
2013-11-05,51.849998,52.130001,51.660000,51.950001,37.057541,14532200
2013-11-06,52.259998,52.340000,51.830002,52.099998,37.164532,14013000
2013-11-07,52.130001,52.340000,51.580002,51.650002,36.843536,17348900
2013-11-08,51.830002,53.970001,51.799999,53.959999,38.491322,31183100
2013-11-11,53.910000,54.150002,53.700001,54.099998,38.591202,12062800
2013-11-12,53.930000,54.080002,53.599998,53.970001,38.498463,15964800
2013-11-13,53.520000,54.200001,53.150002,54.139999,38.619740,22121900
2013-11-14,54.259998,54.500000,53.700001,54.400002,38.805195,17634000
2013-11-15,54.270000,54.959999,54.189999,54.869999,39.140476,20530100
2013-11-18,55.490002,56.000000,55.299999,55.740002,39.761063,22318800
2013-11-19,55.970001,56.639999,55.779999,56.150002,40.053535,22979900
2013-11-20,56.430000,56.439999,55.770000,56.099998,40.017864,17682800
2013-11-21,56.279999,57.400002,56.279999,57.220001,40.816788,22843600
2013-11-22,57.250000,57.520000,57.060001,57.459999,40.987991,16730600
2013-11-25,57.500000,58.139999,57.410000,57.650002,41.123516,18649600
2013-11-26,57.630001,57.959999,57.169998,57.169998,40.781116,16263300
2013-11-27,57.580002,57.830002,57.330002,57.480000,41.002262,11238900
2013-11-29,57.580002,57.849998,57.200001,57.220001,40.816788,7128800
2013-12-02,57.099998,57.750000,56.900002,56.980000,40.645580,12465300
2013-12-03,56.889999,57.220001,56.139999,56.860001,40.559986,20426800
2013-12-04,56.439999,57.470001,56.209999,57.189999,40.795383,20287200
2013-12-05,56.709999,56.740002,55.750000,55.820000,39.818119,21324900
2013-12-06,56.570000,56.759998,55.619999,56.060001,39.989330,18661200
2013-12-09,56.279999,56.529999,56.090000,56.509998,40.310326,12714000
2013-12-10,56.490002,57.070000,56.349998,56.700001,40.445850,14543700
2013-12-11,56.540001,56.770000,55.959999,56.070000,39.996475,17836100
2013-12-12,56.049999,56.599998,55.910000,56.310001,40.167660,15325300
2013-12-13,56.369999,56.560001,56.040001,56.169998,40.067787,11461300
2013-12-16,56.340000,56.939999,56.330002,56.419998,40.246128,26379200
2013-12-17,56.660000,56.660000,55.660000,55.720001,39.746807,18338500
2013-12-18,55.840000,57.270000,55.400002,57.240002,40.831059,27685900
2013-12-19,57.099998,57.540001,56.820000,57.230000,40.823929,16790000
2013-12-20,57.209999,58.000000,57.200001,57.700001,41.159184,22001700
2013-12-23,57.970001,58.389999,57.799999,58.240002,41.544399,13990600
2013-12-24,58.070000,58.290001,58.040001,58.250000,41.551521,4532600
2013-12-26,58.349998,58.459999,57.919998,58.200001,41.515846,6677000
2013-12-27,58.169998,58.349998,58.060001,58.139999,41.473053,8943700
2013-12-30,58.139999,58.270000,57.709999,57.950001,41.337528,8815800
2013-12-31,58.200001,58.549999,58.049999,58.480000,41.715576,11017400
2014-01-02,58.310001,58.500000,57.970001,58.209999,41.794567,15627600
2014-01-03,58.290001,58.950001,58.209999,58.660000,42.117664,14214100
2014-01-06,59.160000,59.470001,58.830002,59.000000,42.361782,17550700
2014-01-07,59.290001,59.430000,58.110001,58.320000,41.873531,17851200
2014-01-08,58.540001,58.910000,58.299999,58.869999,42.268436,14687400
2014-01-09,58.980000,59.000000,58.330002,58.759998,42.189461,13242500
2014-01-10,58.669998,58.759998,58.180000,58.490002,41.995605,12694900
2014-01-13,58.509998,58.669998,57.529999,57.700001,41.428387,20711600
2014-01-14,58.299999,58.580002,57.560001,57.740002,41.457111,30272400
2014-01-15,57.730000,59.650002,57.730000,59.490002,42.713612,35186600
2014-01-16,58.790001,59.820000,58.740002,58.990002,42.354610,21689400
2014-01-17,59.209999,59.230000,58.029999,58.110001,41.722775,20997900
2014-01-21,58.090000,58.439999,57.580002,58.169998,41.765846,19548300
2014-01-22,58.330002,58.330002,57.419998,57.590000,41.349415,15433500
2014-01-23,57.090000,57.099998,56.209999,56.470001,40.545258,26234600
2014-01-24,56.000000,56.360001,55.090000,55.090000,39.554424,26833100
2014-01-27,55.080002,55.799999,54.689999,55.090000,39.554424,23935000
2014-01-28,55.389999,56.340000,55.240002,55.740002,40.021114,18041000
2014-01-29,54.959999,55.869999,54.849998,55.529999,39.870346,25459000
2014-01-30,56.070000,56.389999,55.630001,56.000000,40.207798,17031100
2014-01-31,55.500000,56.110001,55.180000,55.360001,39.748280,18174000
2014-02-03,55.500000,55.919998,54.200001,54.310001,38.994381,28549900
2014-02-04,54.720001,55.349998,54.599998,54.950001,39.453903,20709300
2014-02-05,55.099998,55.450001,54.580002,55.209999,39.640568,19491600
2014-02-06,55.349998,56.549999,55.200001,56.480000,40.552418,20881600
2014-02-07,56.650002,56.930000,56.259998,56.619999,40.652958,23388500
2014-02-10,56.770000,56.919998,56.389999,56.740002,40.739109,14715200
2014-02-11,56.610001,57.570000,56.580002,57.430000,41.234528,18774100
2014-02-12,57.340000,57.709999,57.160000,57.520000,41.299152,13437900
2014-02-13,57.070000,58.099998,56.959999,58.029999,41.665325,16605500
2014-02-14,57.889999,58.230000,57.750000,58.150002,41.751476,13067300
2014-02-18,58.020000,58.650002,57.900002,58.490002,41.995605,14983800
2014-02-19,58.360001,58.540001,57.220001,57.259998,41.112476,18669900
2014-02-20,57.529999,57.970001,57.270000,57.580002,41.342239,12457000
2014-02-21,57.590000,57.840000,57.369999,57.610001,41.363770,16790100
2014-02-24,57.619999,58.230000,57.580002,58.029999,41.665325,16151400
2014-02-25,57.900002,57.980000,56.919998,57.029999,40.947334,17991800
2014-02-26,57.369999,57.380001,56.220001,56.750000,40.746296,23661700
2014-02-27,56.779999,56.889999,56.139999,56.689999,40.703201,16277500
2014-02-28,56.570000,57.450001,56.389999,56.820000,40.796555,18599000
2014-03-03,56.299999,56.419998,55.689999,56.209999,40.358566,19151000
2014-03-04,56.950001,57.360001,56.639999,57.259998,41.112476,17157000
2014-03-05,57.480000,58.290001,57.360001,58.160000,41.758663,17761500
2014-03-06,58.509998,59.090000,58.400002,58.900002,42.289986,19420600
2014-03-07,59.349998,59.799999,59.070000,59.400002,42.648987,18602200
2014-03-10,59.139999,59.480000,58.869999,59.200001,42.505375,16945200
2014-03-11,59.419998,59.450001,58.130001,58.189999,41.780197,19420000
2014-03-12,57.700001,57.959999,57.419998,57.919998,41.586353,17932100
2014-03-13,58.000000,58.340000,57.189999,57.419998,41.227352,17192500
2014-03-14,57.110001,57.529999,56.619999,56.799999,40.782192,18635800
2014-03-17,57.209999,57.700001,57.049999,57.580002,41.342239,13581400
2014-03-18,57.820000,58.160000,57.619999,58.060001,41.686871,12554800
2014-03-19,57.990002,58.930000,57.889999,58.299999,41.859192,21450700
2014-03-20,58.360001,60.490002,58.130001,60.110001,43.158760,33736500
2014-03-21,60.959999,61.200001,60.000000,60.169998,43.201843,35144100
2014-03-24,60.369999,61.189999,60.349998,61.070000,43.848034,25810500
2014-03-25,61.110001,61.480000,60.560001,60.930000,43.747528,24053500
2014-03-26,61.240002,61.400002,59.889999,59.900002,43.007984,22745200
2014-03-27,59.939999,60.549999,59.020000,59.919998,43.022350,24632600
2014-03-28,60.209999,60.590000,59.680000,60.040001,43.108490,14708700
2014-03-31,60.830002,61.020000,60.599998,60.709999,43.589546,15216700
2014-04-01,60.950001,61.290001,60.369999,60.669998,43.560837,14584400
2014-04-02,60.369999,60.770000,60.200001,60.480000,43.698120,14012200
2014-04-03,60.650002,60.799999,60.279999,60.660000,43.828178,11925200
2014-04-04,61.020000,61.060001,59.799999,59.810001,43.214020,16966900
2014-04-07,59.689999,60.000000,58.840000,59.000000,42.628784,18685700
2014-04-08,58.799999,59.020000,58.250000,58.849998,42.520401,16956500
2014-04-09,59.099998,59.450001,58.500000,59.270000,42.823868,15308400
2014-04-10,59.349998,59.389999,57.380001,57.400002,41.472748,29977200
2014-04-11,55.180000,56.049999,54.549999,55.299999,39.955456,47241300
2014-04-14,55.849998,55.939999,54.480000,54.959999,39.709793,31081500
2014-04-15,55.090000,55.639999,54.349998,54.799999,39.594189,26691400
2014-04-16,55.000000,55.349998,54.689999,55.259998,39.926544,27049400
2014-04-17,55.340000,55.570000,55.009998,55.220001,39.897655,17955400
2014-04-21,55.259998,55.410000,54.990002,55.029999,39.760387,12384800
2014-04-22,55.040001,56.080002,54.939999,55.810001,40.323936,16257600
2014-04-23,55.799999,56.119999,55.560001,56.049999,40.497353,11379000
2014-04-24,56.070000,56.259998,55.610001,56.189999,40.598488,15360600
2014-04-25,56.310001,56.349998,55.639999,55.700001,40.244465,15937700
2014-04-28,55.630001,55.700001,54.680000,55.490002,40.092739,21394100
2014-04-29,55.730000,56.310001,55.570000,56.099998,40.533478,13453400
2014-04-30,56.240002,56.349998,55.720001,55.980000,40.446766,14388100
2014-05-01,55.919998,56.189999,55.500000,55.720001,40.258930,12744600
2014-05-02,55.830002,56.369999,55.439999,55.580002,40.157768,15153800
2014-05-05,53.880001,54.740002,53.700001,54.220001,39.175125,25232300
2014-05-06,54.040001,54.060001,53.320000,53.340000,38.539318,25327400
2014-05-07,53.549999,54.119999,53.240002,54.049999,39.052311,18502600
2014-05-08,54.200001,54.529999,54.060001,54.360001,39.276291,16090800
2014-05-09,54.220001,54.310001,53.680000,54.009998,39.023396,12366500
2014-05-12,54.270000,54.700001,54.029999,54.650002,39.485813,12825500
2014-05-13,54.740002,54.830002,54.500000,54.619999,39.464134,12310700
2014-05-14,54.639999,54.700001,54.299999,54.360001,39.276291,10325800
2014-05-15,54.200001,54.200001,53.349998,53.509998,38.662125,19763000
2014-05-16,53.419998,53.509998,52.970001,53.310001,38.517639,19992400
2014-05-19,53.080002,53.910000,53.060001,53.830002,38.893353,12068900
2014-05-20,53.720001,54.040001,53.410000,53.720001,38.813866,16888200
2014-05-21,54.049999,54.599998,53.980000,54.119999,39.102875,13210200
2014-05-22,54.169998,54.599998,54.020000,54.549999,39.413563,11800900
2014-05-23,54.549999,54.590000,54.160000,54.529999,39.399113,10876500
2014-05-27,54.750000,55.430000,54.689999,55.139999,39.839844,14503700
2014-05-28,55.090000,55.599998,55.000000,55.450001,40.063835,11374900
2014-05-29,55.750000,55.919998,55.389999,55.720001,40.258930,11741000
2014-05-30,55.580002,55.880001,55.310001,55.570000,40.150532,11991900
2014-06-02,55.650002,55.650002,55.020000,55.349998,39.991577,9440000
2014-06-03,55.090000,55.660000,55.090000,55.599998,40.172215,9131500
2014-06-04,55.520000,55.730000,55.250000,55.680000,40.230019,9727800
2014-06-05,55.910000,56.660000,55.490002,56.630001,40.916405,16803400
2014-06-06,56.759998,57.130001,56.650002,56.970001,41.162067,15399800
2014-06-09,56.910000,57.669998,56.900002,57.419998,41.487194,11999700
2014-06-10,57.470001,57.939999,57.389999,57.900002,41.834015,11609200
2014-06-11,57.480000,57.790001,56.980000,57.270000,41.378826,14232200
2014-06-12,57.070000,57.419998,56.869999,57.040001,41.212646,11670200
2014-06-13,57.029999,57.669998,56.880001,57.040001,41.212646,12040800
2014-06-16,56.849998,56.950001,56.330002,56.869999,41.089813,11199100
2014-06-17,56.790001,57.590000,56.680000,57.419998,41.487194,11200500
2014-06-18,57.290001,57.810001,56.950001,57.779999,41.747299,13729400
2014-06-19,57.689999,57.689999,57.209999,57.299999,41.400497,11624400
2014-06-20,57.689999,57.770000,57.349998,57.549999,41.581123,17124800
2014-06-23,57.540001,58.220001,57.240002,58.189999,42.043530,16007700
2014-06-24,57.880001,58.119999,57.299999,57.419998,41.487194,12322900
2014-06-25,57.220001,57.740002,56.869999,57.529999,41.566673,14836600
2014-06-26,57.340000,57.490002,56.599998,57.389999,41.465515,11854400
2014-06-27,57.330002,57.700001,57.240002,57.529999,41.566673,10178600
2014-06-30,57.439999,57.779999,57.380001,57.619999,41.631699,11549000
2014-07-01,57.150002,57.990002,57.080002,57.570000,41.886349,14472200
2014-07-02,57.270000,57.480000,56.820000,56.970001,41.449818,19189900
2014-07-03,57.230000,57.650002,57.000000,57.049999,41.508011,12599800
2014-07-07,56.889999,56.990002,56.400002,56.669998,41.231544,13916100
2014-07-08,56.349998,56.470001,55.630001,55.759998,40.569443,18343400
2014-07-09,55.880001,56.119999,55.610001,56.020000,40.758614,10914300
2014-07-10,55.060001,55.810001,54.959999,55.560001,40.423923,12436600
2014-07-11,55.290001,55.910000,55.189999,55.799999,40.598541,10230000
2014-07-14,56.529999,56.840000,56.200001,56.290001,40.955055,14004400
2014-07-15,57.950001,58.689999,57.759998,58.270000,42.395657,36178000
2014-07-16,58.509998,58.980000,58.310001,58.709999,42.715786,20507500
2014-07-17,58.560001,58.860001,57.759998,57.860001,42.097343,17013500
2014-07-18,58.330002,58.480000,57.900002,58.230000,42.366543,12803300
2014-07-21,58.119999,58.410000,57.900002,58.240002,42.373833,9141400
2014-07-22,58.419998,58.799999,58.369999,58.669998,42.686691,10375200
2014-07-23,58.759998,59.189999,58.520000,59.000000,42.926788,11122100
2014-07-24,59.070000,59.349998,58.990002,59.169998,43.050472,9844100
2014-07-25,58.919998,59.270000,58.840000,59.009998,42.934052,10500600
2014-07-28,58.939999,59.259998,58.669998,59.189999,43.065022,12382800
2014-07-29,59.130001,59.130001,58.439999,58.639999,42.664860,13498800
2014-07-30,59.020000,59.279999,58.610001,58.910000,42.861294,11815700
2014-07-31,58.650002,58.680000,57.660000,57.669998,41.959106,15955900
2014-08-01,57.389999,57.490002,55.970001,56.480000,41.093296,23915400
2014-08-04,56.910000,56.980000,56.340000,56.650002,41.216988,13543900
2014-08-05,56.430000,56.599998,55.599998,56.060001,40.787727,16863300
2014-08-06,55.889999,56.689999,55.830002,56.230000,40.911407,12190600
2014-08-07,56.630001,56.689999,55.680000,55.910000,40.678581,11743800
2014-08-08,55.889999,56.360001,55.639999,56.340000,40.991440,12213200
2014-08-11,56.540001,56.580002,56.169998,56.320000,40.976891,9066800
2014-08-12,56.230000,56.549999,56.130001,56.349998,40.998730,11289600
2014-08-13,56.689999,56.840000,56.509998,56.720001,41.267914,7012600
2014-08-14,56.770000,57.000000,56.700001,56.980000,41.457073,8275900
2014-08-15,57.240002,57.500000,56.389999,56.750000,41.289745,12727400
2014-08-18,56.860001,57.430000,56.759998,57.230000,41.638969,8881400
2014-08-19,57.599998,57.720001,57.340000,57.560001,41.879074,9040500
2014-08-20,57.419998,57.849998,57.389999,57.639999,41.937298,8121400
2014-08-21,57.660000,58.770000,57.599998,58.500000,42.562996,12745500
2014-08-22,58.439999,59.080002,58.330002,58.490002,42.555729,10228600
2014-08-25,58.980000,59.830002,58.860001,59.340000,43.174152,13996800
2014-08-26,59.570000,59.950001,59.389999,59.740002,43.465199,10281100
2014-08-27,59.849998,59.950001,59.529999,59.590000,43.356056,11410900
2014-08-28,59.250000,59.369999,58.810001,59.160000,43.043190,9096100
2014-08-29,59.340000,59.650002,59.230000,59.450001,43.254189,8897900
2014-09-02,59.459999,59.709999,59.150002,59.669998,43.414242,8671100
2014-09-03,60.020000,60.369999,59.459999,59.700001,43.436089,11791800
2014-09-04,59.630001,60.139999,59.430000,59.709999,43.443352,9811900
2014-09-05,59.619999,59.910000,59.220001,59.910000,43.588875,9600900
2014-09-08,59.840000,60.220001,59.740002,59.889999,43.574326,8090000
2014-09-09,59.630001,59.680000,58.779999,59.060001,42.970425,14868700
2014-09-10,59.150002,59.560001,58.919998,59.220001,43.086861,9153800
2014-09-11,59.180000,59.840000,58.970001,59.759998,43.479733,11467000
2014-09-12,59.799999,60.410000,59.750000,60.029999,43.676193,14359100
2014-09-15,59.779999,59.990002,59.450001,59.939999,43.610703,10685600
2014-09-16,59.709999,60.200001,59.619999,59.990002,43.647087,10947900
2014-09-17,59.950001,60.590000,59.820000,60.310001,43.879906,15091800
2014-09-18,60.540001,61.400002,60.540001,61.320000,44.614758,16973700
2014-09-19,61.740002,61.849998,60.980000,61.110001,44.461960,18739300
2014-09-22,60.939999,61.450001,60.799999,60.910000,44.316448,13225200
2014-09-23,60.820000,61.400002,60.770000,60.939999,44.338276,14328800
2014-09-24,61.180000,61.639999,61.020000,61.630001,44.840305,13728200
2014-09-25,61.490002,61.500000,60.150002,60.150002,43.763477,16340100
2014-09-26,60.330002,60.880001,60.320000,60.560001,44.061790,11948900
2014-09-29,60.029999,60.500000,59.730000,60.330002,43.894459,10686500
2014-09-30,60.400002,60.740002,60.130001,60.240002,43.828983,14384800
2014-10-01,60.240002,60.400002,59.730000,59.770000,43.487022,18995800
2014-10-02,59.150002,59.490002,58.610001,58.840000,43.098808,24559100
2014-10-03,59.250000,60.389999,59.049999,60.299999,44.168213,18321100
2014-10-06,60.779999,60.799999,60.000000,60.180000,44.080326,11578000
2014-10-07,59.919998,59.919998,59.189999,59.270000,43.413769,14542000
2014-10-08,59.360001,60.430000,59.180000,60.400002,44.241455,15834100
2014-10-09,60.330002,60.330002,58.889999,59.080002,43.274593,19189500
2014-10-10,59.029999,59.820000,58.509998,58.520000,42.864422,16689400
2014-10-13,58.500000,59.150002,58.110001,58.160000,42.600723,17169300
2014-10-14,56.689999,58.520000,56.060001,57.990002,42.476196,29096800
2014-10-15,57.020000,57.380001,54.259998,55.529999,40.674324,37866900
2014-10-16,54.750000,55.980000,54.279999,55.080002,40.344711,31965100
2014-10-17,55.730000,56.779999,55.570000,56.200001,41.165070,20183500
2014-10-20,56.099998,56.750000,56.070000,56.630001,41.480045,10807600
2014-10-21,57.230000,58.009998,57.080002,57.930000,42.432255,14020400
2014-10-22,58.040001,58.259998,57.439999,57.450001,42.080662,13750700
2014-10-23,58.119999,58.599998,57.939999,58.060001,42.527462,12641900
2014-10-24,58.000000,58.779999,58.000000,58.740002,43.025558,13758000
2014-10-27,58.450001,58.790001,58.250000,58.639999,42.952309,11087100
2014-10-28,58.869999,59.689999,58.810001,59.630001,43.677456,13625000
2014-10-29,59.619999,59.779999,58.759998,59.290001,43.428421,16712100
2014-10-30,58.939999,59.680000,58.919998,59.389999,43.501656,14709800
2014-10-31,60.119999,60.540001,59.869999,60.480000,44.300060,18347600
2014-11-03,60.790001,61.150002,60.360001,60.880001,44.593056,11841200
2014-11-04,60.240002,60.369999,59.419998,60.250000,44.131599,15295800
2014-11-05,60.799999,61.230000,60.389999,61.150002,44.790821,14063800
2014-11-06,61.080002,61.310001,60.630001,61.230000,44.849415,10421600
2014-11-07,61.070000,61.549999,60.860001,61.470001,45.025215,12384600
2014-11-10,61.250000,61.930000,61.200001,61.930000,45.362152,10801000
2014-11-11,61.709999,61.889999,61.290001,61.369999,44.951958,12539800
2014-11-12,60.419998,60.840000,60.230000,60.560001,44.358650,17219600
2014-11-13,60.500000,60.630001,59.990002,60.230000,44.116943,12240400
2014-11-14,60.250000,60.619999,60.180000,60.279999,44.153568,6803400
2014-11-17,60.000000,60.529999,59.889999,60.380001,44.226810,9017600
2014-11-18,60.349998,60.820000,60.200001,60.529999,44.336693,8897800
2014-11-19,60.450001,60.790001,60.150002,60.599998,44.387955,9210100
2014-11-20,60.200001,60.250000,59.750000,60.119999,44.036369,10917300
2014-11-21,61.070000,61.070000,60.299999,60.450001,44.278091,12340500
2014-11-24,60.700001,61.310001,60.700001,60.959999,44.651649,8335000
2014-11-25,61.160000,61.160000,59.950001,60.299999,44.168213,14802600
2014-11-26,60.570000,60.570000,60.200001,60.340000,44.197514,7626600
2014-11-28,60.400002,60.560001,60.029999,60.160000,44.065674,6759600
2014-12-01,59.980000,60.209999,59.549999,60.000000,43.948490,12771600
2014-12-02,60.009998,61.189999,60.000000,61.080002,44.739548,12546600
2014-12-03,60.959999,61.619999,60.810001,61.540001,45.076481,12115500
2014-12-04,61.099998,61.570000,60.840000,61.380001,44.959282,11515200
2014-12-05,62.009998,63.060001,61.880001,62.700001,45.926155,20071100
2014-12-08,62.599998,63.160000,62.259998,62.669998,45.904179,15528200
2014-12-09,61.849998,62.849998,61.560001,62.450001,45.743038,19676400
2014-12-10,62.160000,62.240002,60.369999,60.680000,44.446552,29620600
2014-12-11,61.169998,62.060001,61.110001,61.139999,44.783497,16886200
2014-12-12,60.529999,61.220001,59.959999,60.040001,43.977768,17405400
2014-12-15,60.740002,60.810001,58.790001,59.160000,43.333195,19209900
2014-12-16,58.419998,59.860001,58.110001,58.430000,42.798496,20709700
2014-12-17,58.570000,59.830002,58.340000,59.770000,43.780014,17856400
2014-12-18,60.639999,61.480000,60.439999,61.480000,45.032532,18173400
2014-12-19,61.400002,62.349998,61.369999,61.930000,45.362152,22756400
2014-12-22,62.160000,62.330002,61.610001,61.939999,45.369480,17073400
2014-12-23,62.049999,62.970001,61.930000,62.480000,45.765007,13552600
2014-12-24,62.740002,62.869999,62.270000,62.480000,45.765007,7412500
2014-12-26,62.669998,62.889999,62.410000,62.549999,45.816277,6086500
2014-12-29,62.419998,63.340000,62.250000,62.959999,46.116596,10601200
2014-12-30,62.720001,63.279999,62.570000,63.150002,46.255783,7518100
2014-12-31,63.299999,63.490002,62.580002,62.580002,45.838257,18529400
2015-01-02,62.180000,62.959999,62.070000,62.490002,46.066784,12600000
2015-01-05,62.060001,62.279999,60.230000,60.549999,44.636639,20100600
2015-01-06,60.639999,60.750000,58.349998,58.980000,43.479263,29074100
2015-01-07,59.889999,59.889999,58.669998,59.070000,43.545597,23843200
2015-01-08,59.970001,60.900002,59.970001,60.389999,44.518696,16971100
2015-01-09,60.720001,60.790001,59.290001,59.340000,43.744648,15396200
2015-01-12,59.279999,59.400002,58.270000,58.830002,43.368687,15455200
2015-01-13,59.259998,59.700001,58.369999,58.840000,43.376060,21644700
2015-01-14,58.840000,58.840000,55.270000,56.810001,41.879566,49602300
2015-01-15,55.730000,56.610001,54.500000,54.990002,40.537888,42458100
2015-01-16,54.660000,56.000000,54.639999,55.930000,41.230843,29368900
2015-01-20,56.040001,56.389999,55.419998,55.709999,41.068661,23477700
2015-01-21,55.450001,56.419998,55.189999,55.889999,41.201355,21842400
2015-01-22,56.380001,57.730000,55.959999,57.590000,42.454578,31423500
2015-01-23,57.720001,57.869999,56.660000,56.680000,41.783726,15458300
2015-01-26,56.410000,56.990002,56.200001,56.770000,41.850082,12577700
2015-01-27,56.049999,56.610001,55.759998,56.200001,41.429882,15220500
2015-01-28,56.619999,56.680000,54.750000,54.750000,40.360958,24354400
2015-01-29,55.270000,55.889999,54.680000,55.669998,41.039158,20393300
2015-01-30,54.990002,55.500000,54.369999,54.380001,40.088207,26943700
2015-02-02,54.529999,55.650002,54.270000,55.470001,40.891747,20308900
2015-02-03,55.910000,56.779999,55.869999,56.720001,41.813210,18812500
2015-02-04,56.320000,57.070000,56.279999,56.380001,41.562576,14934100
2015-02-05,56.860001,57.040001,56.459999,56.770000,41.850082,11293900
2015-02-06,57.750000,58.730000,57.540001,57.889999,42.675739,25214000
2015-02-09,57.419998,58.099998,57.230000,57.820000,42.624134,14372400
2015-02-10,58.419998,58.709999,58.049999,58.459999,43.095928,16367300
2015-02-11,58.060001,58.660000,57.840000,58.369999,43.029579,13061900
2015-02-12,58.930000,59.709999,58.549999,59.570000,43.914196,23211300
2015-02-13,59.459999,60.220001,59.340000,59.669998,43.987915,16479100
2015-02-17,59.360001,60.139999,59.320000,60.099998,44.304920,15308800
2015-02-18,60.099998,60.099998,59.119999,59.369999,43.766769,14278100
2015-02-19,59.150002,59.480000,58.799999,59.230000,43.663548,11256500
2015-02-20,58.959999,59.889999,58.349998,59.799999,44.083752,15379000
2015-02-23,59.500000,59.529999,58.799999,59.349998,43.752026,16814000
2015-02-24,60.250000,61.250000,60.080002,60.820000,44.835678,22937700
2015-02-25,60.759998,61.270000,60.750000,61.139999,45.071575,18307900
2015-02-26,61.029999,61.700001,60.910000,61.580002,45.395966,15444800
2015-02-27,61.130001,61.919998,61.130001,61.279999,45.174774,15225900
2015-03-02,61.279999,61.830002,61.029999,61.770000,45.536011,13047300
2015-03-03,61.650002,61.990002,61.500000,61.970001,45.683441,13706900
2015-03-04,61.639999,62.169998,61.349998,62.130001,45.801399,16625500
2015-03-05,62.200001,62.230000,61.599998,62.000000,45.705566,10931300
2015-03-06,62.160000,62.869999,60.799999,60.889999,44.887291,22719200
2015-03-09,60.840000,61.630001,60.799999,61.500000,45.336975,13001500
2015-03-10,60.759998,61.009998,59.959999,59.959999,44.201702,16357700
2015-03-11,60.130001,60.650002,59.959999,60.240002,44.408123,13015600
2015-03-12,60.650002,61.450001,60.650002,61.369999,45.241142,18159600
2015-03-13,61.400002,61.860001,60.430000,61.000000,44.968376,16506200
2015-03-16,61.500000,61.919998,61.250000,61.849998,45.594990,15182900
2015-03-17,61.340000,61.660000,60.919998,61.610001,45.418072,11718300
2015-03-18,61.389999,62.049999,61.090000,61.750000,45.521275,15697900
2015-03-19,61.570000,61.650002,60.759998,61.200001,45.115822,11523800
2015-03-20,61.320000,62.099998,61.150002,61.750000,45.521275,18368300
2015-03-23,61.750000,62.080002,61.119999,61.139999,45.071575,15112900
2015-03-24,60.970001,61.240002,60.450001,60.459999,44.570301,12128700
2015-03-25,60.529999,60.639999,59.590000,59.610001,43.943695,14950900
2015-03-26,59.459999,59.790001,58.869999,59.540001,43.892090,14039600
2015-03-27,59.490002,59.779999,59.000000,59.549999,43.899460,11755800
2015-03-30,60.880001,61.459999,60.610001,60.959999,44.938885,20656500
2015-03-31,60.720001,60.939999,60.419998,60.580002,44.658760,17346700
2015-04-01,60.410000,60.570000,59.730000,59.950001,44.488091,18100600
2015-04-02,60.070000,60.700001,60.000000,60.520000,44.911068,12697800
2015-04-06,59.919998,60.750000,59.650002,60.470001,44.873970,12025200
2015-04-07,61.150002,61.500000,60.849998,60.849998,45.155952,11505500
2015-04-08,61.060001,61.560001,60.939999,61.049999,45.304390,11734000
2015-04-09,61.270000,61.580002,60.830002,61.470001,45.616055,11728500
2015-04-10,61.349998,61.779999,61.200001,61.700001,45.786732,9869700
2015-04-13,61.639999,62.270000,61.500000,62.070000,46.061317,15468700
2015-04-14,62.959999,63.610001,62.740002,63.040001,46.781120,33775400
2015-04-15,63.080002,64.480003,63.009998,64.209999,47.649368,28732200
2015-04-16,64.080002,64.269997,63.660000,63.810001,47.352524,16640500
2015-04-17,63.250000,63.400002,62.490002,62.840000,46.632706,20221200
2015-04-20,63.220001,63.520000,63.139999,63.240002,46.929543,12755300
2015-04-21,63.330002,63.599998,62.130001,62.310001,46.239418,14985100
2015-04-22,62.650002,63.150002,62.029999,62.939999,46.706913,14484700
2015-04-23,62.790001,63.209999,62.599998,62.799999,46.603016,12851300
2015-04-24,62.630001,62.840000,62.340000,62.599998,46.454620,9597500
2015-04-27,62.700001,63.150002,62.310001,62.340000,46.261673,11146400
2015-04-28,62.490002,62.779999,61.770000,62.759998,46.573341,12307800
2015-04-29,62.560001,63.889999,62.459999,63.599998,47.196690,17601200
2015-04-30,63.580002,63.880001,62.919998,63.259998,46.944378,16840900
2015-05-01,63.700001,63.869999,63.330002,63.610001,47.204121,11640100
2015-05-04,63.680000,64.870003,63.639999,64.720001,48.027828,14972500
2015-05-05,64.510002,65.320000,64.290001,64.400002,47.790363,17692400
2015-05-06,64.529999,65.070000,63.419998,63.919998,47.434166,18087900
2015-05-07,63.669998,64.599998,63.250000,64.500000,47.864574,15039900
2015-05-08,64.970001,65.650002,64.599998,65.489998,48.599236,16802600
2015-05-11,65.260002,65.639999,65.080002,65.449997,48.569553,13798800
2015-05-12,65.309998,65.540001,64.760002,65.360001,48.502758,12762200
2015-05-13,65.419998,65.629997,65.059998,65.519997,48.621513,11874100
2015-05-14,65.830002,66.180000,65.709999,66.050003,49.014820,11855500
2015-05-15,66.129997,66.160004,65.440002,65.879997,48.888641,11152100
2015-05-18,65.800003,66.540001,65.800003,66.419998,49.289368,10510900
2015-05-19,66.769997,67.190002,66.570000,67.010002,49.727222,14282700
2015-05-20,66.949997,67.029999,66.400002,66.480003,49.333908,12446000
2015-05-21,66.139999,66.680000,66.010002,66.650002,49.460068,12934500
2015-05-22,66.629997,66.830002,66.320000,66.470001,49.326485,9296900
2015-05-26,66.199997,66.290001,65.309998,65.730003,48.777340,15571300
2015-05-27,65.949997,66.650002,65.820000,66.470001,49.326485,10963700
2015-05-28,66.360001,66.400002,65.739998,66.199997,49.126122,11797400
2015-05-29,66.180000,66.220001,65.360001,65.779999,48.814453,14310700
2015-06-01,65.989998,66.660004,65.970001,66.080002,49.037075,11899300
2015-06-02,65.830002,66.389999,65.580002,66.019997,48.992546,12784200
2015-06-03,66.430000,67.129997,66.269997,66.699997,49.497162,12927300
2015-06-04,66.309998,67.050003,66.010002,66.330002,49.222595,13863300
2015-06-05,67.370003,67.839996,67.010002,67.419998,50.031464,20801100
2015-06-08,67.459999,67.550003,66.809998,66.889999,49.638157,14558700
2015-06-09,66.949997,67.269997,66.470001,67.180000,49.853363,13263500
2015-06-10,67.589996,68.500000,67.470001,68.260002,50.654831,17478900
2015-06-11,68.360001,68.680000,68.150002,68.519997,50.847763,13739900
2015-06-12,68.309998,68.540001,67.870003,68.250000,50.647400,11804700
2015-06-15,67.580002,68.209999,67.300003,67.989998,50.454468,14082300
2015-06-16,67.769997,68.519997,67.620003,68.370003,50.736439,11692800
2015-06-17,68.410004,68.680000,68.040001,68.139999,50.565769,14521900
2015-06-18,68.349998,68.820000,67.900002,68.779999,51.040710,16759600
2015-06-19,68.459999,68.669998,67.919998,68.080002,50.521252,21606400
2015-06-22,68.870003,69.290001,68.750000,68.959999,51.174278,14306700
2015-06-23,69.349998,69.820000,69.190002,69.750000,51.760521,15736900
2015-06-24,69.510002,69.769997,68.910004,69.019997,51.218803,16995000
2015-06-25,69.320000,69.470001,68.639999,68.650002,50.944225,13314300
2015-06-26,68.940002,69.290001,68.769997,68.949997,51.166843,14489200
2015-06-29,67.680000,68.260002,67.160004,67.199997,49.868195,19934400
2015-06-30,67.889999,68.110001,67.160004,67.760002,50.283752,20677400
2015-07-01,68.120003,68.389999,67.779999,68.070000,50.843983,13964400
2015-07-02,67.949997,68.129997,67.190002,67.519997,50.433163,12822900
2015-07-06,66.879997,67.459999,66.540001,67.330002,50.291245,13527100
2015-07-07,67.089996,67.220001,65.300003,66.800003,49.895370,22421500
2015-07-08,66.000000,66.160004,65.209999,65.430000,48.872063,17707200
2015-07-09,66.489998,66.699997,65.989998,66.110001,49.379986,14984700
2015-07-10,67.220001,67.400002,66.830002,67.050003,50.082100,12356100
2015-07-13,67.889999,68.139999,67.680000,68.089996,50.858898,16175600
2015-07-14,67.980003,69.099998,67.760002,69.040001,51.568489,20185100
2015-07-15,69.230003,69.430000,68.849998,69.190002,51.680550,16891600
2015-07-16,69.629997,69.949997,69.410004,69.559998,51.956909,18035700
2015-07-17,69.349998,69.489998,68.919998,69.209999,51.695469,14040700
2015-07-20,69.500000,69.769997,69.180000,69.260002,51.732834,11512900
2015-07-21,69.160004,69.540001,68.870003,69.099998,51.613327,11659900
2015-07-22,69.279999,70.290001,69.199997,70.080002,52.345318,15493000
2015-07-23,70.190002,70.610001,69.459999,69.639999,52.016666,14331800
2015-07-24,69.440002,69.559998,68.680000,68.910004,51.471397,12413900
2015-07-27,68.150002,68.220001,67.570000,68.010002,50.799168,16801600
2015-07-28,68.550003,68.599998,67.769997,68.050003,50.829052,14932400
2015-07-29,68.320000,69.099998,68.160004,68.940002,51.493813,13059200
2015-07-30,68.930000,69.449997,68.540001,69.040001,51.568489,10197200
2015-07-31,69.010002,69.040001,68.400002,68.529999,51.187561,11911800
2015-08-03,68.589996,68.839996,68.000000,68.529999,51.187561,9980600
2015-08-04,68.470001,68.949997,68.309998,68.459999,51.135284,10964000
2015-08-05,69.050003,69.419998,68.559998,68.730003,51.336960,11302900
2015-08-06,68.750000,68.940002,68.000000,68.250000,50.978424,10803400
2015-08-07,68.330002,68.739998,67.550003,68.050003,50.829052,11453300
2015-08-10,68.220001,69.010002,68.220001,68.889999,51.456463,12661400
2015-08-11,68.230003,68.400002,67.849998,68.230003,50.963474,14800300
2015-08-12,67.410004,67.550003,66.070000,67.239998,50.224018,21069000
2015-08-13,67.250000,67.800003,66.970001,67.550003,50.455574,11930600
2015-08-14,67.419998,67.910004,67.400002,67.889999,50.709526,11248800
2015-08-17,67.620003,68.239998,67.400002,68.070000,50.843983,10326500
2015-08-18,67.980003,68.360001,67.839996,68.209999,50.948540,10617500
2015-08-19,67.930000,68.309998,67.360001,67.599998,50.492916,15198200
2015-08-20,66.809998,67.040001,65.940002,65.940002,49.253006,20972300
2015-08-21,65.089996,65.440002,63.570000,63.599998,47.505169,28235500
2015-08-24,59.290001,62.919998,50.070000,60.250000,45.002918,36339100
2015-08-25,63.099998,63.320000,59.730000,59.910000,44.748978,31772500
2015-08-26,61.799999,62.980000,60.549999,62.910000,46.989792,33576800
2015-08-27,63.980000,64.730003,63.139999,64.480003,48.162479,29045700
2015-08-28,64.290001,64.459999,63.599998,64.129997,47.901047,16687300
2015-08-31,63.610001,64.349998,63.470001,64.099998,47.878643,14223400
2015-09-01,62.849998,62.849998,60.990002,61.450001,45.899265,23637300
2015-09-02,62.619999,62.910000,61.540001,62.570000,46.735817,17757900
2015-09-03,62.880001,63.660000,62.450001,62.680000,46.817989,17065400
2015-09-04,61.799999,61.919998,60.750000,61.500000,45.936607,20189000
2015-09-08,62.770000,63.200001,62.330002,63.160000,47.176529,13385100
2015-09-09,63.939999,64.339996,62.000000,62.180000,46.444527,13889500
2015-09-10,61.860001,63.000000,61.450001,62.660000,46.803059,15751100
2015-09-11,62.380001,62.660000,61.990002,62.560001,46.728355,12766700
2015-09-14,62.639999,62.689999,62.119999,62.380001,46.593906,10202800
2015-09-15,62.759998,63.889999,62.509998,63.580002,47.490234,14023500
2015-09-16,63.889999,64.290001,63.209999,64.139999,47.908516,12235900
2015-09-17,64.139999,64.639999,62.389999,62.650002,46.795582,21249200
2015-09-18,61.830002,61.830002,60.779999,60.939999,45.518314,31008000
2015-09-21,61.520000,61.910000,61.080002,61.450001,45.899265,13136400
2015-09-22,60.599998,61.090000,60.419998,60.910000,45.495907,14811900
2015-09-23,60.799999,61.150002,60.320000,60.639999,45.294243,11712200
2015-09-24,60.009998,60.380001,59.459999,60.220001,44.980537,17293400
2015-09-25,61.270000,61.860001,60.869999,61.470001,45.914211,18384300
2015-09-28,60.919998,61.009998,59.689999,59.980000,44.801258,17452200
2015-09-29,59.980000,60.130001,58.730000,59.840000,44.696693,19334900
2015-09-30,60.700001,61.000000,60.110001,60.970001,45.540733,18743800
2015-10-01,61.119999,61.869999,60.540001,61.419998,45.876839,16863200
2015-10-02,59.590000,60.860001,58.529999,60.810001,45.748959,20435100
2015-10-05,61.240002,62.240002,61.220001,62.020000,46.659271,13471100
2015-10-06,62.110001,62.360001,61.619999,62.049999,46.681839,12134800
2015-10-07,62.549999,63.029999,61.759998,62.130001,46.742016,12773100
2015-10-08,61.849998,62.250000,61.430000,62.130001,46.742016,13964600
2015-10-09,62.389999,62.549999,61.580002,61.930000,46.591557,12112000
2015-10-12,61.840000,62.009998,61.400002,61.720001,46.433575,10857400
2015-10-13,61.389999,62.160000,61.310001,61.549999,46.305683,15621900
2015-10-14,60.759998,60.970001,59.540001,59.990002,45.132046,28989400
2015-10-15,60.470001,61.959999,60.099998,61.889999,46.561455,18147900
2015-10-16,62.430000,62.650002,62.090000,62.430000,46.967731,17456600
2015-10-19,62.000000,62.770000,61.910000,62.220001,46.809742,14510400
2015-10-20,62.360001,62.820000,62.080002,62.520000,47.035431,11545100
2015-10-21,62.880001,62.959999,62.049999,62.060001,46.689358,12113400
2015-10-22,62.419998,63.580002,62.419998,63.189999,47.539482,15295700
2015-10-23,63.630001,64.190002,63.500000,63.869999,48.051071,16985200
2015-10-26,63.840000,63.990002,63.410000,63.900002,48.073643,13880200
2015-10-27,63.529999,63.860001,63.310001,63.639999,47.878048,8831900
2015-10-28,63.700001,65.739998,63.689999,65.500000,49.277363,17962000
2015-10-29,65.260002,65.830002,64.879997,65.209999,49.059189,12753700
2015-10-30,65.300003,65.339996,64.129997,64.250000,48.336948,15731400
2015-11-02,64.449997,65.750000,64.389999,65.540001,49.307457,15253300
2015-11-03,65.290001,66.099998,65.169998,65.779999,49.488007,11519500
2015-11-04,66.010002,66.150002,65.629997,65.849998,49.540672,11388400
2015-11-05,65.790001,66.669998,65.750000,66.440002,49.984554,12715900
2015-11-06,68.370003,69.029999,68.099998,68.459999,51.504250,23262700
2015-11-09,68.699997,68.720001,67.080002,67.389999,50.699268,17143800
2015-11-10,67.190002,67.849998,66.930000,67.680000,50.917427,13239700
2015-11-11,68.099998,68.169998,67.250000,67.349998,50.669163,8513900
2015-11-12,66.860001,66.900002,65.949997,66.000000,49.653526,13576900
2015-11-13,65.839996,66.169998,65.230003,65.559998,49.322506,11837000
2015-11-16,65.459999,66.580002,65.169998,66.510002,50.037201,11041100
2015-11-17,66.669998,66.739998,65.889999,66.129997,49.751324,12354800
2015-11-18,66.480003,67.550003,66.370003,67.449997,50.744400,12911400
2015-11-19,67.580002,67.820000,67.040001,67.660004,50.902374,12839500
2015-11-20,67.989998,68.110001,67.379997,67.540001,50.812111,11209600
2015-11-23,67.309998,67.580002,66.779999,66.879997,50.315563,11339000
2015-11-24,66.169998,67.139999,66.040001,66.779999,50.240345,10910000
2015-11-25,66.930000,67.120003,66.550003,66.860001,50.300537,7772000
2015-11-27,67.000000,67.330002,66.639999,67.169998,50.533745,4052500
2015-11-30,67.279999,67.519997,66.680000,66.680000,50.165119,15147500
2015-12-01,67.339996,67.830002,66.989998,67.610001,50.864780,12708800
2015-12-02,67.830002,67.879997,66.480003,66.660004,50.150070,13440900
2015-12-03,66.830002,67.029999,65.580002,65.800003,49.503063,14626900
2015-12-04,66.099998,68.000000,66.029999,67.889999,51.075420,17786000
2015-12-07,67.660004,67.750000,66.400002,67.000000,50.405857,11686000
2015-12-08,66.250000,66.959999,65.699997,65.959999,49.623440,13084500
2015-12-09,65.610001,66.580002,65.040001,65.459999,49.247257,16770200
2015-12-10,65.540001,66.500000,65.080002,65.610001,49.360126,12839000
2015-12-11,64.800003,65.160004,63.509998,64.070000,48.201527,17889300
2015-12-14,64.230003,64.760002,63.599998,64.269997,48.352001,17638200
2015-12-15,65.070000,66.650002,65.070000,66.099998,49.728752,18126600
2015-12-16,66.910004,67.739998,65.910004,67.529999,50.804581,21720000
2015-12-17,67.900002,68.000000,66.080002,66.279999,49.864182,18122100
2015-12-18,65.970001,65.970001,64.400002,64.400002,48.449818,23819600
2015-12-21,65.019997,65.559998,64.830002,65.540001,49.307457,18869300
2015-12-22,65.919998,66.000000,64.980003,65.680000,49.412785,12149500
2015-12-23,66.120003,66.849998,66.050003,66.730003,50.202732,12524500
2015-12-24,66.620003,66.889999,66.320000,66.599998,50.104919,4468200
2015-12-28,66.290001,66.449997,65.709999,66.379997,49.939407,6610600
2015-12-29,66.839996,67.300003,66.739998,67.070000,50.458519,9820800
2015-12-30,67.040001,67.050003,66.449997,66.589996,50.097397,7190700
2015-12-31,66.190002,66.779999,66.000000,66.029999,49.676102,14654300
2016-01-04,63.950001,64.059998,63.009998,63.619999,48.184052,25393200
2016-01-05,63.700001,64.129997,63.040001,63.730000,48.267372,16566700
2016-01-06,62.720001,63.130001,62.340000,62.810001,47.570599,22961500
2016-01-07,61.459999,62.000000,60.080002,60.270000,45.646866,27630900
2016-01-08,61.130001,61.270000,58.849998,58.919998,44.624424,22373300
2016-01-11,58.830002,59.220001,58.040001,58.830002,44.556255,20925500
2016-01-12,59.450001,59.560001,58.099998,58.959999,44.654716,22971600
2016-01-13,59.459999,59.680000,56.910000,57.340000,43.427761,28808100
2016-01-14,58.160000,59.380001,57.290001,58.200001,44.079109,31296300
2016-01-15,56.450001,57.570000,56.220001,57.040001,43.200558,38131700
2016-01-19,57.730000,57.970001,56.509998,57.009998,43.177837,22818900
2016-01-20,55.630001,56.180000,54.660000,55.509998,42.041771,34646100
2016-01-21,55.740002,56.520000,55.060001,55.250000,41.844860,31301100
2016-01-22,56.439999,57.160000,56.299999,56.950001,43.132397,22732200
2016-01-25,56.480000,56.849998,55.599998,55.660000,42.155369,21114400
2016-01-26,55.849998,57.150002,55.810001,57.080002,43.230850,17535700
2016-01-27,57.080002,58.270000,56.560001,57.040001,43.200558,20560000
2016-01-28,57.520000,57.970001,56.630001,57.279999,43.382317,15497900
2016-01-29,57.830002,59.540001,57.509998,59.500000,45.063686,26992200
2016-02-01,59.160000,59.650002,58.439999,58.860001,44.578976,16807900
2016-02-02,57.880001,57.980000,56.750000,57.029999,43.192970,22448200
2016-02-03,57.369999,57.799999,55.020000,57.410000,43.480778,31543200
2016-02-04,57.060001,58.520000,57.060001,58.400002,44.230572,21651300
2016-02-05,58.580002,59.139999,57.419998,57.750000,43.738289,22001300
2016-02-08,56.689999,56.919998,55.540001,56.540001,42.821865,28267600
2016-02-09,55.290001,56.689999,55.130001,56.200001,42.564358,26300000
2016-02-10,56.570000,57.410000,55.470001,55.520000,42.049351,22389600
2016-02-11,53.900002,53.910000,52.500000,53.070000,40.193794,44334700
2016-02-12,55.650002,57.570000,55.169998,57.490002,43.541374,37011400
2016-02-16,58.230000,58.599998,57.639999,58.349998,44.192715,23730700
2016-02-17,58.849998,59.250000,58.389999,58.770000,44.510807,21580100
2016-02-18,58.840000,58.860001,57.250000,57.810001,43.783730,17037800
2016-02-19,57.500000,58.169998,57.080002,57.820000,43.791309,15658200
2016-02-22,58.509998,58.880001,58.419998,58.570000,44.359333,14882800
2016-02-23,57.900002,58.090000,55.959999,56.119999,42.503769,31772500
2016-02-24,55.200001,56.209999,54.330002,56.139999,42.518925,25560100
2016-02-25,56.130001,57.029999,56.040001,57.009998,43.177837,14473300
2016-02-26,57.639999,58.110001,57.139999,57.540001,43.579239,20947500
2016-02-29,57.410000,57.610001,56.290001,56.299999,42.640102,19554100
2016-03-01,56.759998,59.200001,56.669998,59.200001,44.836483,23958100
2016-03-02,59.200001,59.900002,58.959999,59.759998,45.260612,20943100
2016-03-03,59.580002,59.959999,59.099998,59.959999,45.412090,15790600
2016-03-04,60.099998,60.549999,59.529999,60.049999,45.480232,18459000
2016-03-07,59.540001,60.049999,59.320000,59.939999,45.396942,12832400
2016-03-08,59.209999,59.500000,58.680000,58.779999,44.518383,14132900
2016-03-09,59.150002,59.540001,58.680000,59.119999,44.775883,13238800
2016-03-10,59.590000,59.669998,57.810001,58.610001,44.389622,21139200
2016-03-11,59.389999,59.509998,58.650002,59.340000,44.942520,21055000
2016-03-14,59.150002,59.310001,58.599998,59.119999,44.775883,13436100
2016-03-15,58.540001,59.209999,58.430000,59.200001,44.836483,10910500
2016-03-16,58.980000,59.750000,58.470001,58.919998,44.624424,17423900
2016-03-17,58.770000,59.130001,57.990002,58.750000,44.495667,19405700
2016-03-18,60.049999,60.970001,59.660000,60.480000,45.805912,29570200
2016-03-21,60.220001,60.820000,59.959999,60.459999,45.790775,12684400
2016-03-22,59.990002,60.580002,59.619999,60.240002,45.624142,12042700
2016-03-23,60.340000,60.509998,59.860001,59.939999,45.396942,11658700
2016-03-24,59.299999,59.509998,58.869999,59.480000,45.048553,12921200
2016-03-28,59.529999,59.750000,59.180000,59.400002,44.987957,11159700
2016-03-29,59.330002,59.330002,58.529999,59.029999,44.707726,15933400
2016-03-30,59.459999,60.230000,59.380001,59.709999,45.222740,13307100
2016-03-31,59.450001,59.930000,59.110001,59.220001,44.851620,14904700
2016-04-01,59.020000,60.060001,58.560001,59.869999,45.343918,15417500
2016-04-04,59.439999,59.570000,58.959999,59.200001,45.168427,12305000
2016-04-05,58.590000,58.830002,58.209999,58.360001,44.527534,12886600
2016-04-06,58.180000,58.880001,57.950001,58.810001,44.870865,12167900
2016-04-07,58.259998,58.430000,57.070000,57.320000,43.734028,19226800
2016-04-08,57.709999,58.580002,57.689999,57.740002,44.054482,13547700
2016-04-11,57.910000,58.880001,57.910000,58.200001,44.405449,17627800
2016-04-12,58.340000,59.389999,58.200001,59.279999,45.229465,17779200
2016-04-13,60.480000,62.160000,60.380001,61.790001,47.144554,37516800
2016-04-14,61.689999,62.910000,61.610001,62.590000,47.754936,24249900
2016-04-15,62.880001,62.900002,61.450001,61.869999,47.205582,19290700
2016-04-18,61.639999,62.580002,61.529999,62.270000,47.510780,13813100
2016-04-19,62.549999,63.480000,62.549999,63.320000,48.311905,19255600
2016-04-20,63.480000,64.309998,63.150002,64.239998,49.013851,14594400
2016-04-21,64.260002,64.660004,63.340000,63.599998,48.525551,15395800
2016-04-22,63.639999,64.379997,63.639999,63.970001,48.807854,12444700
2016-04-25,63.599998,63.950001,63.150002,63.599998,48.525551,10687200
2016-04-26,63.810001,64.070000,63.330002,63.930000,48.777325,12048000
2016-04-27,63.860001,64.639999,63.599998,64.110001,48.914661,15284100
2016-04-28,63.639999,64.419998,63.349998,63.599998,48.525551,12852500
2016-04-29,63.090000,63.610001,62.700001,63.200001,48.220360,16376400
2016-05-02,63.689999,64.000000,63.139999,63.790001,48.670517,10247300
2016-05-03,62.900002,62.910000,61.799999,62.560001,47.732033,19120300
2016-05-04,61.750000,62.259998,61.270000,61.570000,46.976700,17030200
2016-05-05,61.599998,62.000000,61.060001,61.240002,46.724915,14033900
2016-05-06,60.700001,61.680000,60.590000,61.599998,46.999580,11057900
2016-05-09,61.369999,61.889999,61.049999,61.209999,46.702023,11197100
2016-05-10,61.549999,62.259998,61.349998,62.040001,47.335316,11897200
2016-05-11,61.970001,62.599998,61.810001,61.810001,47.159821,11254000
2016-05-12,62.270000,62.560001,61.369999,61.770000,47.129303,11071700
2016-05-13,61.700001,62.400002,61.020000,61.200001,46.694405,15122300
2016-05-16,61.209999,61.990002,61.000000,61.660000,47.045372,10951300
2016-05-17,61.430000,62.160000,61.150002,61.660000,47.045372,12180900
2016-05-18,61.700001,64.169998,61.689999,64.040001,48.861267,24007100
2016-05-19,63.529999,64.220001,62.900002,63.389999,48.365326,16076200
2016-05-20,63.860001,64.190002,63.369999,63.509998,48.456882,11862000
2016-05-23,63.450001,63.869999,63.160000,63.459999,48.418720,9347500
2016-05-24,63.939999,64.769997,63.810001,64.540001,49.242741,13839400
2016-05-25,64.940002,66.199997,64.919998,65.519997,49.990471,18935200
2016-05-26,65.570000,65.580002,64.910004,65.029999,49.616608,9428400
2016-05-27,65.209999,65.459999,65.050003,65.430000,49.921795,10116000
2016-05-31,65.730003,65.820000,64.959999,65.269997,49.799728,15139400
2016-06-01,64.760002,65.919998,64.260002,65.690002,50.120178,14031000
2016-06-02,65.519997,65.809998,65.160004,65.809998,50.211723,10637600
2016-06-03,64.250000,64.860001,63.549999,64.639999,49.319054,20261700
2016-06-06,64.639999,65.760002,64.599998,65.279999,49.807350,13193500
2016-06-07,65.449997,65.739998,65.040001,65.059998,49.639496,9924100
2016-06-08,64.930000,65.480003,64.919998,65.250000,49.784466,9428000
2016-06-09,64.790001,64.900002,64.269997,64.750000,49.402966,10817800
2016-06-10,63.930000,64.070000,63.580002,63.840000,48.708664,16678400
2016-06-13,63.480000,64.339996,63.259998,63.270000,48.273766,14314900
2016-06-14,62.680000,63.470001,61.680000,62.080002,47.365822,19509300
2016-06-15,62.410000,62.980000,61.910000,61.970001,47.281883,16982100
2016-06-16,61.450001,62.299999,60.900002,62.220001,47.472645,16791200
2016-06-17,62.299999,62.709999,61.930000,62.279999,47.518417,15751500
2016-06-20,63.450001,63.849998,62.340000,62.369999,47.587086,12213200
2016-06-21,62.730000,63.000000,62.139999,62.950001,48.029598,11611600
2016-06-22,62.950001,63.709999,62.680000,62.709999,47.846493,12643500
2016-06-23,63.700001,64.150002,63.529999,64.050003,48.868893,16583600
2016-06-24,60.480000,61.700001,59.340000,59.599998,45.473629,44108700
2016-06-27,58.709999,58.750000,57.049999,57.610001,43.955292,37300700
2016-06-28,59.189999,59.549999,58.259998,59.520000,45.412590,29088700
2016-06-29,60.360001,61.209999,60.000000,61.200001,46.694405,21483000
2016-06-30,61.630001,62.189999,61.020000,62.139999,47.411591,21343600
2016-07-01,61.660000,62.009998,61.160000,61.259998,47.104034,14217800
2016-07-05,60.450001,60.599998,59.099998,59.549999,45.789173,23357700
2016-07-06,59.009998,60.290001,58.759998,60.189999,46.281288,20429800
2016-07-07,60.520000,61.139999,60.160000,60.580002,46.581161,13771400
2016-07-08,61.330002,62.169998,61.330002,61.830002,47.542309,16998800
2016-07-11,62.419998,62.950001,62.139999,62.270000,47.880650,13151400
2016-07-12,63.029999,63.560001,62.889999,63.200001,48.595741,16588100
2016-07-13,63.080002,63.430000,62.639999,63.160000,48.564976,18526900
2016-07-14,64.739998,64.980003,64.050003,64.120003,49.303143,28985900
2016-07-15,64.750000,64.800003,63.610001,64.180000,49.349281,17607100
2016-07-18,64.129997,64.400002,63.900002,63.959999,49.180122,10824400
2016-07-19,63.610001,64.099998,63.459999,63.860001,49.103222,9737400
2016-07-20,64.110001,64.230003,63.709999,63.930000,49.157043,10411100
2016-07-21,64.000000,64.180000,63.630001,63.689999,48.972500,9808700
2016-07-22,63.900002,64.089996,63.599998,64.040001,49.241623,8195700
2016-07-25,63.980000,64.169998,63.680000,63.869999,49.110905,8168300
2016-07-26,63.980000,64.260002,63.709999,64.129997,49.310825,8067800
2016-07-27,64.080002,64.690002,64.059998,64.330002,49.464611,11806800
2016-07-28,64.000000,64.190002,63.720001,64.099998,49.287766,10013400
2016-07-29,63.799999,64.290001,63.750000,63.970001,49.187809,13210400
2016-08-01,64.150002,64.309998,63.610001,63.799999,49.057076,11422600
2016-08-02,63.590000,64.010002,63.380001,63.650002,48.941750,13550000
2016-08-03,63.689999,64.669998,63.650002,64.660004,49.718353,13122300
2016-08-04,64.489998,64.820000,64.269997,64.559998,49.641457,9873000
2016-08-05,65.139999,66.370003,65.070000,66.300003,50.979393,20752700
2016-08-08,66.070000,66.489998,65.839996,66.099998,50.825584,11359200
2016-08-09,66.180000,66.279999,65.690002,65.870003,50.648746,10097000
2016-08-10,65.919998,66.070000,65.160004,65.279999,50.195076,11556100
2016-08-11,65.269997,65.690002,65.019997,65.459999,50.333481,9604500
2016-08-12,64.970001,65.349998,64.860001,65.320000,50.225838,7685400
2016-08-15,65.559998,65.830002,65.459999,65.720001,50.533413,8371600
2016-08-16,65.360001,65.959999,65.239998,65.709999,50.525719,10128900
2016-08-17,65.800003,65.980003,65.540001,65.889999,50.664127,11868100
2016-08-18,65.620003,65.989998,65.529999,65.949997,50.710258,9313600
2016-08-19,65.720001,65.910004,65.220001,65.860001,50.641071,9084900
2016-08-22,65.750000,65.879997,65.410004,65.800003,50.594933,9055600
2016-08-23,66.070000,66.339996,65.760002,65.769997,50.571857,8949600
2016-08-24,65.989998,66.230003,65.769997,65.949997,50.710258,10167200
2016-08-25,65.910004,66.139999,65.790001,66.070000,50.802536,9978700
2016-08-26,66.330002,66.879997,65.849998,66.220001,50.917866,14038600
2016-08-29,66.489998,67.099998,66.459999,66.949997,51.479160,14583100
2016-08-30,66.949997,67.599998,66.949997,67.500000,51.902073,13791200
2016-08-31,67.459999,67.769997,66.860001,67.500000,51.902073,14952300
2016-09-01,67.639999,67.720001,66.650002,67.209999,51.679104,12226500
2016-09-02,67.400002,67.580002,66.980003,67.489998,51.894409,13720700
2016-09-06,67.500000,67.550003,66.709999,67.440002,51.855961,16649400
2016-09-07,67.160004,67.589996,66.959999,67.160004,51.640671,10070400
2016-09-08,67.220001,67.680000,67.000000,67.250000,51.709850,12253000
2016-09-09,67.029999,67.430000,66.639999,66.650002,51.248512,19686900
2016-09-12,66.139999,67.300003,65.760002,67.059998,51.563755,16453000
2016-09-13,66.110001,66.860001,65.820000,66.529999,51.156254,18876100
2016-09-14,66.269997,67.250000,66.209999,66.400002,51.056271,12648600
2016-09-15,66.290001,66.930000,66.089996,66.639999,51.240807,12531300
2016-09-16,66.089996,66.260002,65.440002,65.820000,50.610317,25161500
2016-09-19,66.150002,66.639999,65.849998,66.190002,50.894821,13466900
2016-09-20,66.750000,66.849998,66.239998,66.459999,51.102417,10092200
2016-09-21,66.839996,67.129997,66.309998,66.839996,51.394592,14116800
2016-09-22,66.989998,67.419998,66.839996,67.389999,51.817513,12781700
2016-09-23,67.389999,67.900002,67.180000,67.250000,51.709850,13967400
2016-09-26,66.599998,66.800003,65.540001,65.779999,50.579536,16408100
2016-09-27,65.410004,66.410004,65.110001,66.360001,51.025520,13711400
2016-09-28,66.580002,66.769997,65.989998,66.709999,51.294647,11278000
2016-09-29,66.699997,67.209999,65.349998,65.650002,50.479595,18727200
2016-09-30,66.080002,67.059998,66.080002,66.589996,51.202358,21680100
2016-10-03,66.349998,66.919998,66.260002,66.510002,51.140854,14901700
2016-10-04,66.209999,67.180000,66.099998,66.599998,51.582321,17226900
2016-10-05,66.889999,68.070000,66.800003,67.690002,52.426533,16280000
2016-10-06,67.730003,67.970001,67.050003,67.870003,52.565956,17485000
2016-10-07,67.790001,68.180000,67.400002,68.110001,52.751835,18497000
2016-10-10,68.339996,69.059998,68.230003,68.639999,53.162323,13027500
2016-10-11,68.500000,68.820000,67.930000,68.309998,52.906731,15657100
2016-10-12,68.260002,68.589996,68.050003,68.129997,52.767319,11899800
2016-10-13,67.459999,67.870003,66.820000,67.739998,52.465252,17890000
2016-10-14,68.800003,69.029999,67.300003,67.519997,52.294868,24163800
2016-10-17,67.419998,67.790001,66.739998,67.169998,52.023804,14963400
2016-10-18,67.849998,68.209999,67.540001,67.699997,52.434280,11870300
2016-10-19,67.809998,68.500000,67.809998,68.349998,52.937695,12705800
2016-10-20,68.080002,68.680000,67.940002,68.260002,52.868015,14122000
2016-10-21,67.809998,68.529999,67.699997,68.489998,53.046146,12175700
2016-10-24,68.970001,69.050003,68.500000,68.870003,53.340477,10197100
2016-10-25,68.879997,68.930000,68.379997,68.800003,53.286266,9945100
2016-10-26,68.370003,69.250000,68.370003,69.129997,53.541840,9801300
2016-10-27,69.489998,69.769997,69.099998,69.230003,53.619286,14210700
2016-10-28,69.529999,69.550003,68.470001,69.110001,53.526352,12766500
2016-10-31,69.430000,69.580002,69.230003,69.260002,53.642525,14336300
2016-11-01,69.480003,69.779999,68.330002,68.970001,53.417908,15564500
2016-11-02,68.650002,68.849998,68.010002,68.680000,53.193306,12449800
2016-11-03,68.860001,69.190002,68.220001,68.379997,52.960968,10369700
2016-11-04,68.489998,68.559998,67.639999,67.760002,52.480747,13571300
2016-11-07,69.080002,69.970001,69.000000,69.879997,54.122734,16515100
2016-11-08,69.699997,70.550003,69.239998,70.029999,54.238892,17531700
2016-11-09,71.459999,74.150002,71.320000,73.250000,56.732803,50948400
2016-11-10,74.220001,77.250000,74.220001,76.650002,59.366142,56192300
2016-11-11,76.300003,76.720001,75.769997,76.690002,59.397137,27574300
2016-11-14,77.250000,80.440002,77.250000,79.510002,61.581249,46130700
2016-11-15,78.370003,79.410004,77.779999,79.360001,61.465103,28126300
2016-11-16,78.220001,78.349998,76.879997,77.400002,59.947029,26054900
2016-11-17,77.930000,78.459999,77.599998,78.019997,60.427216,19306700
2016-11-18,77.959999,78.419998,77.550003,77.709999,60.187126,19770000
2016-11-21,78.000000,78.169998,77.290001,78.050003,60.450451,11983500
2016-11-22,78.349998,78.559998,77.760002,78.529999,60.822239,14410100
2016-11-23,78.870003,79.239998,77.889999,78.860001,61.077820,13373700
2016-11-25,79.099998,79.449997,78.470001,78.830002,61.054573,6185700
2016-11-28,78.180000,78.870003,78.019997,78.320000,60.659580,13007200
2016-11-29,78.389999,79.160004,78.389999,78.919998,61.124294,14144100
2016-11-30,79.919998,80.529999,79.699997,80.169998,62.092430,25351900
2016-12-01,80.650002,82.279999,80.650002,81.790001,63.347137,23823600
2016-12-02,81.800003,81.830002,80.900002,81.599998,63.199947,16931500
2016-12-05,82.300003,83.290001,82.290001,83.260002,64.485664,18529800
2016-12-06,83.599998,83.809998,82.430000,83.690002,64.818695,16130000
2016-12-07,83.550003,84.089996,82.849998,84.070000,65.112984,18996900
2016-12-08,84.230003,85.500000,83.940002,85.120003,65.926231,20844900
2016-12-09,85.019997,85.500000,84.139999,85.489998,66.212814,14567200
2016-12-12,85.360001,85.790001,84.290001,84.730003,65.624191,14511300
2016-12-13,84.980003,85.669998,83.820000,84.760002,65.647430,16669000
2016-12-14,83.879997,86.120003,83.760002,84.730003,65.624191,22622600
2016-12-15,85.400002,86.489998,84.900002,86.000000,66.607796,19438900
2016-12-16,86.290001,86.290001,84.889999,84.940002,65.786835,23008500
2016-12-19,84.800003,85.440002,84.190002,85.430000,66.166344,21685100
2016-12-20,85.790001,86.540001,85.550003,86.529999,67.018311,14587300
2016-12-21,86.430000,86.809998,86.029999,86.750000,67.188698,11400500
2016-12-22,86.440002,87.169998,86.209999,86.889999,67.297142,13924200
2016-12-23,87.000000,87.150002,86.400002,87.050003,67.421059,10759400
2016-12-27,87.050003,87.160004,86.750000,87.129997,67.483009,6946400
2016-12-28,87.160004,87.389999,86.349998,86.500000,66.995041,9455600
2016-12-29,86.580002,86.669998,85.040001,85.889999,66.522621,14689000
2016-12-30,86.099998,86.419998,85.660004,86.290001,66.832436,13617800
2017-01-03,87.339996,87.760002,85.980003,87.230003,67.560455,20550700
2017-01-04,86.959999,87.180000,86.400002,86.910004,67.685059,15266600
2017-01-05,86.809998,87.110001,85.260002,86.110001,67.062027,14300800
2017-01-06,86.389999,86.620003,85.940002,86.120003,67.069809,12893300
2017-01-09,85.730003,86.769997,85.519997,86.180000,67.116539,12806600
2017-01-10,86.070000,86.900002,85.720001,86.430000,67.311234,13989000
2017-01-11,86.430000,87.080002,85.910004,87.080002,67.817436,14713100
2017-01-12,86.760002,87.269997,86.019997,86.239998,67.163277,21337400
2017-01-13,87.110001,88.169998,86.099998,86.699997,67.521500,28296000
2017-01-17,84.930000,85.220001,83.279999,83.550003,65.068321,30024600
2017-01-18,83.629997,84.230003,83.029999,83.940002,65.372040,21270100
2017-01-19,84.059998,84.669998,83.120003,83.300003,64.873604,16555600
2017-01-20,83.430000,83.830002,83.290001,83.669998,65.161751,18436800
2017-01-23,83.300003,84.000000,83.209999,83.709999,65.192932,12179200
2017-01-24,83.919998,85.000000,83.559998,84.720001,65.979500,15175300
2017-01-25,85.839996,86.169998,85.169998,86.029999,66.999718,17551000
2017-01-26,85.949997,86.949997,85.949997,86.750000,67.560455,15962800
2017-01-27,86.660004,86.980003,86.269997,86.930000,67.700638,12535400
2017-01-30,86.190002,86.500000,85.320000,86.029999,66.999718,13661900
2017-01-31,85.599998,86.150002,84.089996,84.629997,65.909409,15655100
2017-02-01,85.540001,86.099998,84.680000,84.949997,66.158615,15430900
2017-02-02,84.339996,84.910004,84.160004,84.589996,65.878250,11081400
2017-02-03,86.190002,87.309998,85.870003,87.180000,67.895348,17885200
2017-02-06,86.790001,87.449997,86.610001,86.769997,67.575996,11828400
2017-02-07,87.139999,87.400002,86.480003,86.720001,67.537086,9392800
2017-02-08,86.180000,86.309998,85.370003,85.959999,66.945198,13970900
2017-02-09,85.959999,87.330002,85.959999,87.199997,67.910919,13749100
2017-02-10,87.480003,87.480003,86.889999,87.000000,67.755157,10992500
2017-02-13,87.440002,88.739998,87.430000,88.150002,68.650764,18739100
2017-02-14,88.300003,89.699997,88.110001,89.559998,69.748863,17932100
2017-02-15,90.080002,90.870003,89.349998,90.589996,70.551010,17381800
2017-02-16,90.400002,91.040001,89.769997,90.529999,70.504288,17672700
2017-02-17,89.820000,90.470001,89.690002,90.230003,70.270668,15776600
2017-02-21,90.510002,91.150002,90.459999,91.010002,70.878098,14068300
2017-02-22,90.519997,91.300003,90.419998,91.059998,70.917076,11839000
2017-02-23,91.180000,91.339996,90.519997,91.129997,70.971581,11067000
2017-02-24,90.180000,90.540001,89.730003,90.330002,70.348549,15062300
2017-02-27,90.320000,90.730003,90.019997,90.430000,70.426430,12361000
2017-02-28,89.849998,90.820000,89.589996,90.620003,70.574387,15183500
2017-03-01,92.790001,93.980003,92.610001,93.599998,72.895187,24451400
2017-03-02,93.870003,93.919998,92.029999,92.139999,71.758156,16862500
2017-03-03,92.139999,93.110001,92.139999,92.800003,72.272163,12817500
2017-03-06,92.250000,92.320000,91.099998,91.919998,71.586815,15059200
2017-03-07,91.639999,92.089996,91.209999,91.410004,71.189651,11156800
2017-03-08,92.680000,92.849998,91.099998,91.209999,71.033875,17378400
2017-03-09,91.599998,92.139999,91.150002,91.570000,71.314270,13726200
2017-03-10,91.949997,92.000000,90.529999,91.279999,71.088387,13729900
2017-03-13,91.309998,91.779999,90.930000,91.360001,71.150688,10004300
2017-03-14,91.019997,91.650002,90.769997,91.510002,71.267525,10237700
2017-03-15,91.800003,92.550003,91.129997,91.730003,71.438858,16601400
2017-03-16,92.029999,92.809998,91.570000,91.639999,71.368782,14492000
2017-03-17,91.830002,92.040001,90.650002,90.680000,70.621109,21734700
2017-03-20,90.269997,91.169998,89.790001,90.029999,70.114899,14623600
2017-03-21,90.360001,90.639999,87.059998,87.389999,68.058884,33089200
2017-03-22,86.889999,88.070000,86.010002,87.529999,68.167908,21741000
2017-03-23,87.209999,88.500000,87.089996,87.389999,68.058884,16090100
2017-03-24,87.790001,88.089996,86.769997,87.290001,67.981003,16093200
2017-03-27,85.529999,87.400002,85.230003,87.239998,67.942078,16689300
2017-03-28,87.019997,89.019997,86.980003,88.599998,69.001236,16264400
2017-03-29,88.599998,88.820000,88.080002,88.269997,68.744217,10207600
2017-03-30,88.199997,89.459999,88.120003,89.029999,69.336121,11631000
2017-03-31,88.709999,88.739998,87.750000,87.839996,68.409340,16987600
2017-04-03,87.989998,88.169998,86.599998,87.519997,68.160133,19831800
2017-04-04,86.889999,87.669998,86.720001,87.309998,68.387268,14280800
2017-04-05,88.419998,88.540001,86.129997,86.190002,67.510010,17635500
2017-04-06,85.980003,86.910004,85.250000,86.480003,67.737167,14379600
2017-04-07,85.930000,86.809998,85.709999,86.180000,67.502174,13097100
2017-04-10,86.080002,86.690002,85.400002,85.879997,67.267197,15081600
2017-04-11,85.540001,85.790001,84.800003,85.730003,67.149704,14690500
2017-04-12,85.930000,85.949997,85.029999,85.400002,66.891228,14730600
2017-04-13,85.500000,86.989998,84.400002,84.400002,66.107956,30529800
2017-04-17,84.440002,86.080002,84.370003,85.860001,67.251549,19071700
2017-04-18,85.360001,85.629997,84.739998,85.160004,66.703255,14127000
2017-04-19,85.500000,85.919998,84.360001,84.459999,66.154961,17588500
2017-04-20,84.980003,85.779999,84.550003,85.550003,67.008713,15635800
2017-04-21,85.500000,85.680000,84.510002,84.519997,66.201935,19820600
2017-04-24,86.550003,88.050003,86.419998,87.500000,68.536118,25468300
2017-04-25,88.550003,89.129997,88.260002,88.260002,69.131416,18253800
2017-04-26,88.349998,89.050003,88.139999,88.430000,69.264526,12832200
2017-04-27,88.370003,88.370003,87.010002,87.610001,68.622253,13329000
2017-04-28,87.599998,87.849998,86.949997,87.000000,68.144478,10755600
2017-05-01,87.360001,87.739998,86.559998,87.059998,68.191467,15712300
2017-05-02,86.709999,86.879997,86.019997,86.500000,67.752838,14414200
2017-05-03,86.059998,87.099998,86.019997,87.000000,68.144478,11540500
2017-05-04,87.690002,87.730003,86.570000,87.099998,68.222771,11540100
2017-05-05,87.250000,87.339996,86.419998,87.000000,68.144478,9436000
2017-05-08,87.040001,87.320000,86.650002,87.099998,68.222771,8162200
2017-05-09,87.260002,87.839996,86.500000,86.750000,67.948639,10273900
2017-05-10,86.529999,87.480003,86.470001,87.430000,68.481262,8334900
2017-05-11,87.089996,87.480003,86.349998,87.160004,68.269775,10907400
2017-05-12,86.680000,87.050003,86.339996,86.919998,68.081795,8738800
2017-05-15,87.099998,87.489998,86.860001,87.339996,68.410767,8835600
2017-05-16,87.360001,88.089996,87.339996,87.610001,68.622253,9795000
2017-05-17,87.610001,87.610001,83.970001,84.269997,66.006119,24679700
2017-05-18,84.070000,84.800003,83.360001,83.959999,65.763306,23350100
2017-05-19,84.209999,85.339996,84.150002,84.779999,66.405617,13412900
2017-05-22,85.180000,85.290001,84.209999,84.699997,66.342903,11636000
2017-05-23,84.750000,86.070000,84.510002,85.760002,67.173195,11753000
2017-05-24,85.879997,85.970001,85.239998,85.709999,67.134064,9833800
2017-05-25,85.989998,86.080002,85.080002,85.349998,66.852066,12238500
2017-05-26,85.110001,85.559998,85.019997,85.360001,66.859886,8113500
2017-05-30,85.129997,85.150002,83.779999,83.900002,65.716309,12603200
2017-05-31,83.730003,83.820000,81.639999,82.150002,64.345596,28327900
2017-06-01,82.459999,83.080002,81.650002,83.059998,65.058372,17123500
2017-06-02,82.290001,82.989998,81.980003,82.639999,64.729408,14998500
2017-06-05,82.639999,83.510002,82.580002,82.790001,64.846924,9080200
2017-06-06,82.290001,83.220001,82.129997,82.959999,64.980042,12196800
2017-06-07,83.309998,84.110001,83.099998,83.910004,65.724174,13711100
2017-06-08,83.910004,85.730003,83.889999,84.949997,66.538757,17951000
2017-06-09,85.510002,87.050003,85.389999,86.959999,68.113136,19120200
2017-06-12,86.959999,87.739998,86.889999,86.980003,68.128807,16053400
2017-06-13,87.550003,87.849998,86.980003,87.269997,68.355934,12557200
2017-06-14,86.769997,87.309998,85.820000,87.089996,68.214935,16175700
2017-06-15,86.250000,87.080002,86.239998,86.570000,67.807671,12509700
2017-06-16,86.849998,86.959999,86.019997,86.180000,67.502174,16936600
2017-06-19,86.970001,88.230003,86.849998,88.070000,68.982567,15972300
2017-06-20,87.750000,87.919998,87.370003,87.519997,68.551773,11197800
2017-06-21,87.480003,87.550003,86.760002,87.120003,68.238457,10005900
2017-06-22,86.930000,87.360001,86.650002,87.019997,68.160133,12180600
2017-06-23,87.660004,88.000000,86.610001,86.860001,68.034805,18812000
2017-06-26,87.010002,87.669998,86.620003,87.239998,68.332443,10082400
2017-06-27,87.709999,88.940002,87.500000,88.050003,68.966896,15415200
2017-06-28,88.599998,90.070000,88.599998,89.820000,70.353271,17466200
2017-06-29,92.339996,92.650002,90.309998,91.150002,71.395035,27697800
2017-06-30,91.959999,92.000000,91.160004,91.400002,71.590851,16892700
2017-07-03,91.559998,93.480003,91.410004,92.750000,73.047852,13208100
2017-07-05,93.120003,93.790001,92.610001,93.680000,73.780312,17535400
2017-07-06,93.540001,94.510002,92.879997,93.379997,73.544029,16596100
2017-07-07,93.959999,94.169998,93.230003,93.849998,73.914192,12817800
2017-07-10,93.500000,93.680000,93.089996,93.190002,73.394409,13987200
2017-07-11,93.330002,93.330002,92.279999,92.830002,73.110886,13262300
2017-07-12,92.610001,92.830002,92.070000,92.510002,72.858864,13540100
2017-07-13,92.690002,93.379997,92.339996,93.099998,73.323532,12820100
2017-07-14,90.809998,92.610001,90.580002,92.250000,72.654091,22235200
2017-07-17,91.820000,91.989998,91.250000,91.389999,71.976776,14374200
2017-07-18,90.449997,91.580002,90.320000,91.070000,71.724724,14719400
2017-07-19,91.339996,91.620003,91.000000,91.199997,71.827110,11651200
2017-07-20,91.150002,91.720001,90.900002,91.199997,71.827110,11561700
2017-07-21,91.059998,91.360001,90.519997,90.889999,71.582970,10971300
2017-07-24,90.959999,91.540001,90.910004,91.279999,71.890121,10725100
2017-07-25,92.370003,93.519997,92.269997,92.800003,73.087227,16447700
2017-07-26,93.099998,93.190002,91.680000,91.930000,72.402031,11815500
2017-07-27,91.830002,92.059998,91.160004,91.550003,72.102776,12332400
2017-07-28,91.449997,91.750000,90.910004,91.279999,71.890121,9351900
2017-07-31,91.510002,92.360001,91.500000,91.800003,72.299667,11520300
2017-08-01,92.489998,93.139999,92.279999,93.029999,73.268379,12523700
2017-08-02,92.870003,93.209999,92.510002,93.110001,73.331383,10165600
2017-08-03,92.699997,93.129997,92.239998,92.500000,72.850975,11078800
2017-08-04,93.500000,94.400002,93.470001,93.660004,73.764572,14324000
2017-08-07,93.889999,94.190002,93.709999,94.019997,74.048096,7978300
2017-08-08,93.949997,95.220001,93.599998,93.680000,73.780312,13745400
2017-08-09,92.980003,93.680000,92.830002,93.529999,73.662178,11214400
2017-08-10,92.900002,93.070000,92.070000,92.190002,72.606827,13252300
2017-08-11,92.129997,92.669998,91.239998,91.419998,72.000381,10679500
2017-08-14,92.370003,92.900002,92.330002,92.489998,72.843094,10994800
2017-08-15,93.309998,93.559998,92.650002,92.730003,73.032097,8812700
2017-08-16,93.040001,93.230003,91.879997,92.089996,72.528046,11085400
2017-08-17,91.760002,91.959999,90.500000,90.650002,71.393944,13837500
2017-08-18,90.309998,91.540001,90.190002,90.739998,71.464836,13040700
2017-08-21,90.849998,90.940002,90.160004,90.629997,71.378181,11502100
2017-08-22,91.070000,91.709999,91.000000,91.559998,72.110641,9211800
2017-08-23,90.870003,92.339996,90.839996,91.669998,72.197273,8811300
2017-08-24,91.930000,92.120003,91.410004,91.519997,72.079147,8623200
2017-08-25,91.879997,92.480003,91.800003,91.889999,72.370575,11794600
2017-08-28,92.160004,92.190002,91.129997,91.599998,72.142143,7292900
2017-08-29,90.449997,91.309998,90.309998,91.099998,71.748383,10886100
2017-08-30,91.250000,91.879997,91.190002,91.309998,71.913780,9165300
2017-08-31,91.809998,91.849998,90.800003,90.889999,71.582970,13217400
2017-09-01,91.250000,92.360001,90.949997,91.699997,72.220909,9815800
2017-09-05,91.019997,91.110001,89.019997,89.510002,70.496124,16897300
2017-09-06,90.000000,90.519997,89.639999,90.110001,70.968674,11845700
2017-09-07,90.110001,90.129997,88.080002,88.529999,69.724289,14592300
2017-09-08,88.309998,89.419998,88.239998,88.419998,69.637650,14242200
2017-09-11,89.389999,90.250000,88.949997,89.790001,70.716652,13219000
2017-09-12,90.169998,91.250000,90.099998,90.889999,71.582970,14003800
2017-09-13,90.610001,91.500000,90.320000,91.150002,71.787735,12485400
2017-09-14,91.199997,91.529999,90.739998,90.970001,71.645966,10562800
2017-09-15,91.080002,91.709999,90.760002,91.620003,72.157913,18171800
2017-09-18,91.930000,93.139999,91.849998,92.919998,73.181755,11318700
2017-09-19,92.709999,94.360001,92.519997,93.940002,73.985077,12626100
2017-09-20,94.099998,95.290001,93.709999,94.599998,74.504875,15311600
2017-09-21,94.459999,95.370003,94.190002,95.029999,74.843544,10851500
2017-09-22,94.699997,94.980003,94.430000,94.830002,74.686028,8358300
2017-09-25,94.510002,94.879997,93.449997,94.120003,74.126862,10463400
2017-09-26,93.779999,94.029999,93.339996,93.699997,73.796082,9358100
2017-09-27,94.970001,95.720001,94.580002,95.180000,74.961685,15090200
2017-09-28,95.589996,95.879997,94.910004,95.379997,75.119202,10270400
2017-09-29,95.300003,95.519997,95.019997,95.510002,75.221588,11438400
2017-10-02,95.769997,96.879997,95.459999,96.839996,76.269058,13797200
2017-10-03,96.830002,97.430000,96.769997,97.349998,76.670723,9633500
2017-10-04,97.300003,97.440002,96.279999,96.360001,75.891014,12166600
2017-10-05,96.000000,97.400002,95.550003,97.089996,76.912918,14236200
2017-10-06,97.550003,97.639999,96.470001,96.919998,76.778282,10231900
2017-10-09,96.959999,97.070000,96.139999,96.410004,76.374260,7765100
2017-10-10,96.459999,97.180000,96.239998,97.129997,76.944611,10631500
2017-10-11,96.830002,97.010002,96.139999,96.839996,76.714882,14283600
2017-10-12,97.300003,97.500000,95.620003,95.989998,76.041542,18251600
2017-10-13,95.480003,96.709999,94.959999,95.860001,75.938560,13190600
2017-10-16,96.339996,97.949997,96.339996,97.839996,77.507065,12434000
2017-10-17,98.070000,98.180000,97.320000,97.620003,77.332787,10335700
2017-10-18,98.150002,98.550003,97.629997,97.989998,77.625908,10158600
2017-10-19,97.190002,98.199997,97.089996,98.110001,77.720970,9133900
2017-10-20,99.279999,99.889999,98.730003,99.510002,78.830002,15326600
2017-10-23,99.510002,99.989998,99.239998,99.339996,78.695320,9238600
2017-10-24,99.879997,101.190002,99.760002,100.919998,79.947006,13000800
2017-10-25,101.250000,101.449997,100.190002,101.019997,80.026215,14632700
2017-10-26,101.349998,102.419998,101.320000,101.739998,80.596588,13054400
2017-10-27,101.430000,102.230003,101.050003,101.769997,80.620331,10400400
2017-10-30,101.129997,101.930000,100.870003,101.410004,80.335182,8839500
2017-10-31,101.370003,101.699997,100.570000,100.610001,79.701408,8690200
2017-11-01,101.099998,101.699997,100.730003,100.919998,79.947006,8418200
2017-11-02,100.870003,101.769997,100.160004,101.589996,80.477730,8731800
2017-11-03,101.099998,101.529999,100.730003,101.410004,80.335182,7103500
2017-11-06,101.339996,101.690002,100.660004,100.779999,79.836075,8121500
2017-11-07,100.559998,100.750000,98.250000,98.750000,78.227966,18822600
2017-11-08,98.269997,98.370003,97.150002,97.639999,77.348633,18524700
2017-11-09,97.120003,98.220001,96.809998,97.629997,77.340706,13697800
2017-11-10,97.809998,98.339996,97.500000,97.510002,77.245667,9314000
2017-11-13,96.690002,98.050003,96.620003,97.860001,77.522926,9303100
2017-11-14,97.339996,97.779999,96.849998,97.269997,77.055542,11043800
2017-11-15,96.389999,98.739998,95.949997,98.190002,77.784325,15384100
2017-11-16,98.529999,99.059998,98.309998,98.470001,78.006149,9808000
2017-11-17,97.820000,98.410004,97.570000,98.139999,77.744705,9017900
2017-11-20,98.449997,99.150002,97.760002,99.010002,78.433952,9483200
2017-11-21,99.500000,99.550003,98.910004,98.930000,78.370560,13389400
2017-11-22,99.029999,99.519997,98.589996,98.639999,78.140839,7342200
2017-11-24,98.830002,98.900002,98.260002,98.320000,77.887306,3680000
2017-11-27,98.309998,99.129997,97.930000,97.930000,77.578384,13076200
2017-11-28,98.209999,101.699997,97.970001,101.360001,80.295563,16773000
2017-11-29,102.410004,104.220001,101.959999,103.730003,82.173012,21105500
2017-11-30,104.739998,106.660004,104.040001,104.519997,82.798851,23945900
2017-12-01,104.900002,105.320000,102.199997,104.790001,83.012741,19683500
2017-12-04,107.730003,108.400002,106.769997,106.949997,84.723846,23576600
2017-12-05,105.580002,107.410004,104.120003,105.720001,83.749458,17193900
2017-12-06,105.550003,105.760002,104.529999,104.930000,83.123642,15476200
2017-12-07,103.949997,105.190002,103.730003,104.620003,82.878082,13371800
2017-12-08,104.750000,105.940002,104.339996,105.930000,83.915825,13506900
2017-12-11,105.720001,106.059998,105.309998,105.620003,83.670258,10591200
2017-12-12,106.910004,107.370003,105.540001,106.849998,84.644630,15508800
2017-12-13,106.699997,107.110001,105.480003,105.510002,83.583115,15020300
2017-12-14,106.120003,106.449997,104.639999,104.660004,82.909767,13034200
2017-12-15,105.790001,106.519997,105.199997,106.139999,84.082184,29350600
2017-12-18,107.190002,107.629997,106.480003,106.959999,84.731766,12713100
2017-12-19,107.349998,107.489998,106.440002,106.510002,84.375290,12149900
2017-12-20,107.599998,107.730003,106.089996,106.139999,84.082184,13091500
2017-12-21,106.589996,108.070000,106.559998,107.830002,85.420967,12323700
2017-12-22,108.199997,108.459999,106.809998,107.449997,85.119942,14573400
2017-12-26,107.199997,107.989998,106.400002,107.019997,84.779312,7403700
2017-12-27,106.669998,107.290001,106.669998,107.220001,84.937721,9496500
2017-12-28,107.400002,107.839996,107.160004,107.790001,85.389290,7440600
2017-12-29,108.089996,108.279999,106.940002,106.940002,84.715935,8925700
2018-01-02,107.629997,108.019997,106.809998,107.949997,85.516029,13578800
2018-01-03,107.860001,108.489998,107.480003,108.059998,85.603157,11901000
2018-01-04,108.360001,110.029999,108.199997,109.040001,86.829468,12953700
2018-01-05,109.260002,109.550003,107.779999,108.339996,86.272087,14155000
2018-01-08,108.150002,108.680000,107.699997,108.500000,86.399475,12466500
2018-01-09,108.720001,109.629997,108.489998,109.050003,86.837448,13292300
2018-01-10,109.470001,110.699997,109.389999,110.250000,87.793030,15834500
2018-01-11,110.669998,110.930000,110.050003,110.839996,88.262840,13676800
2018-01-12,111.650002,112.849998,110.839996,112.669998,89.720078,18884200
2018-01-16,111.510002,113.430000,111.070000,112.269997,89.401550,22703300
2018-01-17,111.889999,113.300003,111.309998,112.989998,89.974907,14940300
2018-01-18,112.760002,113.720001,112.269997,113.260002,90.189911,14572900
2018-01-19,113.940002,114.339996,112.800003,113.010002,89.990822,18785500
2018-01-22,112.660004,114.389999,112.500000,114.330002,91.041969,12475700
2018-01-23,113.669998,114.639999,113.349998,114.209999,90.946396,12320800
2018-01-24,114.860001,116.000000,114.660004,115.669998,92.108986,15904500
2018-01-25,116.040001,116.169998,115.080002,115.699997,92.132912,13510000
2018-01-26,115.699997,116.320000,114.959999,116.320000,92.626602,13883900
2018-01-29,116.019997,117.349998,116.019997,116.199997,92.531059,11679900
2018-01-30,115.529999,116.599998,114.980003,115.110001,91.663078,14279100
2018-01-31,115.650002,116.660004,115.160004,115.669998,92.108986,13141400
2018-02-01,115.769997,116.989998,115.480003,116.870003,93.064590,13800600
2018-02-02,116.489998,116.919998,114.089996,114.279999,91.002144,16477300
2018-02-05,113.000000,114.589996,103.980003,108.800003,86.638374,30097600
2018-02-06,106.849998,112.480003,106.610001,112.110001,89.274147,33114800
2018-02-07,111.550003,114.449997,111.150002,112.870003,89.879333,21878300
2018-02-08,113.110001,113.110001,107.839996,107.879997,85.905762,27425800
2018-02-09,109.099998,111.050003,106.230003,110.040001,87.625793,28188000
2018-02-12,111.169998,112.730003,110.070000,111.739998,88.979515,18043300
2018-02-13,111.320000,113.050003,110.800003,112.430000,89.528976,16358200
2018-02-14,112.629997,115.269997,112.529999,115.029999,91.599396,15186900
2018-02-15,115.739998,115.989998,114.220001,115.510002,91.981613,12130200
2018-02-16,114.550003,116.070000,114.500000,114.680000,91.320663,13214300
2018-02-20,114.650002,115.389999,113.970001,114.709999,91.344566,13461500
2018-02-21,115.000000,117.449997,114.669998,115.190002,91.726784,14212500
2018-02-22,115.500000,116.430000,114.760002,114.980003,91.559570,17070400
2018-02-23,115.309998,117.389999,115.309998,117.309998,93.414940,12162500
2018-02-26,118.139999,118.900002,117.320000,118.769997,94.577576,16511200
2018-02-27,118.910004,119.330002,117.349998,117.360001,93.454788,17563300
2018-02-28,117.820000,118.489998,115.339996,115.500000,91.973648,17735600
2018-03-01,115.480003,116.639999,112.650002,113.430000,90.325279,18690000
2018-03-02,112.389999,113.559998,111.120003,113.320000,90.237701,18353700
2018-03-05,112.050003,115.930000,111.889999,115.059998,91.623253,13933000
2018-03-06,115.639999,115.820000,114.320000,115.160004,91.702888,10674400
2018-03-07,113.750000,115.099998,113.110001,114.730003,91.360497,13006500
2018-03-08,115.110001,115.230003,113.209999,114.739998,91.368454,11173700
2018-03-09,116.550003,118.080002,115.669998,118.040001,93.996246,15366600
2018-03-12,118.000000,118.750000,117.250000,117.660004,93.693665,12339300
2018-03-13,118.199997,118.470001,115.830002,116.250000,92.570854,13312300
2018-03-14,116.559998,116.589996,114.599998,114.949997,91.535675,12905100
2018-03-15,115.870003,116.000000,114.830002,115.239998,91.766594,8748000
2018-03-16,115.339996,116.599998,115.339996,115.440002,91.925858,19888900
2018-03-19,115.099998,115.449997,113.300003,114.529999,91.201202,13214900
2018-03-20,114.870003,115.449997,114.449997,114.639999,91.288811,9921200
2018-03-21,114.809998,116.629997,114.209999,114.739998,91.368454,13633000
2018-03-22,113.199997,113.599998,109.540001,109.949997,87.554153,22550400
2018-03-23,110.269997,110.919998,106.760002,107.010002,85.212997,23081500
2018-03-26,109.190002,111.160004,108.650002,110.309998,87.840813,20217500
2018-03-27,111.070000,111.690002,107.300003,108.169998,86.136681,18039900
2018-03-28,108.279999,109.169998,106.650002,108.000000,86.001328,19189300
2018-03-29,108.500000,110.779999,107.779999,109.970001,87.570053,13274600
2018-04-02,109.959999,110.730003,106.080002,107.849998,85.881897,18822500
2018-04-03,108.360001,109.500000,107.260002,109.330002,87.060425,14050700
2018-04-04,107.099998,111.209999,107.019997,110.989998,88.382286,15302600
2018-04-05,111.629997,112.830002,111.389999,111.879997,89.542786,16627000
2018-04-06,110.550003,111.550003,107.820000,109.089996,87.309822,18906000
2018-04-09,110.010002,112.980003,109.889999,110.400002,88.358292,15974300
2018-04-10,112.129997,112.870003,111.419998,112.510002,90.046989,13951400
2018-04-11,111.660004,111.809998,110.519997,110.620003,88.534348,14503300
2018-04-12,111.559998,114.389999,111.500000,113.370003,90.735306,16435500
2018-04-13,115.019997,115.150002,109.050003,110.300003,88.278229,39152800
2018-04-16,110.940002,111.470001,109.790001,110.209999,88.206207,16580500
2018-04-17,111.370003,111.919998,109.989998,110.209999,88.206207,15501400
2018-04-18,110.529999,111.070000,108.889999,109.320000,87.493912,16081400
2018-04-19,109.529999,111.870003,109.500000,111.720001,89.414742,17911000
2018-04-20,112.300003,112.739998,110.879997,111.470001,89.214661,15584400
2018-04-23,111.570000,111.949997,110.629997,110.930000,88.782478,11285800
2018-04-24,111.750000,112.900002,109.589996,110.410004,88.366280,16453100
2018-04-25,110.269997,110.529999,108.599998,109.989998,88.030128,13548200
2018-04-26,109.970001,110.820000,109.339996,110.099998,88.118172,10299500
2018-04-27,109.550003,110.160004,109.129997,109.400002,87.557953,9384000
2018-04-30,109.750000,110.300003,108.750000,108.779999,87.061707,13744900
2018-05-01,108.449997,108.970001,107.540001,108.779999,87.061707,10503400
2018-05-02,108.110001,109.489998,107.730003,107.919998,86.373421,12162100
2018-05-03,107.589996,107.769997,105.180000,107.239998,85.829193,15379100
2018-05-04,106.430000,108.739998,105.980003,108.430000,86.781601,11967900
2018-05-07,108.760002,109.680000,108.360001,109.370003,87.533913,9356700
2018-05-08,109.529999,111.339996,109.279999,110.989998,88.830475,12543200
2018-05-09,111.440002,113.639999,111.029999,113.410004,90.767334,11368100
2018-05-10,113.190002,114.440002,112.750000,114.290001,91.471642,9159700
2018-05-11,114.489998,114.730003,113.669998,113.860001,91.127480,10253000
2018-05-14,114.110001,114.699997,113.739998,113.900002,91.159515,8710700
2018-05-15,113.910004,113.910004,112.570000,113.029999,90.463196,11536200
2018-05-16,112.889999,113.690002,112.629997,113.339996,90.711288,7571100
2018-05-17,113.199997,113.410004,112.199997,112.959999,90.407158,8617200
2018-05-18,112.750000,112.800003,110.839996,111.129997,88.942505,11806300
2018-05-21,112.050003,112.540001,111.919998,112.150002,89.758881,9441900
2018-05-22,112.349998,114.290001,112.290001,113.010002,90.447189,11507600
2018-05-23,112.510002,112.769997,111.120003,112.489998,90.031021,11453900
2018-05-24,112.139999,112.150002,110.120003,111.230003,89.022583,14084800
2018-05-25,110.459999,111.080002,110.199997,110.660004,88.566376,8283500
2018-05-29,109.180000,109.199997,104.959999,105.930000,84.780724,30643800
2018-05-30,107.639999,108.599998,106.650002,108.349998,86.717560,17490800
2018-05-31,107.949997,108.190002,106.419998,107.010002,85.645096,19808200
2018-06-01,108.339996,108.940002,107.800003,108.400002,86.757599,13594200
2018-06-04,108.989998,109.260002,108.269997,108.449997,86.797585,9415400
2018-06-05,108.239998,108.309998,107.070000,107.839996,86.309402,10415200
2018-06-06,108.660004,110.739998,108.480003,110.360001,88.326248,15453600
2018-06-07,111.180000,111.500000,110.029999,110.800003,88.678436,13444400
2018-06-08,110.620003,111.139999,110.059998,111.110001,88.926529,10383200
2018-06-11,111.120003,111.910004,110.769997,110.830002,88.702415,12642900
2018-06-12,111.139999,111.529999,109.519997,110.190002,88.190193,15294100
2018-06-13,110.459999,111.449997,109.580002,109.970001,88.014130,14979700
2018-06-14,110.279999,110.360001,107.779999,108.029999,86.461441,20487300
2018-06-15,107.800003,108.379997,106.269997,107.900002,86.357399,26028600
2018-06-18,107.260002,108.400002,106.690002,108.180000,86.581505,9786800
2018-06-19,106.900002,107.879997,106.599998,107.550003,86.077309,12707200
2018-06-20,108.180000,108.639999,107.440002,107.540001,86.069298,8876900
2018-06-21,107.099998,108.209999,106.529999,107.510002,86.045258,11048700
2018-06-22,108.160004,108.370003,105.510002,105.750000,84.636658,19478900
2018-06-25,105.660004,105.699997,103.959999,104.790001,83.868347,16907600
2018-06-26,104.709999,105.209999,103.110001,104.860001,83.924355,17086800
2018-06-27,104.680000,105.919998,103.230003,103.239998,82.627808,16276800
2018-06-28,103.680000,105.459999,103.510002,104.930000,83.980362,14491300
2018-06-29,106.680000,106.900002,104.150002,104.199997,83.396118,18972400
2018-07-02,103.720001,105.089996,103.379997,105.080002,84.100441,11130000
2018-07-03,105.410004,105.779999,103.519997,103.610001,82.923927,8311700
2018-07-05,104.129997,104.379997,103.529999,103.720001,83.463081,10723400
2018-07-06,103.120003,104.500000,102.199997,104.059998,83.736664,12173700
2018-07-09,104.709999,107.459999,104.709999,107.279999,86.327782,13900800
2018-07-10,108.019997,108.400002,106.529999,106.620003,85.796700,14575900
2018-07-11,106.309998,107.059998,106.209999,106.389999,85.611603,10186500
2018-07-12,107.419998,107.559998,105.970001,106.849998,85.981758,12456800
2018-07-13,107.300003,107.800003,105.139999,106.360001,85.587494,21289100
2018-07-16,107.050003,110.769997,106.980003,110.580002,88.983253,24662600
2018-07-17,110.690002,110.930000,109.750000,110.500000,88.918915,14821900
2018-07-18,110.419998,112.120003,110.199997,111.529999,89.747772,14244900
2018-07-19,111.059998,111.089996,109.730003,109.889999,88.428062,16775300
2018-07-20,110.000000,111.739998,109.779999,111.279999,89.546562,13578100
2018-07-23,111.059998,114.239998,110.930000,113.349998,91.212288,18140000
2018-07-24,113.550003,114.779999,113.419998,114.150002,91.856041,14000400
2018-07-25,113.879997,115.519997,113.379997,115.180000,92.684883,13329100
2018-07-26,115.419998,115.589996,114.580002,114.849998,92.419327,11897800
2018-07-27,115.180000,116.300003,114.809998,116.029999,93.368889,12802700
2018-07-30,116.279999,117.610001,116.059998,116.730003,93.932167,13411600
2018-07-31,117.080002,117.080002,114.820000,114.949997,92.499802,15843800
2018-08-01,115.750000,116.690002,115.279999,115.660004,93.071152,13531600
2018-08-02,114.570000,116.250000,114.330002,116.150002,93.465439,11058100
2018-08-03,116.000000,117.129997,115.940002,117.089996,94.221870,11016100
2018-08-06,116.790001,117.529999,116.180000,117.120003,94.246010,9857400
2018-08-07,117.739998,118.290001,117.330002,117.550003,94.592041,10562100
2018-08-08,117.330002,118.269997,117.279999,117.790001,94.785156,8997100
2018-08-09,117.510002,117.720001,116.699997,116.879997,94.052887,9694200
2018-08-10,115.500000,115.949997,114.680000,115.730003,93.127464,12630600
2018-08-13,115.559998,115.879997,113.820000,113.889999,91.646820,10336300
2018-08-14,114.269997,115.040001,113.650002,114.650002,92.258392,10597600
2018-08-15,113.820000,114.330002,112.970001,113.699997,91.493950,10152100
2018-08-16,114.349998,115.309998,114.300003,114.769997,92.354942,10118600
2018-08-17,114.639999,115.070000,114.300003,114.769997,92.354942,8505100
2018-08-20,114.589996,115.050003,114.110001,114.620003,92.234230,8618700
2018-08-21,115.370003,116.389999,114.879997,115.320000,92.797539,10976700
2018-08-22,115.309998,115.410004,114.779999,114.970001,92.515907,8314700
2018-08-23,114.959999,115.150002,114.430000,114.730003,92.322784,9265400
2018-08-24,114.980003,115.220001,114.449997,114.680000,92.282539,8845700
2018-08-27,115.220001,117.279999,115.169998,116.709999,93.916054,13768000
2018-08-28,117.000000,117.029999,115.970001,116.139999,93.457413,8302600
2018-08-29,116.349998,116.370003,115.360001,115.760002,93.151619,7221700
2018-08-30,115.589996,116.040001,114.980003,115.190002,92.692940,8991800
2018-08-31,114.830002,114.839996,113.820000,114.580002,92.202072,13065700
2018-09-04,114.339996,115.239998,113.629997,115.150002,92.660751,10174200
2018-09-05,115.000000,115.699997,114.250000,114.589996,92.210114,11462400
2018-09-06,114.500000,114.699997,113.500000,114.099998,91.815788,9877600
2018-09-07,114.500000,114.769997,113.629997,114.320000,91.992859,10955600
2018-09-10,114.849998,114.970001,113.660004,113.709999,91.501984,8276900
2018-09-11,113.540001,114.580002,113.180000,114.430000,92.081375,9333800
2018-09-12,114.250000,114.879997,112.849998,113.080002,90.995018,10800800
2018-09-13,113.370003,114.129997,112.669998,113.519997,91.349091,12470800
2018-09-14,113.809998,114.489998,113.230003,113.500000,91.332970,10337900
2018-09-17,113.790001,114.430000,113.300003,113.839996,91.606590,9561300
2018-09-18,114.330002,114.660004,113.559998,114.300003,91.976753,7944200
2018-09-19,114.440002,118.059998,114.440002,117.620003,94.648315,16052800
2018-09-20,118.500000,119.239998,118.080002,118.629997,95.461090,15590000
2018-09-21,119.129997,119.230003,117.739998,117.849998,94.833405,24788200
2018-09-24,117.760002,118.459999,116.430000,116.720001,93.924126,12492500
2018-09-25,117.040001,117.970001,116.320000,116.389999,93.658577,9308300
2018-09-26,116.750000,116.870003,114.660004,115.019997,92.556122,14023600
2018-09-27,115.419998,115.760002,114.160004,114.519997,92.153778,13283000
2018-09-28,113.650002,114.239998,112.519997,112.839996,90.801895,15815100
2018-10-01,113.370003,114.610001,113.040001,113.500000,91.332970,10146300
2018-10-02,113.360001,114.120003,112.809998,113.970001,91.711227,13753100
2018-10-03,114.940002,115.660004,114.480003,115.040001,92.572212,17142000
2018-10-04,114.550003,116.809998,114.209999,115.269997,93.406853,16357400
2018-10-05,115.830002,116.099998,114.019997,114.620003,92.880142,13777600
2018-10-08,114.250000,115.779999,113.349998,115.320000,93.447380,14370900
2018-10-09,114.669998,115.029999,113.669998,114.519997,92.799118,14069500
2018-10-10,114.699997,114.949997,111.470001,111.470001,90.327621,23086400
2018-10-11,110.970001,111.470001,107.379997,108.129997,87.621094,33705600
2018-10-12,110.370003,110.830002,105.599998,106.949997,86.664909,32075700
2018-10-15,107.199997,108.849998,106.320000,106.339996,86.170616,18903200
2018-10-16,107.160004,108.779999,106.730003,108.620003,88.018196,19302800
2018-10-17,108.379997,110.800003,108.230003,109.830002,88.998657,18794500
2018-10-18,109.019997,109.839996,107.809998,108.089996,87.588684,17582500
2018-10-19,107.650002,109.220001,107.269997,107.910004,87.442833,15234500
2018-10-22,108.150002,108.339996,106.110001,106.360001,86.186844,16199100
2018-10-23,104.199997,106.160004,103.699997,105.250000,85.287346,21407500
2018-10-24,104.760002,105.029999,102.910004,103.290001,83.699104,23168900
2018-10-25,104.180000,105.900002,103.720001,104.860001,84.971329,17464700
2018-10-26,104.000000,104.559998,102.730003,103.419998,83.804436,19174900
2018-10-29,104.459999,106.629997,103.699997,104.849998,84.963219,18445200
2018-10-30,105.709999,106.980003,104.860001,106.699997,86.462341,18019700
2018-10-31,108.080002,110.480003,107.790001,109.019997,88.342300,20860000
2018-11-01,109.620003,110.220001,108.320000,108.980003,88.309875,13065000
2018-11-02,109.900002,110.809998,107.489998,108.379997,87.823669,19009200
2018-11-05,108.610001,109.290001,108.419998,109.089996,88.399017,10276400
2018-11-06,108.669998,109.669998,107.760002,109.599998,88.812294,10825000
2018-11-07,110.370003,111.730003,109.349998,111.480003,90.335716,12679600
2018-11-08,111.010002,112.930000,111.000000,112.379997,91.065002,11662500
2018-11-09,112.230003,112.360001,110.830002,111.290001,90.181740,10432200
2018-11-12,111.419998,111.940002,108.599998,108.949997,88.285576,13279700
2018-11-13,109.099998,111.120003,109.099998,109.589996,88.804184,13746100
2018-11-14,110.230003,110.709999,105.980003,107.330002,86.972832,18361400
2018-11-15,108.239998,110.080002,106.809998,110.070000,89.193153,19100000
2018-11-16,109.449997,110.760002,108.550003,109.989998,89.128311,13798600
2018-11-19,109.959999,111.199997,109.529999,110.830002,89.808998,13987000
2018-11-20,109.779999,110.489998,107.980003,108.449997,87.880386,18936200
2018-11-21,109.029999,109.610001,107.639999,107.639999,87.224052,10619600
2018-11-23,106.739998,107.389999,106.059998,106.650002,86.421799,6488400
2018-11-26,107.720001,109.980003,107.449997,109.260002,88.536789,13948300
2018-11-27,108.760002,110.029999,108.629997,109.720001,88.909538,9238200
2018-11-28,109.800003,111.400002,108.870003,110.940002,89.898140,13977300
2018-11-29,110.269997,110.800003,109.639999,110.059998,89.185028,11144300
2018-11-30,109.849998,111.320000,109.580002,111.190002,90.100716,18652700
2018-12-03,112.379997,112.889999,111.739998,112.239998,90.951561,16034500
2018-12-04,111.599998,111.599998,106.730003,107.230003,86.891823,23555900
2018-12-06,105.010002,105.360001,102.879997,105.190002,85.238724,27213900
2018-12-07,105.160004,106.980003,102.910004,103.290001,83.699104,19248600
2018-12-10,102.870003,103.489998,99.279999,101.360001,82.135155,23636400
2018-12-11,103.129997,103.660004,100.209999,100.370003,81.332947,16860700
2018-12-12,101.660004,102.900002,100.059998,101.019997,81.859642,22621500
2018-12-13,101.550003,101.970001,100.669998,101.120003,81.940681,17250900
2018-12-14,99.989998,101.940002,99.860001,100.290001,81.268112,19879500
2018-12-17,99.769997,100.559998,98.440002,99.010002,80.230896,25113500
2018-12-18,99.419998,100.889999,98.120003,98.540001,79.850021,20837200
2018-12-19,98.410004,100.580002,96.599998,97.290001,78.837128,28767900
2018-12-20,96.610001,98.279999,95.690002,96.449997,78.156418,31825200
2018-12-21,96.680000,98.430000,93.690002,94.169998,76.308891,41313900
2018-12-24,92.889999,94.220001,92.139999,92.139999,74.663895,17009300
2018-12-26,92.690002,95.959999,91.110001,95.959999,77.759354,22542900
2018-12-27,94.820000,97.150002,93.550003,97.040001,78.634537,20304700
2018-12-28,97.949997,98.320000,96.440002,96.830002,78.464386,17963300
2018-12-31,97.589996,98.809998,96.769997,97.620003,79.104523,13237200
2019-01-02,95.949997,99.779999,95.940002,99.309998,80.473984,15670900
2019-01-03,98.639999,98.889999,96.690002,97.110001,79.330315,16286400
2019-01-04,99.110001,100.930000,98.279999,100.690002,82.254845,16935200
2019-01-07,100.430000,101.470001,99.709999,100.760002,82.312027,15430700
2019-01-08,101.629997,101.820000,99.550003,100.570000,82.156822,13578800
2019-01-09,100.809998,101.489998,99.930000,100.400002,82.017937,14230300
2019-01-10,100.019997,100.730003,99.269997,100.389999,82.009781,14376100
2019-01-11,99.889999,100.169998,98.949997,99.910004,81.617645,15439900
2019-01-14,98.870003,101.360001,98.660004,100.940002,82.459068,21258500
2019-01-15,98.889999,102.470001,98.599998,101.680000,83.063576,26504900
2019-01-16,102.250000,103.449997,101.800003,102.500000,83.733475,18533000
2019-01-17,102.110001,103.500000,101.919998,102.919998,84.076561,14247600
2019-01-18,103.769997,104.900002,102.830002,104.589996,85.440796,16428700
2019-01-22,103.080002,103.589996,102.129997,102.940002,84.092911,17083700
2019-01-23,103.440002,103.699997,101.970001,102.680000,83.880493,12146700
2019-01-24,102.129997,103.089996,101.940002,102.739998,83.929512,11296800
2019-01-25,103.510002,104.309998,102.739998,103.389999,84.460518,14369400
2019-01-28,102.889999,104.239998,102.589996,103.879997,84.860794,12283100
2019-01-29,103.879997,105.110001,103.730003,104.169998,85.097694,9743300
2019-01-30,104.139999,105.239998,103.779999,104.410004,85.293747,12526300
2019-01-31,103.410004,103.800003,102.730003,103.500000,84.550377,17520600
2019-02-01,104.000000,104.849998,103.519997,103.879997,84.860794,13000800
2019-02-04,103.790001,104.250000,103.010002,104.250000,85.163040,9871500
2019-02-05,104.519997,104.550003,103.290001,103.790001,84.787270,12763000
2019-02-06,103.709999,104.620003,103.470001,103.739998,84.746422,8745000
2019-02-07,103.250000,103.500000,101.440002,102.379997,83.635437,13177500
2019-02-08,102.080002,102.339996,100.059998,101.360001,82.802185,12892600
2019-02-11,101.760002,102.010002,100.769997,100.879997,82.410065,10978500
2019-02-12,101.949997,102.919998,101.889999,102.599998,83.815155,12852300
2019-02-13,102.900002,103.849998,102.900002,103.089996,84.215424,10754100
2019-02-14,102.470001,103.099998,101.349998,102.419998,83.668106,11518500
2019-02-15,103.900002,105.699997,103.660004,105.550003,86.225052,14716900
2019-02-19,104.910004,105.370003,103.809998,105.180000,85.922768,12764900
2019-02-20,105.209999,105.800003,104.879997,105.690002,86.339401,10030300
2019-02-21,105.449997,105.989998,104.959999,105.470001,86.159676,8400100
2019-02-22,105.699997,106.089996,104.779999,105.000000,85.775757,10647300
2019-02-25,105.750000,107.269997,105.690002,106.099998,86.674347,11230700
2019-02-26,104.500000,105.470001,103.940002,105.290001,86.012627,15465400
2019-02-27,105.180000,105.379997,104.510002,105.160004,85.906441,9968800
2019-02-28,105.010002,105.209999,104.180000,104.360001,85.252899,15156900
2019-03-01,105.099998,105.910004,104.199997,104.430000,85.310104,13813300
2019-03-04,104.919998,105.919998,103.269997,104.190002,85.114044,12466300
2019-03-05,104.129997,104.550003,103.260002,104.110001,85.048691,10856600
2019-03-06,103.860001,104.570000,103.550003,103.720001,84.730103,9070800
2019-03-07,103.250000,103.470001,102.160004,102.970001,84.117401,12705700
2019-03-08,101.989998,103.230003,101.989998,103.010002,84.150116,10582400
2019-03-11,103.980003,104.550003,103.660004,104.349998,85.244751,9763200
2019-03-12,104.589996,104.790001,103.750000,104.040001,84.991501,10219100
2019-03-13,104.190002,104.980003,103.949997,104.389999,85.277420,13022200
2019-03-14,104.500000,105.870003,104.459999,105.339996,86.053482,10926500
2019-03-15,105.410004,106.800003,105.230003,106.550003,87.041962,24811700
2019-03-18,106.550003,107.790001,106.500000,107.190002,87.564789,12935500
2019-03-19,108.199997,108.400002,106.550003,106.800003,87.246193,12889300
2019-03-20,106.430000,106.650002,104.410004,104.519997,85.383621,14920700
2019-03-21,103.489998,103.489998,102.279999,102.870003,84.035721,19751000
2019-03-22,101.820000,102.320000,99.519997,99.760002,81.495125,31115200
2019-03-25,99.589996,100.570000,98.089996,98.930000,80.817078,21032300
2019-03-26,99.820000,100.400002,98.820000,99.919998,81.625816,15987100
2019-03-27,99.879997,100.449997,99.080002,99.580002,81.348083,12753200
2019-03-28,100.000000,100.800003,99.739998,100.709999,82.271187,12454100
2019-03-29,101.540001,101.989998,100.589996,101.230003,82.695984,14523400
2019-04-01,102.150002,104.680000,102.120003,104.639999,85.481636,17499300
2019-04-02,104.599998,105.440002,104.330002,105.139999,85.890121,10295400
2019-04-03,105.809998,106.360001,104.790001,105.349998,86.061661,11499200
2019-04-04,104.550003,105.730003,104.449997,105.559998,86.893066,11952100
2019-04-05,105.800003,106.110001,104.989998,105.309998,86.687263,9933700
2019-04-08,105.110001,105.650002,104.910004,105.650002,86.967125,8056300
2019-04-09,105.080002,105.199997,104.250000,104.870003,86.325066,9092200
2019-04-10,105.129997,105.720001,104.470001,105.339996,86.711967,10882300
2019-04-11,105.709999,106.730003,105.559998,106.230003,87.444588,11183800
2019-04-12,109.440002,111.849998,108.879997,111.209999,91.543930,25834100
2019-04-15,110.919998,111.000000,109.120003,109.940002,90.498520,15163800
2019-04-16,109.900002,111.389999,109.860001,111.099998,91.453384,11583200
2019-04-17,111.699997,114.660004,111.010002,114.300003,94.087517,17791900
2019-04-18,114.529999,114.949997,113.330002,113.459999,93.396042,12501900
2019-04-22,112.830002,113.930000,112.660004,113.599998,93.511284,7975900
2019-04-23,113.000000,114.370003,112.849998,113.739998,93.626549,9193100
2019-04-24,113.260002,114.150002,112.809998,113.550003,93.470139,9245700
2019-04-25,113.010002,114.150002,112.500000,113.610001,93.519524,9311800
2019-04-26,113.949997,114.580002,113.599998,114.470001,94.227440,7889300
2019-04-29,114.599998,117.160004,114.449997,116.120003,95.585648,14242200
2019-04-30,116.430000,116.720001,115.260002,116.050003,95.528046,11389100
2019-05-01,115.720001,117.000000,115.110001,115.160004,94.795418,10412900
2019-05-02,115.169998,115.779999,114.580002,115.410004,95.001228,8613300
2019-05-03,116.000000,116.680000,115.669998,116.120003,95.585648,8185400
2019-05-06,114.180000,115.470001,113.720001,115.089996,94.737801,9387000
2019-05-07,114.029999,114.029999,112.290001,113.209999,93.190239,15017700
2019-05-08,112.660004,113.669998,112.459999,112.610001,92.696342,9575800
2019-05-09,111.139999,112.739998,110.580002,112.519997,92.622238,12205900
2019-05-10,111.750000,112.839996,110.540001,112.510002,92.614044,13189000
2019-05-13,110.080002,110.449997,108.980003,109.449997,90.095154,13783700
2019-05-14,109.550003,111.720001,109.500000,110.320000,90.811310,10503600
2019-05-15,109.209999,110.900002,108.610001,109.900002,90.465584,10142000
2019-05-16,110.620003,112.169998,110.589996,111.309998,91.626259,9672700
2019-05-17,110.000000,111.750000,109.830002,110.769997,91.181740,9570100
2019-05-20,110.580002,111.809998,110.370003,111.349998,91.659149,8518200
2019-05-21,111.440002,111.919998,111.220001,111.730003,91.971954,7967900
2019-05-22,111.400002,111.790001,110.750000,110.820000,91.222893,7918900
2019-05-23,109.639999,109.790001,107.500000,108.639999,89.428391,14558000
2019-05-24,109.519997,109.959999,109.190002,109.709999,90.309181,8537300
2019-05-28,109.199997,109.830002,108.440002,108.519997,89.329605,11665500
2019-05-29,107.449997,108.400002,107.059998,108.220001,89.082649,9966400
2019-05-30,108.650002,109.180000,106.540001,107.059998,88.127777,10367800
2019-05-31,105.559998,106.589996,104.839996,105.959999,87.222313,10952800
2019-06-03,105.800003,106.860001,105.300003,106.459999,87.633896,11680700
2019-06-04,107.849998,109.900002,107.129997,109.739998,90.333893,12858600
2019-06-05,109.860001,110.379997,108.639999,110.129997,90.654892,8340500
2019-06-06,110.150002,110.870003,108.930000,110.370003,90.852463,8726700
2019-06-07,109.699997,110.019997,108.959999,109.160004,89.856445,10618900
2019-06-10,110.750000,111.209999,110.220001,110.339996,90.827789,11380600
2019-06-11,110.820000,111.570000,110.370003,110.680000,91.107635,9847700
2019-06-12,110.699997,110.900002,108.889999,109.269997,89.946976,9670500
2019-06-13,109.459999,110.160004,109.050003,109.540001,90.169235,8406900
2019-06-14,109.570000,110.300003,108.629997,109.820000,90.399734,9077400
2019-06-17,109.699997,110.370003,109.059998,109.220001,89.905846,8128600
2019-06-18,109.010002,111.410004,108.980003,110.709999,91.132355,11057300
2019-06-19,110.820000,111.589996,109.699997,109.910004,90.473824,13126500
2019-06-20,110.879997,111.089996,109.029999,110.190002,90.704292,13638000
2019-06-21,110.190002,111.669998,109.089996,109.440002,90.086929,27089500
2019-06-24,109.279999,109.769997,108.540001,108.660004,89.444862,13039600
2019-06-25,108.680000,108.980003,107.669998,107.760002,88.704002,18660100
2019-06-26,108.300003,109.309998,108.160004,108.480003,89.296684,10324600
2019-06-27,108.839996,109.550003,108.440002,108.839996,89.593010,10906600
2019-06-28,111.040001,112.430000,110.900002,111.800003,92.029594,21634700
2019-07-01,113.230003,114.519997,113.080002,113.680000,93.577133,12724500
2019-07-02,113.510002,114.199997,113.220001,113.800003,93.675919,10174900
2019-07-03,113.339996,113.870003,112.260002,112.820000,93.526688,6849400
2019-07-05,113.510002,114.269997,112.919998,113.489998,94.082115,7929400
2019-07-08,112.959999,113.480003,112.500000,112.870003,93.568130,6917200
2019-07-09,112.279999,113.489998,112.150002,113.349998,93.966064,8947300
2019-07-10,113.370003,113.830002,112.739998,113.019997,93.692474,9242300
2019-07-11,113.370003,114.360001,113.120003,114.099998,94.587799,11595200
2019-07-12,114.129997,115.349998,113.930000,115.300003,95.582596,10783400
2019-07-15,115.540001,115.570000,113.529999,113.900002,94.422012,12946600
2019-07-16,113.480003,115.500000,112.919998,115.120003,95.433365,16945000
2019-07-17,114.430000,114.940002,113.730003,113.989998,94.496620,13120900
2019-07-18,113.930000,115.070000,113.550003,114.669998,95.060341,9397200
2019-07-19,114.889999,115.120003,113.400002,113.540001,94.123566,10402800
2019-07-22,112.910004,114.449997,112.769997,114.269997,94.728737,9061100
2019-07-23,114.879997,116.449997,114.820000,116.360001,96.461319,12752200
2019-07-24,115.580002,116.879997,115.519997,116.830002,96.850937,10011000
2019-07-25,116.889999,117.239998,115.320000,115.709999,95.922493,10138400
2019-07-26,115.769997,116.510002,115.529999,116.220001,96.345245,12800400
2019-07-29,116.459999,117.180000,115.790001,115.849998,96.038536,8500400
2019-07-30,115.190002,116.080002,114.760002,115.589996,95.822990,7121100
2019-07-31,116.099998,116.180000,114.860001,116.000000,96.162888,13648000
2019-08-01,115.330002,116.800003,112.599998,112.940002,93.626183,15664500
2019-08-02,112.400002,113.430000,111.400002,112.930000,93.617897,11025500
2019-08-05,110.790001,110.980003,108.269997,109.570000,90.832489,15855300
2019-08-06,110.050003,110.500000,108.339996,110.430000,91.545425,10203500
2019-08-07,108.000000,108.279999,105.940002,108.029999,89.555840,17320900
2019-08-08,109.050003,110.080002,108.720001,109.860001,91.072891,10903300
2019-08-09,109.349998,110.449997,108.290001,109.739998,90.973389,9980800
2019-08-12,108.440002,108.510002,107.209999,107.680000,89.265678,9393700
2019-08-13,107.949997,110.330002,107.029999,109.339996,90.641808,12124700
2019-08-14,106.300003,106.910004,104.449997,104.800003,86.878197,19491800
2019-08-15,104.820000,106.379997,104.339996,105.199997,87.209801,13365600
2019-08-16,106.370003,107.980003,105.870003,107.720001,89.298836,11830600
2019-08-19,109.629997,109.750000,108.419998,108.690002,90.102966,8265400
2019-08-20,107.849998,108.440002,107.239998,107.309998,88.958954,8374000
2019-08-21,108.209999,108.430000,107.449997,107.610001,89.207687,8189300
2019-08-22,108.370003,109.269997,107.930000,108.720001,90.127846,9343400
2019-08-23,108.000000,108.779999,105.110001,106.019997,87.889542,14762300
2019-08-26,106.620003,106.989998,106.010002,106.870003,88.594208,8209500
2019-08-27,107.349998,107.559998,104.839996,105.739998,87.657471,14331800
2019-08-28,105.080002,107.209999,105.040001,106.800003,88.536194,10585500
2019-08-29,108.139999,109.889999,108.019997,109.220001,90.542328,10002200
2019-08-30,109.839996,110.559998,109.470001,109.860001,91.072891,10170300
2019-09-03,108.980003,108.989998,107.320000,108.559998,89.995186,9868800
2019-09-04,109.449997,110.220001,108.559998,109.870003,91.081192,6929200
2019-09-05,111.250000,113.720001,111.199997,112.370003,93.153641,13224700
2019-09-06,112.660004,112.980003,111.959999,112.610001,93.352623,7836600
2019-09-09,113.709999,116.059998,113.599998,115.400002,95.665504,13985100
2019-09-10,116.300003,117.269997,115.730003,116.870003,96.884117,14333100
2019-09-11,116.889999,117.199997,115.379997,117.190002,97.149391,9919200
2019-09-12,116.550003,118.470001,115.919998,117.910004,97.746239,12283500
2019-09-13,119.000000,120.400002,118.750000,120.230003,99.669510,16257200
2019-09-16,118.900002,119.870003,118.379997,119.160004,98.782501,11993900
2019-09-17,118.419998,118.610001,117.239998,118.570000,98.293388,10735400
2019-09-18,118.320000,120.080002,117.750000,119.760002,99.279892,10665600
2019-09-19,119.699997,120.339996,119.089996,119.379997,98.964859,9382600
2019-09-20,119.739998,120.339996,118.870003,118.900002,98.566978,21862800
2019-09-23,117.779999,119.120003,117.680000,118.879997,98.550369,9135100
2019-09-24,118.750000,119.260002,117.040001,117.330002,97.265450,11696500
2019-09-25,117.269997,118.360001,117.120003,118.000000,97.820877,9389400
2019-09-26,117.879997,118.050003,116.949997,117.029999,97.016754,9899200
2019-09-27,117.959999,118.639999,117.279999,117.720001,97.588753,10207800
2019-09-30,118.360001,118.769997,117.220001,117.690002,97.563881,9755000
2019-10-01,118.400002,119.000000,115.410004,115.550003,95.789841,11250300
2019-10-02,114.809998,114.900002,112.930000,113.250000,93.883163,12548700
2019-10-03,112.269997,112.910004,110.519997,112.190002,93.749451,12735200
2019-10-04,112.339996,114.940002,112.269997,114.620003,95.780045,9453100
2019-10-07,114.190002,115.500000,114.070000,114.370003,95.571144,6771600
2019-10-08,113.059998,113.059998,111.660004,111.820000,93.440285,10806300
2019-10-09,112.669998,113.160004,112.070000,112.629997,94.117134,7273700
2019-10-10,113.139999,115.400002,113.000000,114.209999,95.437424,10994100
2019-10-11,116.029999,117.989998,115.870003,116.139999,97.050209,15076500
2019-10-14,115.849998,116.870003,115.660004,116.449997,97.309258,8779000
2019-10-15,118.849998,121.589996,117.870003,119.959999,100.242317,23379000
2019-10-16,119.959999,120.620003,119.379997,119.680000,100.008324,11087700
2019-10-17,120.750000,121.570000,119.879997,120.349998,100.568207,10818500
2019-10-18,120.000000,121.019997,119.860001,120.559998,100.743698,10417400
2019-10-21,122.050003,123.769997,121.989998,123.550003,103.242233,12714600
2019-10-22,123.449997,125.099998,123.120003,124.790001,104.278404,12549100
2019-10-23,124.199997,125.150002,124.169998,125.120003,104.554169,8828300
2019-10-24,125.290001,125.660004,124.070000,125.029999,104.478958,8020500
2019-10-25,125.000000,126.650002,124.750000,126.029999,105.314606,9055700
2019-10-28,126.570000,127.209999,126.400002,126.510002,105.715698,9522200
2019-10-29,126.059998,127.419998,125.940002,126.430000,105.648842,9797300
2019-10-30,126.050003,126.260002,124.919998,125.730003,105.063919,8513700
2019-10-31,125.489998,125.730003,123.860001,124.919998,104.387062,11589100
2019-11-01,126.199997,127.989998,126.019997,127.800003,106.793671,11682600
2019-11-04,129.080002,129.419998,128.559998,128.820007,107.646019,9159900
2019-11-05,129.389999,130.300003,128.839996,129.100006,107.879997,13747600
2019-11-06,128.690002,129.839996,128.580002,129.300003,108.047127,11231100
2019-11-07,130.429993,131.289993,129.919998,130.000000,108.632057,13528900
2019-11-08,129.880005,130.399994,129.250000,130.380005,108.949608,9293400
2019-11-11,129.600006,130.100006,129.350006,129.919998,108.565216,8679000
2019-11-12,129.630005,130.619995,129.009995,129.160004,107.930107,9099000
2019-11-13,128.130005,128.820007,127.419998,128.479996,107.361893,8023300
2019-11-14,127.720001,128.839996,127.589996,128.600006,107.462181,8483400
2019-11-15,129.229996,129.529999,128.399994,129.529999,108.239326,10163600
2019-11-18,129.559998,130.649994,128.990005,130.619995,109.150146,8749300
2019-11-19,130.990005,131.250000,130.179993,130.580002,109.116714,8824500
2019-11-20,130.300003,130.619995,128.940002,129.630005,108.322853,11782800
2019-11-21,130.000000,130.720001,129.389999,129.929993,108.573547,7705500
2019-11-22,130.149994,131.220001,130.100006,130.789993,109.292206,8167900
2019-11-25,131.250000,132.070007,130.869995,131.490005,109.877144,10068500
2019-11-26,131.820007,131.820007,130.360001,131.669998,110.027519,10490700
2019-11-27,132.289993,132.429993,131.649994,132.059998,110.353447,6607900
2019-11-29,131.869995,132.410004,131.449997,131.759995,110.102776,5712000
2019-12-02,132.309998,132.740005,131.350006,131.470001,109.860428,8615600
2019-12-03,129.770004,129.960007,128.589996,129.779999,108.448204,10361300
2019-12-04,130.380005,132.470001,129.990005,132.339996,110.587433,10318200
2019-12-05,132.679993,133.309998,132.179993,133.059998,111.189095,9587400
2019-12-06,134.690002,135.779999,134.649994,135.039993,112.843605,10170600
2019-12-09,134.630005,135.460007,134.410004,134.410004,112.317192,8498200
2019-12-10,133.250000,134.770004,132.880005,134.500000,112.392372,7532900
2019-12-11,134.289993,135.020004,134.009995,134.179993,112.124992,9011900
2019-12-12,134.490005,138.470001,134.210007,138.020004,115.333794,13717400
2019-12-13,137.949997,138.830002,136.220001,136.809998,114.322708,10592100
2019-12-16,138.380005,138.839996,137.320007,137.339996,114.765579,11372000
2019-12-17,137.729996,138.669998,137.229996,138.179993,115.467506,11546800
2019-12-18,138.149994,139.020004,137.720001,138.039993,115.350510,10381500
2019-12-19,137.759995,138.220001,137.100006,137.350006,114.773949,9350400
2019-12-20,138.020004,138.880005,136.899994,137.240005,114.682037,29992600
2019-12-23,137.600006,137.910004,136.880005,137.199997,114.648582,9738400
2019-12-24,137.330002,137.630005,137.059998,137.580002,114.966141,3324300
2019-12-26,137.889999,139.100006,137.779999,139.039993,116.186172,6770900
2019-12-27,139.300003,139.770004,138.669998,139.139999,116.269745,7868200
2019-12-30,139.899994,140.080002,138.470001,138.630005,115.843567,6963000
2019-12-31,138.509995,139.479996,138.289993,139.399994,116.486961,7201600
2020-01-02,139.789993,141.100006,139.259995,141.089996,117.899216,10803700
2020-01-03,137.500000,139.229996,137.080002,138.339996,116.343330,10386800
2020-01-06,136.559998,138.270004,136.500000,138.229996,116.250847,10259000
2020-01-07,137.279999,137.860001,135.820007,135.880005,114.274498,10531300
2020-01-08,135.699997,137.580002,135.600006,136.940002,115.165993,9695300
2020-01-09,138.050003,138.229996,137.039993,137.440002,115.586441,9469000
2020-01-10,137.210007,137.250000,135.809998,136.070007,114.434288,10190900
2020-01-13,136.190002,137.199997,135.759995,137.199997,115.384621,12355200
2020-01-14,137.940002,140.759995,137.690002,138.800003,116.730263,24906000
2020-01-15,137.850006,138.600006,136.149994,136.720001,114.980949,16293400
2020-01-16,137.449997,137.899994,136.839996,137.250000,115.426682,10783800
2020-01-17,137.539993,138.289993,137.320007,138.199997,116.225601,14697700
2020-01-21,137.190002,138.070007,136.690002,136.839996,115.081871,8474200
2020-01-22,137.240005,137.399994,136.380005,136.679993,114.947319,7549100
2020-01-23,135.710007,136.740005,134.720001,136.539993,114.829567,9345700
2020-01-24,136.369995,136.429993,132.320007,133.149994,111.978592,15166400
2020-01-27,130.270004,132.940002,129.710007,132.029999,111.036674,12860500
2020-01-28,132.839996,134.970001,132.479996,134.429993,113.055054,13062800
2020-01-29,134.809998,135.539993,133.690002,134.229996,112.886864,9326000
2020-01-30,132.690002,136.130005,132.690002,135.889999,114.282921,9048900
2020-01-31,134.490005,134.830002,131.470001,132.360001,111.314194,12785200
2020-02-03,132.660004,134.240005,132.660004,133.369995,112.163620,10021100
2020-02-04,135.550003,136.600006,135.080002,135.289993,113.778305,9157100
2020-02-05,136.570007,137.729996,136.009995,137.589996,115.712608,10150700
2020-02-06,138.240005,138.289993,137.110001,137.610001,115.729454,8992300
2020-02-07,136.729996,137.669998,136.300003,137.169998,115.359398,6379800
2020-02-10,136.949997,137.850006,136.750000,137.740005,115.838768,5960700
2020-02-11,138.259995,138.820007,137.779999,138.000000,116.057426,6578600
2020-02-12,138.600006,139.289993,137.800003,138.000000,116.057426,7958000
2020-02-13,137.750000,138.339996,136.399994,137.880005,115.956505,7447500
2020-02-14,137.839996,138.190002,136.940002,137.460007,115.603279,6627600
2020-02-18,137.339996,137.710007,135.050003,135.639999,114.072685,8996400
2020-02-19,136.910004,138.389999,136.339996,137.490005,115.628525,7071200
2020-02-20,137.169998,138.360001,136.529999,137.490005,115.628525,7422800
2020-02-21,136.550003,136.919998,134.919998,135.809998,114.215622,9772800
2020-02-24,131.440002,133.199997,130.800003,132.160004,111.146004,13618400
2020-02-25,131.000000,132.229996,125.589996,126.260002,106.184128,20797200
2020-02-26,126.930000,128.949997,126.339996,126.639999,106.503700,24825600
2020-02-27,122.910004,125.620003,121.300003,121.370003,102.071648,23005500
2020-02-28,117.519997,118.489998,112.660004,116.110001,97.648048,45931400
2020-03-02,116.629997,121.580002,114.459999,121.519997,102.197807,27355400
2020-03-03,120.970001,122.949997,116.239998,116.959999,98.362877,32547700
2020-03-04,118.330002,120.190002,114.699997,119.849998,100.793335,25795900
2020-03-05,115.669998,116.430000,112.580002,113.970001,95.848289,25025600
2020-03-06,106.260002,110.320000,105.019997,108.080002,90.894836,38159400
2020-03-09,96.570000,99.230003,93.000000,93.440002,78.582672,40352000
2020-03-10,99.000000,101.279999,94.580002,100.699997,84.688278,31102700
2020-03-11,97.699997,100.050003,94.550003,95.959999,80.701950,38127000
2020-03-12,89.589996,96.959999,86.320000,88.050003,74.049690,49725200
2020-03-13,95.989998,103.989998,92.000000,103.910004,87.387886,38543300
2020-03-16,85.199997,93.980003,84.550003,88.360001,74.310379,38589700
2020-03-17,90.889999,97.440002,87.500000,93.760002,78.851776,35239800
2020-03-18,87.669998,90.790001,80.360001,83.889999,70.551140,41525600
2020-03-19,81.559998,88.110001,76.910004,85.300003,71.736938,32175100
2020-03-20,86.300003,89.459999,82.480003,83.500000,70.223160,30150800
2020-03-23,82.680000,83.750000,78.089996,79.029999,66.463890,32536600
2020-03-24,84.900002,90.099998,82.900002,88.430000,74.369263,34363200
2020-03-25,89.239998,95.150002,84.540001,91.730003,77.144547,38111700
2020-03-26,94.080002,98.570000,93.540001,98.120003,82.518486,29826300
2020-03-27,93.190002,94.839996,90.550003,91.129997,76.639946,30041500
2020-03-30,90.650002,94.089996,89.300003,93.500000,78.633125,21656900
2020-03-31,92.050003,94.169998,89.339996,90.029999,75.714859,23379300
2020-04-01,85.099998,86.559998,83.250000,84.360001,70.946396,28029600
2020-04-02,83.510002,87.910004,82.959999,87.510002,73.595558,24018000
2020-04-03,86.000000,87.480003,82.769997,84.050003,71.420212,21199400
2020-04-06,88.989998,90.989998,87.699997,89.459999,76.017296,26820800
2020-04-07,94.449997,94.500000,90.379997,90.639999,77.019966,22563800
2020-04-08,92.099998,94.860001,90.550003,94.300003,80.129990,22903300
2020-04-09,96.919998,104.389999,96.889999,102.760002,87.318771,42055900
2020-04-13,103.110001,103.110001,97.300003,98.190002,83.435493,26911900
2020-04-14,101.019997,102.000000,93.639999,95.500000,81.149681,46151300
2020-04-15,91.150002,92.029999,90.129997,90.790001,77.147430,30118600
2020-04-16,90.230003,90.570000,87.050003,87.330002,74.207344,32449600
2020-04-17,92.000000,95.699997,90.959999,95.180000,80.877777,30191900
2020-04-20,92.470001,94.709999,90.459999,91.709999,77.929192,23679400
2020-04-21,88.620003,91.379997,88.330002,89.050003,75.668907,23035000
2020-04-22,90.690002,91.870003,89.180000,89.339996,75.915321,16662400
2020-04-23,89.739998,91.279999,89.260002,89.389999,75.957817,16638800
2020-04-24,90.639999,91.099998,88.489998,90.709999,77.079460,15809200
2020-04-27,91.940002,95.629997,91.540001,94.620003,80.401917,22870200
2020-04-28,97.809998,98.360001,95.029999,95.290001,80.971230,20238900
2020-04-29,99.080002,99.449997,97.269997,97.860001,83.155067,20462600
2020-04-30,95.599998,96.839996,94.550003,95.760002,81.370613,19127600
2020-05-01,93.500000,93.739998,91.839996,93.250000,79.237785,18547700
2020-05-04,92.019997,92.669998,90.800003,92.139999,78.294579,15725900
2020-05-05,93.650002,94.209999,91.900002,92.000000,78.175613,18064100
2020-05-06,92.160004,92.760002,89.930000,90.269997,76.705559,20978000
2020-05-07,91.339996,92.910004,90.580002,91.209999,77.504333,16771900
2020-05-08,92.800003,94.080002,92.110001,92.699997,78.770424,20487800
2020-05-11,91.110001,91.110001,89.330002,89.970001,76.450645,31907600
2020-05-12,90.150002,90.790001,86.900002,87.029999,73.952438,27962900
2020-05-13,86.379997,86.860001,83.400002,84.029999,71.403236,35451600
2020-05-14,82.720001,88.110001,82.400002,87.519997,74.368813,35152500
2020-05-15,86.849998,87.279999,85.300003,85.900002,72.992226,26099000
2020-05-18,88.690002,91.150002,87.879997,90.449997,76.858513,30504400
2020-05-19,90.050003,91.199997,88.589996,88.669998,75.346001,19597300
2020-05-20,90.709999,92.389999,90.370003,91.330002,77.606300,20552400
2020-05-21,90.269997,91.760002,89.669998,90.169998,76.620613,14621400
2020-05-22,90.010002,90.360001,88.720001,89.470001,76.025780,13557900
2020-05-26,92.889999,97.500000,92.610001,95.820000,81.421608,41233900
2020-05-27,102.070000,102.580002,98.800003,101.370003,86.137619,39402000
2020-05-28,102.940002,102.949997,99.400002,99.860001,84.854530,24713900
2020-05-29,98.660004,99.180000,96.779999,97.309998,82.687698,26526400
2020-06-01,97.750000,99.510002,97.379997,98.599998,83.783882,15176800
2020-06-02,100.279999,100.419998,97.930000,98.930000,84.064293,21195000
2020-06-03,101.580002,104.919998,101.059998,104.269997,88.601852,25941100
2020-06-04,103.820000,106.610001,102.790001,106.440002,90.445801,26784700
2020-06-05,114.930000,115.769997,109.529999,111.230003,94.516014,42231000
2020-06-08,113.410004,114.190002,111.940002,113.449997,96.402443,24881800
2020-06-09,110.650002,111.629997,109.010002,110.540001,93.929680,17031100
2020-06-10,110.459999,110.510002,105.849998,106.059998,90.122902,24913300
2020-06-11,100.029999,101.580002,96.540001,97.209999,82.602730,36259200
2020-06-12,100.709999,101.129997,97.330002,99.870003,84.863014,24856800
2020-06-15,96.419998,101.430000,95.870003,101.250000,86.035645,22153600
2020-06-16,105.370003,105.680000,99.309998,102.059998,86.723946,22193600
2020-06-17,102.529999,102.540001,99.209999,99.480003,84.531624,15639800
2020-06-18,98.669998,100.519997,98.129997,98.940002,84.072792,16591900
2020-06-19,100.529999,100.599998,96.730003,97.809998,83.112572,40371200
2020-06-22,97.250000,97.949997,96.540001,96.750000,82.211845,16216900
2020-06-23,98.970001,99.970001,97.849998,97.930000,83.214539,15381400
2020-06-24,96.750000,96.839996,94.309998,94.660004,80.435921,22919800
2020-06-25,94.349998,98.209999,94.260002,97.959999,83.240051,25743600
2020-06-26,95.110001,95.370003,92.000000,92.589996,78.676949,41896300
2020-06-29,93.400002,94.489998,92.180000,93.000000,79.025352,18499700
2020-06-30,92.830002,94.660004,92.570000,94.059998,79.926071,19137000
2020-07-01,94.889999,95.709999,93.029999,93.260002,79.246284,18755700
2020-07-02,94.739998,94.959999,91.930000,92.660004,79.503685,27845600
2020-07-06,94.430000,95.199997,93.480003,95.000000,81.511421,18625300
2020-07-07,93.820000,94.099998,92.000000,92.320000,79.211960,25757200
2020-07-08,92.290001,93.339996,91.800003,93.300003,80.052811,18762200
2020-07-09,93.519997,94.120003,90.779999,91.279999,78.319626,25600800
2020-07-10,92.000000,96.839996,91.870003,96.269997,82.601143,28954200
2020-07-13,98.730003,99.269997,96.230003,97.650002,83.785187,32079200
2020-07-14,98.370003,99.949997,96.639999,98.209999,84.265678,42731700
2020-07-15,100.889999,101.290001,98.650002,99.730003,85.569855,22508400
2020-07-16,98.779999,101.220001,98.550003,100.010002,85.810089,16886900
2020-07-17,100.000000,100.080002,98.139999,98.160004,84.222771,16137700
2020-07-20,97.430000,98.389999,97.260002,97.300003,83.484886,14458100
2020-07-21,97.709999,100.050003,97.639999,99.410004,85.295296,17798100
2020-07-22,99.650002,100.129997,97.529999,98.690002,84.677521,14271200
2020-07-23,98.500000,99.349998,97.970001,98.980003,84.926338,12870200
2020-07-24,99.599998,99.800003,97.940002,98.279999,84.325714,12744200
2020-07-27,97.510002,97.629997,96.169998,96.900002,83.141670,11959100
2020-07-28,96.500000,97.889999,96.500000,97.320000,83.502037,11754300
2020-07-29,97.070000,99.709999,97.000000,99.680000,85.526932,12743500
2020-07-30,97.540001,97.739998,96.050003,97.019997,83.244644,14834800
2020-07-31,96.480003,96.930000,95.250000,96.639999,82.918594,14535000
2020-08-03,97.019997,97.570000,95.849998,96.099998,82.455246,12962800
2020-08-04,95.910004,95.949997,95.029999,95.550003,81.983353,13366200
2020-08-05,95.870003,98.470001,95.720001,97.209999,83.407654,15260900
2020-08-06,97.580002,98.099998,96.540001,97.239998,83.433388,10482100
2020-08-07,96.930000,99.489998,96.559998,99.379997,85.269531,14743700
2020-08-10,100.110001,102.040001,100.029999,100.639999,86.350655,14989900
2020-08-11,103.860001,106.160004,103.510002,103.820000,89.079140,31518600
2020-08-12,106.160004,106.430000,101.709999,102.940002,88.324104,19240800
2020-08-13,102.000000,103.360001,101.639999,102.370003,87.835014,13598600
2020-08-14,101.500000,103.309998,101.419998,102.410004,87.869339,12134400
2020-08-17,101.500000,102.000000,99.529999,99.709999,85.552704,14988000
2020-08-18,99.910004,99.910004,98.120003,98.320000,84.360054,13246500
2020-08-19,98.919998,100.589996,98.339996,98.550003,84.557396,13533000
2020-08-20,97.260002,98.029999,96.800003,97.370003,83.544930,13672600
2020-08-21,97.269997,98.570000,96.940002,97.320000,83.502037,12228300
2020-08-24,98.449997,100.209999,97.419998,100.059998,85.853020,17898300
2020-08-25,101.269997,101.980003,99.800003,100.500000,86.230515,13648900
2020-08-26,99.940002,100.269997,99.050003,99.089996,85.020721,12052400
2020-08-27,99.000000,102.650002,99.000000,102.349998,87.817863,22163900
2020-08-28,103.139999,103.250000,101.809998,102.769997,88.178207,13756700
2020-08-31,102.120003,102.180000,100.019997,100.190002,85.964546,14219400
2020-09-01,99.550003,100.870003,99.040001,100.139999,85.921638,11595600
2020-09-02,99.949997,101.940002,99.559998,101.650002,87.217239,14475700
2020-09-03,103.320000,104.989998,100.639999,101.330002,86.942665,23281200
2020-09-04,104.050003,105.209999,101.370003,103.519997,88.821739,26325500
2020-09-08,102.980003,103.570000,99.480003,99.919998,85.732872,22108600
2020-09-09,100.800003,101.690002,99.559998,100.870003,86.547997,13434000
2020-09-10,101.400002,102.419998,99.639999,99.830002,85.655647,15922800
2020-09-11,99.970001,101.360001,99.589996,101.070000,86.719597,13784300
2020-09-14,101.510002,103.459999,101.370003,102.470001,87.920807,19017400
2020-09-15,102.730003,102.849998,99.139999,99.279999,85.183739,23683000
2020-09-16,99.430000,101.129997,98.760002,99.699997,85.544106,19270600
2020-09-17,98.699997,99.339996,97.709999,98.559998,84.565971,18290100
2020-09-18,97.889999,99.489998,97.440002,98.349998,84.385811,20121600
2020-09-21,95.199997,96.050003,93.820000,95.309998,81.777435,28378800
2020-09-22,94.959999,95.660004,93.669998,94.269997,80.885071,19257000
2020-09-23,94.779999,95.349998,92.660004,92.739998,79.572334,19952700
2020-09-24,92.320000,94.300003,91.379997,92.660004,79.503685,18366500
2020-09-25,92.050003,93.720001,91.870003,93.470001,80.198685,13293100
2020-09-28,95.059998,96.930000,94.349998,96.160004,82.506744,20894100
2020-09-29,96.029999,96.029999,94.330002,95.349998,81.811760,12848200
2020-09-30,95.349998,97.199997,95.260002,96.269997,82.601143,16400600
2020-10-01,97.120003,97.769997,96.029999,96.970001,83.201714,15778700
2020-10-02,95.250000,98.589996,95.089996,97.889999,83.991104,15149600
2020-10-05,98.320000,99.250000,97.529999,99.040001,85.766365,13871900
2020-10-06,100.070000,100.860001,97.510002,98.019997,84.883057,19220400
2020-10-07,98.959999,100.349998,98.669998,99.730003,86.363853,16358500
2020-10-08,100.510002,101.919998,99.900002,101.779999,88.139137,15659000
2020-10-09,102.000000,102.110001,100.110001,101.199997,87.636864,13689100
2020-10-12,101.099998,103.000000,100.849998,102.440002,88.710678,16058000
2020-10-13,103.000000,103.220001,100.260002,100.779999,87.273170,21697300
2020-10-14,101.029999,101.930000,100.099998,100.220001,86.788208,15204100
2020-10-15,99.099998,101.779999,99.040001,101.720001,88.087189,17171200
2020-10-16,101.410004,102.330002,100.720001,101.510002,87.905319,13275000
2020-10-19,101.599998,101.870003,99.559998,99.800003,86.424500,11725700
2020-10-20,100.309998,101.769997,100.120003,100.370003,86.918098,11257100
2020-10-21,100.360001,100.989998,99.330002,99.370003,86.052132,10730500
2020-10-22,99.320000,103.239998,99.309998,102.879997,89.091736,14837200
2020-10-23,103.500000,104.449997,102.930000,103.809998,89.897049,15087600
2020-10-26,102.650002,102.699997,100.250000,101.239998,87.671509,12410700
2020-10-27,100.510002,100.919998,99.160004,99.330002,86.017509,10391700
2020-10-28,97.500000,98.300003,96.070000,96.540001,83.601425,16389500
2020-10-29,96.120003,97.980003,95.239998,97.169998,84.146973,14208800
2020-10-30,97.910004,98.419998,96.230003,98.040001,84.900398,15194500
2020-11-02,99.389999,100.879997,97.860001,100.250000,86.814194,15011600
2020-11-03,103.019997,104.739998,102.690002,103.410004,89.550690,17482600
2020-11-04,101.000000,102.070000,98.930000,100.250000,86.814194,18886500
2020-11-05,101.059998,105.099998,101.000000,104.349998,90.364716,17837400
2020-11-06,105.029999,105.099998,102.389999,102.959999,89.160995,12552800
2020-11-09,113.160004,118.900002,110.349998,116.900002,101.232704,47792400
2020-11-10,117.349998,117.449997,114.690002,116.519997,100.903648,20539300
2020-11-11,116.889999,116.959999,113.959999,114.779999,99.396843,14443400
2020-11-12,112.529999,113.959999,112.059998,113.370003,98.175819,22063000
2020-11-13,114.699997,114.860001,113.570000,114.080002,98.790642,11847900
2020-11-16,117.790001,118.610001,115.730003,117.300003,101.579102,19858600
2020-11-17,115.389999,116.440002,114.580002,116.110001,100.548607,14553200
2020-11-18,117.339996,118.610001,115.199997,115.250000,99.803848,12571200
2020-11-19,114.180000,115.820000,113.559998,115.559998,100.072296,10202500
2020-11-20,114.430000,115.650002,114.089996,114.570000,99.214981,12718900
2020-11-23,116.050003,118.169998,115.570000,117.870003,102.072701,13209200
2020-11-24,120.070000,123.500000,119.709999,123.320000,106.792274,20121600
2020-11-25,121.370003,122.379997,120.470001,122.029999,105.675186,11715600
2020-11-27,122.000000,122.349998,121.080002,121.220001,104.973717,5983600
2020-11-30,120.000000,120.720001,117.769997,117.879997,102.081375,14411800
2020-12-01,120.339996,121.580002,119.629997,119.739998,103.692078,12668900
2020-12-02,119.699997,122.309998,119.269997,122.040001,105.683815,10811300
2020-12-03,121.849998,121.889999,120.360001,121.239998,104.991051,12904400
2020-12-04,122.480003,123.290001,121.690002,122.339996,105.943611,13583700
2020-12-07,121.150002,122.169998,120.209999,121.879997,105.545273,9724300
2020-12-08,121.040001,122.330002,120.760002,122.000000,105.649208,9592100
2020-12-09,123.169998,123.300003,120.440002,121.050003,104.826508,13073900
2020-12-10,119.989998,120.779999,119.559998,120.269997,104.151062,13668400
2020-12-11,118.940002,120.019997,118.370003,119.559998,103.536209,9981600
2020-12-14,121.339996,121.419998,118.110001,118.300003,102.445068,12112400
2020-12-15,119.290001,120.900002,118.620003,120.320000,104.194366,12590200
2020-12-16,120.300003,121.080002,119.860001,120.669998,104.497444,11169400
2020-12-17,121.260002,121.449997,119.580002,119.669998,103.631470,11618000
2020-12-18,119.139999,119.879997,118.269997,119.080002,103.120552,28954800
2020-12-21,123.169998,125.000000,121.089996,123.550003,106.991447,28323600
2020-12-22,123.389999,123.519997,121.610001,121.669998,105.363411,11788200
2020-12-23,122.779999,126.519997,122.349998,125.070000,108.307739,14973200
2020-12-24,125.089996,125.550003,123.570000,124.519997,107.831451,4164900
2020-12-28,125.820000,126.650002,124.790001,125.339996,108.541550,8072600
2020-12-29,126.199997,126.279999,124.889999,125.010002,108.255791,8389200
2020-12-30,125.489998,125.849998,124.900002,125.360001,108.558868,7398000
2020-12-31,125.089996,127.330002,124.820000,127.070000,110.039688,8580200
2021-01-04,127.500000,127.860001,124.779999,125.870003,109.000534,16819900
2021-01-05,124.989998,126.300003,123.769997,125.650002,109.593643,13731200
2021-01-06,129.880005,132.770004,127.879997,131.550003,114.739677,24909100
2021-01-07,135.690002,138.190002,134.919998,135.869995,118.507652,21940400
2021-01-08,135.970001,136.350006,134.119995,136.020004,118.638466,12035100
2021-01-11,134.580002,138.199997,134.110001,138.050003,120.409081,15937900
2021-01-12,139.440002,141.660004,138.830002,140.220001,122.301773,18033500
2021-01-13,138.589996,140.789993,138.100006,140.350006,122.415184,14816800
2021-01-14,140.490005,142.750000,140.000000,141.169998,123.130371,18565600
2021-01-15,137.429993,141.649994,137.009995,138.639999,120.923691,27881000
2021-01-19,139.860001,140.699997,137.820007,138.039993,120.400337,19843800
2021-01-20,137.820007,138.169998,135.440002,135.970001,118.594887,16028800
2021-01-21,135.690002,136.160004,134.320007,134.830002,117.600563,13411700
2021-01-22,132.690002,134.399994,132.199997,133.789993,116.693436,12933200
2021-01-25,132.139999,133.169998,130.059998,132.119995,115.236847,14212800
2021-01-26,132.750000,133.169998,131.339996,131.580002,114.765846,11307800
2021-01-27,129.589996,129.850006,127.349998,127.860001,111.521202,17603900
2021-01-28,129.899994,132.169998,128.990005,130.110001,113.483719,13761800
2021-01-29,131.190002,131.720001,128.190002,128.669998,112.227707,14808100
2021-02-01,129.399994,130.070007,128.479996,129.619995,113.056328,11080700
2021-02-02,131.940002,134.389999,131.220001,133.610001,116.536430,12253600
2021-02-03,133.649994,135.759995,133.509995,135.139999,117.870956,10600800
2021-02-04,135.470001,138.660004,135.470001,138.250000,120.583527,12419500
2021-02-05,139.389999,139.490005,137.380005,137.979996,120.348030,10051300
2021-02-08,138.199997,140.300003,138.179993,140.139999,122.232010,10136400
2021-02-09,139.429993,139.979996,138.539993,139.580002,121.743561,8614800
2021-02-10,140.000000,140.869995,139.039993,139.660004,121.813347,10323200
2021-02-11,139.660004,140.550003,138.220001,139.270004,121.473167,9201000
2021-02-12,139.050003,141.610001,139.000000,141.250000,123.200157,8324600
2021-02-16,143.550003,145.320007,142.399994,144.649994,126.165688,12130600
2021-02-17,143.949997,145.380005,143.119995,145.100006,126.558167,10810100
2021-02-18,144.000000,145.789993,143.399994,145.589996,126.985573,10587800
2021-02-19,145.860001,148.839996,145.860001,148.020004,129.105087,11969800
2021-02-22,146.869995,150.190002,146.789993,149.410004,130.317444,11488400
2021-02-23,151.509995,152.309998,149.589996,150.610001,131.364075,16234400
2021-02-24,150.110001,153.759995,150.110001,153.259995,133.675430,15061400
2021-02-25,154.270004,154.899994,150.589996,151.179993,131.861252,18127700
2021-02-26,150.300003,150.869995,146.509995,147.169998,128.363663,19829200
2021-03-01,149.520004,151.380005,148.479996,150.500000,131.268143,14845500
2021-03-02,150.080002,151.779999,149.839996,150.009995,130.840790,14221700
2021-03-03,151.229996,154.979996,150.820007,152.910004,133.370193,14324100
2021-03-04,152.610001,154.380005,148.619995,150.559998,131.320465,20093900
2021-03-05,153.220001,153.490005,147.970001,150.910004,131.625748,18465100
2021-03-08,152.470001,155.460007,150.750000,152.910004,133.370193,17133300
2021-03-09,151.500000,154.250000,149.820007,151.830002,132.428162,16238800
2021-03-10,151.910004,156.160004,151.509995,155.130005,135.306458,14342200
2021-03-11,154.110001,156.149994,153.360001,154.320007,134.599991,11771500
2021-03-12,156.860001,157.630005,155.070007,156.149994,136.196121,12849500
2021-03-15,156.350006,156.919998,153.960007,155.369995,135.515778,12101100
2021-03-16,154.089996,154.600006,152.190002,153.509995,133.893494,12805600
2021-03-17,155.339996,156.880005,153.050003,155.089996,135.271606,13952400
2021-03-18,157.600006,161.690002,157.110001,157.649994,137.504440,21898500
2021-03-19,155.509995,155.940002,151.190002,155.139999,135.315216,54418800
2021-03-22,152.800003,153.970001,150.610001,150.970001,131.678085,19944800
2021-03-23,150.330002,152.119995,148.960007,149.460007,130.361053,17076300
2021-03-24,150.000000,153.179993,149.860001,150.619995,131.372803,13079800
2021-03-25,150.000000,152.970001,149.330002,152.550003,133.056183,15608300
2021-03-26,154.300003,155.449997,152.550003,155.089996,135.271606,16754400
2021-03-29,152.119995,153.729996,151.039993,152.679993,133.169556,17570300
2021-03-30,154.460007,155.869995,153.880005,154.479996,134.739548,13184300
2021-03-31,153.279999,154.490005,152.119995,152.229996,132.777054,16736700
2021-04-01,151.899994,153.789993,151.550003,153.710007,134.067947,16561500
2021-04-05,154.399994,154.940002,152.600006,153.619995,134.778595,13508000
2021-04-06,152.789993,154.279999,151.860001,152.539993,133.831055,13071600
2021-04-07,153.100006,155.229996,152.649994,154.929993,135.927917,16903500
2021-04-08,154.000000,155.509995,152.309998,155.119995,136.094589,12335500
2021-04-09,155.809998,157.039993,154.970001,156.279999,137.112350,12122400
2021-04-12,155.580002,157.250000,155.570007,155.949997,136.822830,12273400
2021-04-13,154.750000,155.199997,152.429993,154.089996,135.190964,16113600
2021-04-14,151.470001,153.830002,150.929993,151.210007,132.664169,19939600
2021-04-15,151.250000,152.199997,149.320007,152.169998,133.506439,17694100
2021-04-16,153.869995,154.509995,152.690002,153.300003,134.497864,13773400
2021-04-19,153.419998,153.880005,152.220001,152.649994,133.927567,11900200
2021-04-20,151.740005,151.750000,148.649994,149.270004,130.962143,13716700
2021-04-21,147.789993,150.610001,146.789993,150.539993,132.076340,12236700
2021-04-22,150.229996,150.300003,147.259995,147.369995,129.295135,15256100
2021-04-23,147.179993,151.130005,146.690002,150.190002,131.769272,14041900
2021-04-26,150.779999,152.460007,150.380005,150.559998,132.093918,10799100
2021-04-27,150.500000,151.570007,150.110001,151.250000,132.699280,12821200
2021-04-28,152.429993,152.889999,151.399994,152.229996,133.559067,8943700
2021-04-29,153.539993,155.279999,153.199997,155.190002,136.156036,12976900
2021-04-30,154.100006,154.490005,153.009995,153.809998,134.945328,11705100
2021-05-03,154.850006,155.479996,153.130005,153.360001,134.550476,11801100
2021-05-04,152.869995,155.639999,152.139999,155.479996,136.410492,12977700
2021-05-05,156.000000,158.279999,154.630005,157.520004,138.200241,10506700
2021-05-06,158.070007,160.820007,157.160004,160.690002,140.981430,13542400
2021-05-07,157.220001,161.500000,157.020004,161.240005,141.464005,14257800
2021-05-10,161.500000,163.729996,161.119995,161.220001,141.446472,14014300
2021-05-11,161.080002,162.389999,158.039993,158.539993,139.095154,15451700
2021-05-12,159.610001,160.779999,157.029999,157.449997,138.138870,14381700
2021-05-13,158.179993,162.449997,157.679993,161.500000,141.692123,15395000
2021-05-14,162.389999,164.449997,161.990005,164.009995,143.894272,10584000
2021-05-17,163.369995,164.850006,163.029999,164.669998,144.473343,9886800
2021-05-18,164.679993,165.500000,162.240005,162.350006,142.437897,11098100
2021-05-19,161.000000,161.179993,158.639999,161.110001,141.349915,13278900
2021-05-20,160.830002,161.860001,159.520004,160.830002,141.104309,10426000
2021-05-21,161.339996,163.220001,160.940002,162.660004,142.709824,10249000
2021-05-24,163.360001,164.229996,162.119995,163.539993,143.481888,9440300
2021-05-25,163.850006,165.699997,161.559998,161.850006,141.999207,12609100
2021-05-26,163.570007,163.740005,161.309998,161.830002,141.981644,13058300
2021-05-27,163.949997,164.750000,162.570007,164.350006,144.192581,15707500
2021-05-28,164.679993,164.940002,163.259995,164.240005,144.096054,10291300
2021-06-01,165.869995,166.910004,165.479996,166.050003,145.684067,9445400
2021-06-02,167.259995,167.440002,165.529999,166.059998,145.692871,10498600
2021-06-03,165.410004,167.250000,164.660004,166.169998,145.789337,13354400
2021-06-04,166.210007,166.669998,165.029999,166.440002,146.026245,8510800
2021-06-07,167.000000,167.100006,165.139999,165.660004,145.341888,7267200
2021-06-08,164.490005,165.759995,163.160004,165.000000,144.762848,10370700
2021-06-09,164.139999,164.220001,162.279999,162.940002,142.955460,12377400
2021-06-10,164.360001,165.240005,160.309998,160.399994,140.727020,12119400
2021-06-11,160.429993,161.199997,159.059998,160.289993,140.630508,13683800
2021-06-14,160.149994,160.330002,156.660004,157.570007,138.244125,19917900
2021-06-15,156.699997,156.919998,154.130005,155.179993,136.147293,24485500
2021-06-16,154.729996,157.619995,153.110001,156.270004,137.103592,25321200
2021-06-17,157.100006,157.460007,151.250000,151.759995,133.146713,29722400
2021-06-18,149.300003,149.699997,147.559998,147.919998,129.777679,43595700
2021-06-21,149.080002,151.199997,149.020004,150.429993,131.979874,18664800
2021-06-22,150.600006,150.970001,148.660004,150.210007,131.786819,14251200
2021-06-23,150.199997,152.039993,150.089996,151.119995,132.585236,12733300
2021-06-24,151.919998,153.119995,151.220001,152.509995,133.804764,13733200
2021-06-25,152.589996,154.500000,151.669998,154.050003,135.155853,15484900
2021-06-28,153.699997,154.479996,152.119995,154.330002,135.401520,14125800
2021-06-29,155.000000,156.309998,153.610001,154.139999,135.234818,14528700
2021-06-30,153.750000,156.080002,153.710007,155.539993,136.463074,12531000
2021-07-01,156.259995,157.139999,155.419998,157.080002,137.814240,10479400
2021-07-02,155.949997,156.320007,155.119995,156.029999,137.681854,11424000
2021-07-06,155.779999,155.779999,152.350006,153.410004,135.369965,15083400
2021-07-07,152.009995,154.279999,151.550003,153.589996,135.528824,12271800
2021-07-08,151.610001,152.529999,150.039993,150.940002,133.190414,17834600
2021-07-09,153.050003,156.149994,152.580002,155.770004,137.452438,13694500
2021-07-12,154.350006,159.160004,153.940002,158.000000,139.420227,19940400
2021-07-13,156.050003,157.389999,153.500000,155.649994,137.346558,22671700
2021-07-14,155.949997,157.279999,152.949997,155.119995,136.878830,14622800
2021-07-15,153.899994,156.529999,153.699997,155.460007,137.178940,11539300
2021-07-16,155.960007,156.279999,151.020004,151.910004,134.046341,14002700
2021-07-19,148.550003,149.820007,145.710007,146.970001,129.687256,22172900
2021-07-20,146.520004,151.119995,146.330002,149.710007,132.105072,15385200
2021-07-21,152.050003,153.649994,151.360001,152.860001,134.884598,12356700
2021-07-22,152.880005,153.440002,149.970001,150.929993,133.181564,9913300
2021-07-23,151.479996,152.839996,150.250000,150.639999,132.925690,9666100
2021-07-26,150.190002,151.960007,150.169998,151.649994,133.816910,8208000
2021-07-27,150.399994,152.490005,149.800003,151.449997,133.640427,11218700
2021-07-28,152.289993,152.770004,150.880005,151.699997,133.861084,9217300
2021-07-29,153.139999,153.869995,151.910004,153.000000,135.008179,9063500
2021-07-30,152.580002,153.669998,151.199997,151.779999,133.931625,9805200
2021-08-02,152.029999,154.449997,151.070007,151.169998,133.393372,10203200
2021-08-03,151.949997,153.320007,149.520004,152.889999,134.911118,10394800
2021-08-04,151.250000,153.369995,150.910004,151.240005,133.455154,10155000
2021-08-05,152.279999,153.690002,152.009995,153.149994,135.140518,9151500
2021-08-06,155.190002,157.820007,155.110001,157.500000,138.978943,13328800
2021-08-09,157.520004,158.550003,155.899994,157.330002,138.829041,9516900
2021-08-10,156.740005,159.979996,156.309998,159.259995,140.532028,8667000
2021-08-11,160.000000,161.500000,159.080002,161.160004,142.208603,9156500
2021-08-12,161.880005,162.369995,160.550003,161.789993,142.764496,8844200
2021-08-13,161.789993,162.160004,159.570007,159.979996,141.167358,8980900
2021-08-16,158.940002,159.029999,156.779999,158.929993,140.240829,8755800
2021-08-17,157.570007,158.860001,155.270004,157.009995,138.546616,9347200
2021-08-18,156.309998,158.009995,155.339996,155.580002,137.284790,8065500
2021-08-19,153.160004,155.559998,153.009995,154.279999,136.137650,9517700
2021-08-20,154.350006,154.899994,153.160004,154.720001,136.525925,6974100
2021-08-23,155.330002,157.089996,155.240005,156.699997,138.273102,7934600
2021-08-24,157.000000,158.550003,156.869995,157.669998,139.129028,7670900
2021-08-25,158.509995,161.779999,157.800003,160.919998,141.996857,11335000
2021-08-26,162.259995,163.830002,161.149994,161.750000,142.729248,11027500
2021-08-27,161.750000,163.160004,161.259995,163.050003,143.876373,8780200
2021-08-30,163.210007,163.490005,159.880005,160.440002,141.573242,7937600
2021-08-31,160.440002,161.369995,159.350006,159.949997,141.140900,12340800
2021-09-01,160.220001,160.759995,158.970001,159.720001,140.938004,8729900
2021-09-02,160.020004,161.610001,159.429993,160.460007,141.590927,8813300
2021-09-03,160.389999,160.889999,159.149994,159.490005,140.734970,7959700
2021-09-07,159.990005,161.380005,158.960007,159.210007,140.487961,9285600
2021-09-08,158.889999,159.580002,158.039993,158.500000,139.861420,7852700
2021-09-09,158.270004,160.830002,158.080002,159.190002,140.470276,7904300
2021-09-10,160.559998,160.720001,157.220001,157.360001,138.855453,8311600
2021-09-13,158.529999,160.050003,158.070007,159.860001,141.061523,10052800
2021-09-14,160.449997,161.339996,156.259995,157.070007,138.599564,11685600
2021-09-15,156.720001,158.690002,156.470001,158.160004,139.561432,11691500
2021-09-16,159.410004,160.850006,157.220001,158.089996,139.499649,10880900
2021-09-17,157.380005,159.009995,157.000000,157.679993,139.137817,25581600
2021-09-20,153.889999,154.559998,150.490005,152.960007,134.972900,15819900
2021-09-21,153.529999,154.550003,152.580002,152.979996,134.990479,8999900
2021-09-22,155.199997,157.250000,155.100006,155.910004,137.575958,11236200
2021-09-23,158.000000,161.710007,157.669998,161.179993,142.226273,12336100
2021-09-24,161.440002,163.589996,160.820007,163.039993,143.867508,10102400
2021-09-27,165.000000,167.399994,164.610001,166.979996,147.344208,13220900
2021-09-28,167.699997,169.300003,165.660004,166.080002,146.550049,13387900
2021-09-29,166.210007,166.899994,165.039993,165.949997,146.435349,7777100
2021-09-30,166.919998,166.990005,162.789993,163.690002,144.441101,13161200
2021-10-01,164.000000,168.300003,163.600006,167.130005,147.476578,11285000
2021-10-04,166.970001,170.440002,165.729996,166.949997,147.317749,14120000
2021-10-05,167.210007,170.139999,166.669998,168.660004,149.723495,12292900
2021-10-06,167.990005,169.100006,166.000000,169.020004,150.043045,8692600
2021-10-07,171.199997,171.509995,169.539993,170.089996,150.992935,10195400
2021-10-08,170.020004,171.339996,169.300003,170.220001,151.108322,8190100
2021-10-11,170.800003,171.289993,166.460007,166.639999,147.930222,12154700
2021-10-12,165.750000,166.690002,164.770004,165.360001,146.793976,13032600
2021-10-13,164.070007,165.410004,160.600006,161.000000,142.923492,22753500
2021-10-14,161.750000,164.009995,160.059998,163.470001,145.116211,15176800
2021-10-15,165.350006,167.169998,164.139999,166.610001,147.903656,14267400
2021-10-18,166.479996,168.610001,165.910004,166.550003,147.850403,12672900
2021-10-19,167.399994,168.649994,166.580002,168.570007,149.643570,8053900
2021-10-20,168.300003,170.869995,167.460007,170.839996,151.658722,8185600
2021-10-21,170.759995,171.330002,168.679993,169.500000,150.469147,8415200
2021-10-22,170.029999,172.089996,169.699997,171.779999,152.493179,8817900
2021-10-25,172.710007,172.960007,170.479996,170.940002,151.747482,10159200
2021-10-26,171.000000,172.490005,170.539993,171.399994,152.155823,8015100
2021-10-27,170.320007,170.699997,167.339996,167.830002,148.986725,9847000
2021-10-28,168.300003,170.509995,167.960007,170.360001,151.232605,7212900
2021-10-29,171.179993,172.240005,169.389999,169.889999,150.815353,8140100
2021-11-01,172.039993,172.330002,169.009995,169.800003,150.735458,7435500
2021-11-02,169.800003,171.690002,168.919998,170.470001,151.330276,7173800
2021-11-03,170.130005,171.130005,169.149994,170.529999,151.383469,8402700
2021-11-04,170.000000,170.199997,166.490005,168.289993,149.395050,9574200
2021-11-05,168.899994,170.089996,167.410004,168.050003,149.181931,7975600
2021-11-08,169.050003,170.919998,168.740005,169.059998,150.078568,6413700
2021-11-09,167.350006,168.470001,166.600006,167.779999,148.942261,7990300
2021-11-10,167.449997,168.949997,167.089996,167.619995,148.800217,6999200
2021-11-11,167.520004,168.679993,166.899994,167.610001,148.791382,5815300
2021-11-12,167.649994,167.740005,165.720001,166.860001,148.125595,8113400
2021-11-15,167.210007,167.789993,166.000000,166.559998,147.859238,6492500
2021-11-16,167.059998,167.070007,165.119995,165.360001,146.793976,9706100
2021-11-17,165.210007,165.559998,163.389999,164.470001,146.003906,9909600
2021-11-18,164.389999,164.850006,162.559998,163.050003,144.743362,8122500
2021-11-19,161.300003,162.110001,159.449997,160.919998,142.852493,12193600
2021-11-22,164.160004,165.979996,162.990005,164.350006,145.897415,14549900
2021-11-23,165.500000,168.559998,165.369995,168.279999,149.386139,12354400
2021-11-24,168.460007,169.440002,166.440002,166.960007,148.214371,9629800
2021-11-26,162.139999,162.649994,158.820007,161.929993,143.749100,13619300
2021-11-29,163.309998,164.779999,159.820007,161.229996,143.127655,12104400
2021-11-30,159.160004,160.630005,158.289993,158.830002,140.997162,18922600
2021-12-01,161.000000,163.270004,157.800003,157.889999,140.162704,12253400
2021-12-02,159.830002,163.250000,158.800003,161.210007,143.109924,12969900
2021-12-03,161.500000,161.830002,157.190002,158.289993,140.517792,12681800
2021-12-06,161.009995,162.610001,159.460007,160.160004,142.177811,11186500
2021-12-07,161.880005,163.389999,161.160004,162.570007,144.317245,9851600
2021-12-08,162.660004,163.270004,160.169998,160.710007,142.666061,11705700
2021-12-09,159.649994,160.929993,158.649994,160.460007,142.444153,11189600
2021-12-10,161.320007,161.699997,159.130005,159.820007,141.875992,10405400
2021-12-13,159.500000,159.789993,157.279999,157.919998,140.189316,12069000
2021-12-14,157.449997,160.889999,157.300003,159.130005,141.263458,12563600
2021-12-15,159.850006,159.850006,157.350006,157.940002,140.207077,14014200
2021-12-16,160.389999,161.820007,158.699997,160.410004,142.399734,19542800
2021-12-17,159.320007,159.380005,155.179993,156.759995,139.159561,28082000
2021-12-20,154.509995,154.699997,151.839996,153.940002,136.656189,15148000
2021-12-21,155.410004,157.179993,155.089996,156.089996,138.564774,11291300
2021-12-22,155.750000,157.059998,155.240005,156.699997,139.106293,7273000
2021-12-23,157.610001,159.119995,157.210007,157.259995,139.603424,8055200
2021-12-27,157.600006,158.199997,156.339996,158.160004,140.402405,6188100
2021-12-28,158.199997,160.149994,158.080002,158.639999,140.828476,6342300
2021-12-29,158.850006,159.630005,158.149994,158.559998,140.757462,6398900
2021-12-30,159.110001,160.240005,158.369995,158.479996,140.686432,6948200
2021-12-31,158.449997,159.289993,157.960007,158.350006,140.571045,5805900
2022-01-03,159.860001,162.639999,159.509995,161.699997,143.544922,13120900
2022-01-04,164.309998,168.580002,164.229996,167.830002,148.986725,20195800
2022-01-05,167.820007,168.360001,163.729996,163.779999,146.262878,17539400
2022-01-06,166.910004,167.369995,163.869995,165.520004,147.816788,14047500
2022-01-07,165.669998,167.529999,165.059998,167.160004,149.281403,13913300
2022-01-10,169.070007,169.309998,165.529999,167.320007,149.424271,12922500
2022-01-11,168.259995,168.520004,166.309998,167.490005,149.576065,11854100
2022-01-12,168.460007,169.589996,167.179993,168.440002,150.424484,12568000
2022-01-13,168.339996,169.809998,167.889999,168.229996,150.236893,13623400
2022-01-14,160.759995,161.029999,156.899994,157.889999,141.002838,40158400
2022-01-18,155.779999,155.779999,150.539993,151.270004,135.090912,32324800
2022-01-19,151.570007,152.229996,148.550003,148.929993,133.001144,22380000
2022-01-20,148.990005,150.610001,147.360001,147.660004,131.866989,14860800
2022-01-21,147.500000,147.509995,144.270004,145.080002,129.562927,20705400
2022-01-24,142.279999,145.479996,139.570007,144.949997,129.446884,28471400
2022-01-25,143.649994,146.850006,140.789993,146.529999,130.857864,18915900
2022-01-26,148.720001,150.570007,145.960007,147.919998,132.099167,20709100
2022-01-27,149.419998,150.380005,144.130005,145.309998,129.768341,17536800
2022-01-28,144.190002,146.759995,142.169998,146.610001,130.929306,14117000
2022-01-31,145.639999,148.789993,144.669998,148.600006,132.706436,13985700
2022-02-01,148.690002,151.470001,148.300003,151.149994,134.983719,14584900
2022-02-02,150.500000,150.940002,148.070007,149.940002,133.903152,12441100
2022-02-03,150.000000,151.649994,148.289993,148.699997,132.795761,12474900
2022-02-04,149.100006,153.500000,148.770004,152.559998,136.242905,16654400
2022-02-07,153.270004,153.619995,150.850006,153.070007,136.698380,12572300
2022-02-08,155.000000,158.479996,154.800003,155.949997,139.270309,20411400
2022-02-09,156.589996,157.429993,155.820007,156.600006,139.850800,9131100
2022-02-10,156.660004,159.029999,155.220001,155.949997,139.270309,16455600
2022-02-11,155.610001,158.190002,152.970001,153.919998,137.457428,16830000
2022-02-14,152.729996,153.679993,150.320007,152.490005,136.180405,17026500
2022-02-15,154.509995,155.940002,153.850006,154.720001,138.171906,9500000
2022-02-16,153.740005,156.100006,153.740005,155.000000,138.421967,9076500
2022-02-17,153.000000,153.729996,150.669998,151.429993,135.233749,11367500
2022-02-18,152.130005,154.139999,151.130005,152.139999,135.867828,11733300
2022-02-22,150.600006,153.240005,150.410004,151.869995,135.626709,11333500
2022-02-23,153.119995,153.300003,147.970001,148.690002,132.786819,11799000
2022-02-24,142.940002,144.990005,139.779999,144.550003,129.089615,25655100
2022-02-25,145.250000,150.130005,144.910004,147.970001,132.143845,18367700
2022-02-28,143.550003,145.059998,140.880005,141.800003,126.633743,31315300
2022-03-01,140.039993,140.479996,133.580002,136.449997,121.855942,36840400
2022-03-02,137.289993,140.039993,136.610001,139.279999,124.383263,19405600
2022-03-03,139.839996,140.979996,137.059998,138.289993,123.499176,16640800
2022-03-04,134.940002,135.419998,132.399994,134.399994,120.025215,21016000
2022-03-07,132.169998,132.690002,128.949997,129.210007,115.390320,27560100
2022-03-08,129.639999,131.789993,127.269997,128.300003,114.577660,19207800
2022-03-09,132.899994,135.240005,132.440002,133.440002,119.167892,17536200
2022-03-10,131.860001,133.449997,130.320007,131.860001,117.756897,15604200
2022-03-11,132.490005,134.080002,128.419998,128.889999,115.104553,20061800
2022-03-14,129.460007,132.919998,129.229996,130.169998,116.247627,15786900
2022-03-15,131.800003,133.550003,131.130005,132.479996,118.310593,15096600
2022-03-16,134.869995,138.490005,134.429993,138.399994,123.597397,20354900
2022-03-17,136.860001,140.190002,135.919998,140.149994,125.160233,17050500
2022-03-18,140.190002,140.850006,138.460007,140.100006,125.115570,23656500
2022-03-21,140.350006,140.759995,138.729996,139.649994,124.713715,12676100
2022-03-22,142.270004,143.929993,141.720001,142.619995,127.366096,13548600
2022-03-23,140.979996,141.589996,139.199997,139.779999,124.829811,12093200
2022-03-24,140.300003,140.710007,139.110001,140.690002,125.642487,10017600
2022-03-25,141.089996,143.179993,140.800003,141.919998,126.740936,8383500
2022-03-28,140.000000,140.970001,137.899994,140.869995,125.803223,10818100
2022-03-29,143.350006,143.600006,140.240005,141.179993,126.080078,11316500
2022-03-30,141.899994,142.119995,139.910004,140.539993,125.508499,8771000
2022-03-31,139.830002,140.350006,136.259995,136.320007,121.739861,17353900
2022-04-01,137.399994,137.410004,133.800003,135.309998,120.837914,15721300
2022-04-04,134.119995,136.940002,132.889999,135.910004,121.373734,17416400
2022-04-05,134.070007,135.399994,133.009995,133.339996,119.961258,12110300
2022-04-06,131.580002,132.559998,130.960007,131.490005,118.296875,12914700
2022-04-07,130.949997,131.919998,128.729996,131.089996,117.937012,12994200
2022-04-08,131.669998,133.899994,131.490005,133.490005,120.096199,13126900
2022-04-11,133.000000,134.899994,132.570007,133.000000,119.655357,10466400
2022-04-12,132.139999,134.580002,130.699997,131.539993,118.341835,12989900
2022-04-13,126.940002,129.250000,126.010002,127.300003,114.527275,30838000
2022-04-14,126.500000,128.300003,125.019997,126.120003,113.465683,18835200
2022-04-18,125.669998,129.240005,125.540001,128.460007,115.570892,11834400
2022-04-19,128.449997,131.320007,128.229996,131.119995,117.963989,15015400
2022-04-20,132.520004,133.509995,131.339996,131.580002,118.377861,13430200
2022-04-21,132.220001,132.809998,129.960007,130.559998,117.460190,12174200
2022-04-22,130.279999,130.520004,126.690002,126.809998,114.086433,14318800
2022-04-25,126.010002,127.120003,123.110001,126.769997,114.050453,17149000
2022-04-26,124.639999,126.410004,122.870003,123.019997,110.676727,17209500
2022-04-27,122.330002,123.559998,121.220001,121.419998,109.237251,17215200
2022-04-28,122.809998,123.650002,121.139999,123.339996,110.964592,13015600
2022-04-29,123.050003,123.610001,118.900002,119.360001,107.383942,14874800
2022-05-02,119.879997,120.709999,118.220001,120.449997,108.364586,18545000
2022-05-03,121.529999,124.169998,120.779999,123.029999,110.685715,15720900
2022-05-04,122.800003,127.400002,122.739998,127.099998,114.347343,17128500
2022-05-05,125.250000,126.099998,122.160004,123.919998,111.486412,15055400
2022-05-06,123.800003,124.290001,121.180000,123.720001,111.306473,14417900
2022-05-09,122.110001,123.330002,120.500000,121.860001,109.633118,14312300
2022-05-10,123.110001,123.779999,117.559998,118.889999,106.961090,16382400
2022-05-11,119.300003,122.889999,117.940002,118.139999,106.286346,14630300
2022-05-12,117.000000,118.320000,115.370003,118.040001,106.196381,16318800
2022-05-13,119.410004,120.250000,117.959999,119.089996,107.141029,10443200
2022-05-16,118.540001,119.459999,117.230003,118.260002,106.394310,10269000
2022-05-17,121.040001,122.970001,120.809998,122.180000,109.921005,11160200
2022-05-18,121.300003,121.970001,119.529999,120.089996,108.040695,12664900
2022-05-19,118.190002,119.650002,117.629997,118.309998,106.439293,12765800
2022-05-20,119.459999,119.669998,115.019997,117.339996,105.566635,13150100
2022-05-23,120.459999,126.570000,120.449997,124.599998,112.098190,24376700
2022-05-24,124.360001,127.489998,123.110001,126.360001,113.681602,19324900
2022-05-25,126.279999,127.860001,125.169998,127.239998,114.473312,12780400
2022-05-26,128.369995,130.190002,128.210007,129.440002,116.452583,15990900
2022-05-27,130.160004,131.270004,129.139999,131.270004,118.098946,11177800
2022-05-31,130.179993,133.149994,129.710007,132.229996,118.962631,17015000
2022-06-01,132.869995,132.869995,128.669998,129.910004,116.875381,10768000
2022-06-02,129.899994,132.009995,128.669998,132.000000,118.755707,8374800
2022-06-03,131.210007,131.770004,129.990005,130.160004,117.100319,8596000
2022-06-06,131.089996,132.389999,129.460007,129.729996,116.713463,11323500
2022-06-07,128.830002,130.320007,128.619995,130.070007,117.019348,6722200
2022-06-08,129.000000,129.449997,126.900002,128.000000,115.157036,8422100
2022-06-09,127.370003,128.100006,125.269997,125.309998,112.736923,13560100
2022-06-10,122.589996,123.400002,119.320000,119.550003,107.554871,12945200
2022-06-13,116.860001,117.949997,115.059998,115.989998,104.352074,16805600
2022-06-14,115.550003,117.320000,113.220001,114.059998,102.615715,13357900
2022-06-15,115.620003,116.949997,113.169998,115.410004,103.830284,14083500
2022-06-16,113.860001,114.260002,111.870003,113.430000,102.048935,16724900
2022-06-17,113.540001,114.629997,112.160004,113.029999,101.689056,30919900
2022-06-21,115.870003,117.029999,115.040001,115.830002,104.208145,11680500
2022-06-22,114.879997,116.199997,114.389999,115.180000,103.623352,9842700
2022-06-23,115.010002,115.180000,111.480003,113.919998,102.489777,11851500
2022-06-24,113.230003,117.820000,112.830002,117.320000,105.548622,14841100
2022-06-27,118.059998,118.500000,115.639999,116.379997,104.702919,11280500
2022-06-28,117.669998,119.290001,115.599998,115.820000,104.199120,11590900
2022-06-29,116.000000,116.820000,114.730003,115.300003,103.731308,9338400
2022-06-30,113.169998,114.080002,110.930000,112.610001,101.311218,15172600
2022-07-01,112.650002,114.419998,111.160004,114.050003,102.606728,10573600
2022-07-05,110.769997,112.709999,109.300003,112.620003,102.216431,12514200
2022-07-06,111.730003,112.989998,110.790001,111.889999,101.553886,10656200
2022-07-07,113.500000,114.900002,113.400002,114.720001,104.122459,10347400
2022-07-08,115.160004,115.650002,113.610001,114.360001,103.795708,8807800
2022-07-11,113.550003,114.230003,112.220001,112.860001,102.434296,7939500
2022-07-12,112.580002,115.180000,112.260002,112.970001,102.534111,11250900
2022-07-13,111.750000,112.480003,110.379997,111.910004,101.572037,12979900
2022-07-14,107.989998,108.230003,106.059998,108.000000,98.023232,26204800
2022-07-15,109.160004,113.879997,107.669998,112.949997,102.515953,18863900
2022-07-18,114.769997,115.839996,111.290001,111.790001,101.463120,13977900
2022-07-19,113.129997,114.940002,112.669998,114.559998,103.977242,11862300
2022-07-20,114.099998,114.739998,113.480003,114.540001,103.959084,11667500
2022-07-21,114.440002,115.529999,113.370003,115.320000,104.667030,11595900
2022-07-22,115.239998,116.250000,113.669998,114.760002,104.158760,7645500
2022-07-25,115.839996,116.459999,114.769997,115.220001,104.576263,9394000
2022-07-26,114.580002,115.580002,113.029999,113.419998,102.942558,10675100
2022-07-27,114.010002,115.739998,113.300003,115.239998,104.594429,9337400
2022-07-28,115.250000,115.980003,113.529999,114.809998,104.204147,10384800
2022-07-29,115.589996,116.500000,114.790001,115.360001,104.703323,12944500
2022-08-01,114.500000,115.110001,113.070000,114.209999,103.659561,14740400
2022-08-02,113.919998,114.400002,112.269997,112.430000,102.044006,14942900
2022-08-03,113.449997,114.099998,111.709999,113.610001,103.114998,14394500
2022-08-04,112.849998,113.320000,111.019997,112.360001,101.980469,18033900
2022-08-05,112.529999,116.190002,112.050003,115.760002,105.066399,14174600
2022-08-08,116.250000,116.699997,114.180000,114.349998,103.786629,10332500
2022-08-09,114.750000,115.989998,114.370003,115.379997,104.721474,10233800
2022-08-10,117.959999,119.370003,117.500000,118.389999,107.453415,12847300
2022-08-11,119.900002,121.199997,119.309998,120.139999,109.041763,11684900
2022-08-12,120.669998,122.250000,119.440002,122.129997,110.847923,9906700
2022-08-15,121.139999,122.720001,120.599998,122.459999,111.147453,8456200
2022-08-16,122.290001,124.239998,121.870003,123.629997,112.209366,9555000
2022-08-17,122.300003,123.160004,121.690002,122.589996,111.265450,8149300
2022-08-18,122.239998,122.470001,120.550003,121.639999,110.403198,9531800
2022-08-19,120.620003,120.989998,118.110001,118.629997,107.671257,13464500
2022-08-22,116.750000,117.160004,115.500000,116.669998,105.892311,8967600
2022-08-23,116.690002,117.290001,115.379997,115.519997,104.848549,7607000
2022-08-24,115.290001,116.410004,114.449997,115.800003,105.102684,9771300
2022-08-25,116.160004,118.739998,115.680000,118.550003,107.598656,10758900
2022-08-26,119.459999,119.989998,114.599998,114.669998,104.077072,11276200
2022-08-29,114.000000,114.860001,113.459999,114.389999,103.822937,8117300
2022-08-30,115.000000,115.580002,113.360001,114.410004,103.841064,10745400
2022-08-31,114.480003,115.029999,113.339996,113.730003,103.223907,10738300
2022-09-01,113.290001,114.629997,111.910004,114.510002,103.931862,9979800
2022-09-02,115.870003,117.449997,113.190002,113.709999,103.205750,10666600
2022-09-06,114.330002,114.750000,112.070000,113.739998,103.232986,9751900
2022-09-07,113.129997,116.110001,112.760002,115.900002,105.193443,10647900
2022-09-08,115.279999,118.790001,114.629997,118.599998,107.644043,11435000
2022-09-09,119.139999,120.050003,118.669998,119.169998,108.161377,9299700
2022-09-12,120.620003,121.550003,119.790001,120.580002,109.441109,8614600
2022-09-13,118.070000,118.919998,115.779999,116.389999,105.638184,12904600
2022-09-14,116.699997,117.839996,114.879997,116.120003,105.393127,9345700
2022-09-15,116.120003,119.379997,115.760002,117.870003,106.981468,10821400
2022-09-16,117.389999,117.400002,115.370003,117.080002,106.264442,14844100
2022-09-19,116.000000,118.730003,115.510002,118.160004,107.244682,8201300
2022-09-20,117.410004,117.690002,114.639999,115.830002,105.129921,9619000
2022-09-21,116.540001,116.599998,112.419998,112.489998,102.098442,12606300
2022-09-22,113.379997,113.599998,111.070000,111.209999,100.936714,11684500
2022-09-23,110.050003,110.339996,107.160004,109.139999,99.057922,18138600
2022-09-26,108.000000,109.610001,106.059998,106.790001,96.925018,15753600
2022-09-27,107.750000,108.169998,104.650002,105.849998,96.071854,12793600
2022-09-28,105.949997,108.730003,105.639999,107.989998,98.014153,12762600
2022-09-29,106.949997,107.279999,104.400002,106.160004,96.353210,12713900
2022-09-30,106.059998,107.620003,104.400002,104.500000,94.846542,15973400
2022-10-03,105.620003,108.360001,104.459999,107.730003,97.778175,12248100
2022-10-04,110.610001,112.989998,109.860001,112.769997,102.352600,16013600
2022-10-05,109.750000,110.949997,108.830002,110.389999,101.088867,10943500
2022-10-06,109.459999,110.190002,107.940002,108.139999,99.028442,11521400
2022-10-07,107.519997,107.709999,105.269997,105.980003,97.050438,11681100
2022-10-10,106.730003,107.309998,104.519997,104.989998,96.143867,8931700
2022-10-11,104.370003,104.540001,101.849998,101.959999,93.369141,12739700
2022-10-12,101.800003,104.730003,101.279999,103.610001,94.880127,13181000
2022-10-13,101.980003,109.900002,101.760002,109.370003,100.154808,22398700
2022-10-14,111.959999,115.239998,110.720001,111.190002,101.821472,33387100
2022-10-17,115.410004,117.010002,114.320000,115.860001,106.097969,22276300
2022-10-18,119.660004,120.139999,116.959999,118.839996,108.826889,21539700
2022-10-19,117.989998,118.830002,115.669998,116.510002,106.693214,17072000
2022-10-20,117.160004,118.709999,115.650002,116.129997,106.345230,12207400
2022-10-21,116.459999,122.389999,116.330002,122.230003,111.931259,20593300
2022-10-24,122.070000,123.099998,121.330002,122.379997,112.068611,12624200
2022-10-25,121.849998,123.269997,120.889999,122.699997,112.361671,11289100
2022-10-26,123.000000,125.199997,122.879997,124.110001,113.652847,11667000
2022-10-27,125.199997,126.199997,124.209999,124.599998,114.101570,10727600
2022-10-28,125.290001,126.279999,124.050003,126.080002,115.456886,11859500
2022-10-31,125.699997,127.430000,125.589996,125.879997,115.273727,13295200
2022-11-01,126.870003,128.279999,126.330002,128.149994,117.352463,13386900
2022-11-02,127.650002,130.360001,126.639999,126.970001,116.271896,16546100
2022-11-03,126.309998,128.179993,125.910004,127.199997,116.482513,12474400
2022-11-04,129.490005,130.830002,128.460007,130.679993,119.669296,14953200
2022-11-07,131.000000,132.289993,130.479996,131.369995,120.301147,12011200
2022-11-08,131.240005,132.059998,130.139999,131.449997,120.374413,9884100
2022-11-09,131.320007,131.429993,129.220001,129.740005,118.808495,9494000
2022-11-10,132.630005,135.250000,132.529999,135.080002,123.698586,16351600
2022-11-11,135.190002,136.169998,133.779999,135.300003,123.900032,10704700
2022-11-14,134.800003,135.729996,133.910004,133.910004,122.627144,11085600
2022-11-15,134.679993,135.710007,131.600006,132.940002,121.738884,14038300
2022-11-16,133.000000,133.559998,132.029999,133.119995,121.903702,7893400
2022-11-17,132.000000,132.889999,131.279999,132.539993,121.372551,8820200
2022-11-18,134.570007,134.669998,132.279999,133.839996,122.563026,9468500
2022-11-21,133.740005,134.559998,132.750000,133.050003,121.839622,7800500
2022-11-22,134.000000,135.270004,133.690002,135.039993,123.661934,9185700
2022-11-23,134.940002,136.500000,134.860001,136.479996,124.980598,7316200
2022-11-25,136.479996,137.139999,136.059998,136.740005,125.218689,3220500
2022-11-28,136.070007,136.710007,134.190002,134.350006,123.030083,9906900
2022-11-29,134.660004,136.639999,134.410004,136.559998,125.053856,7925300
2022-11-30,136.089996,138.179993,133.190002,138.179993,126.537369,14761200
2022-12-01,138.179993,138.660004,135.429993,136.240005,124.760826,8858500
2022-12-02,134.490005,135.350006,133.339996,135.160004,123.771843,8931900
2022-12-05,134.240005,134.570007,130.600006,131.369995,120.301147,10154500
2022-12-06,133.389999,135.110001,129.869995,131.589996,120.502602,13966700
2022-12-07,131.309998,133.080002,130.330002,131.500000,120.420189,11739400
2022-12-08,132.330002,132.979996,131.429993,132.880005,121.683929,8907300
2022-12-09,132.199997,133.759995,132.000000,132.160004,121.024597,7957800
2022-12-12,132.399994,134.649994,131.600006,134.210007,122.901863,8841600
2022-12-13,136.889999,137.089996,133.080002,134.080002,122.782822,10025400
2022-12-14,133.779999,135.710007,132.759995,133.410004,122.169281,9966100
2022-12-15,131.149994,132.080002,129.050003,130.100006,119.138184,12087800
2022-12-16,129.149994,129.899994,128.429993,129.289993,118.396400,21133700
2022-12-19,129.649994,131.330002,129.089996,130.059998,119.101509,9017200
2022-12-20,130.970001,132.050003,130.199997,130.690002,119.678452,8549900
2022-12-21,132.179993,132.979996,131.770004,132.160004,121.024597,8051700
2022-12-22,131.100006,131.300003,128.410004,130.660004,119.650986,8648200
2022-12-23,130.580002,131.440002,129.639999,131.279999,120.218742,5091900
2022-12-27,131.570007,132.220001,130.550003,131.740005,120.639977,5411000
2022-12-28,131.850006,133.410004,131.009995,132.460007,121.299301,8827700
2022-12-29,132.929993,133.270004,132.309998,133.220001,121.995277,6585200
2022-12-30,132.809998,134.330002,132.440002,134.100006,122.801147,9292500
2023-01-03,135.240005,136.740005,133.889999,135.119995,123.735184,11054800
2023-01-04,135.990005,137.679993,135.570007,136.380005,124.889030,11687600
2023-01-05,135.660004,135.710007,133.699997,135.350006,124.861336,8381300
2023-01-06,136.130005,138.380005,134.490005,137.940002,127.250633,10029100
2023-01-09,138.600006,138.880005,136.880005,137.369995,126.724815,8482300
2023-01-10,137.789993,138.720001,137.309998,138.600006,127.859528,9048700
2023-01-11,138.899994,139.750000,138.100006,139.630005,128.809662,8703700
2023-01-12,140.000000,140.860001,139.220001,139.490005,128.680527,11001700
2023-01-13,135.600006,143.490005,134.800003,143.009995,131.927750,20200000
2023-01-17,141.169998,141.539993,139.229996,140.800003,129.889038,14292900
2023-01-18,138.919998,140.729996,136.410004,136.570007,125.986816,13392600
2023-01-19,135.320007,135.899994,133.589996,134.750000,124.307854,13303400
2023-01-20,135.160004,135.490005,133.550003,135.080002,124.612267,13092500
2023-01-23,135.119995,137.960007,134.820007,137.270004,126.632568,10487100
2023-01-24,136.419998,140.289993,135.000000,138.449997,127.721085,6945000
2023-01-25,138.050003,139.119995,137.250000,139.119995,128.339172,8967000
2023-01-26,139.419998,140.059998,138.360001,139.979996,129.132568,7487600
2023-01-27,140.610001,141.259995,139.750000,140.320007,129.446213,7489900
2023-01-30,139.229996,140.089996,138.910004,139.130005,128.348450,6729300
2023-01-31,139.880005,140.070007,138.250000,139.960007,129.114105,9188700
2023-02-01,138.210007,140.880005,138.119995,139.589996,128.772781,8841800
2023-02-02,140.000000,140.460007,138.000000,138.940002,128.173157,11822100
2023-02-03,138.179993,142.330002,138.130005,141.089996,130.156540,11501200
2023-02-06,140.229996,142.240005,140.029999,141.919998,130.922241,8406200
2023-02-07,141.380005,144.339996,141.179993,143.649994,132.518143,10447900
2023-02-08,142.649994,144.039993,142.279999,142.639999,131.586411,6958000
2023-02-09,143.119995,143.339996,139.869995,140.419998,129.538467,6443100
2023-02-10,139.779999,141.279999,138.589996,141.039993,130.110428,6582900
2023-02-13,141.300003,142.729996,140.740005,142.570007,131.521851,7134600
2023-02-14,142.500000,143.809998,141.600006,143.199997,132.103027,9249400
2023-02-15,141.610001,143.889999,141.300003,143.800003,132.656525,6728300
2023-02-16,142.910004,143.389999,141.679993,141.820007,130.829971,8165300
2023-02-17,140.979996,142.830002,140.070007,142.240005,131.217422,7948800
2023-02-21,140.690002,141.339996,138.750000,139.630005,128.809662,9996300
2023-02-22,138.919998,139.429993,137.440002,138.559998,127.822601,11107500
2023-02-23,138.729996,140.169998,137.940002,139.669998,128.846588,8068000
2023-02-24,139.110001,141.360001,138.929993,140.929993,130.008926,9126900
2023-02-27,142.110001,143.309998,141.720001,142.160004,131.143616,10014700
2023-02-28,142.940002,143.759995,141.899994,143.350006,132.241394,11019800
2023-03-01,142.100006,143.460007,141.800003,142.550003,131.503403,7139200
2023-03-02,142.240005,142.429993,139.539993,141.070007,130.138092,11106800
2023-03-03,141.509995,143.740005,141.080002,143.660004,132.527359,9513100
2023-03-06,143.440002,144.039993,142.660004,142.820007,131.752487,9261300
2023-03-07,142.009995,142.309998,137.809998,138.619995,127.877953,11747600
2023-03-08,138.000000,138.589996,136.889999,137.800003,127.121483,10002500
2023-03-09,136.759995,137.350006,129.220001,130.339996,120.239571,25888100
2023-03-10,128.960007,135.259995,127.820000,133.649994,123.293076,37599700
2023-03-13,131.210007,133.880005,129.410004,131.250000,121.079079,42901100
2023-03-14,135.279999,135.529999,131.289993,134.619995,124.187920,29648100
2023-03-15,130.979996,130.990005,126.730003,128.259995,118.320770,34280600
2023-03-16,128.009995,131.949997,126.019997,130.750000,120.617798,24558500
2023-03-17,128.380005,128.479996,125.449997,125.809998,116.060623,38396000
2023-03-20,126.989998,129.470001,126.010002,127.139999,117.287567,22875500
2023-03-21,130.589996,131.729996,130.190002,130.550003,120.433311,17807800
2023-03-22,130.559998,130.660004,127.080002,127.180000,117.324471,17250200
2023-03-23,127.900002,129.529999,126.019997,126.839996,117.010803,16677600
2023-03-24,125.629997,125.680000,123.110001,124.910004,115.230385,22311100
2023-03-27,126.790001,129.380005,126.290001,128.490005,118.532951,18853900
2023-03-28,128.710007,129.339996,127.739998,128.880005,118.892738,10820500
2023-03-29,130.100006,130.220001,127.769997,129.139999,119.132576,14595300
2023-03-30,129.949997,130.119995,127.650002,128.750000,118.772797,12134700
2023-03-31,129.660004,130.339996,128.850006,130.309998,120.211914,13105200
2023-04-03,129.910004,131.440002,129.410004,130.160004,120.073540,11775400
2023-04-04,130.500000,130.589996,127.410004,128.419998,118.468376,11579900
2023-04-05,126.800003,128.149994,126.459999,127.610001,118.645020,9614700
2023-04-06,127.000000,128.080002,126.860001,127.470001,118.514862,8760200
2023-04-10,126.540001,128.229996,126.220001,127.889999,118.905357,9477300
2023-04-11,128.300003,128.940002,127.540001,128.520004,119.491104,10516300
2023-04-12,129.179993,130.429993,128.059998,128.500000,119.472496,11821000
2023-04-13,128.460007,129.039993,126.830002,128.990005,119.928078,12450200
2023-04-14,135.149994,139.119995,134.899994,138.729996,128.983810,43931300
2023-04-17,139.949997,140.059998,137.660004,139.830002,130.006516,16050500
2023-04-18,140.270004,141.779999,139.029999,141.399994,131.466217,13760100
2023-04-19,141.229996,141.500000,140.399994,141.220001,131.298889,9158100
2023-04-20,139.910004,141.429993,139.839996,140.809998,130.917664,10586200
2023-04-21,139.740005,141.110001,138.779999,140.539993,130.666626,11842500
2023-04-24,140.460007,141.100006,140.039993,140.729996,130.843307,7567500
2023-04-25,139.600006,139.960007,137.630005,137.669998,127.998276,10629300
2023-04-26,137.619995,137.809998,134.000000,135.229996,125.729706,14416100
2023-04-27,136.000000,137.910004,135.660004,137.050003,127.421822,9041100
2023-04-28,136.559998,138.320007,135.669998,138.240005,128.528259,9887300
2023-05-01,142.259995,143.369995,140.830002,141.199997,131.280289,20415800
2023-05-02,141.399994,142.410004,138.429993,138.919998,129.160461,14113400
2023-05-03,138.440002,138.669998,135.759995,135.979996,126.426994,12930900
2023-05-04,134.960007,135.720001,131.809998,134.119995,124.697685,17089200
2023-05-05,136.440002,137.880005,135.910004,136.740005,127.133606,11261400
2023-05-08,137.490005,137.970001,136.479996,137.070007,127.440445,7484900
2023-05-09,135.929993,136.949997,135.210007,136.410004,126.826797,7343600
2023-05-10,137.949997,138.059998,134.869995,136.479996,126.891853,8133400
2023-05-11,135.000000,136.809998,134.899994,136.050003,126.492096,7057300
2023-05-12,136.820007,136.990005,133.130005,134.100006,124.679085,9988600
2023-05-15,134.270004,135.669998,133.960007,135.229996,125.729706,7639500
2023-05-16,135.460007,135.940002,133.960007,134.320007,124.883644,6477200
2023-05-17,135.899994,138.589996,135.460007,138.449997,128.723480,12711500
2023-05-18,138.270004,139.729996,137.759995,139.500000,129.699707,10999600
2023-05-19,139.789993,140.490005,138.130005,139.179993,129.402191,13492200
2023-05-22,141.000000,141.639999,137.660004,138.029999,128.332977,11402500
2023-05-23,137.539993,139.029999,136.460007,136.589996,126.994133,9514900
2023-05-24,135.399994,136.350006,135.080002,135.339996,125.831978,8578000
2023-05-25,134.820007,136.270004,134.580002,135.669998,126.138779,8472500
2023-05-26,136.110001,137.600006,135.630005,136.940002,127.319580,8579900
2023-05-30,136.800003,137.720001,136.020004,137.460007,127.803047,7399900
2023-05-31,136.729996,136.839996,134.399994,135.710007,126.175987,14219900
2023-06-01,136.520004,138.229996,135.449997,137.580002,127.914604,12248100
2023-06-02,139.559998,141.479996,139.339996,140.470001,130.601562,12922500
2023-06-05,140.110001,140.110001,138.130005,139.089996,129.318527,8511900
2023-06-06,138.679993,140.100006,138.210007,139.339996,129.550949,9329500
2023-06-07,139.550003,141.270004,138.830002,140.690002,130.806107,9281400
2023-06-08,140.669998,140.889999,139.479996,140.729996,130.843307,7368100
2023-06-09,140.350006,141.800003,140.210007,141.009995,131.103638,7249100
2023-06-12,141.070007,141.320007,139.759995,141.000000,131.094360,7596600
2023-06-13,140.479996,142.869995,140.139999,142.020004,132.042664,7701600
2023-06-14,143.000000,143.610001,140.699997,141.490005,131.549911,9068700
2023-06-15,140.589996,143.399994,140.029999,143.089996,133.037506,9343100
2023-06-16,143.050003,143.970001,142.500000,143.259995,133.195557,13813500
2023-06-20,142.610001,143.000000,141.039993,142.529999,132.516846,8428600
2023-06-21,142.899994,144.020004,141.690002,142.320007,132.321625,9926500
2023-06-22,142.309998,142.600006,138.949997,139.580002,129.774094,10075200
2023-06-23,138.539993,139.179993,137.619995,138.850006,129.095367,9919500
2023-06-26,138.869995,140.009995,137.690002,139.190002,129.411484,8429700
2023-06-27,139.000000,139.839996,138.539993,139.199997,129.420792,8154000
2023-06-28,139.160004,139.210007,137.960007,138.589996,128.853638,7558600
2023-06-29,140.070007,143.559998,139.850006,143.429993,133.353622,15423200
2023-06-30,144.600006,146.000000,143.660004,145.440002,135.222443,14212800
2023-07-03,146.190002,147.479996,146.000000,146.610001,136.310226,8021600
2023-07-05,144.940002,145.429993,144.360001,144.639999,135.402161,8934900
2023-07-06,143.020004,143.389999,141.440002,143.210007,134.063522,9709500
2023-07-07,143.910004,145.839996,143.000000,144.339996,135.121307,8981500
2023-07-10,144.500000,145.990005,144.500000,145.149994,135.879593,9100100
2023-07-11,146.339996,147.820007,145.710007,147.419998,138.004608,11260900
2023-07-12,147.449997,149.869995,147.000000,148.149994,138.687988,11323200
2023-07-13,148.699997,149.369995,147.750000,148.869995,139.362030,11234900
2023-07-14,151.550003,152.889999,148.410004,149.770004,140.204544,27028400
2023-07-17,150.350006,153.750000,150.350006,153.380005,143.583969,17262400
2023-07-18,153.380005,154.399994,152.820007,153.660004,143.846085,13491700
2023-07-19,152.750000,155.210007,152.220001,154.250000,144.398392,12510000
2023-07-20,154.529999,156.589996,154.410004,156.149994,146.177032,9935900
2023-07-21,155.800003,156.139999,154.690002,154.949997,145.053680,10636400
2023-07-24,154.970001,158.789993,154.729996,158.000000,147.908905,14381400
2023-07-25,157.300003,157.720001,155.960007,156.820007,146.804245,9944700
2023-07-26,156.710007,158.250000,156.279999,157.759995,147.684219,8728600
2023-07-27,157.770004,158.779999,155.550003,156.020004,146.055344,10778400
2023-07-28,157.279999,157.600006,156.440002,156.910004,146.888535,9103800
2023-07-31,157.179993,159.380005,157.149994,157.960007,147.871475,8892700
2023-08-01,157.429993,158.000000,156.149994,157.179993,147.141266,6853900
2023-08-02,155.559998,155.690002,153.940002,155.399994,145.474915,8299400
2023-08-03,155.000000,156.919998,154.350006,156.350006,146.364273,6084000
2023-08-04,156.399994,157.800003,155.699997,156.020004,146.055344,6209400
2023-08-07,156.600006,157.699997,156.600006,156.759995,146.748093,7251800
2023-08-08,154.320007,155.979996,152.589996,155.880005,145.924316,8623400
2023-08-09,155.320007,155.520004,153.470001,153.789993,143.967773,6277800
2023-08-10,154.380005,155.440002,153.089996,153.559998,143.752457,5995100
2023-08-11,153.029999,154.520004,152.630005,154.449997,144.585617,5180700
2023-08-14,153.610001,154.919998,152.919998,154.770004,144.885193,5044300
2023-08-15,152.850006,153.270004,150.229996,150.830002,141.196823,10300300
2023-08-16,150.600006,150.960007,149.679993,150.190002,140.597702,6978200
2023-08-17,150.880005,151.259995,148.399994,148.630005,139.137329,9953900
2023-08-18,147.649994,149.500000,147.440002,148.970001,139.455627,8517500
2023-08-21,149.649994,150.100006,148.020004,149.479996,139.933060,8327000
2023-08-22,149.259995,149.639999,145.850006,146.380005,137.031036,9673300
2023-08-23,146.350006,147.589996,145.460007,147.369995,137.957840,7858000
2023-08-24,147.500000,149.410004,146.990005,147.229996,137.826736,6534000
2023-08-25,147.279999,148.619995,145.850006,147.050003,137.658249,6695500
2023-08-28,147.570007,148.610001,147.130005,147.559998,138.135681,5094100
2023-08-29,147.710007,148.850006,147.179993,148.759995,139.259003,6337000
2023-08-30,148.619995,149.149994,147.190002,148.160004,138.697357,6277300
2023-08-31,148.259995,148.350006,145.960007,146.330002,136.984253,10933900
2023-09-01,146.089996,148.080002,145.699997,146.820007,137.442932,7903500
2023-09-05,147.160004,148.210007,145.009995,145.199997,135.926422,7854700
2023-09-06,144.699997,145.539993,144.110001,144.960007,135.701706,8629200
2023-09-07,144.130005,145.270004,143.389999,143.720001,134.540924,8373700
2023-09-08,143.369995,144.119995,142.649994,143.830002,134.643875,7107900
2023-09-11,144.750000,145.050003,143.690002,144.460007,135.233673,6854200
2023-09-12,144.500000,147.320007,144.050003,146.339996,136.993607,8363200
2023-09-13,147.339996,147.699997,145.820007,146.410004,137.059143,8325900
2023-09-14,147.839996,149.899994,147.520004,149.250000,139.717728,10034900
2023-09-15,148.919998,149.729996,148.309998,148.809998,139.305847,19863400
2023-09-18,148.160004,149.139999,147.750000,149.119995,139.596039,6512400
2023-09-19,149.500000,149.720001,147.210007,148.929993,139.418167,7943400
2023-09-20,149.649994,150.250000,148.139999,148.300003,138.828415,7332000
2023-09-21,147.580002,148.850006,146.630005,147.139999,137.742493,8052400
2023-09-22,147.289993,147.509995,145.190002,145.729996,136.422531,7071700
2023-09-25,145.350006,146.520004,143.699997,146.449997,137.096558,7044700
2023-09-26,144.600006,145.839996,144.229996,144.929993,135.673645,7468400
2023-09-27,145.190002,146.089996,144.509995,145.779999,136.469345,6717800
2023-09-28,146.279999,148.869995,146.009995,147.589996,138.163757,8868100
2023-09-29,148.600006,148.759995,144.860001,145.020004,135.757935,11917800
2023-10-02,144.830002,145.619995,142.630005,143.770004,134.587723,9170600
2023-10-03,143.199997,143.589996,142.350006,142.710007,133.595413,9431100
2023-10-04,143.190002,143.470001,141.929993,143.350006,134.194580,8128700
2023-10-05,142.039993,143.100006,140.830002,142.899994,134.760391,8576200
2023-10-06,142.910004,145.880005,142.139999,145.100006,136.835083,10270600
2023-10-09,143.660004,145.399994,143.500000,144.770004,136.523880,6964900
2023-10-10,145.419998,146.770004,145.279999,145.649994,137.353729,11288800
2023-10-11,146.509995,147.229996,145.020004,146.149994,137.825272,8698200
2023-10-12,146.300003,146.960007,145.130005,145.809998,137.504608,10484400
2023-10-13,148.500000,153.110001,147.839996,148.000000,139.569885,29427000
2023-10-16,149.449997,149.520004,146.720001,147.850006,139.428421,12663500
2023-10-17,147.570007,149.309998,146.789993,147.529999,139.126648,11482700
2023-10-18,146.589996,147.479996,145.369995,145.910004,137.598938,9620300
2023-10-19,145.479996,147.020004,144.880005,145.289993,137.014236,11143600
2023-10-20,144.570007,145.139999,142.119995,142.949997,134.807510,13332900
2023-10-23,142.940002,143.679993,140.729996,141.000000,132.968628,10133400
2023-10-24,141.190002,141.729996,140.360001,141.169998,133.128937,8881400
2023-10-25,140.570007,141.179993,139.509995,140.399994,132.402786,8242600
2023-10-26,139.759995,141.669998,139.429993,140.759995,132.742294,9109400
2023-10-27,138.949997,139.100006,135.190002,135.690002,127.961090,17434700
2023-10-30,136.440002,138.039993,136.039993,137.419998,129.592514,9855500
2023-10-31,137.710007,139.240005,137.470001,139.059998,131.139099,9672500
2023-11-01,139.250000,140.529999,138.470001,138.940002,131.025970,9432000
2023-11-02,140.089996,141.479996,139.229996,141.419998,133.364700,10186200
2023-11-03,142.190002,143.770004,141.850006,143.000000,134.854675,9538700
2023-11-06,143.169998,144.190002,142.789993,144.080002,135.873184,7625100
2023-11-07,143.509995,144.259995,142.820007,144.009995,135.807159,6297900
2023-11-08,144.110001,144.839996,143.619995,144.720001,136.476685,7618200
2023-11-09,145.440002,145.649994,143.699997,144.289993,136.071213,7992500
2023-11-10,144.940002,146.479996,144.080002,146.429993,138.089294,7983300
2023-11-13,145.699997,146.250000,145.160004,145.779999,137.476318,6676300
2023-11-14,146.679993,149.250000,146.520004,148.440002,139.984818,9927700
2023-11-15,148.460007,150.160004,148.460007,149.740005,141.210770,8365300
2023-11-16,150.089996,151.529999,150.089996,151.449997,142.823380,8126200
2023-11-17,152.199997,152.860001,151.539993,152.820007,144.115372,7812400
2023-11-20,152.080002,153.750000,151.919998,153.289993,144.558594,7019000
2023-11-21,153.199997,153.630005,152.570007,152.970001,144.256790,7083500
2023-11-22,153.410004,153.880005,152.899994,153.330002,144.596283,5174500
2023-11-24,153.589996,154.440002,153.279999,153.539993,144.794327,3496900
2023-11-27,153.429993,153.529999,152.710007,153.190002,144.464264,6259100
2023-11-28,153.220001,153.869995,152.720001,153.539993,144.794327,6582700
2023-11-29,154.169998,155.630005,154.000000,154.320007,145.529892,9126100
2023-11-30,154.910004,156.130005,154.380005,156.080002,147.189636,9869800
2023-12-01,155.820007,157.860001,155.820007,156.839996,147.906372,8916000
2023-12-04,156.020004,158.050003,155.880005,157.990005,148.990875,9607500
2023-12-05,157.259995,158.500000,156.970001,157.970001,148.971985,9135600
2023-12-06,158.839996,159.220001,156.000000,156.309998,147.406525,9366000
2023-12-07,156.690002,157.309998,156.149994,156.789993,147.859192,8130900
2023-12-08,157.259995,158.779999,156.979996,158.520004,149.490707,7369400
2023-12-11,158.520004,159.300003,158.149994,159.100006,150.037628,8093900
2023-12-12,159.229996,160.649994,158.880005,160.520004,151.376740,10223000
2023-12-13,160.520004,162.029999,159.770004,161.059998,151.885986,12379100
2023-12-14,161.830002,164.839996,161.710007,163.990005,154.649094,13643000
2023-12-15,163.080002,165.279999,162.389999,165.229996,155.818451,20309300
2023-12-18,165.919998,167.130005,165.630005,166.229996,156.761505,8469600
2023-12-19,166.000000,168.470001,165.550003,168.449997,158.855072,10345700
2023-12-20,167.990005,169.410004,166.449997,166.550003,157.063278,10734700
2023-12-21,166.839996,168.089996,165.679993,167.500000,157.959183,7601700
2023-12-22,167.500000,168.229996,167.229996,167.399994,157.864868,6576300
2023-12-26,167.460007,168.770004,167.179993,168.389999,158.798492,4683600
2023-12-27,167.839996,169.470001,167.580002,169.399994,159.750931,6428600
2023-12-28,169.350006,170.660004,169.000000,170.300003,160.599701,6320100
2023-12-29,170.000000,170.690002,169.630005,170.100006,160.411072,6435100
2024-01-02,169.089996,172.169998,168.910004,172.080002,162.278290,9977400
2024-01-03,171.860001,172.039993,170.369995,171.330002,161.571014,9852300
2024-01-04,170.639999,173.350006,170.539993,171.410004,162.643219,11972500
2024-01-05,171.470001,173.380005,171.470001,172.270004,163.459229,10066000
2024-01-08,172.020004,172.360001,169.490005,172.020004,163.222000,11229900
2024-01-09,171.619995,171.789993,170.100006,170.660004,161.931580,9923600
2024-01-10,170.000000,171.080002,168.949997,171.020004,162.273163,9670200
2024-01-11,170.330002,170.360001,168.639999,170.300003,161.589996,11919500
2024-01-12,173.800003,176.309998,168.899994,169.050003,160.403931,19436500
2024-01-16,164.869995,168.089996,164.300003,167.990005,159.398148,17206400
2024-01-17,167.339996,169.070007,166.490005,167.089996,158.544144,11107500
2024-01-18,167.119995,167.529999,165.240005,167.419998,158.857269,9382300
2024-01-19,167.550003,170.570007,167.080002,170.309998,161.599487,13115700
2024-01-22,170.460007,171.979996,169.710007,170.110001,161.409714,12837500
2024-01-23,169.669998,169.750000,168.440002,168.990005,160.347000,8360800
2024-01-24,169.360001,171.009995,168.860001,170.500000,161.779755,9967100
2024-01-25,172.309998,172.990005,170.910004,172.940002,164.094971,8873500
2024-01-26,172.610001,173.059998,171.779999,172.279999,163.468719,7443000
2024-01-29,172.240005,172.839996,171.300003,172.729996,163.895691,6971200
2024-01-30,172.830002,176.759995,172.830002,176.270004,167.254639,10822100
2024-01-31,176.199997,178.300003,174.339996,174.360001,165.442322,11521800
2024-02-01,173.639999,174.839996,171.429993,173.729996,164.844559,9354800
2024-02-02,173.300003,175.820007,173.259995,174.729996,165.793396,8607600
2024-02-05,173.860001,175.089996,172.919998,174.500000,165.575195,7820200
2024-02-06,174.610001,175.869995,173.759995,175.100006,166.144501,6764800
2024-02-07,175.690002,175.869995,173.960007,175.429993,166.457581,7225500
2024-02-08,175.000000,175.309998,173.570007,174.800003,165.859818,6060300
2024-02-09,175.000000,175.100006,173.669998,175.009995,166.059082,6296700
2024-02-12,174.779999,176.809998,173.699997,175.789993,166.799194,8539300
2024-02-13,175.320007,176.229996,172.619995,174.259995,165.347458,8397600
2024-02-14,175.070007,176.100006,174.419998,176.029999,167.026932,7056700
2024-02-15,176.149994,180.210007,176.149994,179.869995,170.670532,8723400
2024-02-16,179.610001,179.979996,178.160004,179.029999,169.873489,8152600
2024-02-20,179.190002,180.460007,178.410004,179.729996,170.537689,9668000
2024-02-21,179.949997,180.990005,178.520004,180.899994,171.647858,7024000
2024-02-22,181.820007,183.419998,181.240005,183.070007,173.706863,9296500
2024-02-23,183.809998,185.199997,183.190002,183.990005,174.579819,7105800
2024-02-26,183.750000,184.460007,182.479996,183.360001,173.982025,7145400
2024-02-27,183.309998,183.539993,182.240005,183.449997,174.067429,5717100
2024-02-28,183.429993,185.199997,182.960007,184.380005,174.949875,6131600
2024-02-29,185.660004,186.429993,183.850006,186.059998,176.543930,9643000
2024-03-01,185.699997,186.440002,185.100006,185.289993,175.813309,6311800
2024-03-04,184.710007,187.589996,184.270004,186.679993,177.132233,7063600
2024-03-05,186.360001,189.300003,186.360001,188.550003,178.906601,6617800
2024-03-06,189.250000,190.070007,187.630005,189.529999,179.836456,7572900
2024-03-07,189.910004,190.500000,186.630005,187.869995,178.261353,7618300
2024-03-08,188.440002,190.460007,187.919998,188.220001,178.593460,6172200
2024-03-11,187.279999,188.440002,186.220001,188.289993,178.659882,5762600
2024-03-12,188.949997,190.160004,187.910004,189.839996,180.130600,5708400
2024-03-13,190.360001,191.729996,189.839996,191.380005,181.591858,7795500
2024-03-14,191.029999,191.630005,187.100006,187.970001,178.356262,10310900
2024-03-15,186.479996,190.940002,186.479996,190.300003,180.567078,17214200
2024-03-18,190.630005,192.699997,189.889999,192.660004,182.806366,9013800
2024-03-19,192.710007,193.929993,192.380005,193.789993,183.878571,8478700
2024-03-20,194.190002,196.559998,193.610001,196.330002,186.288696,9367000
2024-03-21,196.520004,199.429993,196.330002,199.059998,188.879059,11203800
2024-03-22,199.009995,200.479996,196.539993,196.619995,186.563843,8108800
2024-03-25,196.600006,196.940002,194.360001,194.820007,184.855911,8620000
2024-03-26,194.589996,196.660004,194.059998,195.729996,185.719360,5961500
2024-03-27,196.500000,199.600006,196.380005,199.520004,189.315521,8725800
2024-03-28,199.490005,200.720001,198.539993,200.300003,190.055664,8628300
2024-04-01,199.990005,200.940002,198.570007,198.940002,188.765198,7309000
2024-04-02,198.389999,199.779999,198.080002,198.860001,188.689255,7014700
2024-04-03,199.039993,199.559998,197.699997,198.300003,188.157898,9353400
2024-04-04,199.149994,199.679993,195.550003,195.649994,186.726334,9243800
2024-04-05,196.160004,198.119995,195.110001,197.449997,188.444244,6532300
2024-04-08,197.619995,198.979996,197.619995,198.479996,189.427261,8001000
2024-04-09,198.070007,198.880005,194.910004,197.149994,188.157928,7351500
2024-04-10,195.550003,197.070007,194.179993,195.470001,186.554550,7681400
2024-04-11,196.000000,196.570007,193.240005,195.429993,186.516373,10137700
2024-04-12,188.320007,188.929993,182.539993,182.789993,174.452896,31532300
2024-04-15,184.500000,187.460007,182.199997,182.889999,174.548325,14766600
2024-04-16,182.899994,183.160004,179.649994,180.800003,172.553665,16451800
2024-04-17,181.369995,182.419998,179.199997,180.080002,171.866486,9017100
2024-04-18,181.100006,183.360001,179.970001,181.250000,172.983139,9557700
2024-04-19,182.399994,185.880005,181.410004,185.800003,177.325592,13402300
2024-04-22,185.990005,190.130005,185.979996,189.410004,180.770950,11529700
2024-04-23,191.130005,192.229996,190.520004,192.139999,183.376450,9144400
2024-04-24,190.529999,193.229996,190.169998,193.080002,184.273560,6964900
2024-04-25,192.250000,193.940002,191.179993,193.369995,184.550323,9802300
2024-04-26,193.570007,194.869995,193.059998,193.490005,184.664886,6413700
2024-04-29,193.479996,194.259995,192.429993,193.279999,184.464417,5387800
2024-04-30,192.809998,194.990005,191.639999,191.740005,182.994690,8153700
2024-05-01,192.270004,194.460007,190.789993,191.860001,183.109192,7445300
2024-05-02,193.070007,193.500000,189.520004,191.660004,182.918335,6501700
2024-05-03,192.000000,192.529999,188.460007,190.509995,181.820786,8922800
2024-05-06,191.729996,192.199997,189.820007,192.000000,183.242828,7911100
2024-05-07,191.699997,192.929993,191.649994,191.750000,183.004211,7688800
2024-05-08,191.000000,196.649994,191.000000,195.649994,186.726334,9227600
2024-05-09,195.169998,197.589996,195.100006,197.500000,188.491959,7977300
2024-05-10,198.539993,199.339996,198.270004,198.770004,189.704056,7529800
2024-05-13,198.800003,199.850006,198.039993,198.729996,189.665848,7049200
2024-05-14,199.000000,201.580002,198.160004,201.509995,192.319061,8596200
2024-05-15,202.009995,202.690002,199.770004,202.110001,192.891693,8370000
2024-05-16,202.220001,204.479996,201.990005,202.470001,193.235291,8497900
2024-05-17,203.809998,205.050003,202.809998,204.789993,195.449463,9260500
2024-05-20,204.389999,205.880005,195.399994,195.580002,186.659531,17373300
2024-05-21,197.000000,199.899994,196.600006,199.520004,190.419815,14420800
2024-05-22,199.000000,200.940002,197.690002,198.309998,189.265015,9425300
2024-05-23,197.809998,198.300003,196.070007,196.919998,187.938431,8069400
2024-05-24,197.750000,200.759995,197.559998,200.710007,191.555557,7356200
2024-05-28,199.860001,200.410004,198.660004,199.500000,190.400757,6910200
2024-05-29,198.000000,198.990005,196.889999,198.110001,189.074127,6120000
2024-05-30,198.559998,199.850006,198.399994,199.330002,190.238495,6829100
2024-05-31,199.300003,203.300003,198.350006,202.630005,193.388000,14417900
2024-06-03,202.309998,202.419998,199.190002,201.820007,192.614929,6444300
2024-06-04,200.160004,201.979996,198.279999,199.160004,190.076263,6848300
2024-06-05,199.759995,199.820007,196.919998,197.259995,188.262924,8351600
2024-06-06,197.259995,198.020004,195.330002,196.910004,187.928909,7640300
2024-06-07,197.429993,200.919998,197.009995,199.949997,190.830215,6964500
2024-06-10,199.240005,200.839996,198.440002,199.610001,190.505722,6070800
2024-06-11,197.910004,197.940002,193.600006,194.360001,185.495178,9235300
2024-06-12,196.000000,196.720001,191.309998,191.529999,182.794220,12751300
2024-06-13,192.320007,194.580002,190.880005,193.660004,184.827103,8587800
2024-06-14,191.449997,194.860001,191.419998,193.779999,184.941635,6874000
2024-06-17,193.479996,195.580002,192.639999,194.979996,186.086884,8725400
2024-06-18,194.600006,197.960007,194.130005,197.000000,188.014755,9023000
2024-06-20,196.389999,199.449997,196.110001,198.669998,189.608612,8731100
2024-06-21,196.710007,197.169998,194.220001,196.300003,187.346695,20972100
2024-06-24,197.809998,199.229996,197.100006,198.880005,189.809021,9785900
2024-06-25,198.089996,200.070007,197.740005,198.070007,189.035965,6862500
2024-06-26,197.449997,197.940002,196.279999,197.429993,188.425156,7758600
2024-06-27,197.440002,199.860001,196.899994,199.169998,190.085800,7913500
2024-06-28,200.009995,202.600006,199.300003,202.259995,193.034851,15307600
2024-07-01,202.839996,207.089996,202.660004,205.449997,196.079391,10205800
2024-07-02,205.289993,208.860001,204.770004,208.830002,199.305191,7802900
2024-07-03,209.550003,210.380005,207.649994,208.690002,199.171585,5560900
2024-07-05,206.990005,207.369995,204.520004,204.789993,196.532471,8093100
2024-07-08,205.039993,206.899994,203.970001,205.169998,196.897141,8707000
2024-07-09,205.630005,209.759995,205.449997,207.630005,199.257950,9058900
2024-07-10,206.139999,207.970001,205.580002,207.800003,199.421112,8328500
2024-07-11,206.210007,208.100006,205.380005,207.449997,199.085205,10658100
2024-07-12,204.000000,207.449997,202.100006,204.940002,196.676422,15443400
2024-07-15,207.190002,211.610001,206.720001,210.050003,201.580353,10719700
2024-07-16,210.000000,213.740005,208.080002,213.619995,205.006409,11557000
2024-07-17,213.800003,217.559998,213.270004,216.869995,208.125381,11572500
2024-07-18,215.630005,216.639999,209.240005,209.979996,201.513199,12415100
2024-07-19,211.199997,212.350006,208.919998,209.779999,201.321274,8095900
2024-07-22,210.460007,212.169998,209.710007,210.279999,201.801102,7663200
2024-07-23,211.020004,211.479996,209.350006,210.330002,201.849075,5557300
2024-07-24,209.550003,212.029999,208.070007,208.589996,200.179260,7119000
2024-07-25,208.649994,210.190002,208.050003,208.669998,200.256012,6403800
2024-07-26,209.240005,213.160004,208.619995,212.240005,203.682083,8027800
2024-07-29,212.649994,213.610001,210.550003,210.850006,202.348114,6533600
2024-07-30,213.229996,215.789993,212.960007,215.190002,206.513123,8850700
2024-07-31,214.779999,216.389999,212.669998,212.800003,204.219513,9071600
2024-08-01,213.199997,213.830002,206.380005,207.960007,199.574646,10918600
2024-08-02,203.880005,204.669998,196.889999,199.139999,191.110291,18041700
2024-08-05,194.050003,196.169998,190.899994,194.899994,187.041245,13927000
2024-08-06,195.399994,202.600006,194.000000,200.339996,192.261887,10605800
2024-08-07,203.509995,205.750000,200.199997,200.399994,192.319473,9204400
2024-08-08,202.470001,204.910004,201.789993,204.059998,195.831894,7761200
2024-08-09,203.470001,206.470001,202.899994,205.800003,197.501755,5540200
2024-08-12,206.410004,207.139999,203.660004,206.190002,197.876007,6936000
2024-08-13,207.729996,208.089996,205.399994,207.940002,199.555450,6387800
2024-08-14,207.740005,210.759995,207.119995,210.240005,201.762711,6999800
2024-08-15,213.000000,213.889999,211.100006,211.550003,203.019882,7001000
2024-08-16,211.690002,214.089996,211.589996,213.970001,205.342316,7931200
2024-08-19,214.000000,215.529999,213.820007,215.449997,206.762634,6090800
2024-08-20,215.000000,216.000000,213.679993,214.520004,205.870163,5640000
2024-08-21,214.429993,215.000000,212.839996,214.600006,205.946899,5202300
2024-08-22,214.580002,216.800003,214.339996,216.630005,207.895065,5247100
2024-08-23,217.600006,219.190002,216.500000,218.309998,209.507324,7214000
2024-08-26,219.009995,219.679993,218.050003,219.169998,210.332642,5105200
2024-08-27,219.509995,220.419998,219.190002,220.179993,211.301910,5185200
2024-08-28,219.250000,222.210007,219.190002,221.289993,212.367157,6506400
2024-08-29,222.149994,222.979996,218.940002,222.210007,213.250031,6416100
2024-08-30,222.500000,225.479996,221.929993,224.800003,215.735641,8574100
2024-09-03,222.300003,224.100006,219.240005,220.300003,211.417068,8956100
2024-09-04,221.039993,222.070007,217.210007,219.330002,210.486191,7389500
2024-09-05,220.149994,220.800003,216.029999,217.630005,208.854736,8067900
2024-09-06,217.600006,218.740005,211.089996,212.460007,203.893204,7777000
2024-09-09,215.190002,218.149994,214.179993,216.809998,208.067795,8935100
2024-09-10,218.600006,218.639999,200.610001,205.559998,197.271408,28406900
2024-09-11,205.250000,207.699997,201.830002,207.229996,198.874054,13658700
2024-09-12,207.649994,208.779999,204.889999,206.600006,198.269470,9054400
2024-09-13,206.860001,207.850006,203.020004,204.320007,196.081421,10226700
2024-09-16,205.830002,208.210007,205.589996,207.860001,199.478668,8634900
2024-09-17,207.729996,209.929993,207.660004,209.250000,200.812637,7573300
2024-09-18,209.009995,211.339996,206.699997,207.529999,199.161987,8259900
2024-09-19,209.779999,211.910004,207.339996,210.479996,201.993042,11635200
2024-09-20,209.929993,211.419998,209.500000,211.089996,202.578430,20885000
2024-09-23,211.000000,211.800003,209.990005,211.440002,202.914322,7223500
2024-09-24,211.149994,212.949997,210.369995,211.589996,203.058258,7323200
2024-09-25,211.679993,212.240005,208.610001,210.190002,201.714722,8976500
2024-09-26,211.130005,211.699997,209.009995,209.779999,201.321274,7807500
2024-09-27,210.649994,212.440002,209.330002,210.500000,202.012238,7032500
2024-09-30,206.309998,210.960007,205.259995,210.860001,202.357712,8663800
2024-10-01,208.899994,209.089996,206.190002,207.039993,198.691742,8540100
2024-10-02,207.080002,208.949997,205.690002,207.289993,198.931625,5810900
2024-10-03,206.169998,206.490005,204.339996,205.229996,196.954712,7251300
2024-10-04,209.300003,211.669998,206.910004,211.220001,203.945374,10211700
2024-10-07,211.029999,213.330002,209.690002,210.929993,203.665344,6718900
2024-10-08,210.580002,211.330002,208.380005,210.750000,203.491531,6021800
2024-10-09,209.699997,214.240005,209.380005,213.419998,206.069595,7024000
2024-10-10,214.809998,214.809998,211.470001,212.839996,205.509567,7927100
2024-10-11,215.669998,224.630005,215.160004,222.289993,214.634109,18320700
2024-10-14,223.199997,223.699997,218.880005,221.479996,213.852005,9048900
2024-10-15,223.660004,225.449997,221.820007,222.389999,214.730682,9235800
2024-10-16,222.330002,223.679993,221.039993,223.639999,215.937607,6382500
2024-10-17,224.270004,225.850006,223.309998,224.419998,216.690735,6470200
2024-10-18,225.000000,225.919998,223.100006,225.369995,217.608002,7000500
2024-10-21,225.220001,225.699997,222.899994,223.000000,215.319656,5870000
2024-10-22,223.020004,225.279999,221.100006,224.119995,216.401062,9586800
2024-10-23,223.660004,224.800003,222.529999,223.410004,215.715515,6180500
2024-10-24,221.830002,225.059998,221.660004,224.979996,217.231445,6002200
2024-10-25,225.000000,225.619995,220.880005,222.309998,214.653427,6369700
2024-10-28,223.350006,225.639999,222.949997,225.500000,217.733551,6843000
2024-10-29,225.210007,226.750000,222.809998,222.899994,215.223114,6580000
2024-10-30,222.539993,226.309998,221.580002,224.410004,216.681091,7110900
2024-10-31,224.699997,225.690002,221.820007,221.919998,214.276855,7829900
2024-11-01,223.559998,226.149994,222.699997,222.940002,215.261719,6923500
2024-11-04,222.649994,223.759995,219.169998,219.779999,212.210556,8229600
2024-11-05,220.029999,221.960007,220.000000,221.490005,213.861664,5600700
2024-11-06,235.000000,248.000000,234.770004,247.059998,238.550995,23987800
2024-11-07,244.500000,244.570007,235.220001,236.380005,228.238846,16451100
2024-11-08,239.339996,239.339996,235.779999,236.979996,228.818161,9502100
2024-11-11,240.000000,242.100006,239.000000,239.289993,231.048615,9017100
2024-11-12,240.550003,241.460007,238.759995,239.559998,231.309311,6861000
2024-11-13,240.580002,244.089996,240.309998,241.160004,232.854202,11472600
2024-11-14,242.419998,244.289993,241.050003,241.869995,233.539764,10172200
2024-11-15,241.460007,246.419998,241.460007,245.309998,236.861282,11518800
2024-11-18,247.759995,247.929993,242.679993,245.029999,236.590897,9051400
2024-11-19,242.250000,245.149994,241.550003,243.089996,234.717728,6792700
2024-11-20,244.399994,244.610001,238.639999,240.779999,232.487320,9015300
2024-11-21,243.229996,245.490005,242.110001,244.759995,236.330215,8783500
2024-11-22,243.610001,249.149994,243.029999,248.550003,239.989700,7997300
2024-11-25,249.589996,254.309998,249.059998,250.289993,241.669754,10295400
2024-11-26,250.490005,251.000000,248.339996,249.970001,241.360779,6212100
2024-11-27,249.350006,251.190002,248.770004,249.789993,241.186966,5472300
2024-11-29,249.860001,251.770004,249.449997,249.720001,241.119385,5494800
2024-12-02,249.550003,250.250000,245.029999,246.250000,237.768921,8899700
2024-12-03,248.229996,249.039993,244.630005,244.820007,236.388153,6657700
2024-12-04,244.699997,245.350006,242.229996,243.399994,235.017044,7346300
2024-12-05,245.389999,247.179993,244.619995,245.479996,237.025436,6572500
2024-12-06,245.699997,247.740005,244.839996,247.360001,238.840683,5519700
2024-12-09,247.130005,247.869995,243.759995,243.809998,235.412918,7076500
2024-12-10,243.889999,247.960007,242.220001,242.860001,234.495651,9108300
2024-12-11,244.000000,244.270004,242.179993,243.529999,235.142563,7884400
2024-12-12,243.000000,244.100006,241.039993,241.529999,233.211456,6113800
2024-12-13,242.070007,242.720001,239.139999,239.940002,231.676208,10392700
2024-12-16,240.610001,240.669998,237.520004,239.580002,231.328613,9032000
2024-12-17,238.649994,239.020004,236.630005,238.360001,230.150650,8083600
2024-12-18,239.000000,239.070007,229.529999,230.369995,222.435806,11322400
2024-12-19,232.270004,236.360001,232.270004,232.960007,224.936630,11790800
2024-12-20,231.919998,239.210007,231.589996,237.600006,229.416824,32348400
2024-12-23,236.070007,238.619995,234.880005,238.389999,230.179611,8611500
2024-12-24,239.429993,242.490005,239.070007,242.309998,233.964600,3729100
2024-12-26,241.429993,243.259995,240.789993,243.139999,234.766006,4451800
2024-12-27,242.720001,243.389999,240.039993,241.169998,232.863876,5730200
2024-12-30,238.770004,240.839996,237.110001,239.320007,231.077576,5723800
2024-12-31,240.050003,241.440002,239.029999,239.710007,231.454163,4871000
2025-01-02,240.919998,243.279999,239.449997,240.000000,231.734161,9220900
2025-01-03,243.889999,244.880005,240.259995,243.279999,234.901184,9491100
2025-01-06,243.699997,245.690002,240.580002,240.850006,233.755936,9917800
2025-01-07,242.139999,245.259995,240.899994,243.169998,236.007614,8753400
2025-01-08,242.750000,244.250000,240.500000,243.130005,235.968781,8675300
2025-01-10,243.089996,243.809998,238.740005,239.869995,232.804794,10256800
2025-01-13,239.669998,244.539993,239.000000,244.210007,237.016983,10005300
2025-01-14,242.660004,247.720001,242.190002,247.470001,240.180954,12407400
2025-01-15,250.399994,253.669998,243.679993,252.350006,244.917221,18448500
2025-01-16,254.000000,257.040009,252.330002,254.270004,246.780685,15292300
2025-01-17,254.139999,260.619995,252.139999,259.160004,251.526642,17678100
2025-01-21,260.070007,264.250000,259.500000,263.029999,255.282654,13712100
2025-01-22,262.899994,263.380005,260.250000,262.839996,255.098267,9021900
2025-01-23,264.690002,266.859985,263.809998,265.950012,258.116669,10749700
2025-01-24,263.690002,267.100006,263.010010,264.839996,257.039307,7666300
2025-01-27,264.170013,265.970001,262.260010,265.850006,258.019592,7522300
2025-01-28,265.850006,267.329987,264.829987,267.140015,259.271606,7375400
2025-01-29,267.209991,270.679993,265.609985,266.579987,258.728088,7684900
2025-01-30,268.630005,269.700012,266.619995,268.230011,260.329468,8753500
2025-01-31,269.230011,270.820007,266.959991,267.299988,259.426880,7193800
2025-02-03,261.829987,268.170013,261.700012,266.809998,258.951324,8381400
2025-02-04,269.839996,269.839996,266.829987,267.940002,260.048065,5626000
2025-02-05,268.910004,270.640015,268.329987,270.429993,262.464630,5704400
2025-02-06,272.450012,276.980011,271.190002,276.899994,268.744110,7264400
2025-02-07,277.269989,278.549988,274.709991,275.799988,267.676483,6857900
2025-02-10,276.149994,276.179993,269.589996,271.040009,263.056732,8627400
2025-02-11,270.260010,276.220001,269.660004,274.989990,266.890350,7196400
2025-02-12,274.079987,276.450012,273.250000,275.450012,267.336823,6683900
2025-02-13,275.500000,276.970001,273.809998,276.320007,268.181213,8398700
2025-02-14,277.369995,279.230011,276.450012,276.589996,268.443268,5688600
2025-02-18,276.760010,279.970001,276.019989,279.950012,271.704285,7919800
2025-02-19,278.380005,280.250000,277.220001,279.250000,271.024933,7007200
2025-02-20,278.679993,278.739990,265.739990,266.799988,258.941589,13846700
2025-02-21,268.320007,269.200012,262.839996,264.239990,256.457001,12835600
2025-02-24,265.489990,267.000000,258.609985,261.339996,253.642441,10372800
2025-02-25,262.230011,263.000000,253.350006,257.399994,249.818481,9608400
2025-02-26,257.160004,260.910004,256.929993,258.790009,251.167526,5943600
2025-02-27,260.179993,263.640015,257.859985,259.049988,251.419861,8204400
2025-02-28,260.730011,264.809998,257.890015,264.649994,256.854980,10467100
2025-03-03,264.000000,266.320007,257.820007,260.619995,252.943634,9058300
2025-03-04,255.279999,257.230011,245.949997,250.250000,242.879089,13465600
2025-03-05,251.250000,253.050003,247.830002,251.529999,244.121368,7861400
2025-03-06,248.110001,249.360001,243.850006,246.539993,239.278336,9983200
2025-03-07,245.229996,246.720001,239.419998,242.279999,235.143814,20498700
2025-03-10,236.210007,237.509995,228.699997,232.220001,225.380127,18887200
2025-03-11,231.750000,233.320007,226.690002,229.139999,222.390854,18143000
2025-03-12,234.000000,234.320007,227.259995,227.899994,221.187363,16054000
2025-03-13,229.300003,229.500000,224.229996,225.190002,218.557205,16467900
2025-03-14,228.119995,233.139999,227.580002,232.440002,225.593658,11962100
2025-03-17,231.179993,235.669998,230.460007,233.929993,227.039764,9586000
2025-03-18,234.320007,236.169998,233.520004,234.970001,228.049133,10344900
2025-03-19,235.740005,242.330002,234.889999,239.110001,232.067200,10120600
2025-03-20,236.559998,241.759995,236.199997,239.009995,231.970139,8328500
2025-03-21,237.809998,242.300003,236.500000,241.630005,234.512970,19326900
2025-03-24,245.479996,248.690002,244.410004,248.059998,240.753586,9422700
2025-03-25,249.309998,251.820007,247.619995,251.130005,243.733154,9287700
2025-03-26,252.600006,254.669998,249.779999,251.029999,243.636093,12779300
2025-03-27,249.529999,250.639999,247.179993,248.119995,240.811813,8022500
2025-03-28,246.940002,249.509995,241.110001,242.850006,235.697037,11978400
2025-03-31,239.410004,245.860001,237.360001,245.300003,238.074875,13603000
2025-04-01,242.619995,245.690002,240.880005,243.660004,236.483170,8054700
2025-04-02,241.600006,247.250000,241.460007,245.820007,238.579559,7758800
2025-04-03,234.270004,235.139999,227.300003,228.690002,221.954117,17188500
2025-04-04,215.309998,217.699997,208.929993,210.279999,205.343430,27170700
2025-04-07,205.770004,222.050003,202.160004,214.440002,209.405762,22914400
2025-04-08,223.520004,227.839996,213.250000,216.869995,211.778717,19485700
2025-04-09,212.500000,237.479996,211.000000,234.339996,228.838608,24022400
2025-04-10,230.000000,230.350006,220.100006,227.110001,221.778336,18896400
2025-04-11,226.309998,238.580002,225.000000,236.199997,230.654922,20284500
2025-04-14,237.100006,239.779999,233.630005,234.720001,229.209671,13017800
2025-04-15,236.100006,238.649994,232.820007,233.130005,227.657013,10912900
2025-04-16,232.000000,233.580002,227.929993,229.610001,224.219635,9322300
2025-04-17,230.800003,234.339996,230.550003,231.960007,226.514465,9557900
2025-04-21,230.630005,231.809998,226.339996,228.990005,223.614197,8716200
2025-04-22,231.979996,235.990005,231.369995,235.589996,230.059250,10701400
2025-04-23,240.220001,246.789993,240.000000,240.880005,235.225067,14126800
2025-04-24,239.740005,245.470001,237.580002,244.639999,238.896774,9055200
2025-04-25,244.649994,245.619995,241.750000,243.550003,237.832382,8588600
2025-04-28,244.559998,246.839996,240.839996,243.220001,237.510132,7394300
2025-04-29,242.190002,245.250000,241.690002,244.619995,238.877258,7216800
2025-04-30,241.210007,245.220001,238.429993,244.619995,238.877258,12991700
2025-05-01,242.839996,248.449997,242.169998,246.889999,241.093964,8689600
2025-05-02,251.259995,253.619995,249.460007,252.509995,246.582047,7165000
2025-05-05,251.179993,255.160004,250.589996,252.559998,246.630859,5450700
2025-05-06,250.000000,252.649994,249.000000,249.250000,243.398560,6369900
2025-05-07,249.850006,252.449997,248.830002,249.389999,243.535278,8724100
2025-05-08,251.570007,255.880005,251.550003,253.470001,247.519501,8320100
2025-05-09,254.500000,255.509995,252.339996,253.080002,247.138672,5087600
2025-05-12,262.899994,263.600006,258.700012,260.049988,253.945023,9603900
2025-05-13,261.029999,263.670013,260.390015,263.010010,256.835571,8589000
2025-05-14,263.000000,266.640015,262.290009,265.640015,259.403809,8643100
2025-05-15,266.970001,269.519989,264.760010,267.489990,261.210327,9214600
2025-05-16,267.500000,268.459991,264.709991,267.559998,261.278717,8932900
2025-05-19,265.549988,268.320007,261.929993,264.880005,258.661652,12145000
2025-05-20,262.519989,266.660004,262.299988,265.679993,259.442841,8436300
2025-05-21,264.350006,265.649994,260.730011,261.040009,254.911804,7464000
2025-05-22,259.440002,262.299988,258.869995,260.670013,254.550476,6514100
2025-05-23,256.809998,261.989990,256.000000,260.709991,254.589539,6671800
2025-05-27,262.040009,265.299988,261.989990,265.290009,259.062012,7506600
2025-05-28,266.239990,266.720001,262.899994,263.489990,257.304230,5535400
2025-05-29,264.799988,265.410004,262.529999,264.369995,258.163605,5081200
2025-05-30,263.450012,265.329987,262.730011,264.000000,257.802307,10977700
2025-06-02,263.019989,265.029999,261.899994,264.660004,258.446777,6011200
2025-06-03,263.730011,266.579987,262.880005,266.269989,260.019012,6998400
2025-06-04,265.920013,267.119995,264.179993,264.220001,258.017151,5915700
2025-06-05,264.739990,264.739990,260.309998,261.950012,255.800461,8173800
2025-06-06,264.329987,266.649994,264.260010,265.730011,259.491699,7738100
2025-06-09,266.000000,267.899994,263.350006,266.739990,260.477936,8285000
2025-06-10,265.880005,268.899994,265.850006,268.600006,262.294312,7538100
2025-06-11,268.679993,269.619995,265.790009,268.149994,261.854889,7434100
2025-06-12,266.859985,268.290009,265.140015,268.239990,261.942780,6618000
2025-06-13,265.079987,267.019989,262.709991,264.950012,258.730011,7098300
2025-06-16,267.000000,271.730011,266.850006,270.359985,264.012970,8566000
2025-06-17,268.170013,270.589996,267.799988,269.519989,263.192719,6739300
2025-06-18,270.000000,277.720001,269.720001,273.959991,267.528473,9586400
2025-06-20,275.570007,277.299988,273.809998,275.000000,268.544037,13969700
2025-06-23,275.059998,278.549988,272.109985,278.269989,271.737274,8094600
2025-06-24,280.209991,282.709991,279.510010,281.260010,274.657104,9267900
2025-06-25,281.500000,284.279999,280.910004,284.059998,277.391327,6826900
2025-06-26,284.700012,289.410004,284.470001,288.750000,281.971252,8942100
2025-06-27,285.809998,288.700012,285.040009,287.109985,280.369751,17868600
2025-06-30,290.399994,292.649994,288.920013,289.910004,283.104034,12689200
2025-07-01,290.890015,291.130005,286.589996,290.410004,283.592255,9338300
2025-07-02,292.040009,292.820007,289.700012,292.000000,285.144989,8158700
2025-07-03,292.149994,296.399994,291.209991,296.000000,290.443604,6541600
2025-07-07,295.250000,296.040009,290.079987,291.970001,286.489288,8825700
2025-07-08,289.269989,289.700012,280.309998,282.779999,277.471771,15440900
2025-07-09,287.179993,287.200012,282.480011,283.160004,277.844604,11273800
2025-07-10,283.000000,288.309998,283.000000,288.190002,282.780212,8410900
2025-07-11,285.519989,287.380005,283.649994,286.859985,281.475159,7384700
2025-07-14,287.070007,289.299988,285.260010,288.700012,283.280640,9079900
2025-07-15,288.000000,291.950012,285.480011,286.549988,281.170990,12526100
2025-07-16,288.399994,290.730011,283.010010,285.820007,280.454681,9979800
2025-07-17,283.440002,290.299988,283.440002,289.899994,284.458130,8509500
2025-07-18,289.519989,292.500000,288.230011,291.269989,285.802338,12217000
2025-07-21,291.000000,294.179993,290.579987,290.970001,285.508026,7898100
2025-07-22,291.500000,293.630005,289.179993,291.429993,285.959381,6717500
2025-07-23,292.839996,296.989990,292.549988,296.760010,291.189331,7083500
2025-07-24,297.420013,299.589996,296.200012,296.549988,290.983215,7001200
2025-07-25,296.700012,298.899994,295.959991,298.619995,293.014404,5918500
2025-07-28,297.660004,299.429993,296.820007,298.279999,292.680786,5840400
2025-07-29,300.000000,301.290009,296.200012,297.040009,291.464050,7635700
2025-07-30,297.420013,300.609985,297.380005,299.630005,294.005493,8061700
2025-07-31,299.140015,300.980011,295.500000,296.239990,290.679077,14749700
2025-08-01,290.399994,291.799988,284.239990,289.369995,283.938080,12007100
2025-08-04,290.260010,294.320007,290.260010,294.260010,288.736267,6649500
2025-08-05,294.690002,295.790009,287.239990,291.369995,285.900543,7182300
2025-08-06,292.299988,293.290009,290.160004,291.350006,285.880890,6330200
2025-08-07,292.940002,293.459991,286.410004,286.940002,281.553680,8057100
2025-08-08,288.980011,291.230011,284.709991,288.760010,283.339508,6634100
2025-08-11,289.399994,291.320007,288.779999,289.559998,284.124481,5510100
2025-08-12,291.500000,294.750000,290.339996,292.850006,287.352722,8570900
2025-08-13,293.950012,294.549988,287.160004,290.529999,285.076263,8420400
2025-08-14,290.579987,294.200012,289.640015,294.160004,288.638153,6322400
2025-08-15,294.839996,295.500000,289.820007,290.489990,285.037018,7340500
2025-08-18,290.000000,291.899994,288.410004,291.529999,286.057495,5386900
2025-08-19,290.829987,292.480011,289.529999,290.660004,285.203857,6031500
2025-08-20,290.809998,293.329987,287.269989,292.239990,286.754150,7374200
2025-08-21,291.940002,292.769989,289.470001,291.470001,285.998627,6624000
2025-08-22,293.200012,297.160004,290.130005,296.239990,290.679077,8552800
2025-08-25,296.239990,297.350006,294.140015,294.899994,289.364227,5856300
2025-08-26,294.160004,298.739990,293.500000,298.570007,292.965363,6714700
2025-08-27,297.250000,301.070007,297.040009,299.279999,293.662018,6056500
2025-08-28,300.019989,301.239990,298.700012,301.070007,295.418457,6410500
2025-08-29,302.040009,302.950012,299.730011,301.420013,295.761871,6796400
2025-09-02,300.260010,300.459991,294.500000,299.700012,294.074158,7221900
2025-09-03,300.570007,300.570007,296.380005,299.510010,293.887726,6316900
2025-09-04,300.000000,304.429993,298.279999,303.820007,298.116821,6605800
2025-09-05,303.649994,305.149994,294.309998,294.380005,288.854004,9837700
2025-09-08,294.890015,296.459991,291.440002,292.910004,287.411591,8188500
2025-09-09,292.600006,299.000000,292.309998,297.850006,292.258850,7848200
2025-09-10,296.700012,301.540009,295.399994,300.540009,294.898407,7787300
2025-09-11,301.239990,305.730011,300.790009,305.559998,299.824158,7942500
2025-09-12,305.000000,307.549988,303.700012,306.910004,301.148834,6846700
2025-09-15,307.170013,309.950012,307.170013,308.899994,303.101440,7122000
2025-09-16,310.000000,310.899994,307.130005,309.190002,303.386017,10525600
2025-09-17,310.390015,312.910004,308.769989,311.750000,305.897980,8657800
2025-09-18,311.790009,313.440002,309.609985,313.230011,307.350159,8050700
2025-09-19,313.600006,315.799988,309.119995,314.779999,308.871033,23568600
2025-09-22,309.799988,313.700012,309.559998,312.440002,306.574982,7520200
2025-09-23,311.820007,316.309998,310.579987,312.739990,306.869324,8584400
2025-09-24,314.049988,316.579987,311.670013,313.420013,307.536591,7310500
2025-09-25,314.119995,315.649994,311.799988,313.450012,307.566040,7083200
2025-09-26,314.899994,317.809998,313.700012,316.059998,310.127045,7258100
2025-09-29,317.059998,318.010010,313.660004,315.690002,309.763977,6462400
2025-09-30,316.250000,317.410004,310.109985,315.429993,309.508850,11823300
2025-10-01,313.970001,314.589996,307.410004,310.709991,304.877472,9235200
2025-10-02,310.000000,310.559998,306.140015,307.549988,301.776764,7600000
2025-10-03,308.510010,311.660004,308.209991,310.029999,304.210236,6029900
2025-10-06,310.179993,311.750000,305.130005,309.179993,304.851105,7214500
2025-10-07,309.350006,310.010010,304.700012,307.690002,303.381989,8454200
2025-10-08,308.209991,308.779999,303.549988,304.029999,299.773224,6489900
2025-10-09,305.049988,308.040009,303.390015,305.529999,301.252228,7060300
2025-10-10,305.660004,310.470001,300.809998,300.890015,296.677246,8597400
2025-10-13,305.600006,309.459991,305.450012,307.970001,303.658081,10788700
2025-10-14,305.839996,307.000000,294.209991,302.079987,297.850525,16178800
2025-10-15,306.390015,312.119995,305.440002,305.690002,301.409973,11354800
2025-10-16,305.350006,308.679993,297.070007,298.540009,294.360107,10549400
2025-10-17,299.160004,299.549988,294.200012,297.559998,293.393829,10153500
2025-10-20,298.500000,303.690002,298.160004,302.359985,298.126587,6894900
2025-10-21,301.660004,304.049988,297.000000,297.089996,292.930389,7372700
2025-10-22,297.769989,298.059998,290.540009,294.109985,289.992126,8054100
2025-10-23,294.380005,296.369995,292.510010,294.540009,290.416107,5438800
2025-10-24,296.079987,302.600006,295.450012,300.440002,296.233490,7228300
2025-10-27,302.160004,304.529999,301.010010,304.149994,299.891571,5642200
2025-10-28,304.859985,307.970001,303.160004,305.359985,301.084595,6336000
2025-10-29,303.510010,308.250000,303.010010,305.510010,301.232513,7520300
2025-10-30,305.790009,312.609985,305.100006,309.440002,305.107483,7514600
2025-10-31,308.540009,312.869995,307.250000,311.119995,306.763947,7721300
2025-11-03,311.000000,312.320007,306.209991,309.350006,305.018738,7770000
2025-11-04,306.709991,312.220001,305.100006,309.250000,304.920135,7085200
2025-11-05,309.609985,313.100006,305.630005,311.679993,307.316101,6865200
2025-11-06,310.989990,314.839996,310.260010,313.420013,309.031769,7206100
2025-11-07,311.890015,314.429993,307.640015,314.209991,309.810669,7302300
2025-11-10,315.000000,319.559998,314.209991,316.890015,312.453186,5794100
2025-11-11,317.500000,319.049988,315.279999,315.619995,311.200958,5030200
2025-11-12,316.260010,322.250000,316.209991,320.410004,315.923889,10578300
2025-11-13,319.230011,320.630005,309.100006,309.480011,305.146942,8973300
2025-11-14,307.510010,307.640015,301.230011,303.609985,299.359100,10327000
2025-11-17,304.000000,305.589996,297.670013,300.369995,296.164459,8344000
2025-11-18,299.500000,302.950012,297.019989,299.410004,295.217896,8077300
2025-11-19,299.739990,304.450012,299.269989,303.269989,299.023865,5546600
2025-11-20,306.339996,309.920013,298.160004,298.380005,294.202332,7501600
2025-11-21,301.290009,301.679993,292.809998,298.019989,293.847351,11766800
2025-11-24,298.239990,299.820007,294.510010,298.000000,293.827667,10940200
2025-11-25,300.049988,304.500000,295.559998,303.000000,298.757660,8877200
2025-11-26,305.000000,308.529999,303.200012,307.640015,303.332703,7910900
2025-11-28,309.100006,313.720001,308.239990,313.079987,308.696503,4322400
2025-12-01,312.950012,314.040009,308.540009,308.920013,304.594788,7727300
2025-12-02,308.739990,310.480011,307.089996,307.880005,303.569336,7249000
2025-12-03,307.200012,312.359985,306.799988,312.130005,307.759857,8535300
2025-12-04,313.260010,318.489990,313.000000,316.100006,311.674225,9627800
2025-12-05,315.640015,318.480011,314.679993,315.040009,310.629059,6518900
2025-12-08,315.059998,316.470001,313.350006,315.209991,310.796692,7417200
2025-12-09,314.950012,318.799988,300.019989,300.510010,296.302551,18049200
2025-12-10,300.500000,311.190002,298.459991,310.109985,305.768097,18874100
2025-12-11,309.239990,318.000000,309.239990,317.380005,312.936310,9721900
2025-12-12,319.679993,320.269989,316.600006,318.519989,314.060333,8982900
2025-12-15,319.589996,322.880005,318.390015,320.019989,315.539337,10864100
2025-12-16,319.089996,319.519989,314.399994,315.549988,311.131927,8331300
2025-12-17,318.429993,319.369995,314.660004,314.980011,310.569916,8718700
2025-12-18,316.000000,317.700012,312.220001,313.000000,308.617645,11444900
2025-12-19,313.790009,318.559998,313.190002,317.209991,312.768677,24494400
2025-12-22,317.510010,323.230011,317.510010,323.089996,318.566345,8354600
2025-12-23,323.609985,327.779999,323.089996,325.929993,321.366577,6668300
2025-12-24,326.239990,329.989990,325.500000,329.170013,324.561249,4289300
2025-12-26,329.109985,330.859985,326.540009,327.910004,323.318909,4158300
2025-12-29,327.000000,327.769989,323.529999,323.750000,319.217133,8635300
2025-12-30,324.809998,324.940002,322.489990,323.420013,318.891754,7904300
2025-12-31,324.339996,324.880005,322.040009,322.220001,317.708557,5048500
2026-01-02,322.500000,325.730011,320.739990,325.480011,320.922913,8054000
2026-01-05,325.500000,337.250000,325.190002,334.040009,329.363037,10752600
2026-01-06,332.619995,335.869995,330.649994,334.609985,331.413269,7660800
2026-01-07,331.140015,332.149994,324.600006,326.989990,323.866058,9815200
2026-01-08,326.390015,331.399994,325.649994,329.790009,326.639343,11737100
2026-01-09,329.339996,331.899994,328.170013,329.190002,326.045074,6738100
2026-01-12,321.880005,326.019989,321.230011,324.489990,321.389984,12805100
2026-01-13,324.299988,326.859985,310.570007,310.899994,307.929810,19371200
2026-01-14,308.200012,311.760010,306.119995,307.869995,304.928741,25951500
2026-01-15,308.470001,312.940002,307.750000,309.260010,306.305481,14751400
2026-01-16,310.350006,317.209991,310.000000,312.470001,309.484802,14652500
2026-01-20,306.209991,311.149994,301.859985,302.739990,299.847748,12900600
2026-01-21,303.429993,305.399994,301.149994,302.040009,299.154480,10270100
2026-01-22,304.859985,308.200012,302.899994,303.630005,300.729248,10535800
2026-01-23,302.000000,302.369995,296.510010,297.720001,294.875732,11107900
2026-01-26,297.809998,301.779999,297.450012,301.040009,298.164032,11752700
2026-01-27,301.329987,301.970001,298.149994,300.309998,297.440979,11527400
2026-01-28,300.269989,301.920013,298.049988,300.769989,297.896545,9556700
2026-01-29,302.399994,306.829987,302.220001,306.420013,303.492615,11580000
2026-01-30,305.250000,307.929993,302.559998,305.890015,302.967682,11953200
2026-02-02,304.459991,309.299988,301.369995,308.140015,305.196167,9839400
2026-02-03,309.730011,316.250000,309.100006,314.850006,311.842072,12688000
2026-02-04,314.410004,319.309998,314.410004,317.269989,314.238953,9848800
2026-02-05,315.000000,316.010010,305.540009,310.160004,307.196869,9388000
2026-02-06,314.709991,324.250000,314.709991,322.399994,319.319946,17797400
2026-02-09,321.339996,326.399994,320.109985,322.100006,319.022827,11477500
2026-02-10,322.549988,326.130005,315.119995,318.279999,315.239288,9902200
2026-02-11,323.239990,325.279999,308.730011,310.820007,307.850555,8703500
2026-02-12,312.279999,313.619995,300.019989,302.640015,299.748749,13443400
2026-02-13,298.519989,304.290009,296.519989,302.549988,299.659576,9114500
2026-02-17,302.760010,308.239990,302.500000,307.130005,304.195831,8896800
2026-02-18,308.459991,312.279999,307.220001,308.779999,305.830048,7209600
2026-02-19,307.170013,309.179993,305.119995,308.049988,305.106995,6737700
2026-02-20,308.399994,311.000000,305.679993,310.790009,307.820862,7792700
2026-02-23,308.799988,311.000000,295.100006,297.670013,294.826202,12955400
2026-02-24,296.820007,299.750000,291.380005,297.299988,294.459717,13554100
2026-02-25,298.640015,303.660004,297.010010,303.299988,300.402405,8095500
2026-02-26,304.579987,309.010010,303.640015,306.130005,303.205383,7007800
2026-02-27,300.000000,302.950012,294.450012,300.299988,297.431061,18620800
2026-03-02,294.809998,299.980011,293.209991,297.559998,294.717255,8508900
2026-03-03,292.290009,302.390015,289.500000,300.260010,297.391449,10278200
2026-03-04,299.989990,301.000000,295.820007,299.390015,296.529785,8055700
2026-03-05,297.980011,301.239990,292.429993,293.549988,290.745544,12732500
2026-03-06,286.339996,289.989990,283.709991,289.480011,286.714447,13496500
2026-03-09,285.500000,291.100006,280.450012,289.920013,287.150269,12241100
2026-03-10,289.290009,292.750000,287.179993,288.730011,285.971619,8344900
2026-03-11,288.809998,290.480011,284.859985,287.519989,284.773132,10205000
2026-03-12,282.829987,283.880005,279.100006,282.890015,280.187408,13760500
2026-03-13,284.670013,287.190002,282.950012,283.440002,280.732147,9091200
2026-03-16,286.339996,289.269989,284.609985,286.160004,283.426147,8149000
2026-03-17,289.000000,291.760010,285.950012,286.890015,284.149200,8961200
2026-03-18,286.829987,289.410004,285.119995,287.739990,284.991058,10057000
2026-03-19,286.880005,289.510010,284.619995,287.970001,285.218842,9846700
2026-03-20,288.079987,290.709991,285.269989,286.559998,283.822357,22436500
2026-03-23,294.309998,295.750000,287.970001,289.910004,287.140320,11470800
2026-03-24,286.170013,295.480011,285.369995,292.399994,289.606537,11092300
2026-03-25,294.149994,297.640015,292.440002,295.420013,292.597717,12188200
2026-03-26,292.579987,294.989990,290.730011,291.660004,288.873627,8669200
2026-03-27,289.140015,290.109985,281.750000,282.839996,280.137878,9873300
2026-03-30,284.739990,287.250000,282.329987,283.769989,281.058990,11734400
2026-03-31,288.470001,295.070007,284.950012,294.160004,291.349731,12956900
2026-04-01,295.390015,298.720001,292.910004,295.380005,292.558075,11267200
2026-04-02,291.910004,295.619995,288.720001,294.600006,291.785522,6669300
2026-04-06,294.059998,296.829987,293.200012,295.450012,294.125000,7142600
2026-04-07,293.140015,298.179993,292.700012,297.399994,296.066254,7849100
2026-04-08,307.970001,311.260010,305.329987,307.970001,306.588837,10590200
2026-04-09,306.950012,311.260010,306.109985,310.329987,308.938232,6586600
2026-04-10,310.000000,310.350006,306.720001,309.869995,308.480316,6069700
2026-04-13,307.470001,313.739990,305.459991,313.679993,312.273224,8318200
2026-04-14,309.820007,314.320007,308.869995,311.119995,309.724701,11455500
2026-04-15,313.950012,314.239990,304.260010,305.929993,304.557983,9885800
2026-04-16,305.350006,309.950012,305.200012,309.950012,308.559967,8208600
2026-04-17,312.470001,314.899994,310.089996,310.290009,308.898438,11082400
2026-04-20,310.850006,317.130005,310.369995,316.989990,315.568390,10772000
2026-04-21,317.489990,320.239990,312.750000,313.000000,311.596283,7084300
2026-04-22,314.850006,315.149994,311.940002,313.019989,311.616180,5545900
2026-04-23,313.519989,314.989990,308.890015,311.690002,310.292175,6969700
2026-04-24,311.149994,311.149994,307.890015,308.279999,306.897461,5215300
2026-04-27,306.880005,312.579987,306.880005,311.630005,310.232422,7925300
2026-04-28,315.200012,315.450012,311.170013,311.450012,310.053253,7398600
2026-04-29,310.570007,312.049988,307.290009,309.250000,307.863098,8031800
2026-04-30,307.070007,314.100006,306.570007,313.230011,311.825256,8865400
2026-05-01,313.950012,316.079987,311.829987,312.470001,311.068665,6135400
2026-05-04,310.619995,310.649994,306.510010,307.649994,306.270264,7338200
2026-05-05,307.709991,310.970001,306.799988,309.399994,308.012421,6316800
2026-05-06,311.450012,316.260010,311.350006,314.899994,313.487762,8629500
2026-05-07,314.649994,316.299988,306.140015,306.269989,304.896454,8359600
2026-05-08,308.250000,308.989990,300.500000,302.100006,300.745178,9464300
2026-05-11,302.100006,303.190002,298.880005,300.000000,298.654572,9512000
2026-05-12,300.019989,306.059998,295.549988,304.880005,303.512695,9498200
2026-05-13,302.269989,303.000000,300.070007,300.250000,298.903473,7709500
2026-05-14,302.250000,303.750000,298.809998,299.910004,298.565002,7364300
2026-05-15,300.209991,300.790009,296.450012,297.809998,296.474396,8699300
2026-05-18,298.000000,301.260010,297.220001,300.730011,299.381317,7546300
2026-05-19,301.089996,301.790009,295.260010,295.700012,294.373871,8066900
2026-05-20,296.700012,302.929993,293.670013,301.980011,300.625732,9327000
2026-05-21,301.230011,303.980011,300.209991,303.000000,301.641144,7874400
2026-05-22,304.679993,307.450012,303.839996,306.380005,305.005981,5973900
2026-05-26,308.489990,309.929993,305.440002,306.739990,305.364349,7725400
2026-05-27,305.000000,305.899994,295.750000,299.279999,297.937805,11779200
2026-05-28,297.570007,301.070007,295.750000,296.730011,295.399261,9757700
2026-05-29,296.399994,299.880005,295.200012,299.309998,297.967682,13969000
2026-06-01,297.690002,299.549988,295.269989,296.579987,295.249908,7930000
2026-06-02,296.500000,302.070007,295.269989,300.959991,299.610260,8296200
2026-06-03,299.920013,301.959991,296.559998,300.850006,299.500793,7003900
2026-06-04,305.739990,312.910004,304.440002,310.890015,309.495758,10345200
2026-06-05,314.290009,315.000000,309.600006,312.369995,310.969116,9118800
2026-06-08,313.250000,316.299988,310.779999,311.109985,309.714752,6827000
2026-06-09,313.510010,316.420013,309.010010,312.700012,311.297638,11594600
2026-06-10,312.559998,314.750000,309.029999,309.140015,307.753601,7446200
2026-06-11,309.559998,314.720001,308.880005,313.489990,312.084076,9116600
2026-06-12,315.970001,321.299988,315.549988,320.720001,319.281677,7426200
2026-06-15,323.920013,325.920013,318.839996,319.399994,317.967590,7988900
2026-06-16,324.299988,331.750000,324.019989,331.140015,329.654938,11094900
2026-06-17,332.179993,337.769989,331.500000,333.459991,331.964508,12246400
2026-06-18,336.950012,338.089996,324.160004,325.220001,323.761475,20111000
2026-06-22,329.700012,332.769989,326.750000,331.480011,329.993408,10182500
2026-06-23,329.470001,335.369995,327.209991,334.140015,332.641479,7582200
2026-06-24,333.070007,334.529999,329.769989,333.450012,331.954590,7907400
2026-06-25,334.959991,343.450012,334.760010,335.119995,333.617065,10043100
2026-06-26,336.000000,336.399994,327.500000,329.049988,327.574280,17640900
2026-06-29,328.279999,332.390015,327.200012,329.390015,327.912781,7981800
2026-06-30,328.890015,330.440002,326.679993,327.329987,325.862000,8080100
2026-07-01,328.369995,335.640015,325.010010,334.070007,332.571808,15210200
2026-07-02,338.019989,340.000000,331.769989,334.470001,332.970001,8413900
2026-07-06,335.000000,339.720001,334.109985,337.720001,337.720001,8673500
2026-07-07,340.980011,341.399994,337.089996,339.220001,339.220001,7115800
2026-07-08,336.529999,336.529999,330.130005,330.619995,330.619995,18505200
2026-07-09,331.459991,337.000000,330.809998,335.470001,335.470001,15570600
2026-07-10,337.470001,338.589996,335.769989,336.470001,336.470001,6299000
2026-07-13,338.339996,338.350006,332.500000,334.529999,334.529999,7120300
2026-07-14,327.000000,344.730011,325.750000,342.890015,342.890015,14537900
2026-07-15,345.850006,351.239990,344.049988,346.910004,346.910004,10750000
2026-07-16,349.279999,349.339996,341.109985,343.149994,343.149994,12432400
2026-07-17,339.029999,346.130005,335.049988,341.100006,341.100006,9250900
2026-07-20,341.799988,344.260010,337.369995,338.869995,338.869995,7723300
2026-07-21,340.119995,345.739990,337.299988,345.230011,345.230011,6015300
2026-07-22,345.070007,349.070007,344.250000,348.209991,348.209991,8040200
2026-07-23,346.579987,349.920013,345.420013,349.899994,349.899994,10913000
2026-07-24,350.640015,353.369995,347.500000,353.209991,353.209991,7520800
2026-07-27,357.890015,359.049988,352.579987,356.200012,356.200012,7884900
2026-07-28,357.299988,359.299988,354.149994,357.309998,357.309998,6533800
2026-07-29,356.500000,357.369995,343.779999,344.709991,344.709991,8265300
2026-07-30,347.540009,352.279999,345.369995,350.850006,350.850006,7606500
2026-07-31,353.299988,354.470001,349.700012,351.790009,351.790009,6603400
2026-08-03,353.750000,355.619995,350.839996,352.640015,352.640015,6436600
2026-08-04,355.000000,363.000000,353.869995,357.519989,357.519989,8477200
2026-08-05,358.970001,362.170013,358.200012,359.239990,359.239990,5269500
2026-08-06,362.809998,362.809998,354.950012,356.299988,356.299988,5820100
2026-08-07,355.760010,358.850006,353.329987,357.519989,357.519989,4566200
2026-08-10,357.959991,359.989990,356.500000,359.790009,359.790009,5327500
2026-08-11,360.049988,363.119995,358.600006,362.040009,362.040009,4576500
2026-08-12,362.970001,366.089996,361.299988,365.179993,365.179993,4366800
2026-08-13,366.500000,366.500000,361.519989,363.109985,363.109985,5102700
2026-08-14,363.000000,365.899994,361.450012,362.839996,362.839996,5058600
2026-08-17,361.940002,365.750000,360.959991,360.959991,360.959991,5282600
2026-08-18,362.339996,363.570007,359.269989,363.250000,363.250000,5525100
2026-08-19,363.010010,363.049988,355.649994,357.260010,357.260010,6696200
2026-08-20,357.600006,357.950012,351.549988,351.549988,351.549988,6799700
2026-08-21,354.070007,356.859985,350.369995,351.579987,351.579987,8112100
2026-08-24,353.299988,358.279999,352.820007,356.390015,356.390015,4394400
2026-08-25,357.000000,357.369995,353.070007,356.690002,356.690002,4298000
2026-08-26,356.500000,358.350006,354.600006,356.500000,356.500000,5796500
2026-08-27,354.679993,357.570007,352.230011,354.220001,354.220001,5209900
2026-08-28,355.670013,358.730011,354.220001,357.619995,357.619995,3914500
2026-08-31,355.899994,357.769989,354.769989,356.019989,356.019989,7962900
2026-09-01,355.730011,359.929993,354.119995,354.950012,354.950012,5079000
2026-09-02,357.549988,361.470001,353.790009,356.220001,356.220001,5341400
2026-09-03,358.679993,362.850006,356.390015,362.059998,362.059998,5414200
2026-09-04,361.000000,362.859985,355.200012,358.640015,358.640015,4873500
2026-09-08,357.100006,358.549988,353.230011,353.510010,353.510010,5631400
2026-09-09,352.000000,356.299988,348.690002,354.709991,354.709991,6262650
