date,open,high,low,close,adj_close,volume
2012-01-03,15.290000,15.290000,14.675000,14.737500,9.794750,19250400
2012-01-04,14.717500,14.767500,14.672500,14.700000,9.769825,11679600
2012-01-05,14.772500,14.917500,14.642500,14.887500,9.894442,13628000
2012-01-06,14.867500,14.880000,14.725000,14.730000,9.789762,18193600
2012-01-09,14.787500,14.812500,14.642500,14.747500,9.801397,9357200
2012-01-10,14.787500,14.872500,14.730000,14.812500,9.844595,7598400
2012-01-11,14.770000,14.840000,14.700000,14.802500,9.837947,7078400
2012-01-12,14.855000,14.887500,14.740000,14.847500,9.867855,7762400
2012-01-13,14.760000,14.850000,14.707500,14.780000,9.822996,8264400
2012-01-17,14.922500,14.967500,14.750000,14.787500,9.827981,7612400
2012-01-18,14.775000,14.900000,14.767500,14.875000,9.886134,7074800
2012-01-19,14.920000,14.920000,14.687500,14.697500,9.768165,9229200
2012-01-20,14.692500,14.827500,14.692500,14.827500,9.854565,9678000
2012-01-23,14.807500,14.937500,14.795000,14.840000,9.862870,8460000
2012-01-24,14.837500,14.842500,14.705000,14.797500,9.834622,5954400
2012-01-25,14.747500,15.032500,14.677500,15.012500,9.977519,9944000
2012-01-26,15.025000,15.060000,14.845000,14.917500,9.914381,11892800
2012-01-27,14.850000,15.010000,14.770000,14.980000,9.955917,10602000
2012-01-30,14.925000,15.092500,14.842500,14.982500,9.957582,10821600
2012-01-31,14.992500,15.010000,14.887500,14.962500,9.944286,8736800
2012-02-01,15.040000,15.090000,14.970000,14.987500,9.960904,8662400
2012-02-02,15.025000,15.122500,14.967500,15.027500,9.987486,8047600
2012-02-03,15.117500,15.150000,14.965000,15.052500,10.004105,7399200
2012-02-06,15.012500,15.077500,14.955000,14.992500,9.964225,5274400
2012-02-07,14.962500,15.112500,14.897500,15.045000,9.999120,7050000
2012-02-08,15.020000,15.105000,14.962500,15.087500,10.027364,6726400
2012-02-09,15.077500,15.105000,14.987500,15.072500,10.017396,6455200
2012-02-10,15.007500,15.112500,15.007500,15.090000,10.029027,5397600
2012-02-13,15.125000,15.125000,14.952500,15.010000,9.975859,7214800
2012-02-14,14.970000,15.095000,14.942500,15.095000,10.032349,5380400
2012-02-15,15.130000,15.145000,14.917500,14.992500,9.964225,7544800
2012-02-16,15.035000,15.190000,14.995000,15.107500,10.040657,8270000
2012-02-17,15.125000,15.180000,15.027500,15.055000,10.005767,7547600
2012-02-21,15.105000,15.140000,15.052500,15.102500,10.037332,7985200
2012-02-22,15.125000,15.175000,15.007500,15.045000,9.999120,5201200
2012-02-23,15.045000,15.095000,14.940000,15.052500,10.004105,23902800
2012-02-24,15.100000,15.222500,15.037500,15.192500,10.097148,25763600
2012-02-27,15.165000,15.250000,15.112500,15.205000,10.105460,40980000
2012-02-28,15.240000,15.242500,15.102500,15.120000,10.048967,6014000
2012-02-29,15.010000,15.027500,14.775000,14.877500,9.986869,9810400
2012-03-01,14.887500,15.015000,14.882500,14.952500,10.037216,8026800
2012-03-02,14.942500,14.990000,14.880000,14.950000,10.035538,6076000
2012-03-05,14.915000,14.997500,14.875000,14.960000,10.042253,5246800
2012-03-06,14.895000,14.922500,14.812500,14.882500,9.990225,4798000
2012-03-07,14.887500,14.952500,14.797500,14.937500,10.027147,5192800
2012-03-08,15.000000,15.002500,14.912500,14.940000,10.028829,5630800
2012-03-09,14.970000,15.075000,14.910000,15.002500,10.070783,7049200
2012-03-12,15.010000,15.225000,15.005000,15.192500,10.198323,6857200
2012-03-13,15.207500,15.242500,15.130000,15.227500,10.221817,7364400
2012-03-14,15.212500,15.257500,14.997500,15.015000,10.079173,7512800
2012-03-15,15.032500,15.087500,14.925000,15.062500,10.111054,8405600
2012-03-16,15.047500,15.070000,14.977500,15.040000,10.095954,10953600
2012-03-19,15.000000,15.162500,14.970000,15.007500,10.074138,7478800
2012-03-20,14.972500,15.127500,14.972500,15.050000,10.102664,4334000
2012-03-21,15.130000,15.152500,15.037500,15.077500,10.121129,4175200
2012-03-22,15.015000,15.085000,14.985000,15.072500,10.117771,5495200
2012-03-23,15.062500,15.142500,15.057500,15.100000,10.136229,4865600
2012-03-26,15.187500,15.252500,15.147500,15.232500,10.225173,4547200
2012-03-27,15.232500,15.302500,15.205000,15.240000,10.230208,4517200
2012-03-28,15.230000,15.265000,15.067500,15.112500,10.144621,4900400
2012-03-29,15.065000,15.157500,14.970000,15.150000,10.169792,4254000
2012-03-30,15.212500,15.272500,15.137500,15.270000,10.250342,6602400
2012-04-02,15.300000,15.525000,15.300000,15.457500,10.376213,8510000
2012-04-03,15.477500,15.515000,15.422500,15.490000,10.398026,5702800
2012-04-04,15.447500,15.647500,15.440000,15.610000,10.478580,8737600
2012-04-05,15.567500,15.737500,15.540000,15.720000,10.552419,11919200
2012-04-09,15.582500,15.687500,15.580000,15.657500,10.510466,7303600
2012-04-10,15.600000,15.675000,15.465000,15.562500,10.446692,8897200
2012-04-11,15.637500,15.675000,15.540000,15.600000,10.471869,8717600
2012-04-12,15.592500,15.630000,15.492500,15.630000,10.492005,7467200
2012-04-13,15.620000,15.692500,15.512500,15.520000,10.418164,15741600
2012-04-16,15.547500,15.720000,15.527500,15.680000,10.525569,5744000
2012-04-17,15.732500,15.780000,15.577500,15.755000,10.575915,5151200
2012-04-18,15.692500,15.765000,15.577500,15.700000,10.538996,6608800
2012-04-19,15.675000,15.747500,15.585000,15.680000,10.525569,6435600
2012-04-20,15.695000,15.907500,15.637500,15.865000,10.649753,7089200
2012-04-23,15.805000,15.872500,15.787500,15.835000,10.629619,5507600
2012-04-24,15.855000,16.012501,15.820000,15.975000,10.723591,7435200
2012-04-25,16.007500,16.170000,15.930000,16.102501,10.809183,8370000
2012-04-26,16.150000,16.212500,16.049999,16.107500,10.812538,9025600
2012-04-27,16.137501,16.165001,16.059999,16.135000,10.830997,4322800
2012-04-30,16.120001,16.127501,16.049999,16.087500,10.799113,7750000
2012-05-01,15.712500,15.997500,15.655000,15.947500,10.705133,21819600
2012-05-02,15.932500,15.962500,15.900000,15.947500,10.705133,7525200
2012-05-03,15.915000,16.025000,15.890000,15.900000,10.673250,6741600
2012-05-04,15.887500,15.995000,15.850000,15.892500,10.668216,7876400
2012-05-07,15.887500,16.057501,15.875000,16.035000,10.763868,9171600
2012-05-08,16.004999,16.094999,15.975000,16.049999,10.773937,6696400
2012-05-09,15.957500,16.115000,15.935000,16.037500,10.765550,7918400
2012-05-10,16.147499,16.317499,16.094999,16.272499,10.923295,9802000
2012-05-11,16.250000,16.357500,16.205000,16.292500,10.936725,5574400
2012-05-14,16.275000,16.500000,16.197500,16.424999,11.025666,9923200
2012-05-15,16.432501,16.500000,16.342501,16.410000,11.015598,9106800
2012-05-16,16.434999,16.482500,16.309999,16.389999,11.002173,6628800
2012-05-17,16.382500,16.412500,16.262501,16.262501,10.916587,6115200
2012-05-18,16.280001,16.437500,16.225000,16.250000,10.908196,9135600
2012-05-21,16.245001,16.317499,16.187500,16.299999,10.941759,7250800
2012-05-22,16.312500,16.455000,16.312500,16.402500,11.010563,6264000
2012-05-23,16.389999,16.490000,16.174999,16.235001,10.898127,9248400
2012-05-24,16.290001,16.389999,16.217501,16.257500,10.913227,7432400
2012-05-25,16.277500,16.389999,16.264999,16.332500,10.963577,23769200
2012-05-29,16.375000,16.440001,16.267500,16.410000,11.015598,24244000
2012-05-30,16.352501,16.467501,16.262501,16.292500,10.936725,6251200
2012-05-31,16.177500,16.420000,16.145000,16.334999,11.067143,11154400
2012-06-01,16.142500,16.352501,16.115000,16.147499,10.940111,10193600
2012-06-04,16.150000,16.195000,16.077499,16.182501,10.963824,9712000
2012-06-05,16.227501,16.334999,16.120001,16.287500,11.034964,7506400
2012-06-06,16.347500,16.450001,16.287500,16.415001,11.121347,6655200
2012-06-07,16.495001,16.605000,16.467501,16.562500,11.221277,7620400
2012-06-08,16.507500,16.762501,16.492500,16.735001,11.338152,6258400
2012-06-11,16.807501,16.825001,16.657499,16.670000,11.294109,5294800
2012-06-12,16.680000,16.725000,16.527500,16.725000,11.331374,5094400
2012-06-13,16.697500,16.809999,16.577499,16.750000,11.348315,5198000
2012-06-14,16.775000,16.910000,16.760000,16.877501,11.434694,7635600
2012-06-15,17.007500,17.049999,16.867500,16.942499,11.478731,8080800
2012-06-18,16.942499,17.090000,16.942499,17.049999,11.551567,5496000
2012-06-19,17.094999,17.110001,16.942499,16.959999,11.490586,5930000
2012-06-20,16.950001,16.972500,16.735001,16.799999,11.382190,6433600
2012-06-21,16.837500,16.959999,16.645000,16.652500,11.282255,6750800
2012-06-22,16.709999,16.730000,16.625000,16.655001,11.283948,5597200
2012-06-25,16.570000,16.767500,16.500000,16.727501,11.333066,5384800
2012-06-26,16.762501,16.832500,16.695000,16.754999,11.351701,7648800
2012-06-27,16.747499,16.997499,16.747499,16.940001,11.477040,4852400
2012-06-28,16.840000,16.987499,16.807501,16.982500,11.505832,4417600
2012-06-29,17.192499,17.240000,17.062500,17.202499,11.654886,6467200
2012-07-02,17.307501,17.315001,17.080000,17.209999,11.659966,6456000
2012-07-03,17.182501,17.299999,17.100000,17.142500,11.614237,3207600
2012-07-05,17.102501,17.290001,17.062500,17.102501,11.587136,4595200
2012-07-06,17.017500,17.120001,16.972500,17.075001,11.568502,3382000
2012-07-09,17.062500,17.092501,16.892500,16.965000,11.493977,6914800
2012-07-10,17.059999,17.170000,17.007500,17.132500,11.607464,4722800
2012-07-11,17.162500,17.200001,17.025000,17.092501,11.580361,5746800
2012-07-12,17.035000,17.162500,17.030001,17.105000,11.588827,5075600
2012-07-13,17.152500,17.420000,17.129999,17.332500,11.742958,5753600
2012-07-16,17.275000,17.457500,17.264999,17.382500,11.776838,5902000
2012-07-17,17.417500,17.500000,17.325001,17.365000,11.764980,6478800
2012-07-18,17.342501,17.625000,17.342501,17.625000,11.941138,7725600
2012-07-19,17.610001,17.620001,17.440001,17.575001,11.907263,6351600
2012-07-20,17.522499,17.735001,17.492500,17.622499,11.939444,5035600
2012-07-23,17.565001,17.607500,17.420000,17.487499,11.847974,3734000
2012-07-24,17.487499,17.487499,17.212500,17.312500,11.729410,4598000
2012-07-25,17.395000,17.427500,17.174999,17.205000,11.656578,5471600
2012-07-26,17.337500,17.742500,17.337500,17.680000,11.978401,7777600
2012-07-27,17.732500,17.877501,17.662500,17.772499,12.041065,7590000
2012-07-30,17.775000,17.965000,17.750000,17.855000,12.096962,5693200
2012-07-31,17.842501,17.932501,17.712500,17.725000,12.008884,7999200
2012-08-01,17.822500,18.055000,17.605000,17.645000,11.954685,8181200
2012-08-02,17.547501,17.597500,17.385000,17.549999,11.890322,5366800
2012-08-03,17.682501,17.762501,17.547501,17.717501,12.003803,4294400
2012-08-06,17.707500,17.777500,17.597500,17.597500,11.922505,4401600
2012-08-07,17.660000,17.672501,17.452499,17.462500,11.831037,5441200
2012-08-08,17.480000,17.487499,17.362499,17.450001,11.822568,4366400
2012-08-09,17.407499,17.432501,17.285000,17.312500,11.729410,5555600
2012-08-10,17.295000,17.465000,17.280001,17.450001,11.822568,5038400
2012-08-13,17.347500,17.377501,17.264999,17.322500,11.736188,5000000
2012-08-14,17.415001,17.452499,17.352501,17.397499,11.787001,5267200
2012-08-15,17.367500,17.415001,17.292500,17.307501,11.726025,4418400
2012-08-16,17.355000,17.424999,17.317499,17.395000,11.785309,5934000
2012-08-17,17.447500,17.482500,17.365000,17.400000,11.788692,5549600
2012-08-20,17.357500,17.387501,17.182501,17.257500,11.692146,5882000
2012-08-21,17.219999,17.315001,17.127501,17.139999,11.612538,6080400
2012-08-22,17.094999,17.147499,17.000000,17.052500,11.553262,6112400
2012-08-23,17.037500,17.075001,16.747499,16.852501,11.417758,6379600
2012-08-24,16.855000,16.967501,16.817499,16.959999,11.490586,3794800
2012-08-27,17.000000,17.135000,16.975000,17.075001,11.568502,6421600
2012-08-28,17.025000,17.145000,17.004999,17.097500,11.583749,7046400
2012-08-29,16.975000,17.030001,16.895000,16.937500,11.576909,6228000
2012-08-30,16.889999,16.907499,16.812500,16.844999,11.513688,4190800
2012-08-31,16.895000,16.942499,16.767500,16.827499,11.501724,4578800
2012-09-04,16.834999,16.855000,16.732500,16.797501,11.481220,7054800
2012-09-05,16.805000,16.865000,16.782499,16.787500,11.474389,5487200
2012-09-06,16.497499,16.860001,16.487499,16.852501,11.518816,20393200
2012-09-07,16.882500,16.987499,16.847500,16.912500,11.559823,9896000
2012-09-10,16.969999,17.110001,16.942499,16.985001,11.609379,9501200
2012-09-11,17.000000,17.017500,16.922501,16.934999,11.575204,6472800
2012-09-12,16.950001,16.969999,16.754999,16.777500,11.467554,7008400
2012-09-13,16.754999,17.192499,16.750000,17.174999,11.739242,11081200
2012-09-14,17.142500,17.165001,16.895000,16.947500,11.583749,8156800
2012-09-17,16.985001,17.040001,16.832500,16.887501,11.542735,7310000
2012-09-18,16.850000,16.912500,16.812500,16.852501,11.518816,7584000
2012-09-19,16.827499,16.972500,16.802500,16.877501,11.535900,5734800
2012-09-20,16.850000,17.020000,16.815001,17.012501,11.628176,5240000
2012-09-21,17.052500,17.184999,16.972500,17.157499,11.727283,13538800
2012-09-24,17.160000,17.385000,17.125000,17.372499,11.874238,6736000
2012-09-25,17.410000,17.497499,17.340000,17.397499,11.891323,7381200
2012-09-26,17.437500,17.615000,17.412500,17.487499,11.952843,10158800
2012-09-27,17.522499,17.545000,17.360001,17.535000,11.985308,9413600
2012-09-28,17.517500,17.620001,17.420000,17.582500,12.017777,12552000
2012-10-01,17.674999,17.712500,17.510000,17.537500,11.987018,6905200
2012-10-02,17.622499,17.682501,17.525000,17.642500,12.058784,6208800
2012-10-03,17.662500,17.732500,17.622499,17.680000,12.084416,5033600
2012-10-04,17.735001,17.915001,17.697500,17.770000,12.145930,4733200
2012-10-05,17.792500,17.809999,17.670000,17.707500,12.103216,5542800
2012-10-08,17.727501,17.745001,17.605000,17.670000,12.077579,3582400
2012-10-09,17.622499,17.705000,17.527500,17.577499,12.014359,5343600
2012-10-10,17.575001,17.639999,17.422501,17.472500,11.942587,6409200
2012-10-11,17.562500,17.562500,17.434999,17.462500,11.935755,6396800
2012-10-12,17.522499,17.522499,17.290001,17.342501,11.853733,8578800
2012-10-15,17.367500,17.437500,17.254999,17.415001,11.903286,7437600
2012-10-16,17.520000,17.652500,17.469999,17.622499,12.045117,10730400
2012-10-17,17.665001,17.969999,17.632500,17.945000,12.265547,7218400
2012-10-18,17.940001,18.027500,17.862499,18.012501,12.311682,4608000
2012-10-19,18.007500,18.052500,17.917500,17.930000,12.255297,7242000
2012-10-22,17.895000,17.930000,17.825001,17.915001,12.245044,5572000
2012-10-23,17.799999,17.807501,17.567499,17.690001,12.091255,6770400
2012-10-24,17.495001,17.617500,17.227501,17.382500,11.881076,14021600
2012-10-25,17.440001,17.495001,17.285000,17.434999,11.916956,5142800
2012-10-26,17.437500,17.450001,17.285000,17.379999,11.879364,5006400
2012-10-31,17.397499,17.542500,17.340000,17.514999,11.971636,6756000
2012-11-01,17.575001,17.575001,17.397499,17.467501,11.939165,12451600
2012-11-02,17.522499,17.575001,17.379999,17.432501,11.915251,5486800
2012-11-05,17.395000,17.422501,17.252501,17.402500,11.894745,6318400
2012-11-06,17.412500,17.422501,17.257500,17.287500,11.816137,9407200
2012-11-07,17.232500,17.245001,16.907499,17.012501,11.628176,5767600
2012-11-08,16.987499,17.117500,16.902500,16.902500,11.552985,5350800
2012-11-09,16.844999,16.972500,16.790001,16.844999,11.513688,4526400
2012-11-12,16.844999,16.865000,16.677500,16.697500,11.412868,4117600
2012-11-13,16.665001,16.875000,16.587500,16.775000,11.465839,6228800
2012-11-14,16.770000,16.790001,16.572500,16.672501,11.395782,6059600
2012-11-15,16.667500,16.825001,16.512501,16.622499,11.361607,5965200
2012-11-16,16.642500,16.860001,16.592501,16.837500,11.508559,6569600
2012-11-19,16.932501,16.977501,16.799999,16.927500,11.570080,7640400
2012-11-20,16.927500,16.965000,16.745001,16.927500,11.570080,5200800
2012-11-21,16.924999,16.947500,16.597500,16.812500,11.491477,6914800
2012-11-23,16.862499,16.895000,16.700001,16.799999,11.482930,2855200
2012-11-26,16.772499,17.000000,16.750000,16.990000,11.612801,5905600
2012-11-27,17.004999,17.062500,16.915001,16.955000,11.588871,6669200
2012-11-28,16.825001,16.855000,16.622499,16.852501,11.621631,6799200
2012-11-29,16.877501,17.027500,16.832500,17.027500,11.742312,6138400
2012-11-30,17.027500,17.200001,17.007500,17.177500,11.845750,7314400
2012-12-03,17.202499,17.205000,17.007500,17.072500,11.773344,5359600
2012-12-04,17.087500,17.137501,16.955000,16.977501,11.707833,4936800
2012-12-05,16.992500,17.407499,16.952499,17.295000,11.926784,7267200
2012-12-06,17.317499,17.405001,17.207500,17.290001,11.923333,4397200
2012-12-07,17.309999,17.400000,17.267500,17.342501,11.959538,4068400
2012-12-10,17.320000,17.350000,17.252501,17.285000,11.919882,4212000
2012-12-11,17.309999,17.392500,17.267500,17.327499,11.949195,4375600
2012-12-12,17.347500,17.475000,17.290001,17.307501,11.935405,8512000
2012-12-13,17.287500,17.570000,17.217501,17.512501,12.076774,10394800
2012-12-14,17.417500,17.512501,17.357500,17.367500,11.976775,11210400
2012-12-17,17.412500,17.660000,17.382500,17.629999,12.157799,9123200
2012-12-18,17.607500,17.797501,17.582500,17.722500,12.221590,8985600
2012-12-19,17.687500,17.702499,17.527500,17.642500,12.166419,6372000
2012-12-20,17.684999,17.715000,17.562500,17.647499,12.169868,4686400
2012-12-21,17.522499,17.617500,17.442499,17.490000,12.061252,12792400
2012-12-24,17.457500,17.532499,17.379999,17.480000,12.054360,2328800
2012-12-26,17.487499,17.527500,17.242500,17.277500,11.914714,6590400
2012-12-27,17.245001,17.362499,17.127501,17.302500,11.931953,5349200
2012-12-28,17.212500,17.332500,17.059999,17.062500,11.766447,5421200
2012-12-31,17.032499,17.312500,16.937500,17.297501,11.928501,5921600
2013-01-02,17.497499,17.642500,17.452499,17.629999,12.157799,8953200
2013-01-03,17.650000,17.707500,17.582500,17.632500,12.159528,4909200
2013-01-04,17.660000,17.737499,17.612499,17.719999,12.219863,3739200
2013-01-07,17.712500,17.735001,17.594999,17.637501,12.162973,5578400
2013-01-08,17.645000,17.825001,17.597500,17.825001,12.292274,7972400
2013-01-09,17.827499,17.827499,17.632500,17.700001,12.206073,5231600
2013-01-10,17.764999,17.877501,17.690001,17.872499,12.325027,5876400
2013-01-11,17.952499,17.969999,17.855000,17.945000,12.375028,6177600
2013-01-14,17.895000,17.987499,17.875000,17.922501,12.359506,5605200
2013-01-15,17.885000,17.982500,17.855000,17.969999,12.392271,3957600
2013-01-16,17.910000,17.962500,17.807501,17.827499,12.293999,5654400
2013-01-17,17.740000,17.847500,17.655001,17.770000,12.254344,5892400
2013-01-18,17.825001,17.907499,17.792500,17.887501,12.335375,7058000
2013-01-22,17.870001,18.010000,17.867500,17.995001,12.409503,8861600
2013-01-23,17.900000,17.959999,17.837500,17.947500,12.376751,7762800
2013-01-24,17.959999,18.087500,17.930000,18.025000,12.430196,4448400
2013-01-25,18.107500,18.129999,17.917500,18.125000,12.499156,4953200
2013-01-28,18.212500,18.212500,17.975000,18.100000,12.481920,6053200
2013-01-29,18.132500,18.217501,18.035000,18.152500,12.518123,7754000
2013-01-30,18.135000,18.139999,18.000000,18.000000,12.412957,8636400
2013-01-31,18.000000,18.055000,17.930000,18.012501,12.421576,8068400
2013-02-01,18.112499,18.177500,18.065001,18.070000,12.461226,6379600
2013-02-04,18.042500,18.097500,17.980000,17.997499,12.411235,5545200
2013-02-05,18.075001,18.115000,18.014999,18.040001,12.440538,5838000
2013-02-06,18.000000,18.002501,17.907499,18.002501,12.414680,9534000
2013-02-07,18.057501,18.157499,17.957500,18.062500,12.456058,9359600
2013-02-08,18.065001,18.072500,17.980000,18.025000,12.430196,4228000
2013-02-11,18.002501,18.055000,17.995001,18.045000,12.443989,4388400
2013-02-12,18.032499,18.139999,18.007500,18.122499,12.497432,7118800
2013-02-13,18.145000,18.230000,18.105000,18.137501,12.507780,6005600
2013-02-14,18.084999,18.160000,17.959999,18.049999,12.447433,7118000
2013-02-15,18.094999,18.150000,18.057501,18.125000,12.499156,9880400
2013-02-19,18.172501,18.260000,18.137501,18.225000,12.568121,10432800
2013-02-20,18.225000,18.352501,18.209999,18.235001,12.575015,23429200
2013-02-21,18.260000,18.270000,18.129999,18.132500,12.504329,5299600
2013-02-22,18.150000,18.260000,18.150000,18.187500,12.542257,23989600
2013-02-25,18.212500,18.375000,18.047501,18.047501,12.445710,27490000
2013-02-26,18.102501,18.200001,17.982500,18.067499,12.459498,24193200
2013-02-27,17.860001,17.992500,17.855000,17.985001,12.516921,8867600
2013-02-28,17.969999,18.087500,17.942499,17.967501,12.504743,8419200
2013-03-01,17.962500,18.092501,17.877501,18.090000,12.589999,8204800
2013-03-04,18.057501,18.440001,18.047501,18.397499,12.804004,8561600
2013-03-05,18.467501,18.552500,18.415001,18.469999,12.854466,7860800
2013-03-06,18.487499,18.557501,18.459999,18.542500,12.904923,5637600
2013-03-07,18.540001,18.607500,18.455000,18.485001,12.864903,6490800
2013-03-08,18.537500,18.572500,18.402500,18.540001,12.903178,7157600
2013-03-11,18.500000,18.600000,18.495001,18.545000,12.906656,6153600
2013-03-12,18.565001,18.600000,18.030001,18.275000,12.718749,15050800
2013-03-13,18.290001,18.462500,18.167500,18.437500,12.831847,10440000
2013-03-14,18.330000,18.512501,18.312500,18.502501,12.877085,9305200
2013-03-15,18.417500,18.635000,18.407499,18.617500,12.957114,11396000
2013-03-18,18.542500,18.612499,18.490000,18.530001,12.896220,6387600
2013-03-19,18.697500,18.842501,18.684999,18.780001,13.070213,8894800
2013-03-20,18.837500,18.952499,18.717501,18.924999,13.171128,7146800
2013-03-21,18.875000,18.987499,18.827499,18.897499,13.151989,7396000
2013-03-22,18.910000,19.062500,18.860001,19.042500,13.252908,6961600
2013-03-25,19.105000,19.237499,18.985001,19.045000,13.254644,8459200
2013-03-26,19.087500,19.299999,19.070000,19.292500,13.426894,11928400
2013-03-27,19.197500,19.337500,19.187500,19.219999,13.376436,9016800
2013-03-28,19.252501,19.447500,19.245001,19.420000,13.515629,6766800
2013-04-01,19.402500,19.420000,19.309999,19.370001,13.480832,3980400
2013-04-02,19.424999,19.555000,19.420000,19.540001,13.599148,5494400
2013-04-03,19.767500,19.812500,19.545000,19.580000,13.626987,8312800
2013-04-04,19.627501,19.852501,19.602501,19.807501,13.785318,7539200
2013-04-05,19.629999,19.907499,19.629999,19.885000,13.839257,6568000
2013-04-08,19.862499,19.992500,19.692499,19.985001,13.908851,5860000
2013-04-09,19.947500,19.987499,19.782499,19.797501,13.778354,5518800
2013-04-10,19.805000,20.017500,19.805000,19.965000,13.894930,5298000
2013-04-11,20.000000,20.062500,19.889999,19.959999,13.891453,6917200
2013-04-12,19.924999,20.020000,19.792500,19.872499,13.830552,9233200
2013-04-15,19.847500,20.055000,19.735001,19.737499,13.736599,8174400
2013-04-16,19.782499,19.957500,19.674999,19.927500,13.868833,5821200
2013-04-17,19.875000,19.882500,19.637501,19.754999,13.748775,6042000
2013-04-18,19.809999,19.872499,19.652500,19.712500,13.719201,7192000
2013-04-19,19.772499,20.030001,19.742500,20.020000,13.933209,6564400
2013-04-22,20.000000,20.070000,19.857500,19.977501,13.903632,4316400
2013-04-23,20.025000,20.110001,19.917500,20.027500,13.938424,5936400
2013-04-24,20.067499,20.245001,19.952499,20.139999,14.016724,5661200
2013-04-25,20.139999,20.202499,20.027500,20.110001,13.995849,4596400
2013-04-26,20.100000,20.219999,20.059999,20.135000,14.013247,3686400
2013-04-29,20.180000,20.337500,20.057501,20.315001,14.138518,4917600
2013-04-30,20.507500,20.662500,20.395000,20.507500,14.272489,8491200
2013-05-01,20.412500,20.500000,20.285000,20.332500,14.150697,6495600
2013-05-02,20.302500,20.465000,20.267500,20.432501,14.220295,4559600
2013-05-03,20.512501,20.549999,20.382500,20.437500,14.223775,5126000
2013-05-06,20.400000,20.459999,20.150000,20.150000,14.023684,4433200
2013-05-07,20.195000,20.430000,20.172501,20.430000,14.218558,5372000
2013-05-08,20.385000,20.469999,20.147499,20.235001,14.082838,7014800
2013-05-09,20.227501,20.275000,19.900000,19.959999,13.891453,7876000
2013-05-10,19.965000,20.017500,19.805000,20.000000,13.919287,7326400
2013-05-13,19.937500,19.985001,19.809999,19.905001,13.853175,5117200
2013-05-14,19.930000,20.129999,19.855000,20.047501,13.952348,4810000
2013-05-15,20.062500,20.427500,20.032499,20.290001,14.121118,5866400
2013-05-16,20.225000,20.299999,20.080000,20.107500,13.994102,4645200
2013-05-17,20.142500,20.280001,20.070000,20.275000,14.110681,5342000
2013-05-20,20.252501,20.285000,19.992500,20.059999,13.961048,5323600
2013-05-21,20.065001,20.205000,19.927500,20.122499,14.004545,5492400
2013-05-22,20.097500,20.287500,19.687500,19.790001,13.773136,7219200
2013-05-23,19.655001,19.655001,19.125000,19.555000,13.609585,8248800
2013-05-24,19.475000,19.500000,19.219999,19.325001,13.449513,7350800
2013-05-28,19.395000,19.402500,19.150000,19.254999,13.400793,8181600
2013-05-29,19.155001,19.177500,18.715000,18.930000,13.174608,10084800
2013-05-30,18.889999,19.237499,18.780001,18.927500,13.288693,7850400
2013-05-31,18.852501,19.282499,18.832500,18.905001,13.272900,10287200
2013-06-03,18.915001,19.219999,18.695000,19.070000,13.388741,8764800
2013-06-04,19.035000,19.177500,18.997499,19.122499,13.425604,9123200
2013-06-05,19.062500,19.090000,18.910000,18.997499,13.337841,6137600
2013-06-06,18.992500,19.347500,18.947500,19.347500,13.583571,11546400
2013-06-07,19.502501,19.707500,19.382500,19.700001,13.831059,13048400
2013-06-10,19.682501,19.850000,19.600000,19.670000,13.809990,12840800
2013-06-11,19.525000,19.780001,19.467501,19.717501,13.843346,11426000
2013-06-12,19.812500,19.860001,19.405001,19.437500,13.646759,6787600
2013-06-13,19.465000,19.827499,19.397499,19.782499,13.888974,6768400
2013-06-14,19.795000,20.082500,19.787500,19.932501,13.994293,9051200
2013-06-17,20.097500,20.240000,20.052500,20.165001,14.157531,9203600
2013-06-18,20.215000,20.424999,20.180000,20.397499,14.320762,7748000
2013-06-19,20.350000,20.445000,20.047501,20.047501,14.075030,7854000
2013-06-20,19.892500,19.897499,19.299999,19.332500,13.573044,10064000
2013-06-21,19.487499,19.690001,19.227501,19.582500,13.748565,12692000
2013-06-24,19.459999,19.767500,19.302500,19.594999,13.757336,6763200
2013-06-25,19.737499,19.842501,19.530001,19.750000,13.866162,6478400
2013-06-26,19.900000,20.117500,19.877501,19.959999,14.013600,6674800
2013-06-27,20.055000,20.237499,19.980000,20.105000,14.115401,5000000
2013-06-28,20.365000,20.442499,20.045000,20.370001,14.301450,10970400
2013-07-01,20.469999,20.487499,19.987499,20.057501,14.082047,10427600
2013-07-02,20.057501,20.250000,20.004999,20.084999,14.101360,7936400
2013-07-03,19.982500,20.105000,19.930000,20.030001,14.062746,2791200
2013-07-05,20.042500,20.077499,19.760000,19.982500,14.029401,4780000
2013-07-08,20.002501,20.275000,19.950001,20.165001,14.157531,7979600
2013-07-09,20.254999,20.420000,20.162500,20.337500,14.278635,6248000
2013-07-10,20.295000,20.482500,20.215000,20.407499,14.327783,4185200
2013-07-11,20.570000,20.850000,20.565001,20.807501,14.608612,6942400
2013-07-12,20.799999,21.035000,20.700001,21.002501,14.745519,5784000
2013-07-15,20.930000,21.469999,20.915001,21.360001,14.996520,8212000
2013-07-16,21.377501,21.412500,21.117500,21.240000,14.912264,10526400
2013-07-17,21.362499,21.412500,21.152500,21.202499,14.885933,7074800
2013-07-18,21.264999,21.422501,21.207500,21.357500,14.994763,5822000
2013-07-19,21.382500,21.455000,21.219999,21.240000,14.912264,7274800
2013-07-22,21.257500,21.342501,21.200001,21.219999,14.898218,4962000
2013-07-23,21.257500,21.352501,21.155001,21.200001,14.884186,10316000
2013-07-24,21.190001,21.212500,20.910000,20.940001,14.701639,8738000
2013-07-25,20.902500,21.055000,20.895000,21.020000,14.757802,7286800
2013-07-26,20.812500,21.002501,20.740000,20.987499,14.734992,5994000
2013-07-29,21.025000,21.422501,21.012501,21.197500,14.882423,11703600
2013-07-30,21.912500,21.912500,21.252501,21.620001,15.179063,9713600
2013-07-31,21.655001,21.780001,21.379999,21.652500,15.201882,11404800
2013-08-01,21.754999,22.097500,21.754999,22.072500,15.496751,11642400
2013-08-02,22.025000,22.047501,21.870001,21.985001,15.435323,7118400
2013-08-05,21.952499,21.952499,21.750000,21.770000,15.284374,4948400
2013-08-06,21.802500,21.877501,21.670000,21.705000,15.238737,8517600
2013-08-07,21.787500,21.822500,21.602501,21.690001,15.228206,7034400
2013-08-08,21.709999,21.775000,21.592501,21.657499,15.205382,5855200
2013-08-09,21.639999,21.719999,21.485001,21.565001,15.140443,4534800
2013-08-12,21.500000,21.535000,21.317499,21.397499,15.022847,3780800
2013-08-13,21.434999,21.452499,21.242500,21.275000,14.936840,4096400
2013-08-14,21.232500,21.307501,21.004999,21.105000,14.817487,5932400
2013-08-15,20.980000,20.980000,20.709999,20.750000,14.568245,5862800
2013-08-16,20.780001,20.820000,20.360001,20.537500,14.419050,10182000
2013-08-19,20.500000,20.625000,20.330000,20.385000,14.311985,4343200
2013-08-20,20.405001,20.752501,20.352501,20.547501,14.426078,5474800
2013-08-21,20.467501,20.492500,20.080000,20.195000,14.178582,8494800
2013-08-22,20.240000,20.307501,20.094999,20.242500,14.211941,5746400
2013-08-23,20.250000,20.420000,20.160000,20.352501,14.289167,2948800
2013-08-26,20.344999,20.360001,20.132500,20.139999,14.139974,4568000
2013-08-27,20.012501,20.370001,19.934999,20.272499,14.233003,9257600
2013-08-28,20.160000,20.372499,19.937500,20.270000,14.348022,10868000
2013-08-29,20.260000,20.277500,20.070000,20.139999,14.256005,5517200
2013-08-30,20.150000,20.247499,19.987499,20.090000,14.220610,4584400
2013-09-03,20.267500,20.280001,19.857500,19.942499,14.116208,5661600
2013-09-04,19.910000,20.082500,19.780001,20.025000,14.174602,4672400
2013-09-05,20.082500,20.195000,19.955000,19.990000,14.149833,9409200
2013-09-06,20.049999,20.205000,19.977501,20.002501,14.158678,10634000
2013-09-09,20.025000,20.075001,19.962500,20.057501,14.197605,6589200
2013-09-10,20.139999,20.167500,20.037500,20.152500,14.264853,4953600
2013-09-11,20.137501,20.137501,19.707500,19.902500,14.087889,12500000
2013-09-12,19.945000,20.002501,19.730000,19.817499,14.027726,8762000
2013-09-13,19.892500,19.947500,19.770000,19.805000,14.018874,5864000
2013-09-16,20.065001,20.182501,19.725000,19.792500,14.010030,13087200
2013-09-17,19.792500,19.879999,19.707500,19.750000,13.979945,8370000
2013-09-18,19.712500,20.719999,19.702499,20.637501,14.608159,16770800
2013-09-19,20.650000,20.972500,20.620001,20.674999,14.634699,8138800
2013-09-20,20.462500,20.500000,20.135000,20.172501,14.279011,19157600
2013-09-23,20.127501,20.362499,20.025000,20.305000,14.372800,9525200
2013-09-24,20.320000,20.407499,20.187500,20.305000,14.372800,8531200
2013-09-25,20.280001,20.382500,20.082500,20.082500,14.215308,7890000
2013-09-26,20.129999,20.242500,20.030001,20.110001,14.234774,7223200
2013-09-27,20.094999,20.147499,19.952499,20.017500,14.169294,6580800
2013-09-30,19.942499,20.042500,19.875000,20.040001,14.185219,9527600
2013-10-01,20.067499,20.180000,19.980000,20.017500,14.169294,6983200
2013-10-02,19.937500,20.132500,19.910000,20.102501,14.229461,7471600
2013-10-03,20.052500,20.052500,19.742500,19.862499,14.059579,5912800
2013-10-04,19.867500,19.962500,19.790001,19.912500,14.094974,4421600
2013-10-07,19.809999,19.972500,19.787500,19.837500,14.041881,3274400
2013-10-08,19.827499,20.167500,19.827499,19.922501,14.102052,6566000
2013-10-09,19.992500,20.317499,19.907499,20.000000,14.156903,5631600
2013-10-10,20.115000,20.377501,19.882500,20.350000,14.404655,7826800
2013-10-11,20.325001,20.485001,20.272499,20.437500,14.466589,5708400
2013-10-14,20.315001,20.327499,20.012501,20.264999,14.344481,6559200
2013-10-15,20.219999,20.287500,20.035000,20.052500,14.194069,5128000
2013-10-16,20.107500,20.377501,20.040001,20.377501,14.424116,6514800
2013-10-17,20.305000,20.772499,20.165001,20.750000,14.687789,6038000
2013-10-18,20.870001,20.977501,20.802500,20.885000,14.783350,8859200
2013-10-21,20.865000,21.047501,20.830000,20.947500,14.827584,7234800
2013-10-22,20.967501,21.382500,20.950001,21.252501,15.043484,8082400
2013-10-23,21.145000,21.487499,21.129999,21.272499,15.057641,6916800
2013-10-24,21.385000,21.385000,21.129999,21.292500,15.071795,4946400
2013-10-25,21.250000,21.492500,21.125000,21.487499,15.209823,4425200
2013-10-28,21.389999,21.512501,21.172501,21.290001,15.070029,9420400
2013-10-29,21.292500,21.512501,21.232500,21.495001,15.215134,5581200
2013-10-30,21.552500,21.682501,21.367500,21.395000,15.144351,6546000
2013-10-31,21.400000,21.434999,21.025000,21.187500,14.997476,11776400
2013-11-01,21.582500,22.437500,21.400000,22.035000,15.597371,16216000
2013-11-04,22.162500,22.245001,21.745001,22.022499,15.588522,10095200
2013-11-05,21.992500,22.187500,21.805000,21.815001,15.441648,9432000
2013-11-06,22.110001,22.110001,21.910000,22.087500,15.634534,8566800
2013-11-07,22.055000,22.182501,21.700001,21.750000,15.395633,8948000
2013-11-08,21.750000,21.792500,21.367500,21.780001,15.416872,8816800
2013-11-11,21.780001,21.815001,21.602501,21.637501,15.316013,4615600
2013-11-12,21.532499,21.627501,21.307501,21.412500,15.156736,8421600
2013-11-13,21.165001,21.530001,21.147499,21.525000,15.236375,5606800
2013-11-14,21.635000,21.942499,21.572500,21.875000,15.484118,6133200
2013-11-15,21.992500,22.174999,21.847500,22.142500,15.673468,8137600
2013-11-18,22.242500,22.317499,22.142500,22.264999,15.760185,8820000
2013-11-19,21.882500,21.975000,21.795000,21.825001,15.448730,16633600
2013-11-20,21.847500,21.950001,21.552500,21.557501,15.259372,7424800
2013-11-21,21.620001,21.795000,21.520000,21.647499,15.323081,7963200
2013-11-22,21.612499,21.764999,21.540001,21.647499,15.323081,6282800
2013-11-25,21.684999,21.777500,21.500000,21.525000,15.236375,6108000
2013-11-26,21.385000,21.427500,21.215000,21.282499,15.181087,7688000
2013-11-27,21.312500,21.370001,21.129999,21.235001,15.147209,6628800
2013-11-29,21.094999,21.344999,21.094999,21.147499,15.084786,2936400
2013-12-02,21.209999,21.209999,20.922501,20.982500,14.967096,6490400
2013-12-03,20.924999,21.135000,20.872499,21.012501,14.988500,9448400
2013-12-04,20.924999,21.190001,20.882500,21.052500,15.017030,8849600
2013-12-05,21.012501,21.174999,20.877501,20.897499,14.906464,10598000
2013-12-06,21.057501,21.174999,20.980000,21.157499,15.091920,10575200
2013-12-09,21.077499,21.110001,20.947500,21.027500,14.999196,8217600
2013-12-10,21.042500,21.067499,20.697500,20.709999,14.772715,12791200
2013-12-11,20.617500,20.792500,20.482500,20.600000,14.694255,10509600
2013-12-12,20.655001,20.867500,20.620001,20.690001,14.758453,11899200
2013-12-13,20.715000,20.792500,20.575001,20.677500,14.749533,8330800
2013-12-16,20.805000,20.955000,20.665001,20.715000,14.776283,8554000
2013-12-17,20.622499,20.795000,20.600000,20.657499,14.735270,8148400
2013-12-18,20.717501,20.982500,20.379999,20.920000,14.922509,13200000
2013-12-19,20.809999,20.995001,20.602501,20.932501,14.931429,8597600
2013-12-20,20.952499,21.355000,20.937500,21.205000,15.125804,15809200
2013-12-23,21.325001,21.342501,21.152500,21.174999,15.104408,7202800
2013-12-24,21.122499,21.237499,21.012501,21.182501,15.109759,4165600
2013-12-26,21.172501,21.200001,21.057501,21.147499,15.084786,4724400
2013-12-27,21.167500,21.264999,21.097500,21.174999,15.104408,3896400
2013-12-30,21.142500,21.292500,21.139999,21.262501,15.166825,4365200
2013-12-31,21.327499,21.459999,21.250000,21.405001,15.268464,5411200
2014-01-02,21.347500,21.370001,21.055000,21.062500,15.024159,9706400
2014-01-03,21.065001,21.184999,20.992500,21.090000,15.043775,6606400
2014-01-06,21.107500,21.160000,21.000000,21.100000,15.050910,6763600
2014-01-07,21.150000,21.332500,21.125000,21.254999,15.161476,7368800
2014-01-08,21.264999,21.437500,21.120001,21.322500,15.209624,12345200
2014-01-09,21.392500,21.552500,21.230000,21.504999,15.339799,8269200
2014-01-10,21.625000,21.950001,21.597500,21.812500,15.559149,9096800
2014-01-13,21.712500,21.892500,21.582500,21.670000,15.457500,5863200
2014-01-14,21.620001,21.750000,21.525000,21.680000,15.464625,5017200
2014-01-15,21.647499,21.772499,21.637501,21.700001,15.478898,6562400
2014-01-16,21.750000,21.889999,21.705000,21.887501,15.612643,4086000
2014-01-17,21.952499,21.962500,21.809999,21.915001,15.632260,6518800
2014-01-21,21.940001,22.264999,21.940001,22.262501,15.880136,7664800
2014-01-22,22.250000,22.430000,22.160000,22.215000,15.846253,9068400
2014-01-23,22.137501,22.287500,22.055000,22.200001,15.835555,5835200
2014-01-24,22.014999,22.112499,21.762501,21.764999,15.525263,14686800
2014-01-27,21.797501,21.917500,21.530001,21.722500,15.494950,10423200
2014-01-28,21.747499,22.500000,21.680000,22.195000,15.831983,14768800
2014-01-29,22.115000,22.317499,22.004999,22.192499,15.830207,9388800
2014-01-30,22.290001,22.809999,22.264999,22.740000,16.220743,11595600
2014-01-31,22.617500,23.062500,22.587500,22.982500,16.393717,13710000
2014-02-03,23.012501,23.187500,22.770000,22.805000,16.267105,12938000
2014-02-04,22.857500,22.870001,22.450001,22.535000,16.074512,9730000
2014-02-05,22.475000,22.549999,22.309999,22.340000,15.935417,9333200
2014-02-06,22.332500,22.462500,22.252501,22.445000,16.010307,9128800
2014-02-07,22.657499,22.870001,22.457500,22.652500,16.158327,10331600
2014-02-10,22.587500,22.855000,22.485001,22.834999,16.288513,6074400
2014-02-11,22.782499,23.165001,22.752501,22.995001,16.402641,9687200
2014-02-12,22.990000,23.187500,22.889999,23.049999,16.441870,7545600
2014-02-13,22.942499,23.277500,22.920000,23.212500,16.557789,5091600
2014-02-14,23.135000,23.340000,23.110001,23.317499,16.632685,5403200
2014-02-18,23.334999,23.510000,23.292500,23.337500,16.646946,7306000
2014-02-19,23.350000,23.430000,23.072500,23.110001,16.484667,6845600
2014-02-20,23.139999,23.260000,23.012501,23.112499,16.486452,8828400
2014-02-21,23.127501,23.365000,23.094999,23.139999,16.506063,6498400
2014-02-24,23.177500,23.192499,22.937500,22.945000,16.366970,10504400
2014-02-25,23.002501,23.180000,22.844999,22.910000,16.342007,8843600
2014-02-26,22.805000,22.862499,22.575001,22.615000,16.260220,9083600
2014-02-27,22.612499,22.709999,22.500000,22.645000,16.281796,8284000
2014-02-28,22.622499,22.924999,22.587500,22.847500,16.427391,8697200
2014-03-03,22.717501,22.785000,22.452499,22.570000,16.227869,8192800
2014-03-04,22.740000,23.004999,22.717501,22.915001,16.475922,10514800
2014-03-05,22.902500,22.912500,22.615000,22.662500,16.294374,6534800
2014-03-06,22.752501,22.792500,22.565001,22.684999,16.310549,6531200
2014-03-07,22.650000,22.962500,22.575001,22.950001,16.501087,7906000
2014-03-10,22.912500,22.975000,22.650000,22.795000,16.389643,7166400
2014-03-11,22.924999,22.950001,22.655001,22.740000,16.350098,8612400
2014-03-12,22.697500,23.055000,22.674999,23.047501,16.571192,7140000
2014-03-13,23.087500,23.637501,23.062500,23.445000,16.856987,12414400
2014-03-14,23.400000,23.725000,23.287500,23.565001,16.943272,8628400
2014-03-17,23.687500,23.767500,23.594999,23.702499,17.042133,7286800
2014-03-18,23.785000,23.820000,23.607500,23.617500,16.981022,4870800
2014-03-19,23.610001,23.719999,23.127501,23.325001,16.770716,9307200
2014-03-20,23.250000,23.397499,22.952499,23.385000,16.813850,7648000
2014-03-21,23.607500,23.857500,23.440001,23.642500,16.998993,16615600
2014-03-24,23.707500,23.780001,23.382500,23.520000,16.910919,7062000
2014-03-25,23.559999,23.752501,23.472500,23.642500,16.998993,6966400
2014-03-26,23.670000,23.725000,23.450001,23.469999,16.874971,6750400
2014-03-27,23.434999,23.680000,23.347500,23.652500,17.006189,6358800
2014-03-28,23.612499,23.717501,23.522499,23.680000,17.025959,5883600
2014-03-31,23.787500,24.032499,23.745001,23.905001,17.187735,6475200
2014-04-01,23.902500,23.902500,23.615000,23.715000,17.051121,4655600
2014-04-02,23.719999,23.730000,23.320000,23.510000,16.903730,8390800
2014-04-03,23.670000,23.812500,23.610001,23.650000,17.004389,5133600
2014-04-04,23.717501,23.977501,23.650000,23.752501,17.078091,7119200
2014-04-07,23.697500,23.820000,23.469999,23.475000,16.878567,8384800
2014-04-08,23.475000,24.142500,23.370001,24.125000,17.345905,9182000
2014-04-09,24.147499,24.327499,23.915001,24.107500,17.333324,9735600
2014-04-10,24.035000,24.162500,23.795000,23.942499,17.214693,11204400
2014-04-11,23.895000,24.067499,23.754999,23.787500,17.103247,8565600
2014-04-14,23.962500,24.135000,23.865000,24.027500,17.275812,4405600
2014-04-15,24.012501,24.315001,23.987499,24.309999,17.478930,6876400
2014-04-16,24.282499,24.487499,24.182501,24.477501,17.599354,5566000
2014-04-17,24.389999,24.535000,24.137501,24.147499,17.362087,10360000
2014-04-21,24.160000,24.312500,24.129999,24.170000,17.378269,6175200
2014-04-22,24.135000,24.227501,24.012501,24.087500,17.318947,6027200
2014-04-23,24.094999,24.362499,24.059999,24.117500,17.340521,7808400
2014-04-24,24.197500,24.275000,23.952499,24.172501,17.380068,8761200
2014-04-25,24.174999,24.480000,24.172501,24.417500,17.556229,8541600
2014-04-28,24.514999,24.697500,24.192499,24.317499,17.484322,10296400
2014-04-29,24.352501,24.540001,24.340000,24.492500,17.610149,8036400
2014-04-30,24.975000,25.375000,24.922501,24.962500,17.948074,17561600
2014-05-01,25.055000,25.087500,24.840000,24.992500,17.969650,10696400
2014-05-02,24.889999,24.902500,24.370001,24.497499,17.613737,11998800
2014-05-05,24.432501,24.559999,24.355000,24.487499,17.606548,8512000
2014-05-06,24.407499,24.667500,24.357500,24.465000,17.590378,7484800
2014-05-07,24.480000,24.827499,24.450001,24.815001,17.842022,8660000
2014-05-08,24.777500,24.840000,24.607500,24.622499,17.703613,7035200
2014-05-09,24.637501,24.732500,24.202499,24.230000,17.421402,9919200
2014-05-12,24.297501,24.305000,23.920000,23.952499,17.221884,14766000
2014-05-13,24.040001,24.150000,23.934999,24.020000,17.270422,9678000
2014-05-14,23.959999,24.305000,23.959999,24.152500,17.365692,7531600
2014-05-15,24.157499,24.375000,24.057501,24.067499,17.304569,10644400
2014-05-16,24.059999,24.215000,23.980000,24.150000,17.363884,8820800
2014-05-19,24.125000,24.125000,23.665001,23.674999,17.022362,6962800
2014-05-20,23.674999,24.139999,23.555000,24.082500,17.315361,14345600
2014-05-21,24.165001,24.200001,23.987499,24.070000,17.306368,10085600
2014-05-22,24.059999,24.267500,24.052500,24.160000,17.371075,5287200
2014-05-23,24.152500,24.264999,24.107500,24.115000,17.338722,5570000
2014-05-27,24.312500,24.422501,24.115000,24.132500,17.351303,7059200
2014-05-28,24.132500,24.379999,24.075001,24.340000,17.500500,7644800
2014-05-29,24.180000,24.317499,23.990000,24.137501,17.485109,5985200
2014-05-30,24.150000,24.365000,24.082500,24.340000,17.631796,8407600
2014-06-02,24.287500,24.442499,24.157499,24.295000,17.599201,5818000
2014-06-03,24.292500,24.410000,24.215000,24.290001,17.595572,8154000
2014-06-04,24.252501,24.355000,24.150000,24.330000,17.624550,5860800
2014-06-05,24.320000,24.530001,24.287500,24.442499,17.706043,4712000
2014-06-06,24.517500,24.642500,24.330000,24.360001,17.646282,4672000
2014-06-09,24.270000,24.344999,23.997499,24.094999,17.454315,7072400
2014-06-10,24.010000,24.127501,23.905001,23.945000,17.345661,5416000
2014-06-11,23.920000,23.969999,23.547501,23.725000,17.186296,8631200
2014-06-12,23.725000,24.014999,23.570000,23.905001,17.316683,10333200
2014-06-13,23.910000,24.297501,23.762501,24.195000,17.526758,9082000
2014-06-16,24.240000,24.557501,24.125000,24.290001,17.595572,8978000
2014-06-17,24.120001,24.485001,24.107500,24.437500,17.702419,10716000
2014-06-18,24.440001,24.932501,24.424999,24.922501,18.053755,11128800
2014-06-19,24.987499,25.200001,24.817499,25.040001,18.138872,14156800
2014-06-20,25.125000,25.125000,24.937500,24.997499,18.108084,14815200
2014-06-23,25.027500,25.057501,24.764999,24.907499,18.042889,7590000
2014-06-24,24.940001,25.275000,24.875000,25.182501,18.242102,9926800
2014-06-25,25.112499,25.469999,25.067499,25.437500,18.426815,10850400
2014-06-26,25.367500,25.420000,25.197500,25.350000,18.363440,7843200
2014-06-27,25.397499,25.552500,25.312500,25.400000,18.399654,12988400
2014-06-30,25.372499,25.627501,25.209999,25.620001,18.559023,13100400
2014-07-01,25.610001,25.615000,25.327499,25.362499,18.372494,10018400
2014-07-02,25.282499,25.360001,24.857500,24.924999,18.055571,11482800
2014-07-03,24.887501,24.887501,24.309999,24.555000,17.787540,5822800
2014-07-07,24.517500,24.747499,24.517500,24.620001,17.834623,7442800
2014-07-08,24.565001,24.847500,24.527500,24.725000,17.910688,9006800
2014-07-09,24.692499,24.817499,24.577499,24.707500,17.898008,6863200
2014-07-10,24.652500,24.932501,24.645000,24.847500,17.999420,6121600
2014-07-11,24.840000,24.905001,24.674999,24.742500,17.923365,4872800
2014-07-14,24.660000,24.754999,24.347500,24.355000,17.642658,7315200
2014-07-15,24.392500,24.610001,24.330000,24.580000,17.805655,7042000
2014-07-16,24.625000,24.732500,24.469999,24.680000,17.878096,5634400
2014-07-17,24.879999,24.879999,24.389999,24.395000,17.671635,6427600
2014-07-18,24.482500,24.715000,24.315001,24.695000,17.888952,7634800
2014-07-21,24.722500,24.740000,24.532499,24.670000,17.870842,3590800
2014-07-22,24.712500,24.775000,24.577499,24.587500,17.811085,5530400
2014-07-23,24.615000,24.719999,24.542500,24.622499,17.836432,5868800
2014-07-24,24.665001,24.775000,24.600000,24.680000,17.878096,4232400
2014-07-25,24.639999,24.762501,24.575001,24.612499,17.829189,5140000
2014-07-28,24.617500,24.940001,24.525000,24.895000,18.033833,6572000
2014-07-29,24.757500,24.847500,24.325001,24.600000,17.820141,7770000
2014-07-30,24.540001,24.625000,23.940001,24.084999,17.447071,11376400
2014-07-31,23.910000,23.995001,23.450001,23.472500,17.003380,10900800
2014-08-01,23.375000,23.730000,23.320000,23.455000,16.990705,10057600
2014-08-04,23.485001,23.535000,22.947500,23.512501,17.032358,14931200
2014-08-05,23.415001,23.495001,23.084999,23.147499,16.767946,9745600
2014-08-06,23.142500,23.254999,22.950001,23.087500,16.724493,18081200
2014-08-07,23.209999,23.572500,23.150000,23.492500,17.017868,11370000
2014-08-08,23.530001,23.875000,23.514999,23.862499,17.285894,6989600
2014-08-11,23.867500,23.942499,23.692499,23.722500,17.184479,5694400
2014-08-12,23.745001,23.847500,23.650000,23.725000,17.186296,5224400
2014-08-13,23.772499,24.075001,23.762501,23.937500,17.340221,4276400
2014-08-14,23.902500,24.075001,23.902500,24.047501,17.419914,3858000
2014-08-15,24.102501,24.355000,24.010000,24.094999,17.454315,5073200
2014-08-18,24.147499,24.295000,23.972500,24.035000,17.410849,4392800
2014-08-19,24.127501,24.344999,24.075001,24.330000,17.624550,5167200
2014-08-20,24.305000,24.459999,24.247499,24.434999,17.700615,4126800
2014-08-21,24.450001,24.657499,24.445000,24.502501,17.749510,5142000
2014-08-22,24.495001,24.605000,24.254999,24.410000,17.682501,3966000
2014-08-25,24.455000,24.639999,24.432501,24.542500,17.778482,3442800
2014-08-26,24.520000,24.559999,24.165001,24.180000,17.515890,5575600
2014-08-27,24.040001,24.252501,24.000000,24.222500,17.679203,5651600
2014-08-28,24.167500,24.427500,24.094999,24.382500,17.795975,3776800
2014-08-29,24.437500,24.625000,24.385000,24.612499,17.963850,5545600
2014-09-02,24.572500,24.629999,24.209999,24.307501,17.741238,7494800
2014-09-03,24.355000,24.517500,24.312500,24.400000,17.808756,5694800
2014-09-04,24.379999,24.462500,24.192499,24.307501,17.741238,8406000
2014-09-05,24.312500,24.480000,24.270000,24.480000,17.867144,6244800
2014-09-08,24.475000,24.500000,24.247499,24.309999,17.743061,4204000
2014-09-09,24.195000,24.267500,23.905001,23.924999,17.462063,7661600
2014-09-10,23.902500,24.059999,23.799999,23.905001,17.447466,6814000
2014-09-11,23.900000,24.100000,23.737499,24.037500,17.544174,6724000
2014-09-12,23.887501,23.934999,23.504999,23.525000,17.170116,7305200
2014-09-15,23.610001,23.715000,23.442499,23.545000,17.184711,5386800
2014-09-16,23.512501,23.872499,23.459999,23.782499,17.358057,9126800
2014-09-17,23.907499,24.055000,23.700001,23.822500,17.387255,8332000
2014-09-18,23.815001,23.912500,23.575001,23.645000,17.257700,7399600
2014-09-19,23.750000,23.872499,23.632500,23.785000,17.359882,8563200
2014-09-22,23.665001,23.807501,23.552500,23.655001,17.265001,5724400
2014-09-23,23.655001,23.777500,23.547501,23.637501,17.252224,5600400
2014-09-24,23.705000,23.705000,23.482500,23.545000,17.184711,4321600
2014-09-25,23.530001,23.625000,23.280001,23.285000,16.994946,7019600
2014-09-26,23.295000,23.422501,23.165001,23.360001,17.049690,5567600
2014-09-29,23.245001,23.424999,23.142500,23.400000,17.078884,5062400
2014-09-30,23.459999,23.730000,23.375000,23.469999,17.129978,6962400
2014-10-01,23.420000,23.837500,23.420000,23.572500,17.204788,6366800
2014-10-02,23.517500,23.677500,23.402500,23.442499,17.109907,6722800
2014-10-03,23.549999,23.597500,23.337500,23.557501,17.193836,6414400
2014-10-06,23.584999,23.709999,23.347500,23.415001,17.089834,6099200
2014-10-07,23.332500,23.547501,23.242500,23.254999,16.973049,7222400
2014-10-08,23.309999,23.857500,23.285000,23.830000,17.392729,8414400
2014-10-09,23.837500,23.987499,23.397499,23.397499,17.077053,9544800
2014-10-10,23.492500,23.832500,23.397499,23.407499,17.084356,10166400
2014-10-13,23.437500,23.737499,23.177500,23.197500,16.931087,8678400
2014-10-14,23.267500,23.690001,23.117500,23.334999,17.031439,12517600
2014-10-15,23.320000,23.422501,22.582500,22.955000,16.754087,12076800
2014-10-16,22.700001,23.469999,22.625000,23.342501,17.036919,13299200
2014-10-17,23.440001,23.645000,23.097500,23.562500,17.197491,9697600
2014-10-20,23.572500,23.807501,23.547501,23.782499,17.358057,5528800
2014-10-21,23.802500,23.907499,23.674999,23.879999,17.429220,7062000
2014-10-22,23.875000,24.290001,23.830000,24.132500,17.613512,9524800
2014-10-23,24.325001,24.575001,24.174999,24.450001,17.845245,9416000
2014-10-24,24.500000,24.695000,24.387501,24.590000,17.947428,6602800
2014-10-27,24.559999,24.747499,24.457500,24.522499,17.898155,5413200
2014-10-28,24.607500,24.782499,24.440001,24.782499,18.087927,7673200
2014-10-29,24.750000,24.870001,24.379999,24.650000,17.991215,7285600
2014-10-30,24.745001,25.042500,24.377501,24.977501,18.230249,11396000
2014-10-31,25.127501,25.127501,24.717501,25.055000,18.286812,10084000
2014-11-03,25.080000,25.260000,24.912500,25.202499,18.394470,8944400
2014-11-04,25.237499,25.402500,25.092501,25.240000,18.421843,7966000
2014-11-05,25.442499,26.292500,25.382500,26.219999,19.137106,22010400
2014-11-06,26.129999,26.282499,25.687500,25.987499,18.967413,14479600
2014-11-07,25.962500,26.190001,25.805000,26.182501,19.109737,8307200
2014-11-10,26.105000,26.402500,25.959999,26.402500,19.270308,5880800
2014-11-11,26.377501,26.485001,26.155001,26.200001,19.122517,7382800
2014-11-12,25.757500,26.014999,25.530001,25.772499,18.810490,10216000
2014-11-13,25.772499,25.957500,25.475000,25.567499,18.660872,7060000
2014-11-14,25.487499,25.592501,25.410000,25.462500,18.584238,7465200
2014-11-17,25.427500,25.855000,25.410000,25.802500,18.832386,5440000
2014-11-18,25.837500,25.947500,25.677500,25.834999,18.856108,6457200
2014-11-19,25.885000,25.977501,25.709999,25.927500,18.923624,7040400
2014-11-20,25.722500,25.850000,25.670000,25.764999,18.805017,5271200
2014-11-21,26.002501,26.002501,25.687500,25.934999,18.929096,7893600
2014-11-24,25.975000,26.042500,25.792500,25.805000,18.834215,5617600
2014-11-25,25.629999,25.764999,25.452499,25.712500,18.899441,7394800
2014-11-26,25.770000,25.844999,25.657499,25.799999,18.963762,5331200
2014-11-28,25.827499,26.282499,25.827499,26.097500,19.182434,3952000
2014-12-01,25.959999,26.405001,25.852501,26.202499,19.259607,7597600
2014-12-02,26.112499,26.370001,25.972500,26.277500,19.314739,5775600
2014-12-03,26.197500,26.337500,26.010000,26.097500,19.182434,6404400
2014-12-04,25.662500,26.025000,25.645000,25.872499,19.017050,14612400
2014-12-05,25.660000,25.895000,25.549999,25.732500,18.914148,7071600
2014-12-08,25.705000,26.075001,25.705000,25.917500,19.050129,7192400
2014-12-09,25.882500,26.170000,25.852501,26.147499,19.219181,6615200
2014-12-10,25.805000,25.997499,25.309999,25.360001,18.640347,21496400
2014-12-11,25.437500,25.795000,25.377501,25.620001,18.831459,9354800
2014-12-12,25.450001,25.737499,25.192499,25.202499,18.524580,10303600
2014-12-15,25.462500,25.487499,24.892500,25.165001,18.497025,11262800
2014-12-16,25.217501,25.627501,25.017500,25.270000,18.574200,10596800
2014-12-17,25.330000,25.830000,25.215000,25.780001,18.949062,11038800
2014-12-18,26.010000,26.367500,25.799999,26.362499,19.377214,8826400
2014-12-19,26.420000,26.607500,26.197500,26.467501,19.454395,13945600
2014-12-22,26.465000,26.557501,26.312500,26.485001,19.467260,6542400
2014-12-23,26.590000,26.697500,26.447500,26.580000,19.537088,5054400
2014-12-24,26.627501,27.142500,26.584999,26.995001,19.842123,4615200
2014-12-26,27.070000,27.422501,27.002501,27.322500,20.082844,8804000
2014-12-29,27.277500,27.709999,27.264999,27.625000,20.305191,7808800
2014-12-30,27.610001,27.610001,26.905001,26.957500,19.814562,5746400
2014-12-31,26.962500,27.117500,26.545000,26.572500,19.531576,5991200
2015-01-02,26.657499,26.782499,26.344999,26.672501,19.605074,6459200
2015-01-05,26.645000,26.692499,26.297501,26.389999,19.397430,8153600
2015-01-06,26.480000,26.977501,26.440001,26.492500,19.472767,10623200
2015-01-07,26.897499,26.990000,26.517500,26.735001,19.651012,7292000
2015-01-08,26.967501,27.057501,26.827499,26.897499,19.770456,7602000
2015-01-09,26.932501,27.004999,26.592501,26.660000,19.595888,6123200
2015-01-12,26.625000,26.837500,26.410000,26.592501,19.546276,5828000
2015-01-13,26.822500,27.115000,26.547501,26.697500,19.623444,6757200
2015-01-14,26.447500,26.900000,26.375000,26.862499,19.744728,7327600
2015-01-15,26.882500,26.957500,26.530001,26.760000,19.669392,17293200
2015-01-16,26.782499,27.080000,26.722500,27.055000,19.886229,7870000
2015-01-20,27.152500,27.272499,26.879999,27.232500,20.016693,7362000
2015-01-21,27.075001,27.562500,26.942499,27.472500,20.193098,12105600
2015-01-22,27.570000,27.680000,27.127501,27.387501,20.130625,9290400
2015-01-23,27.469999,27.555000,27.334999,27.370001,20.117758,6736400
2015-01-26,27.327499,27.445000,27.155001,27.437500,20.167374,5524800
2015-01-27,27.467501,27.877501,27.157499,27.805000,20.437494,8527600
2015-01-28,27.820000,28.160000,27.440001,27.480000,20.198608,8128800
2015-01-29,27.545000,27.930000,27.430000,27.915001,20.518354,6823200
2015-01-30,27.865000,27.877501,27.290001,27.309999,20.073658,7745600
2015-02-02,27.382500,27.547501,27.004999,27.517500,20.226171,7201600
2015-02-03,27.504999,27.617500,27.290001,27.559999,20.257412,8641600
2015-02-04,27.495001,27.657499,27.285000,27.360001,20.110407,6255200
2015-02-05,27.455000,27.522499,27.207500,27.427500,20.160017,5231600
2015-02-06,27.322500,27.350000,26.264999,26.450001,19.441530,8789200
2015-02-09,26.415001,26.590000,26.045000,26.129999,19.206318,8292800
2015-02-10,26.200001,27.010000,26.137501,26.957500,19.814562,13585200
2015-02-11,26.795000,26.809999,26.212500,26.264999,19.305552,8516800
2015-02-12,26.262501,26.342501,25.959999,26.334999,19.357006,9439200
2015-02-13,26.215000,26.217501,25.770000,25.905001,19.040941,9944400
2015-02-17,25.875000,26.192499,25.674999,25.855000,19.004187,11421600
2015-02-18,25.872499,26.635000,25.855000,26.622499,19.568321,9638000
2015-02-19,26.737499,26.737499,26.257500,26.357500,19.373537,13082400
2015-02-20,26.312500,26.490000,26.070000,26.400000,19.404778,6802400
2015-02-23,26.434999,26.555000,26.322500,26.497499,19.476444,6257200
2015-02-24,26.430000,26.762501,26.365000,26.520000,19.492981,7480800
2015-02-25,26.305000,26.365000,25.870001,25.945000,19.209780,8103600
2015-02-26,26.017500,26.107500,25.802500,25.870001,19.154249,6974400
2015-02-27,25.950001,26.010000,25.737499,25.865000,19.150539,6523600
2015-03-02,25.865000,25.865000,25.177500,25.385000,18.795149,9909200
2015-03-03,25.309999,25.540001,25.142500,25.485001,18.869194,8036400
2015-03-04,25.405001,25.520000,25.270000,25.347500,18.767387,11915200
2015-03-05,25.457500,25.740000,25.405001,25.532499,18.904366,7867200
2015-03-06,25.209999,25.209999,24.557501,24.674999,18.269468,12492400
2015-03-09,24.695000,24.885000,24.645000,24.732500,18.312042,9764800
2015-03-10,24.370001,24.887501,24.370001,24.497499,18.138042,13714800
2015-03-11,24.645000,24.762501,24.379999,24.495001,18.136200,9078400
2015-03-12,24.695000,25.317499,24.670000,25.129999,18.606350,12999200
2015-03-13,25.090000,25.242500,24.875000,25.152500,18.623011,13275200
2015-03-16,25.432501,25.990000,25.402500,25.742500,19.059849,13684400
2015-03-17,25.750000,26.000000,25.677500,25.820000,19.117226,8612400
2015-03-18,25.815001,26.847500,25.747499,26.725000,19.787298,15167600
2015-03-19,26.625000,26.867500,26.237499,26.370001,19.524452,11399200
2015-03-20,26.492500,26.722500,26.205000,26.497499,19.618855,27418000
2015-03-23,26.267500,26.545000,26.267500,26.434999,19.572577,9677600
2015-03-24,26.334999,26.590000,26.187500,26.209999,19.405981,8434800
2015-03-25,26.209999,26.307501,25.855000,25.855000,19.143143,6805200
2015-03-26,25.702499,25.945000,25.575001,25.680000,19.013577,6850000
2015-03-27,25.740000,26.007500,25.684999,25.885000,19.165356,6067200
2015-03-30,26.082500,26.264999,25.945000,26.184999,19.387474,6348400
2015-03-31,26.112499,26.247499,25.847500,26.012501,19.259754,9165200
2015-04-01,25.985001,26.290001,25.715000,26.190001,19.391184,7567200
2015-04-02,26.155001,26.317499,26.067499,26.187500,19.389326,5280800
2015-04-06,26.305000,26.657499,26.282499,26.385000,19.535557,6706400
2015-04-07,26.352501,26.440001,26.047501,26.072500,19.304184,4168000
2015-04-08,25.990000,26.084999,25.822500,26.010000,19.257902,5707600
2015-04-09,25.969999,26.025000,25.735001,26.002501,19.252354,5278400
2015-04-10,26.065001,26.290001,25.980000,26.225000,19.417095,3732400
2015-04-13,26.117500,26.202499,25.910000,25.937500,19.204224,4787200
2015-04-14,26.037500,26.197500,25.977501,26.090000,19.317135,4171600
2015-04-15,26.157499,26.407499,26.037500,26.045000,19.283821,6437200
2015-04-16,25.952499,26.102501,25.735001,25.940001,19.206078,6770800
2015-04-17,25.817499,26.059999,25.687500,25.787500,19.093166,5973600
2015-04-20,25.837500,26.327499,25.777500,26.125000,19.343042,9675600
2015-04-21,26.125000,26.295000,25.787500,25.850000,19.139444,7842800
2015-04-22,25.907499,25.969999,25.665001,25.822500,19.119081,7293200
2015-04-23,25.850000,26.147499,25.790001,26.070000,19.302332,6740800
2015-04-24,26.052500,26.447500,25.975000,26.262501,19.444860,6122800
2015-04-27,26.360001,26.362499,25.860001,25.955000,19.217180,7215200
2015-04-28,25.822500,26.129999,25.737499,26.025000,19.269012,8057600
2015-04-29,25.807501,26.139999,25.592501,25.674999,19.009871,9267600
2015-04-30,25.580000,25.725000,25.062500,25.232500,18.682238,15062000
2015-05-01,25.250000,25.500000,25.049999,25.469999,18.858091,9091600
2015-05-04,25.462500,25.985001,25.344999,25.690001,19.020977,12277200
2015-05-05,25.557501,25.632500,24.887501,25.037500,18.537859,12635200
2015-05-06,24.995001,25.187500,24.777500,25.007500,18.515654,12165200
2015-05-07,25.167500,25.242500,25.027500,25.150000,18.621168,8712000
2015-05-08,25.495001,25.717501,25.100000,25.302500,18.734070,9937600
2015-05-11,25.250000,25.465000,24.967501,25.002501,18.511948,8073200
2015-05-12,24.902500,25.090000,24.705000,24.977501,18.493437,8227600
2015-05-13,25.035000,25.344999,24.930000,25.049999,18.547113,9204400
2015-05-14,25.145000,25.315001,25.117500,25.270000,18.710007,7293600
2015-05-15,25.307501,25.557501,25.299999,25.535000,18.906208,11756800
2015-05-18,25.459999,25.709999,25.434999,25.575001,18.935835,7810000
2015-05-19,25.387501,25.762501,25.305000,25.627501,18.974703,6118000
2015-05-20,25.632500,25.850000,25.562500,25.629999,18.976551,7885200
2015-05-21,25.625000,25.687500,25.467501,25.540001,18.909916,5360800
2015-05-22,25.517500,25.627501,25.379999,25.557501,18.922880,5525200
2015-05-26,25.557501,25.567499,25.100000,25.257500,18.700754,13742800
2015-05-27,25.125000,25.350000,25.077499,25.207500,18.807070,8504800
2015-05-28,25.187500,25.582500,25.187500,25.567499,19.075663,10481600
2015-05-29,25.535000,25.692499,25.362499,25.584999,19.088718,11192000
2015-06-01,25.637501,26.094999,25.610001,25.882500,19.310677,12547200
2015-06-02,25.697500,25.747499,25.405001,25.555000,19.066334,9636400
2015-06-03,25.430000,25.602501,24.995001,25.055000,18.693293,11419200
2015-06-04,24.965000,25.222500,24.937500,25.092501,18.721264,8868000
2015-06-05,24.827499,24.832500,24.635000,24.692499,18.422834,9624000
2015-06-08,24.670000,24.717501,24.527500,24.530001,18.301594,7328000
2015-06-09,24.532499,24.657499,24.517500,24.547501,18.314653,5774400
2015-06-10,24.692499,24.867500,24.674999,24.780001,18.488119,10831600
2015-06-11,24.905001,24.985001,24.782499,24.917500,18.590704,5803600
2015-06-12,24.795000,24.957500,24.752501,24.809999,18.510500,4722800
2015-06-15,24.622499,24.912500,24.622499,24.780001,18.488119,6126000
2015-06-16,24.782499,24.942499,24.647499,24.882500,18.564587,5038800
2015-06-17,24.872499,25.245001,24.772499,25.174999,18.782825,8510000
2015-06-18,25.197500,25.600000,25.160000,25.565001,19.073797,8677600
2015-06-19,25.559999,25.620001,25.240000,25.240000,18.831316,8404800
2015-06-22,25.367500,25.400000,25.135000,25.190001,18.794014,4983200
2015-06-23,25.150000,25.219999,24.805000,24.822500,18.519827,6798800
2015-06-24,24.852501,24.977501,24.632500,24.632500,18.378067,6317600
2015-06-25,24.712500,24.757500,24.465000,24.497499,18.277344,5918400
2015-06-26,24.475000,24.697500,24.307501,24.674999,18.409775,6910800
2015-06-29,24.427500,24.952499,24.427500,24.542500,18.310925,8041600
2015-06-30,24.645000,24.760000,24.452499,24.507500,18.284809,10800800
2015-07-01,24.602501,24.697500,24.480000,24.607500,18.359417,7578400
2015-07-02,24.742500,25.142500,24.737499,25.055000,18.693293,8878000
2015-07-06,25.004999,25.215000,24.834999,25.115000,18.738058,6876800
2015-07-07,25.062500,25.924999,25.062500,25.719999,19.189444,12375600
2015-07-08,25.600000,25.727501,25.487499,25.487499,19.015976,10838400
2015-07-09,25.565001,25.705000,25.205000,25.295000,18.872356,11294400
2015-07-10,25.287500,25.570000,25.135000,25.410000,18.958153,6035600
2015-07-13,25.502501,25.602501,25.330000,25.492500,19.019699,5685200
2015-07-14,25.490000,25.635000,25.407499,25.497499,19.023434,4928800
2015-07-15,25.510000,25.695000,25.355000,25.692499,19.168922,5037200
2015-07-16,25.700001,26.232500,25.677500,26.107500,19.478548,9911600
2015-07-17,26.107500,26.127501,25.872499,25.912500,19.333061,6275200
2015-07-20,25.932501,25.995001,25.674999,25.787500,19.239799,8994400
2015-07-21,25.785000,25.870001,25.445000,25.532499,19.049551,8643200
2015-07-22,25.545000,25.855000,25.535000,25.700001,19.174519,8380400
2015-07-23,25.700001,25.712500,25.305000,25.517500,19.038363,7790000
2015-07-24,25.457500,25.705000,25.442499,25.570000,19.077532,4232000
2015-07-27,25.610001,25.969999,25.602501,25.875000,19.305082,5823200
2015-07-28,25.862499,26.065001,25.754999,26.022499,19.415134,11233600
2015-07-29,25.934999,26.170000,25.762501,26.147499,19.508394,8348800
2015-07-30,26.055000,26.325001,25.987499,26.222500,19.564354,7009200
2015-07-31,26.424999,26.580000,26.264999,26.299999,19.622168,10186000
2015-08-03,27.120001,27.327499,26.639999,26.927500,20.090343,18269600
2015-08-04,26.930000,26.995001,26.594999,26.635000,19.872114,12734800
2015-08-05,26.730000,26.785000,26.485001,26.490000,19.763931,7557600
2015-08-06,26.562500,26.582500,26.322500,26.437500,19.724760,11783600
2015-08-07,26.434999,26.912500,26.309999,26.750000,19.957920,6698400
2015-08-10,26.772499,26.872499,26.507500,26.632500,19.870253,12003200
2015-08-11,26.667500,27.022499,26.530001,26.657499,19.888895,7882000
2015-08-12,26.587500,27.142500,26.500000,27.100000,20.219046,14067600
2015-08-13,27.094999,27.302500,26.805000,27.230000,20.316042,7236400
2015-08-14,27.182501,27.264999,26.977501,27.260000,20.338423,5754000
2015-08-17,27.307501,27.495001,27.275000,27.382500,20.429821,5935200
2015-08-18,27.297501,27.467501,27.180000,27.377501,20.426079,7285200
2015-08-19,27.252501,27.402500,26.995001,27.267500,20.344021,9688400
2015-08-20,27.135000,27.417500,27.045000,27.062500,20.191065,8223600
2015-08-21,26.962500,27.062500,26.697500,26.740000,19.950445,11028000
2015-08-24,25.752501,26.092501,25.000000,25.760000,19.219288,19775600
2015-08-25,26.174999,26.207500,25.110001,25.127501,18.747383,15192800
2015-08-26,25.282499,25.485001,24.917500,25.415001,19.108273,13412000
2015-08-27,25.590000,25.657499,25.250000,25.565001,19.221045,12068800
2015-08-28,25.552500,25.605000,25.145000,25.455000,19.138350,9230000
2015-08-31,25.342501,25.370001,24.405001,24.602501,18.497395,20435200
2015-09-01,24.330000,24.357500,23.662500,23.837500,17.922230,14461600
2015-09-02,23.992500,24.105000,23.587500,23.760000,17.863960,13195600
2015-09-03,23.877501,24.000000,23.682501,23.792500,17.888397,10100400
2015-09-04,23.549999,23.815001,23.510000,23.655001,17.785019,11545600
2015-09-08,23.950001,24.287500,23.924999,24.272499,18.249281,11686000
2015-09-09,24.457500,24.482500,23.785000,23.825001,17.912825,9558000
2015-09-10,23.797501,24.040001,23.750000,23.837500,17.922230,9980400
2015-09-11,23.447500,23.982500,23.434999,23.962500,18.016207,18495600
2015-09-14,23.965000,24.184999,23.895000,24.032499,18.068836,12264400
2015-09-15,24.052500,24.094999,23.812500,24.057501,18.087637,13068400
2015-09-16,24.077499,24.457500,24.075001,24.377501,18.328224,11133600
2015-09-17,24.337500,25.055000,24.299999,24.674999,18.551897,11974000
2015-09-18,24.684999,24.982500,24.315001,24.322500,18.286877,25546000
2015-09-21,24.377501,24.645000,24.352501,24.512501,18.429726,7882800
2015-09-22,24.320000,24.480000,24.145000,24.262501,18.241760,10007600
2015-09-23,24.277500,24.357500,24.165001,24.245001,18.228611,6476400
2015-09-24,24.152500,24.415001,24.117500,24.379999,18.330103,11708400
2015-09-25,24.432501,24.895000,24.292500,24.652500,18.534981,7596000
2015-09-28,24.610001,24.762501,24.325001,24.387501,18.335745,8861200
2015-09-29,24.382500,24.545000,24.107500,24.197500,18.192892,13322000
2015-09-30,24.155001,24.412500,24.155001,24.387501,18.335745,15191600
2015-10-01,24.447500,24.465000,23.959999,24.137501,18.147783,12829600
2015-10-02,24.275000,24.655001,24.150000,24.635000,18.521822,11294400
2015-10-05,24.737499,25.192499,24.637501,25.180000,18.931589,10323600
2015-10-06,25.102501,25.102501,24.875000,24.962500,18.768061,7888000
2015-10-07,25.012501,25.215000,24.937500,24.982500,18.783096,6531200
2015-10-08,24.889999,25.245001,24.799999,25.212500,18.956022,7006400
2015-10-09,25.200001,25.302500,25.059999,25.262501,18.993618,6959200
2015-10-12,25.262501,25.530001,25.250000,25.362499,19.068800,7199200
2015-10-13,25.317499,25.465000,25.237499,25.309999,19.029324,5058800
2015-10-14,25.332500,25.440001,25.172501,25.232500,18.971056,4806800
2015-10-15,25.357500,25.842501,25.312500,25.799999,19.397736,7179200
2015-10-16,25.945000,26.065001,25.782499,25.915001,19.484194,6506800
2015-10-19,25.900000,25.955000,25.637501,25.942499,19.504871,5102000
2015-10-20,25.877501,26.115000,25.799999,25.985001,19.536827,5550000
2015-10-21,26.075001,26.219999,25.977501,26.049999,19.585695,4666000
2015-10-22,26.117500,26.462500,26.045000,26.427500,19.869518,6708000
2015-10-23,26.389999,26.459999,26.092501,26.139999,19.653360,6844400
2015-10-26,26.195000,26.195000,25.817499,25.962500,19.519911,9526400
2015-10-27,25.930000,26.072500,25.867500,26.025000,19.566900,8413600
2015-10-28,26.025000,26.325001,25.379999,25.737499,19.350744,7738400
2015-10-29,25.662500,25.662500,25.250000,25.445000,19.130825,6790400
2015-10-30,25.459999,25.757500,25.382500,25.665001,19.296236,8811200
2015-11-02,25.690001,25.750000,25.352501,25.557501,19.215414,6752400
2015-11-03,25.437500,25.620001,25.340000,25.577499,19.230448,5094800
2015-11-04,25.580000,25.830000,25.525000,25.805000,19.401489,6002800
2015-11-05,25.760000,25.877501,25.510000,25.525000,19.190971,6332400
2015-11-06,25.162500,25.267500,24.362499,24.709999,18.578213,12281200
2015-11-09,24.657499,24.822500,24.565001,24.727501,18.591372,8559600
2015-11-10,24.719999,24.879999,24.660000,24.750000,18.608290,6746400
2015-11-11,24.772499,24.959999,24.692499,24.930000,18.743620,6978800
2015-11-12,24.924999,25.397499,24.867500,25.182501,18.933464,13194000
2015-11-13,25.200001,25.417500,25.055000,25.107500,18.877073,9647200
2015-11-16,25.125000,25.545000,25.035000,25.530001,19.194735,6516800
2015-11-17,25.510000,25.767500,25.127501,25.187500,18.937220,9685600
2015-11-18,25.187500,25.315001,24.637501,24.924999,18.739861,19225200
2015-11-19,24.962500,25.312500,24.907499,25.247499,18.982334,9274800
2015-11-20,25.240000,25.467501,25.142500,25.254999,18.987978,7048400
2015-11-23,25.250000,25.334999,25.057501,25.122499,18.888351,7028800
2015-11-24,24.825001,24.977501,24.662500,24.852501,18.829634,6792800
2015-11-25,24.795000,24.817499,24.632500,24.719999,18.729244,4389200
2015-11-27,24.780001,24.924999,24.754999,24.842501,18.822062,2899600
2015-11-30,24.820000,25.125000,24.815001,24.965000,18.914873,9398000
2015-12-01,25.007500,25.240000,24.912500,25.142500,19.049360,7768800
2015-12-02,25.057501,25.107500,24.477501,24.497499,18.560669,11379600
2015-12-03,24.370001,24.502501,24.047501,24.105000,18.263292,10688800
2015-12-04,24.240000,24.577499,24.105000,24.535000,18.589083,14046400
2015-12-07,24.504999,24.677500,24.432501,24.642500,18.670530,11292400
2015-12-08,24.584999,24.870001,24.522499,24.834999,18.816376,10960000
2015-12-09,24.697500,24.952499,24.500000,24.690001,18.706514,13261200
2015-12-10,24.747499,24.747499,24.372499,24.400000,18.486795,7222400
2015-12-11,24.219999,24.432501,24.077499,24.352501,18.450808,7646800
2015-12-14,24.370001,24.597500,24.267500,24.495001,18.558779,12201200
2015-12-15,24.620001,24.817499,24.507500,24.680000,18.698944,10289600
2015-12-16,24.850000,25.980000,24.850000,25.912500,19.632751,17483600
2015-12-17,25.912500,26.107500,25.752501,25.852501,19.587299,9756400
2015-12-18,25.840000,25.850000,25.177500,25.527500,19.341051,18991200
2015-12-21,25.695000,25.740000,25.375000,25.575001,19.377043,9476000
2015-12-22,25.662500,25.822500,25.377501,25.727501,19.492579,6698800
2015-12-23,25.770000,26.077499,25.750000,25.995001,19.695261,6444800
2015-12-24,25.962500,26.037500,25.877501,25.982500,19.685787,2211200
2015-12-28,25.920000,26.017500,25.825001,25.997499,19.697157,6536800
2015-12-29,26.162500,26.325001,26.117500,26.162500,19.822163,4443200
2015-12-30,26.162500,26.315001,26.115000,26.227501,19.871416,5638400
2015-12-31,26.227501,26.230000,25.757500,25.972500,19.678207,5744800
2016-01-04,25.717501,25.912500,25.584999,25.892500,19.617596,7716400
2016-01-05,25.922501,26.235001,25.549999,26.145000,19.808905,8915200
2016-01-06,25.972500,26.167500,25.875000,26.059999,19.744505,6983200
2016-01-07,25.797501,26.264999,25.757500,26.174999,19.831638,12870800
2016-01-08,26.217501,26.475000,26.187500,26.292500,19.920664,14382000
2016-01-11,26.330000,26.650000,26.277500,26.395000,19.998327,16397200
2016-01-12,26.442499,26.520000,26.084999,26.344999,19.960442,8618800
2016-01-13,26.420000,26.472500,25.934999,26.155001,19.816484,10292800
2016-01-14,26.202499,26.692499,26.094999,26.422501,20.019154,9981600
2016-01-15,26.360001,26.472500,26.020000,26.315001,19.937700,15260000
2016-01-19,26.365000,27.059999,26.282499,26.952499,20.420710,15298400
2016-01-20,26.715000,26.885000,25.837500,26.327499,19.947180,13866000
2016-01-21,26.357500,26.445000,25.965000,26.260000,19.896040,8786400
2016-01-22,26.450001,26.670000,26.252501,26.650000,20.191523,9400400
2016-01-25,26.680000,26.757500,26.367500,26.605000,20.157431,8533200
2016-01-26,26.650000,26.932501,26.465000,26.639999,20.183947,12272000
2016-01-27,26.719999,26.950001,26.552500,26.682501,20.216146,10999600
2016-01-28,26.440001,27.192499,26.382500,27.075001,20.513529,14686000
2016-01-29,27.347500,27.965000,27.200001,27.927500,21.159430,24626400
2016-02-01,27.910000,28.360001,27.697500,28.245001,21.399979,15117200
2016-02-02,28.012501,28.517500,28.000000,28.477501,21.576134,11020400
2016-02-03,28.532499,28.877501,28.420000,28.687500,21.735245,13532000
2016-02-04,28.480000,28.740000,28.137501,28.379999,21.502266,11712800
2016-02-05,28.325001,28.535000,28.055000,28.402500,21.519312,11007200
2016-02-08,28.410000,28.652500,28.200001,28.542500,21.625381,10296800
2016-02-09,28.502501,28.987499,28.412500,28.837500,21.848896,13775600
2016-02-10,28.155001,28.530001,27.852501,28.434999,21.543934,13794400
2016-02-11,28.257500,28.490000,27.969999,27.975000,21.195408,13052800
2016-02-12,28.030001,28.082500,27.650000,27.917500,21.151854,11447200
2016-02-16,28.112499,28.240000,27.802500,28.087500,21.280647,9395200
2016-02-17,28.065001,28.067499,27.817499,27.857500,21.106394,10793200
2016-02-18,27.959999,28.695000,27.922501,28.582500,21.655684,13084800
2016-02-19,28.625000,28.862499,28.400000,28.687500,21.735245,13488000
2016-02-22,28.775000,29.132500,28.687500,28.924999,21.915192,10462000
2016-02-23,28.832500,29.135000,28.712500,29.030001,21.994740,9229200
2016-02-24,28.665001,29.027500,28.615000,29.000000,22.137880,13355200
2016-02-25,29.092501,29.245001,28.780001,28.959999,22.107340,8776400
2016-02-26,28.825001,28.952499,28.047501,28.129999,21.473740,9756800
2016-02-29,28.092501,28.485001,28.012501,28.205000,21.530994,10503600
2016-03-01,28.357500,28.430000,27.990000,28.150000,21.489008,9832800
2016-03-02,28.059999,28.215000,27.334999,28.090000,21.443199,11023600
2016-03-03,28.120001,28.135000,27.490000,27.905001,21.301977,13735600
2016-03-04,27.802500,28.635000,27.662500,28.572500,21.811533,11726400
2016-03-07,28.514999,28.682501,28.372499,28.612499,21.842068,8543200
2016-03-08,28.622499,28.924999,28.542500,28.862499,22.032913,8272400
2016-03-09,28.834999,29.102501,28.834999,29.065001,22.187498,7436400
2016-03-10,29.207500,29.242500,28.632500,28.922501,22.078718,6253200
2016-03-11,29.070000,29.094999,28.842501,28.955000,22.103525,6350000
2016-03-14,29.057501,29.192499,28.820000,28.959999,22.107340,6013600
2016-03-15,28.962500,29.167500,28.825001,28.900000,22.061539,9315600
2016-03-16,28.885000,29.379999,28.610001,29.280001,22.351618,7542000
2016-03-17,29.320000,29.637501,29.127501,29.582500,22.582537,8162800
2016-03-18,29.684999,29.719999,29.392500,29.625000,22.614986,21650800
2016-03-21,29.467501,29.597500,29.152500,29.392500,22.437494,6316800
2016-03-22,29.340000,29.540001,29.180000,29.260000,22.336355,5932000
2016-03-23,29.174999,29.525000,29.105000,29.422501,22.460396,6684000
2016-03-24,29.372499,29.655001,29.320000,29.620001,22.611172,9832000
2016-03-28,29.587500,29.725000,29.340000,29.395000,22.439411,5526400
2016-03-29,29.487499,29.782499,29.295000,29.752501,22.712317,5559200
2016-03-30,29.787500,29.842501,29.525000,29.625000,22.614986,5168000
2016-03-31,29.559999,29.700001,29.462500,29.584999,22.584448,8025600
2016-04-01,29.522499,29.747499,29.365000,29.677500,22.655060,8320800
2016-04-04,29.757500,29.795000,29.485001,29.680000,22.656973,5239600
2016-04-05,29.575001,29.725000,29.037500,29.087500,22.204670,8802800
2016-04-06,29.080000,29.184999,28.895000,29.177500,22.273375,6557200
2016-04-07,29.092501,29.327499,28.997499,29.047501,22.174135,5359600
2016-04-08,28.997499,29.360001,28.997499,29.202499,22.292461,4268800
2016-04-11,29.264999,29.407499,29.007500,29.057501,22.181770,4226000
2016-04-12,29.120001,29.315001,29.017500,29.262501,22.338263,5726400
2016-04-13,29.347500,29.397499,28.940001,29.120001,22.229479,4754400
2016-04-14,29.042500,29.232500,28.750000,29.037500,22.166504,6168000
2016-04-15,29.125000,29.400000,29.037500,29.357500,22.410789,6431600
2016-04-18,29.357500,29.442499,29.117500,29.442499,22.475666,5816000
2016-04-19,29.520000,29.600000,29.305000,29.525000,22.538647,7352000
2016-04-20,29.514999,29.580000,28.860001,28.877501,22.044353,5898800
2016-04-21,28.807501,28.812500,28.110001,28.227501,21.548172,9754800
2016-04-22,28.362499,28.632500,28.309999,28.610001,21.840160,6966800
2016-04-25,28.577499,28.617500,28.462500,28.617500,21.845888,4530800
2016-04-26,28.680000,28.910000,28.549999,28.879999,22.046270,7878000
2016-04-27,28.920000,29.504999,28.850000,29.222500,22.307724,10262400
2016-04-28,28.950001,29.432501,28.782499,29.117500,22.227575,8615200
2016-04-29,29.052500,29.437500,28.787500,29.395000,22.439411,9361200
2016-05-02,29.457500,29.690001,29.320000,29.514999,22.531013,7651600
2016-05-03,29.584999,29.737499,29.360001,29.605000,22.599716,5263200
2016-05-04,29.504999,30.110001,29.434999,29.865000,22.798195,6705600
2016-05-05,29.855000,30.110001,29.490000,29.712500,22.681782,8386400
2016-05-06,29.764999,29.775000,29.375000,29.622499,22.613075,5848800
2016-05-09,29.660000,29.772499,29.532499,29.722500,22.689411,4924800
2016-05-10,29.820000,29.997499,29.727501,29.900000,22.824907,4637200
2016-05-11,29.942499,30.087500,29.625000,29.922501,22.842093,5758800
2016-05-12,29.967501,30.347500,29.817499,30.287500,23.120720,7977200
2016-05-13,30.227501,30.332500,29.924999,30.190001,23.046293,5877200
2016-05-16,30.084999,30.377501,29.952499,30.370001,23.183701,5292800
2016-05-17,30.275000,30.322500,29.735001,29.945000,22.859266,8535200
2016-05-18,29.797501,30.202499,29.352501,29.504999,22.523376,9197200
2016-05-19,29.282499,29.612499,29.125000,29.602501,22.597811,8242800
2016-05-20,29.650000,29.844999,29.467501,29.832500,22.773386,8964400
2016-05-23,29.862499,29.875000,29.467501,29.497499,22.517654,4948400
2016-05-24,29.562500,30.017500,29.520000,29.972500,22.880260,7466000
2016-05-25,29.900000,29.992500,29.715000,29.775000,22.729496,5688000
2016-05-26,29.552500,29.975000,29.549999,29.955000,23.035162,4618800
2016-05-27,29.975000,30.022499,29.802500,29.959999,23.039009,4366800
2016-05-31,29.959999,30.217501,29.862499,30.030001,23.092842,13375600
2016-06-01,30.030001,30.207500,29.902500,30.037500,23.098612,6606800
2016-06-02,29.957500,30.049999,29.674999,29.952499,23.033249,5515600
2016-06-03,30.212500,30.592501,30.160000,30.450001,23.415819,7846400
2016-06-06,30.520000,30.674999,30.292500,30.437500,23.406200,5638800
2016-06-07,30.507500,30.620001,30.267500,30.277500,23.283161,6731600
2016-06-08,30.242500,30.747499,30.207500,30.730000,23.631134,7323600
2016-06-09,30.742500,31.035000,30.717501,30.995001,23.834915,5551600
2016-06-10,30.980000,31.212500,30.780001,30.957500,23.806082,5889600
2016-06-13,30.967501,31.084999,30.840000,30.897499,23.759943,4673200
2016-06-14,30.930000,31.254999,30.719999,31.245001,24.027166,6342400
2016-06-15,31.157499,31.172501,30.827499,30.959999,23.808001,7671200
2016-06-16,31.042500,31.267500,30.959999,31.212500,24.002172,6134800
2016-06-17,31.257500,31.307501,30.932501,31.275000,24.050232,11624400
2016-06-20,31.225000,31.275000,30.802500,31.059999,23.884899,6514000
2016-06-21,31.135000,31.242500,30.892500,31.067499,23.890661,7440400
2016-06-22,31.100000,31.132500,30.872499,30.910000,23.769550,5465200
2016-06-23,30.932501,30.952499,30.742500,30.952499,23.802233,5585600
2016-06-24,30.532499,31.272499,30.312500,30.950001,23.800310,16309600
2016-06-27,30.962500,32.055000,30.962500,31.969999,24.584684,13596000
2016-06-28,31.882500,32.139999,31.572500,32.115002,24.696190,10236400
2016-06-29,32.209999,32.322498,31.822500,31.937500,24.559690,9655200
2016-06-30,31.992500,32.607498,31.847500,32.599998,25.069147,12484800
2016-07-01,32.817501,32.817501,32.145000,32.432499,24.940344,6346800
2016-07-05,32.430000,32.830002,32.377499,32.717499,25.159508,10086000
2016-07-06,32.667500,32.994999,32.367500,32.722500,25.163349,9991600
2016-07-07,32.625000,32.702499,31.992500,32.082500,24.671198,7687600
2016-07-08,32.022499,32.494999,31.665001,32.482498,24.978786,7956400
2016-07-11,32.352501,32.435001,32.022499,32.422501,24.932648,5507600
2016-07-12,32.262501,32.497501,31.815001,31.832500,24.478949,9178400
2016-07-13,31.967501,32.137501,31.852501,32.042500,24.640434,8285600
2016-07-14,31.820000,32.025002,31.635000,31.809999,24.461649,9823200
2016-07-15,31.885000,32.072498,31.772499,31.895000,24.527014,5394000
2016-07-18,31.934999,32.167500,31.897499,32.062500,24.655813,8186400
2016-07-19,31.977501,32.077499,31.812500,32.022499,24.625055,6388800
2016-07-20,32.142502,32.162498,31.787500,31.802500,24.455873,6747200
2016-07-21,31.750000,32.115002,31.597500,32.064999,24.657742,6518000
2016-07-22,32.002499,32.537498,31.937500,32.452499,24.955721,6752800
2016-07-25,32.325001,32.450001,32.157501,32.372501,24.894209,5101600
2016-07-26,32.347500,32.402500,32.000000,32.107498,24.690416,7142000
2016-07-27,32.040001,32.172501,31.387501,31.792500,24.448183,9644000
2016-07-28,31.754999,32.025002,31.637501,31.855000,24.496246,7392800
2016-07-29,31.817499,32.127499,31.817499,32.072498,24.663507,9340000
2016-08-01,32.049999,32.202499,31.975000,32.125000,24.703876,8235600
2016-08-02,31.937500,32.080002,31.709999,31.907499,24.536621,6613200
2016-08-03,31.897499,32.115002,31.764999,32.022499,24.625055,20291600
2016-08-04,31.959999,32.097500,31.762501,31.862499,24.502018,9086000
2016-08-05,31.695000,31.790001,31.327499,31.497499,24.221334,7072800
2016-08-08,31.559999,31.752501,31.395000,31.497499,24.221334,7976400
2016-08-09,31.504999,31.652500,31.412500,31.517500,24.236713,6860800
2016-08-10,31.547501,31.635000,31.415001,31.592501,24.294388,4592400
2016-08-11,31.592501,31.772499,31.525000,31.754999,24.419353,6036000
2016-08-12,31.825001,31.927500,31.682501,31.697500,24.375135,6001600
2016-08-15,31.780001,31.825001,31.320000,31.330000,24.092529,4743200
2016-08-16,31.302500,31.302500,30.997499,30.997499,23.836836,6435200
2016-08-17,30.995001,31.500000,30.752501,31.450001,24.184809,8080000
2016-08-18,31.325001,31.760000,31.325001,31.740000,24.407818,10607600
2016-08-19,31.639999,31.639999,31.100000,31.270000,24.046391,9796400
2016-08-22,31.362499,31.424999,31.182501,31.260000,24.038706,6145200
2016-08-23,31.330000,31.432501,31.055000,31.067499,23.890661,4941600
2016-08-24,30.987499,31.120001,30.865000,31.037500,23.867596,4933200
2016-08-25,31.084999,31.212500,31.010000,31.127501,23.936810,4957600
2016-08-26,30.985001,31.232500,30.372499,30.405001,23.545734,7512400
2016-08-29,30.467501,30.797501,30.402500,30.584999,23.685131,8560400
2016-08-30,30.565001,30.735001,30.262501,30.305000,23.468294,6802400
2016-08-31,30.292500,30.417500,30.155001,30.235001,23.414089,8194000
2016-09-01,30.187500,30.309999,30.055000,30.250000,23.425707,8328800
2016-09-02,30.502501,30.922501,30.327499,30.782499,23.838072,9426000
2016-09-06,30.937500,31.322500,30.889999,31.322500,24.256254,9724000
2016-09-07,31.740000,31.740000,31.105000,31.264999,24.211721,9802400
2016-09-08,31.067499,31.442499,31.067499,31.344999,24.273672,6993600
2016-09-09,31.087500,31.137501,30.187500,30.215000,23.398602,10747200
2016-09-12,30.250000,30.895000,30.162500,30.822500,23.869047,10174000
2016-09-13,30.700001,30.805000,30.272499,30.385000,23.530245,7679200
2016-09-14,30.500000,30.730000,30.379999,30.525000,23.638666,7883600
2016-09-15,30.500000,30.760000,30.355000,30.682501,23.760633,5134400
2016-09-16,30.562500,30.885000,30.430000,30.830000,23.874855,13406000
2016-09-19,30.912500,31.222500,30.855000,31.184999,24.149769,4990400
2016-09-20,31.209999,31.440001,31.209999,31.267500,24.213661,8329600
2016-09-21,31.295000,31.967501,31.262501,31.959999,24.749931,7809600
2016-09-22,32.102501,32.217499,31.922501,32.007500,24.786716,6233200
2016-09-23,31.389999,31.922501,31.012501,31.687500,24.538906,9808400
2016-09-26,31.637501,31.745001,31.452499,31.557501,24.438240,5540800
2016-09-27,31.772499,32.147499,31.637501,31.697500,24.546652,9823200
2016-09-28,31.830000,31.862499,31.330000,31.620001,24.486633,6843200
2016-09-29,31.472500,31.485001,30.684999,30.924999,23.948425,11084800
2016-09-30,31.075001,31.219999,30.440001,30.580000,23.681253,12255200
2016-10-03,30.615000,30.670000,30.059999,30.282499,23.450869,6773600
2016-10-04,30.285000,30.285000,29.525000,29.725000,23.019146,9205200
2016-10-05,29.767500,30.037500,29.602501,29.635000,22.949453,8268800
2016-10-06,29.530001,29.777500,29.379999,29.507500,22.850704,10979600
2016-10-07,29.972500,30.815001,29.917500,30.434999,23.568968,19343200
2016-10-10,30.465000,30.735001,30.312500,30.695000,23.770311,8225600
2016-10-11,30.537500,30.620001,30.195000,30.287500,23.454741,7655600
2016-10-12,30.334999,30.785000,30.302500,30.745001,23.809036,7682400
2016-10-13,30.732500,31.292500,30.629999,31.157499,24.128475,8133200
2016-10-14,31.087500,31.260000,30.972500,31.007500,24.012316,5538000
2016-10-17,31.087500,31.117500,30.905001,31.014999,24.018122,4531600
2016-10-18,31.252501,31.362499,30.917500,31.277500,24.221405,5262800
2016-10-19,31.225000,31.342501,31.032499,31.145000,24.118795,6226400
2016-10-20,31.145000,31.402500,30.977501,31.032499,24.031668,7426000
2016-10-21,30.882500,31.047501,30.722500,30.927500,23.950357,4504800
2016-10-24,31.052500,31.135000,30.872499,31.094999,24.080074,5948000
2016-10-25,31.035000,31.400000,30.975000,31.379999,24.300781,5546800
2016-10-26,31.392500,31.629999,31.215000,31.549999,24.432423,5264000
2016-10-27,31.462500,31.600000,31.082500,31.280001,24.223343,6072400
2016-10-28,31.332500,31.612499,31.227501,31.432501,24.341436,7975200
2016-10-31,31.762501,32.115002,31.442499,32.000000,24.780910,12201200
2016-11-01,32.047501,32.070000,31.362499,31.472500,24.372417,6615200
2016-11-02,30.825001,31.070000,30.547501,30.920000,23.944550,24144400
2016-11-03,30.924999,31.097500,30.732500,30.959999,23.975529,8894000
2016-11-04,31.107500,31.174999,30.787500,30.795000,23.847761,8741600
2016-11-07,30.950001,31.167500,30.700001,31.165001,24.134287,11381600
2016-11-08,31.177500,31.357500,31.025000,31.292500,24.233023,8492000
2016-11-09,30.292500,30.292500,29.045000,29.372499,22.746162,28179200
2016-11-10,29.197500,29.230000,28.087500,28.764999,22.275713,29856000
2016-11-11,28.639999,28.882500,28.192499,28.385000,21.981443,16962000
2016-11-14,28.227501,28.639999,27.622499,28.610001,22.155684,26612000
2016-11-15,28.575001,28.834999,28.437500,28.757500,22.269903,17999600
2016-11-16,28.820000,28.900000,28.295000,28.572500,22.126640,16990000
2016-11-17,28.477501,28.785000,28.472500,28.695000,22.221497,8694400
2016-11-18,28.912500,28.912500,28.365000,28.522499,22.087923,12270400
2016-11-21,28.610001,28.657499,28.422501,28.587500,22.138260,9200000
2016-11-22,28.457500,28.682501,28.397499,28.457500,22.206539,10324800
2016-11-23,28.225000,28.457500,28.182501,28.355000,22.126553,9386000
2016-11-25,28.480000,28.792500,28.472500,28.690001,22.387966,4609200
2016-11-28,28.812500,29.165001,28.750000,29.075001,22.688400,18561200
2016-11-29,29.075001,29.632500,29.045000,29.317499,22.877626,12683200
2016-11-30,28.969999,28.997499,28.540001,28.557501,22.284571,13353200
2016-12-01,28.379999,28.480000,28.157499,28.237499,22.034868,12088800
2016-12-02,28.424999,28.727501,28.402500,28.602501,22.319691,8462800
2016-12-05,28.577499,28.850000,28.295000,28.750000,22.434788,10162800
2016-12-06,28.705000,28.905001,28.617500,28.687500,22.386015,11771600
2016-12-07,28.754999,29.424999,28.700001,29.420000,22.957621,10788800
2016-12-08,29.195000,29.407499,29.084999,29.217501,22.799603,8990000
2016-12-09,29.247499,29.344999,28.934999,29.122499,22.725462,11916000
2016-12-12,29.022499,29.447500,28.965000,29.362499,22.912745,16726000
2016-12-13,29.377501,29.795000,29.370001,29.754999,23.219028,9606800
2016-12-14,29.922501,30.107500,29.000000,29.007500,22.635729,10513600
2016-12-15,28.995001,29.262501,28.712500,29.257500,22.830811,10830800
2016-12-16,29.309999,29.797501,29.280001,29.725000,23.195623,15695200
2016-12-19,29.875000,29.922501,29.577499,29.805000,23.258043,5144400
2016-12-20,29.809999,29.975000,29.690001,29.825001,23.273655,6166000
2016-12-21,29.772499,29.950001,29.627501,29.650000,23.137094,6073200
2016-12-22,29.660000,29.754999,29.540001,29.725000,23.195623,5002800
2016-12-23,29.722500,29.815001,29.635000,29.807501,23.259995,3570400
2016-12-27,29.770000,29.895000,29.642500,29.812500,23.263903,2621600
2016-12-28,29.830000,29.917500,29.617500,29.662500,23.146847,5213200
2016-12-29,29.807501,30.065001,29.629999,30.045000,23.445324,4048000
2016-12-30,30.052500,30.187500,29.775000,29.865000,23.304867,5696000
2017-01-03,29.885000,29.912500,29.450001,29.680000,23.160505,6101200
2017-01-04,29.807501,29.952499,29.645000,29.767500,23.228785,8541600
2017-01-05,29.945000,29.945000,29.437500,29.750000,23.215130,6155200
2017-01-06,29.602501,29.782499,29.502501,29.662500,23.146847,8810000
2017-01-09,29.780001,29.877501,29.525000,29.587500,23.088322,6061200
2017-01-10,29.532499,29.677500,29.332500,29.645000,23.133196,6372800
2017-01-11,29.559999,29.902500,29.559999,29.852501,23.295115,5600000
2017-01-12,29.897499,29.982500,29.715000,29.875000,23.312670,6534000
2017-01-13,29.825001,29.855000,29.469999,29.762501,23.224880,5775200
2017-01-17,29.850000,30.072500,29.795000,30.055000,23.453129,6962000
2017-01-18,30.055000,30.242500,29.959999,30.007500,23.416069,5786400
2017-01-19,29.842501,30.059999,29.712500,29.820000,23.269753,4725600
2017-01-20,29.870001,29.907499,29.587500,29.815001,23.265854,5106000
2017-01-23,29.882500,29.980000,29.665001,29.695000,23.172205,9114800
2017-01-24,29.684999,29.815001,29.592501,29.702499,23.178059,4850400
2017-01-25,29.559999,29.772499,29.527500,29.754999,23.219028,6880400
2017-01-26,29.674999,29.822500,29.477501,29.687500,23.166357,5508000
2017-01-27,29.990000,30.459999,29.832500,30.342501,23.677477,12540400
2017-01-30,30.417500,30.905001,30.385000,30.612499,23.888166,11280000
2017-01-31,30.610001,31.077499,30.540001,30.930000,24.135931,8781200
2017-02-01,30.680000,30.907499,30.522499,30.655001,23.921337,8219600
2017-02-02,30.740000,30.879999,30.530001,30.865000,24.085209,5004800
2017-02-03,30.975000,31.222500,30.887501,31.052500,24.231514,8227200
2017-02-06,31.100000,31.207500,30.882500,30.965000,24.163240,4192800
2017-02-07,31.017500,31.160000,30.934999,31.082500,24.254930,6258800
2017-02-08,31.059999,31.605000,31.059999,31.575001,24.639246,8594400
2017-02-09,31.575001,31.575001,31.045000,31.162500,24.317364,6426000
2017-02-10,31.125000,31.387501,31.062500,31.367500,24.477325,4821200
2017-02-13,31.375000,31.530001,31.285000,31.500000,24.580725,3542800
2017-02-14,31.254999,31.522499,31.129999,31.500000,24.580725,6450400
2017-02-15,31.262501,31.487499,31.139999,31.322500,24.442217,7062000
2017-02-16,31.375000,31.552500,31.309999,31.547501,24.617794,4990000
2017-02-17,31.672501,31.742500,31.490000,31.715000,24.748499,9351200
2017-02-21,31.605000,32.122501,31.500000,32.064999,25.021614,6306800
2017-02-22,31.995001,32.169998,31.860001,32.110001,25.056732,8544400
2017-02-23,32.187500,32.412498,32.049999,32.292500,25.199142,7606400
2017-02-24,32.212502,32.740002,32.125000,32.740002,25.744270,10271600
2017-02-27,32.767502,32.767502,32.294998,32.467499,25.529991,7332800
2017-02-28,32.490002,32.869999,32.387501,32.750000,25.752127,8994400
2017-03-01,32.389999,32.564999,32.152500,32.352501,25.439564,9072000
2017-03-02,32.352501,32.910000,32.250000,32.735001,25.740330,6120400
2017-03-03,32.674999,32.750000,32.452499,32.700001,25.712809,5286000
2017-03-06,32.625000,32.747501,32.439999,32.660000,25.681351,8208400
2017-03-07,32.592499,32.779999,32.560001,32.662498,25.683313,7964400
2017-03-08,32.380001,32.529999,32.220001,32.360001,25.445459,6328000
2017-03-09,32.415001,32.544998,32.177502,32.187500,25.309820,5044400
2017-03-10,32.450001,32.542500,32.252499,32.514999,25.567333,5922800
2017-03-13,32.522499,32.667500,32.362499,32.615002,25.645975,5837200
2017-03-14,32.582500,32.742500,32.507500,32.642502,25.667589,5369600
2017-03-15,32.709999,33.157501,32.592499,32.974998,25.929049,8121200
2017-03-16,32.902500,32.942501,32.395000,32.474998,25.535883,10442800
2017-03-17,32.529999,32.945000,32.522499,32.557499,25.600758,18648400
2017-03-20,32.680000,32.794998,32.384998,32.472500,25.533918,7566800
2017-03-21,32.555000,33.084999,32.397499,32.962502,25.919220,9536400
2017-03-22,33.002499,33.299999,32.945000,33.102501,26.029308,5535200
2017-03-23,33.122501,33.279999,32.942501,33.022499,25.966400,6200400
2017-03-24,32.992500,33.320000,32.930000,33.200001,26.105968,5728000
2017-03-27,33.262501,33.275002,32.660000,32.775002,25.771786,8160000
2017-03-28,32.687500,32.889999,32.627499,32.814999,25.803242,5511200
2017-03-29,32.637501,32.757500,32.555000,32.637501,25.663668,4426800
2017-03-30,32.509998,32.645000,31.945000,32.032501,25.187941,13592400
2017-03-31,32.014999,32.320000,31.955000,32.092499,25.235121,9346000
2017-04-03,32.125000,32.192501,31.772499,32.180000,25.303923,6970000
2017-04-04,32.232498,32.480000,32.102501,32.384998,25.465117,5436400
2017-04-05,32.352501,32.709999,32.250000,32.660000,25.681351,7146400
2017-04-06,32.514999,32.612499,32.349998,32.439999,25.508371,6118000
2017-04-07,32.507500,32.587502,32.192501,32.232498,25.345201,7067200
2017-04-10,32.232498,32.410000,32.142502,32.357498,25.443493,4207600
2017-04-11,32.282501,32.392502,32.077499,32.330002,25.421869,4214400
2017-04-12,32.152500,32.634998,32.125000,32.627499,25.655800,5874800
2017-04-13,32.522499,32.875000,32.502499,32.692501,25.706913,7746400
2017-04-17,32.667500,32.817501,32.617500,32.727501,25.734440,4508400
2017-04-18,32.724998,33.017502,32.612499,32.985001,25.936914,7822400
2017-04-19,32.982498,32.997501,32.715000,32.875000,25.850412,8320000
2017-04-20,32.875000,32.875000,32.305000,32.717499,25.726566,8054800
2017-04-21,32.814999,33.582500,32.814999,33.255001,26.149225,10480800
2017-04-24,33.154999,33.277500,32.857498,33.187500,26.096140,9744400
2017-04-25,33.152500,33.250000,32.965000,33.230000,26.129568,5167200
2017-04-26,33.250000,33.457500,33.162498,33.207500,26.111868,5967200
2017-04-27,33.165001,33.549999,33.157501,33.380001,26.247509,5624000
2017-04-28,33.337502,33.529999,33.267502,33.389999,26.255379,6652800
2017-05-01,33.535000,33.580002,33.195000,33.259998,26.153156,7204000
2017-05-02,33.310001,33.509998,33.267502,33.505001,26.345804,6858400
2017-05-03,33.465000,33.562500,33.292500,33.340000,26.216055,6574400
2017-05-04,33.277500,33.625000,33.275002,33.584999,26.408703,7013200
2017-05-05,33.695000,33.802502,33.557499,33.582500,26.406742,7312400
2017-05-08,33.625000,33.790001,33.542500,33.737499,26.528620,5804800
2017-05-09,33.610001,33.732498,33.372501,33.442501,26.296661,6190000
2017-05-10,33.455002,33.615002,33.355000,33.542500,26.375290,7498800
2017-05-11,33.520000,33.665001,33.397499,33.660000,26.467682,3581200
2017-05-12,33.682499,33.957500,33.665001,33.887501,26.646563,6115200
2017-05-15,33.810001,34.160000,33.762501,34.032501,26.760592,7712400
2017-05-16,34.032501,34.202499,33.947498,33.974998,26.715378,5438000
2017-05-17,33.974998,34.292500,33.974998,34.112499,26.823492,7484800
2017-05-18,34.157501,34.432499,33.930000,34.235001,26.919807,8878000
2017-05-19,34.257500,34.400002,33.900002,34.322498,26.988623,6914800
2017-05-22,34.340000,34.645000,34.250000,34.587502,27.196997,8549600
2017-05-23,34.630001,35.014999,34.595001,34.740002,27.316912,7788800
2017-05-24,34.794998,35.107498,34.755001,35.037498,27.550842,6207200
2017-05-25,34.932499,35.217499,34.810001,35.174999,27.854334,4765200
2017-05-26,35.197498,35.264999,35.092499,35.177502,27.856304,4430000
2017-05-30,35.132500,35.262501,35.060001,35.162498,27.844429,11000400
2017-05-31,35.180000,35.457500,35.180000,35.360001,28.000830,13267600
2017-06-01,35.337502,35.474998,35.180000,35.474998,28.091894,6446400
2017-06-02,35.692501,35.732498,35.432499,35.677502,28.252253,7339600
2017-06-05,35.599998,35.660000,35.447498,35.462502,28.081997,4325600
2017-06-06,35.627499,35.660000,35.430000,35.480000,28.095854,8223600
2017-06-07,35.482498,35.744999,35.360001,35.645000,28.226513,5715200
2017-06-08,35.645000,35.645000,35.157501,35.362499,28.002810,6776400
2017-06-09,35.275002,35.435001,34.987499,35.060001,27.763264,7172800
2017-06-12,35.060001,35.215000,34.537498,34.855000,27.600929,8946400
2017-06-13,34.855000,35.087502,34.740002,34.987499,27.705856,6944400
2017-06-14,35.287498,35.547501,35.150002,35.287498,27.943413,5689200
2017-06-15,35.302502,35.527500,35.165001,35.467499,28.085953,11065600
2017-06-16,35.547501,35.792500,35.480000,35.709999,28.277985,10408800
2017-06-19,35.762501,35.797501,35.532501,35.597500,28.188898,9268400
2017-06-20,35.610001,35.707500,35.480000,35.490002,28.103775,8612800
2017-06-21,35.529999,35.590000,35.105000,35.264999,27.925602,6520800
2017-06-22,35.222500,35.552502,35.169998,35.397499,28.030521,7685600
2017-06-23,35.397499,36.082500,35.342499,35.785000,28.337381,11007600
2017-06-26,35.847500,36.217499,35.779999,36.057499,28.553165,7911200
2017-06-27,35.892502,36.087502,35.505001,35.567501,28.165148,9662800
2017-06-28,35.730000,35.807499,35.187500,35.255001,27.917685,8363600
2017-06-29,35.047501,35.095001,34.740002,34.992500,27.709812,11584000
2017-06-30,35.057499,35.404999,35.017502,35.032501,27.741495,8531600
2017-07-03,35.212502,35.450001,34.904999,34.904999,27.640518,4121200
2017-07-05,34.895000,34.947498,34.562500,34.705002,27.482149,7705600
2017-07-06,34.634998,34.952499,34.500000,34.892502,27.630625,6964400
2017-07-07,34.892502,35.290001,34.845001,35.119999,27.810772,5514000
2017-07-10,35.157501,35.452499,35.067501,35.257500,27.919664,6750400
2017-07-11,35.380001,35.380001,34.882500,35.187500,27.864231,7593600
2017-07-12,35.465000,35.560001,35.165001,35.195000,27.870171,6771600
2017-07-13,35.305000,35.332500,35.047501,35.145000,27.830564,5557200
2017-07-14,35.412498,35.532501,35.330002,35.415001,28.044390,5052800
2017-07-17,35.352501,35.432499,35.187500,35.242500,27.907789,11244400
2017-07-18,35.317501,35.529999,35.247501,35.372501,28.010731,5471600
2017-07-19,35.485001,35.514999,35.332500,35.450001,28.072098,3773600
2017-07-20,35.580002,35.967499,35.500000,35.869999,28.404678,6280000
2017-07-21,35.790001,36.107498,35.642502,36.092499,28.580877,5413600
2017-07-24,36.102501,36.102501,35.779999,35.787498,28.339363,8410400
2017-07-25,35.842499,35.862499,35.529999,35.777500,28.331440,5401200
2017-07-26,35.654999,36.395000,35.572498,36.372501,28.802610,7041600
2017-07-27,36.237499,36.337502,35.990002,36.162498,28.636309,5680000
2017-07-28,36.150002,36.439999,36.112499,36.279999,28.729353,4625200
2017-07-31,36.332500,36.720001,36.314999,36.522499,28.921391,6780400
2017-08-01,36.470001,36.805000,36.459999,36.642502,29.016407,6042000
2017-08-02,36.540001,36.744999,36.345001,36.685001,29.050058,6688000
2017-08-03,36.637501,36.959999,36.584999,36.884998,29.208448,5674400
2017-08-04,36.737499,36.832500,36.520000,36.687500,29.052052,5915600
2017-08-07,36.707500,36.872501,36.622501,36.772499,29.119356,4819200
2017-08-08,36.750000,36.895000,36.674999,36.837502,29.170822,4750800
2017-08-09,36.970001,37.047501,36.737499,36.810001,29.149046,11042000
2017-08-10,36.717499,37.075001,36.705002,36.930000,29.244074,5367600
2017-08-11,36.910000,37.012501,36.662498,36.794998,29.137161,5086000
2017-08-14,36.902500,37.092499,36.845001,37.014999,29.311384,3908000
2017-08-15,36.872501,37.334999,36.872501,37.262501,29.507381,4777200
2017-08-16,37.247501,37.544998,37.195000,37.494999,29.691483,5415200
2017-08-17,37.357498,37.580002,37.084999,37.152500,29.420271,5450800
2017-08-18,37.125000,37.650002,37.012501,37.482498,29.681589,5754800
2017-08-21,37.500000,37.709999,37.419998,37.612499,29.784534,3898000
2017-08-22,37.642502,37.797501,37.505001,37.709999,29.861740,5402400
2017-08-23,37.407501,37.587502,37.187500,37.410000,29.818502,5781200
2017-08-24,37.500000,37.500000,37.235001,37.327499,29.752733,5164400
2017-08-25,37.415001,37.612499,37.250000,37.525002,29.910160,5036400
2017-08-28,37.575001,37.724998,37.509998,37.720001,30.065599,3499600
2017-08-29,37.757500,37.820000,37.535000,37.680000,30.033714,5597200
2017-08-30,37.605000,37.709999,37.542500,37.654999,30.013788,4246000
2017-08-31,37.750000,37.755001,37.552502,37.627499,29.991871,6826000
2017-09-01,37.750000,37.825001,37.415001,37.540001,29.922123,4287200
2017-09-05,37.544998,37.612499,37.325001,37.564999,29.942043,4299200
2017-09-06,37.650002,37.677502,37.062500,37.062500,29.541515,9138400
2017-09-07,37.112499,37.724998,37.110001,37.372501,29.788620,7742400
2017-09-08,37.302502,37.369999,36.764999,37.064999,29.543503,11796800
2017-09-11,37.064999,37.900002,37.002499,37.849998,30.169212,9118000
2017-09-12,37.770000,37.837502,36.982498,37.282501,29.716867,7717200
2017-09-13,37.262501,37.297501,37.012501,37.044998,29.527569,5824800
2017-09-14,37.000000,37.455002,36.912498,37.387501,29.800570,4588000
2017-09-15,37.527500,37.595001,37.299999,37.522499,29.908171,9065600
2017-09-18,37.500000,37.500000,36.845001,37.075001,29.551477,6562000
2017-09-19,37.115002,37.232498,36.930000,36.980000,29.475756,7026800
2017-09-20,37.102501,37.152500,36.474998,36.685001,29.240616,5489600
2017-09-21,36.685001,36.957500,36.617500,36.695000,29.248598,5647600
2017-09-22,36.759998,36.814999,36.549999,36.590000,29.164896,4904800
2017-09-25,36.552502,36.827499,36.457500,36.705002,29.256567,6024800
2017-09-26,36.727501,37.060001,36.727501,36.924999,29.431923,5562000
2017-09-27,36.712502,36.849998,36.427502,36.562500,29.142984,6888800
2017-09-28,36.372501,36.845001,36.174999,36.747501,29.290442,5395600
2017-09-29,36.737499,36.810001,36.582500,36.637501,29.202763,5267200
2017-10-02,36.842499,36.919998,36.587502,36.685001,29.240616,4581200
2017-10-03,36.592499,36.742500,36.404999,36.722500,29.270502,4008400
2017-10-04,36.750000,37.152500,36.650002,37.142502,29.605276,4390400
2017-10-05,37.134998,37.142502,36.764999,36.939999,29.443876,6817600
2017-10-06,36.799999,36.917500,36.567501,36.867500,29.386086,5110800
2017-10-09,36.990002,37.097500,36.922501,36.974998,29.471766,4396400
2017-10-10,36.974998,37.285000,36.860001,37.257500,29.696947,3512000
2017-10-11,37.157501,37.687500,37.157501,37.467499,29.864321,5319600
2017-10-12,37.527500,37.735001,37.349998,37.674999,30.029724,5221600
2017-10-13,37.847500,38.067501,37.610001,37.637501,29.999840,4461200
2017-10-16,37.810001,37.950001,37.474998,37.880001,30.193129,5396400
2017-10-17,37.875000,38.215000,37.757500,38.167500,30.422291,5164400
2017-10-18,38.057499,38.195000,37.917500,38.134998,30.396379,4298800
2017-10-19,38.167500,38.487499,38.049999,38.467499,30.661406,5249600
2017-10-20,38.435001,38.560001,38.244999,38.540001,30.719196,5750800
2017-10-23,38.494999,38.674999,38.332500,38.595001,30.763039,4873200
2017-10-24,38.529999,38.599998,38.297501,38.555000,30.731153,5718400
2017-10-25,38.485001,38.547501,37.840000,38.465000,30.659418,7509200
2017-10-26,38.700001,39.000000,38.340000,38.347500,30.565763,5894000
2017-10-27,38.347500,39.200001,38.345001,38.959999,31.053967,5807200
2017-10-30,38.827499,39.047501,38.722500,38.840000,30.958311,5413600
2017-10-31,38.772499,38.889999,38.577499,38.767502,30.900536,5310800
2017-11-01,38.917500,38.930000,38.272499,38.345001,30.563774,5747600
2017-11-02,38.372501,38.687500,37.092499,37.465000,29.862343,15917200
2017-11-03,37.435001,38.287498,37.375000,38.162498,30.418285,12337600
2017-11-06,38.224998,38.282501,37.912498,37.965000,30.260872,5631600
2017-11-07,38.082500,38.955002,37.980000,38.872501,30.984224,7872000
2017-11-08,38.747501,38.935001,38.477501,38.730000,30.870640,7970800
2017-11-09,38.584999,38.902500,38.525002,38.812500,30.936394,4779600
2017-11-10,38.645000,38.855000,38.462502,38.790001,30.918457,5143200
2017-11-13,38.834999,39.250000,38.709999,39.195000,31.241282,4000000
2017-11-14,39.127499,39.637501,39.062500,39.599998,31.564091,6055200
2017-11-15,39.712502,39.820000,39.257500,39.340000,31.356852,5320000
2017-11-16,39.349998,39.427502,39.087502,39.322498,31.342897,5458800
2017-11-17,39.250000,39.322498,38.972500,39.009998,31.093813,4312000
2017-11-20,39.052502,39.167500,38.827499,38.980000,31.069908,5787600
2017-11-21,39.122501,39.222500,38.939999,39.052502,31.127684,5325200
2017-11-22,38.807499,38.987499,38.639999,38.794998,31.118261,7773600
2017-11-24,38.900002,39.099998,38.869999,39.007500,31.288721,2544400
2017-11-27,39.062500,39.389999,38.977501,39.250000,31.483238,6070800
2017-11-28,39.375000,39.599998,39.267502,39.447498,31.641653,4949200
2017-11-29,39.325001,39.572498,39.125000,39.442501,31.637650,8354400
2017-11-30,39.522499,39.720001,39.342499,39.509998,31.691790,13614800
2017-12-01,39.597500,39.797501,39.107498,39.367500,31.577482,5712400
2017-12-04,39.412498,39.490002,38.880001,38.992500,31.276682,5603600
2017-12-05,39.107498,39.207500,38.612499,38.910000,31.210508,6810000
2017-12-06,39.130001,39.592499,38.947498,39.445000,31.639648,7935600
2017-12-07,39.432499,39.544998,39.252499,39.544998,31.719870,5808400
2017-12-08,39.619999,39.757500,39.347500,39.757500,31.890316,5248000
2017-12-11,39.747501,39.837502,39.360001,39.812500,31.934437,6435600
2017-12-12,39.709999,39.849998,39.205002,39.267502,31.497271,7953600
2017-12-13,39.407501,39.509998,38.950001,39.117500,31.376949,14412000
2017-12-14,39.182499,39.810001,38.892502,39.494999,31.679750,8908000
2017-12-15,39.669998,39.759998,39.307499,39.607498,31.769991,13972000
2017-12-18,39.654999,39.792500,39.027500,39.087502,31.352892,7763200
2017-12-19,39.125000,39.247501,38.509998,38.525002,30.901695,6260000
2017-12-20,38.525002,38.834999,38.372501,38.410000,30.809452,8838800
2017-12-21,38.457500,38.817501,38.169998,38.619999,30.977900,7148800
2017-12-22,38.727501,38.842499,38.575001,38.634998,30.989933,4315200
2017-12-26,38.674999,38.837502,38.497501,38.500000,30.881638,2894000
2017-12-27,38.657501,38.837502,38.529999,38.822498,31.140322,4305200
2017-12-28,38.799999,39.105000,38.787498,39.087502,31.352892,3426800
2017-12-29,39.212502,39.320000,39.002499,39.047501,31.320801,4746400
2018-01-02,39.107498,39.167500,38.605000,38.772499,31.100208,4766400
2018-01-03,38.522499,38.957500,37.945000,37.950001,30.440479,11008000
2018-01-04,37.877499,38.257500,37.657501,37.755001,30.284060,13629200
2018-01-05,37.845001,37.985001,37.650002,37.927502,30.422436,10318000
2018-01-08,37.927502,38.310001,37.877499,38.240002,30.673100,7225200
2018-01-09,38.387501,38.387501,37.827499,37.959999,30.448503,6527600
2018-01-10,37.722500,37.902500,37.540001,37.647499,30.197832,7042800
2018-01-11,37.625000,37.775002,37.442501,37.625000,30.179775,7550400
2018-01-12,37.532501,37.867500,37.314999,37.580002,30.143694,6386400
2018-01-16,37.610001,37.770000,37.267502,37.634998,30.187811,7471600
2018-01-17,37.737499,38.187500,37.645000,37.970001,30.456522,9304400
2018-01-18,38.014999,38.014999,37.555000,37.695000,30.235929,7951200
2018-01-19,37.770000,37.817501,37.485001,37.540001,30.111609,8988000
2018-01-22,37.615002,37.825001,37.400002,37.505001,30.083525,7438800
2018-01-23,37.500000,38.275002,37.500000,38.180000,30.624958,10592400
2018-01-24,37.982498,38.057499,37.520000,37.712502,30.249981,7874400
2018-01-25,37.707500,38.337502,37.500000,38.272499,30.699160,9845200
2018-01-26,38.715000,39.807499,38.674999,39.422501,31.621597,14587200
2018-01-29,39.299999,39.325001,38.872501,38.919998,31.218534,10057200
2018-01-30,38.875000,39.119999,38.572498,38.775002,31.102234,7823200
2018-01-31,38.807499,39.695000,38.654999,39.605000,31.767992,12930800
2018-02-01,39.652500,39.910000,38.917500,39.084999,31.350876,8848000
2018-02-02,38.869999,39.355000,38.770000,38.980000,31.266663,9291200
2018-02-05,39.009998,39.570000,38.462502,38.572498,30.939796,14612400
2018-02-06,37.957500,38.340000,36.787498,37.389999,29.991295,16941200
2018-02-07,37.402500,37.669998,36.972500,37.022499,29.696508,11514800
2018-02-08,36.919998,37.277500,36.317501,36.322498,29.135025,9683600
2018-02-09,36.494999,37.287498,36.275002,37.025002,29.698517,9090800
2018-02-12,37.055000,37.787498,36.715000,37.500000,30.079521,8123200
2018-02-13,37.445000,37.955002,37.062500,37.767502,30.294083,6312400
2018-02-14,37.520000,37.882500,37.197498,37.520000,30.095566,6436800
2018-02-15,37.557499,38.610001,37.459999,38.607498,30.967878,8742000
2018-02-16,38.667500,39.139999,38.395000,39.012501,31.292738,6546800
2018-02-20,38.895000,39.027500,38.310001,38.452499,30.843548,7792000
2018-02-21,38.452499,38.797501,37.900002,37.939999,30.432457,8582000
2018-02-22,38.127499,38.372501,37.830002,38.077499,30.542746,5802400
2018-02-23,38.119999,39.162498,38.095001,39.064999,31.334837,7286800
2018-02-26,38.935001,39.080002,38.532501,38.662498,31.233858,7758800
2018-02-27,38.680000,38.867500,37.919998,37.919998,30.634026,8176400
2018-02-28,38.082500,38.377499,37.939999,38.037498,30.728941,10905200
2018-03-01,38.174999,38.595001,37.994999,38.307499,30.947063,12315600
2018-03-02,38.299999,38.645000,37.834999,38.212502,30.870317,8696800
2018-03-05,38.174999,38.807499,38.017502,38.755001,31.308582,6870800
2018-03-06,38.645000,38.895000,38.212502,38.314999,30.953131,10504800
2018-03-07,38.185001,38.422501,38.014999,38.262501,30.910725,8304000
2018-03-08,38.392502,38.669998,38.235001,38.577499,31.165178,6678800
2018-03-09,38.587502,38.722500,38.320000,38.702499,31.266174,6500800
2018-03-12,38.674999,38.747501,38.384998,38.597500,31.181349,8162400
2018-03-13,38.805000,39.097500,38.507500,38.667500,31.237896,6522400
2018-03-14,39.025002,39.610001,39.009998,39.502499,31.912453,12254000
2018-03-15,39.500000,39.770000,39.224998,39.535000,31.938717,9372800
2018-03-16,39.605000,40.419998,39.564999,40.259998,32.524414,31720000
2018-03-19,40.259998,40.422501,39.700001,39.982498,32.300224,9596000
2018-03-20,40.025002,40.182499,39.877499,40.105000,32.399197,6401600
2018-03-21,40.105000,40.490002,39.917500,40.020000,32.330524,6814800
2018-03-22,40.077499,41.062500,39.950001,40.472500,32.696098,14222400
2018-03-23,40.494999,40.895000,39.797501,39.872501,32.211376,12314400
2018-03-26,40.007500,40.517502,39.972500,40.357498,32.603180,6942000
2018-03-27,40.437500,41.102501,40.250000,40.647499,32.837452,9727600
2018-03-28,40.787498,40.862499,40.009998,40.567501,32.772823,13328400
2018-03-29,40.882500,41.029999,40.680000,40.832500,32.986916,7818800
2018-04-02,40.985001,41.177502,40.257500,40.592499,32.793030,8113200
2018-04-03,40.592499,40.799999,40.182499,40.500000,32.718311,9571200
2018-04-04,40.424999,40.674999,40.112499,40.582500,32.784950,6724400
2018-04-05,40.567501,41.107498,40.187500,41.000000,33.122231,6187200
2018-04-06,40.884998,41.040001,40.557499,40.687500,32.869774,5771200
2018-04-09,40.575001,40.855000,40.340000,40.532501,32.744560,7316000
2018-04-10,40.232498,40.685001,40.232498,40.450001,32.677906,7605200
2018-04-11,40.325001,40.435001,40.062500,40.259998,32.524414,5022400
2018-04-12,40.257500,40.432499,39.662498,39.767502,32.126537,6236400
2018-04-13,39.917500,40.222500,39.875000,40.055000,32.358799,5483200
2018-04-16,40.252499,40.662498,40.180000,40.529999,32.742527,6602800
2018-04-17,40.560001,40.902500,40.287498,40.805000,32.964699,5316400
2018-04-18,40.982498,41.287498,40.697498,40.715000,32.891991,4332800
2018-04-19,40.669998,40.779999,40.264999,40.634998,32.827366,6535600
2018-04-20,40.680000,40.855000,40.035000,40.197498,32.473911,6915200
2018-04-23,40.292500,40.369999,40.075001,40.282501,32.542595,6576000
2018-04-24,40.500000,40.962502,39.902500,40.542500,32.752632,11652000
2018-04-25,40.389999,40.692501,39.974998,40.082500,32.381027,7904400
2018-04-26,40.209999,40.970001,40.147499,40.802502,32.962669,7402400
2018-04-27,40.677502,41.102501,40.580002,40.990002,33.114155,5682000
2018-04-30,41.072498,41.237499,40.950001,40.977501,33.104057,9057600
2018-05-01,40.922501,40.937500,40.692501,40.805000,32.964699,5028400
2018-05-02,40.865002,41.040001,40.712502,40.862499,33.011150,10694000
2018-05-03,40.707500,41.025002,40.380001,40.764999,32.932396,10460400
2018-05-04,40.799999,41.282501,40.767502,41.022499,33.140415,6462400
2018-05-07,41.070000,41.084999,40.722500,40.837502,32.990955,7877200
2018-05-08,40.652500,40.654999,39.884998,39.977501,32.296196,8817600
2018-05-09,40.035000,40.072498,39.465000,39.572498,31.969002,8864800
2018-05-10,39.935001,40.067501,39.625000,40.057499,32.360828,7849600
2018-05-11,40.182499,40.332500,39.987499,40.185001,32.463829,4292800
2018-05-14,40.262501,40.282501,39.842499,40.049999,32.354774,4741600
2018-05-15,39.812500,39.977501,39.387501,39.712502,32.082115,6076400
2018-05-16,39.652500,39.752499,39.165001,39.292500,31.742815,6155200
2018-05-17,39.384998,39.455002,39.007500,39.105000,31.591337,5956400
2018-05-18,39.117500,39.340000,38.805000,39.112499,31.597391,6256800
2018-05-21,39.262501,40.134998,39.250000,40.055000,32.358799,8385200
2018-05-22,40.165001,40.332500,39.792500,39.857498,32.199242,6550000
2018-05-23,40.020000,40.222500,39.847500,40.070000,32.370922,9017200
2018-05-24,40.032501,40.419998,39.994999,40.299999,32.556725,6408800
2018-05-25,40.302502,40.747501,40.270000,40.605000,32.803123,6498000
2018-05-29,40.412498,41.122501,40.412498,40.932499,33.067696,7674000
2018-05-30,40.840000,41.417500,40.762501,41.317501,33.378727,8811600
2018-05-31,41.195000,41.654999,41.060001,41.452499,33.487778,10660000
2018-06-01,41.417500,41.417500,40.505001,40.770000,32.936428,7797200
2018-06-04,40.627499,40.772499,40.172501,40.292500,32.773735,7173600
2018-06-05,40.347500,40.355000,39.737499,39.825001,32.393490,8493200
2018-06-06,39.830002,39.997501,38.945000,39.032501,31.748859,10116800
2018-06-07,39.047501,39.412498,38.865002,39.095001,31.799706,7104400
2018-06-08,39.167500,39.340000,39.049999,39.200001,31.885117,7227600
2018-06-11,39.255001,39.292500,38.764999,38.849998,31.600414,6426000
2018-06-12,38.849998,39.387501,38.817501,39.352501,32.009148,7450800
2018-06-13,39.407501,39.672501,39.180000,39.285000,31.954237,6272000
2018-06-14,39.290001,39.790001,39.057499,39.705002,32.295879,8846000
2018-06-15,39.645000,39.912498,39.212502,39.884998,32.442287,16682000
2018-06-18,39.904999,40.192501,39.787498,40.102501,32.619198,6415600
2018-06-19,40.160000,40.775002,40.160000,40.750000,33.145870,9922400
2018-06-20,40.882500,40.882500,40.540001,40.674999,33.084862,5251600
2018-06-21,40.662498,41.142502,40.625000,40.842499,33.221104,7038000
2018-06-22,40.910000,41.107498,40.695000,41.075001,33.410225,8840800
2018-06-25,41.235001,41.712502,41.099998,41.599998,33.837257,7033200
2018-06-26,41.582500,42.080002,41.582500,41.692501,33.912506,7905200
2018-06-27,41.834999,42.162498,41.740002,42.020000,34.178883,8846000
2018-06-28,42.055000,42.382500,41.639999,41.702499,33.920639,7838400
2018-06-29,41.660000,42.047501,41.467499,41.757500,33.965378,6784400
2018-07-02,41.910000,42.305000,41.752499,42.252499,34.368015,6444400
2018-07-03,42.247501,42.312500,41.904999,42.139999,34.276497,5366400
2018-07-05,42.172501,42.202499,41.857498,42.134998,34.272430,9321200
2018-07-06,42.217499,42.662498,42.152500,42.577499,34.632347,6277600
2018-07-09,42.532501,42.597500,41.182499,41.330002,33.617645,9356000
2018-07-10,41.080002,42.072498,40.877499,41.860001,34.048737,7404400
2018-07-11,41.924999,42.322498,41.849998,42.102501,34.245987,5583200
2018-07-12,42.122501,42.287498,41.845001,42.122501,34.262257,7370000
2018-07-13,42.167500,42.404999,41.974998,42.380001,34.471718,6308800
2018-07-16,42.380001,42.512501,42.180000,42.375000,34.467640,5545600
2018-07-17,42.422501,42.674999,42.407501,42.552502,34.612019,5195200
2018-07-18,42.522499,42.580002,42.252499,42.355000,34.451378,4843600
2018-07-19,42.497501,42.875000,42.424999,42.562500,34.620155,6447200
2018-07-20,42.474998,42.557499,42.087502,42.492500,34.563221,4944800
2018-07-23,42.592499,42.639999,42.072498,42.207500,34.331402,6605600
2018-07-24,41.955002,42.615002,41.555000,42.552502,34.612019,9324000
2018-07-25,42.255001,42.397499,41.627499,41.937500,34.111782,10608800
2018-07-26,42.097500,42.352501,41.842499,42.040001,34.195152,7826800
2018-07-27,41.965000,42.119999,41.555000,41.744999,33.955200,6894800
2018-07-30,41.680000,41.794998,41.437500,41.557499,33.802681,6059200
2018-07-31,41.764999,41.932499,41.485001,41.884998,34.069073,6672400
2018-08-01,41.767502,42.067501,41.362499,41.974998,34.142273,8429600
2018-08-02,42.130001,42.404999,41.705002,42.362499,34.457470,7048800
2018-08-03,42.327499,42.982498,42.212502,42.787498,34.803158,5184000
2018-08-06,42.665001,43.017502,42.642502,42.752499,34.774696,3531200
2018-08-07,42.744999,42.744999,42.387501,42.657501,34.697430,4073600
2018-08-08,42.525002,42.735001,42.297501,42.520000,34.585575,3776000
2018-08-09,42.542500,42.755001,42.397499,42.712502,34.742157,3419600
2018-08-10,42.867500,43.264999,42.700001,42.732498,34.758427,4484000
2018-08-13,42.787498,43.097500,42.750000,42.825001,34.833668,6452000
2018-08-14,42.865002,43.134998,42.822498,42.985001,34.963821,4366800
2018-08-15,43.075001,43.480000,43.005001,43.192501,35.132595,6485600
2018-08-16,43.142502,43.764999,42.965000,43.697498,35.543365,6614400
2018-08-17,43.764999,43.912498,43.459999,43.792500,35.620628,5126000
2018-08-20,43.787498,43.902500,43.470001,43.575001,35.443722,4678800
2018-08-21,43.622501,43.622501,43.040001,43.157501,35.104126,4931600
2018-08-22,43.232498,43.294998,42.779999,42.927502,34.917038,5132800
2018-08-23,43.005001,43.259998,42.852501,42.907501,34.900768,4972400
2018-08-24,43.040001,43.209999,42.770000,43.174999,35.118366,5074800
2018-08-27,43.327499,43.450001,42.650002,42.865002,34.866215,5547600
2018-08-28,42.825001,42.867500,42.430000,42.639999,34.683186,6960800
2018-08-29,42.502499,42.715000,42.474998,42.632500,34.904251,5860000
2018-08-30,42.590000,42.880001,42.570000,42.707500,34.965649,6477200
2018-08-31,42.730000,42.950001,42.349998,42.525002,34.816235,7193600
2018-09-04,42.560001,42.687500,42.302502,42.507500,34.801903,6797200
2018-09-05,42.500000,42.965000,42.412498,42.904999,35.127350,7756400
2018-09-06,43.105000,43.702499,43.044998,43.455002,35.577652,8914800
2018-09-07,43.067501,43.375000,42.872501,43.025002,35.225590,7582000
2018-09-10,43.189999,43.247501,42.912498,43.007500,35.211273,6013200
2018-09-11,43.029999,43.340000,43.025002,43.037498,35.235825,8125200
2018-09-12,43.060001,43.259998,42.930000,43.125000,35.307476,7226000
2018-09-13,43.195000,43.672501,42.977501,43.650002,35.737293,8164800
2018-09-14,43.532501,43.592499,43.002499,43.412498,35.542839,6674800
2018-09-17,43.195000,43.514999,43.105000,43.465000,35.585835,6198800
2018-09-18,43.459999,43.557499,43.205002,43.360001,35.499870,4172400
2018-09-19,43.332500,43.389999,41.932499,42.292500,34.625881,9291600
2018-09-20,42.169998,42.382500,41.605000,42.317501,34.646347,8137200
2018-09-21,42.407501,42.845001,41.985001,42.689999,34.951321,16923200
2018-09-24,42.625000,42.630001,42.110001,42.202499,34.552204,8995600
2018-09-25,42.292500,42.292500,41.532501,41.712502,34.151024,7246400
2018-09-26,41.837502,41.837502,41.067501,41.112499,33.659786,8836800
2018-09-27,41.165001,41.642502,41.062500,41.397499,33.893120,9672400
2018-09-28,41.520000,41.907501,41.520000,41.900002,34.304531,9424800
2018-10-01,41.847500,41.855000,41.577499,41.747501,34.179684,5196000
2018-10-02,41.910000,42.439999,41.880001,42.334999,34.660679,5572400
2018-10-03,42.242500,42.775002,41.634998,42.060001,34.435524,9156000
2018-10-04,42.042500,42.325001,41.547501,42.312500,34.642250,9448000
2018-10-05,42.347500,43.192501,42.347500,43.092499,35.280861,8373200
2018-10-08,43.145000,43.612499,43.000000,43.330002,35.475307,6803600
2018-10-09,43.402500,43.617500,43.150002,43.432499,35.559223,5881200
2018-10-10,43.432499,43.915001,43.145000,43.187500,35.358631,7882800
2018-10-11,43.369999,43.512501,42.212502,42.272499,34.609509,8446000
2018-10-12,42.305000,42.452499,41.970001,42.340000,34.664768,6944400
2018-10-15,42.317501,42.645000,42.117500,42.410000,34.722076,6965200
2018-10-16,42.599998,43.084999,42.415001,42.822498,35.059795,4700400
2018-10-17,42.787498,42.900002,42.389999,42.705002,34.963604,3537600
2018-10-18,42.790001,43.022499,42.630001,42.892502,35.117115,4088400
2018-10-19,42.907501,43.622501,42.825001,43.365002,35.503975,7297200
2018-10-22,43.397499,43.415001,42.977501,43.165001,35.340206,5971600
2018-10-23,42.230000,43.610001,42.230000,42.657501,34.924717,8898800
2018-10-24,42.834999,44.207500,42.680000,43.900002,35.941982,8558800
2018-10-25,43.712502,43.805000,42.967499,43.299999,35.450737,8854400
2018-10-26,43.525002,43.702499,42.177502,42.472500,34.773254,8519600
2018-10-29,42.567501,43.242500,42.520000,43.195000,35.364780,6566800
2018-10-30,43.430000,43.634998,42.830002,43.387501,35.522381,7572800
2018-10-31,43.200001,43.509998,42.757500,43.125000,35.307476,9051600
2018-11-01,43.380001,43.380001,42.332500,42.617500,34.891964,9389200
2018-11-02,42.770000,42.945000,41.687500,42.037498,34.417114,11806400
2018-11-05,42.047501,42.895000,42.042500,42.677502,34.941090,8274000
2018-11-06,42.639999,42.897499,42.375000,42.865002,35.094597,5963600
2018-11-07,43.139999,43.467499,42.927502,43.384998,35.520321,6530000
2018-11-08,43.384998,43.505001,42.912498,43.490002,35.606293,6676400
2018-11-09,43.580002,44.259998,43.404999,44.139999,36.138477,8160400
2018-11-12,44.047501,44.997501,43.902500,44.622501,36.533512,8538800
2018-11-13,44.759998,44.867500,44.325001,44.665001,36.568298,7297600
2018-11-14,44.419998,44.562500,43.790001,44.205002,36.191700,12378000
2018-11-15,44.067501,44.797501,43.665001,44.794998,36.674732,10935600
2018-11-16,45.044998,45.150002,44.580002,45.097500,36.922409,7948000
2018-11-19,45.040001,45.517502,44.794998,45.502499,37.253990,7018400
2018-11-20,45.654999,45.912498,44.637501,44.692501,36.590813,9752800
2018-11-21,44.625000,44.625000,43.974998,44.044998,36.060696,5978800
2018-11-23,44.044998,44.450001,43.825001,44.332500,36.296078,4360800
2018-11-26,44.355000,44.492500,43.922501,44.257500,36.234669,7455200
2018-11-27,44.392502,44.547501,44.049999,44.500000,36.433220,9084800
2018-11-28,44.639999,44.807499,44.302502,44.512501,36.443455,7868400
2018-11-29,44.270000,44.380001,43.717499,44.279999,36.480515,6867200
2018-11-30,44.419998,45.507500,44.305000,45.427502,37.425903,15807200
2018-12-03,45.102501,45.625000,44.862499,45.622501,37.586548,9724800
2018-12-04,45.625000,46.042500,45.400002,45.542500,37.520645,10024800
2018-12-06,45.605000,45.755001,44.669998,45.665001,37.621563,11354400
2018-12-07,45.494999,46.049999,45.209999,45.715000,37.662766,10121600
2018-12-10,45.639999,45.845001,44.919998,45.652500,37.611263,10441600
2018-12-11,45.580002,45.959999,45.292500,45.744999,37.687477,12055200
2018-12-12,45.744999,45.927502,45.305000,45.327499,37.343506,11912400
2018-12-13,45.334999,45.799999,45.334999,45.549999,37.526829,12916400
2018-12-14,45.455002,45.612499,44.974998,45.310001,37.329090,9227600
2018-12-17,45.590000,45.590000,43.717499,43.912498,36.177753,13147600
2018-12-18,44.062500,44.455002,43.855000,44.000000,36.249844,11764000
2018-12-19,44.125000,44.294998,43.410000,43.630001,35.945015,13437600
2018-12-20,43.625000,44.137501,43.097500,43.727501,36.025333,13112400
2018-12-21,43.599998,44.639999,43.310001,43.527500,35.860561,24148400
2018-12-24,43.612499,43.845001,41.730000,42.020000,34.618607,6630000
2018-12-26,42.017502,42.592499,41.195000,42.584999,35.084084,8393600
2018-12-27,42.634998,43.040001,41.987499,43.040001,35.458942,9961600
2018-12-28,43.150002,43.592499,42.904999,43.180000,35.574280,6924000
2018-12-31,43.252499,43.507500,42.820000,43.455002,35.800842,6417600
2019-01-02,43.169998,43.325001,42.252499,42.457500,34.979042,10549600
2019-01-03,42.477501,42.790001,42.167500,42.352501,34.892532,9260800
2019-01-04,42.287498,43.147499,42.165001,43.132500,35.535141,10848800
2019-01-07,42.912498,43.235001,42.625000,43.070000,35.483654,9478000
2019-01-08,43.037498,43.447498,42.892502,43.384998,35.743156,10599600
2019-01-09,43.389999,43.500000,43.012501,43.197498,35.588699,7047600
2019-01-10,43.325001,43.904999,43.137501,43.847500,36.124207,11384800
2019-01-11,43.785000,44.035000,43.412498,43.927502,36.190109,8860000
2019-01-14,43.654999,43.654999,42.337502,42.807499,35.267391,15355600
2019-01-15,42.847500,43.952499,42.687500,43.680000,35.986206,9261200
2019-01-16,43.505001,43.727501,43.207500,43.669998,35.977955,7059200
2019-01-17,43.782501,43.980000,43.610001,43.872501,36.144802,8200800
2019-01-18,44.099998,44.152500,43.777500,44.022499,36.268375,7414400
2019-01-22,43.857498,44.487499,43.810001,44.345001,36.534081,8654400
2019-01-23,44.485001,44.865002,44.047501,44.845001,36.946007,9089200
2019-01-24,44.814999,45.220001,44.490002,45.070000,37.131363,9812800
2019-01-25,44.625000,44.872501,43.480000,43.549999,35.879105,15254400
2019-01-28,44.027500,44.027500,42.942501,43.117500,35.522789,11976800
2019-01-29,43.270000,43.357498,42.935001,43.215000,35.603104,7924400
2019-01-30,43.060001,43.657501,43.025002,43.397499,35.753460,8345600
2019-01-31,43.360001,44.822498,43.337502,44.744999,36.863617,12519600
2019-02-01,44.592499,44.779999,44.125000,44.455002,36.624702,8934000
2019-02-04,44.277500,44.547501,44.032501,44.525002,36.682362,11302000
2019-02-05,44.392502,44.674999,44.192501,44.542500,36.696785,7956800
2019-02-06,44.682499,44.810001,44.400002,44.525002,36.682362,6647200
2019-02-07,44.500000,45.362499,44.470001,45.337502,37.351757,8516800
2019-02-08,45.302502,45.842499,45.255001,45.752499,37.693665,7322400
2019-02-11,45.605000,45.982498,45.580002,45.752499,37.693665,7404400
2019-02-12,45.750000,46.102501,45.419998,45.817501,37.747208,7004800
2019-02-13,45.764999,45.965000,45.607498,45.712502,37.660698,5726400
2019-02-14,45.840000,46.110001,45.634998,45.652500,37.611263,6408000
2019-02-15,46.152500,46.277500,45.825001,46.009998,37.905785,8813200
2019-02-19,46.032501,46.452499,45.849998,46.342499,38.179729,9774000
2019-02-20,46.270000,46.525002,46.009998,46.410000,38.235348,10203200
2019-02-21,46.222500,46.717499,46.139999,46.639999,38.424824,8274800
2019-02-22,46.707500,47.035000,46.439999,47.032501,38.748199,6735200
2019-02-25,47.112499,47.347500,46.577499,46.970001,38.696701,7555600
2019-02-26,47.044998,47.255001,46.787498,47.057499,38.768791,7644400
2019-02-27,46.645000,46.872501,46.520000,46.702499,38.733536,7288000
2019-02-28,46.752499,47.185001,46.514999,46.930000,38.922230,12454000
2019-03-01,46.880001,47.145000,46.647499,46.889999,38.889053,6865600
2019-03-04,47.057499,47.137501,46.642502,47.060001,39.030048,8609200
2019-03-05,47.092499,47.302502,47.005001,47.080002,39.046638,7666800
2019-03-06,47.014999,47.242500,46.744999,46.892502,38.891129,7155600
2019-03-07,47.064999,47.282501,46.845001,46.982498,38.965775,9411200
2019-03-08,47.152500,47.357498,46.730000,47.174999,39.125431,6972800
2019-03-11,47.152500,47.445000,47.115002,47.375000,39.291294,7135600
2019-03-12,47.500000,47.840000,47.357498,47.722500,39.579502,7140400
2019-03-13,47.467499,47.880001,47.365002,47.742500,39.596085,4916000
2019-03-14,47.790001,48.042500,47.552502,47.744999,39.598164,5816800
2019-03-15,47.689999,47.985001,47.502499,47.810001,39.652077,14402000
2019-03-18,47.867500,47.994999,47.532501,47.717499,39.575348,7469200
2019-03-19,47.632500,47.652500,46.947498,47.125000,39.083954,8080800
2019-03-20,47.259998,47.792500,46.959999,47.467499,39.368011,8669200
2019-03-21,47.572498,48.070000,47.462502,47.977501,39.791000,7499200
2019-03-22,48.062500,48.887501,48.062500,48.482498,40.209816,9486000
2019-03-25,48.612499,48.775002,48.387501,48.402500,40.143478,7038400
2019-03-26,48.455002,48.832500,48.255001,48.750000,40.431679,6093200
2019-03-27,48.812500,48.825001,48.217499,48.480000,40.207756,6116800
2019-03-28,48.477501,48.597500,47.830002,47.980000,39.793060,9324000
2019-03-29,47.982498,48.367500,47.825001,48.330002,40.083344,12039200
2019-04-01,48.355000,48.437500,47.552502,47.622501,39.496552,9640400
2019-04-02,47.677502,47.750000,47.177502,47.369999,39.287140,9960400
2019-04-03,47.277500,47.570000,46.972500,47.327499,39.251892,8202800
2019-04-04,47.494999,47.509998,46.857498,47.099998,39.063206,7106800
2019-04-05,47.345001,47.584999,47.000000,47.520000,39.411556,6452800
2019-04-08,47.360001,47.455002,46.957500,47.160000,39.112984,5772800
2019-04-09,47.160000,47.485001,47.132500,47.427502,39.334831,6617200
2019-04-10,47.437500,47.855000,47.099998,47.154999,39.108826,5291600
2019-04-11,47.154999,47.544998,47.099998,47.509998,39.403267,5738400
2019-04-12,47.342499,47.762501,47.112499,47.712502,39.571205,4768400
2019-04-15,47.777500,48.017502,47.669998,47.790001,39.635490,5872800
2019-04-16,47.764999,48.077499,47.355000,47.380001,39.295437,6523200
2019-04-17,47.437500,47.637501,47.259998,47.412498,39.322399,8045600
2019-04-18,47.355000,47.669998,47.310001,47.340000,39.262268,6670800
2019-04-22,47.292500,47.707500,47.262501,47.595001,39.473747,7303600
2019-04-23,47.715000,47.867500,47.020000,47.447498,39.351418,8818000
2019-04-24,47.439999,47.775002,47.287498,47.514999,39.407410,6187200
2019-04-25,47.357498,47.930000,47.314999,47.619999,39.494488,5898400
2019-04-26,47.849998,48.347500,47.822498,47.927502,39.749519,5653600
2019-04-29,48.007500,48.224998,47.652500,47.942501,39.761971,7094400
2019-04-30,47.939999,48.662498,47.814999,48.610001,40.315556,10643600
2019-05-01,48.377499,48.759998,48.232498,48.317501,40.072971,8541200
2019-05-02,48.209999,48.467499,47.639999,47.930000,39.751598,10035600
2019-05-03,47.892502,48.157501,47.702499,48.102501,39.894657,6694800
2019-05-06,48.049999,48.332500,47.709999,47.724998,39.581573,6730000
2019-05-07,47.452499,47.689999,47.215000,47.437500,39.343132,7748400
2019-05-08,47.400002,47.502499,46.825001,46.970001,38.955406,7887200
2019-05-09,47.112499,47.302502,46.869999,47.152500,39.106754,6872400
2019-05-10,47.139999,48.049999,47.020000,47.939999,39.759892,6420000
2019-05-13,47.855000,48.852501,47.770000,48.732498,40.417152,10632800
2019-05-14,48.730000,49.177502,48.377499,48.724998,40.410938,8954400
2019-05-15,48.802502,49.032501,48.617500,48.715000,40.402645,7071600
2019-05-16,48.622501,49.480000,48.455002,49.277500,40.869167,8465600
2019-05-17,48.957500,49.865002,48.904999,49.744999,41.256893,6821600
2019-05-20,49.820000,50.152500,49.735001,49.837502,41.333611,5464000
2019-05-21,49.875000,50.247501,49.697498,49.724998,41.240299,6069200
2019-05-22,49.872501,50.587502,49.654999,50.482498,41.868546,6706800
2019-05-23,50.564999,50.947498,50.564999,50.882500,42.200298,8216000
2019-05-24,50.930000,51.182499,50.777500,50.842499,42.167133,5559200
2019-05-28,50.942501,51.022499,50.232498,50.292500,41.710972,7048400
2019-05-29,50.427502,50.570000,49.617500,49.680000,41.202995,7214400
2019-05-30,49.777500,50.012501,49.615002,49.735001,41.248608,6462800
2019-05-31,49.572498,49.847500,49.152500,49.552502,41.357117,9161600
2019-06-03,49.732498,49.915001,49.327499,49.895000,41.642956,6806000
2019-06-04,50.035000,50.077499,49.092499,49.845001,41.601223,7811600
2019-06-05,50.125000,51.212502,50.007500,51.162498,42.700821,7546400
2019-06-06,51.250000,51.602501,50.972500,51.439999,42.932430,5614400
2019-06-07,51.724998,52.117500,51.097500,51.097500,42.646576,6242800
2019-06-10,51.025002,51.172501,50.369999,50.855000,42.444172,7104800
2019-06-11,50.799999,50.952499,50.189999,50.492500,42.141628,4606800
2019-06-12,50.832500,51.327499,50.697498,51.137501,42.679958,5236000
2019-06-13,51.150002,51.375000,50.812500,51.192501,42.725872,6806400
2019-06-14,51.415001,51.832500,51.237499,51.740002,43.182823,5525200
2019-06-17,51.812500,52.000000,51.312500,51.592499,43.059711,6233600
2019-06-18,51.957500,51.987499,50.967499,51.355000,42.861485,6576400
2019-06-19,51.072498,51.767502,51.064999,51.560001,43.032589,6602800
2019-06-20,51.665001,51.865002,51.180000,51.595001,43.061806,8883600
2019-06-21,51.782501,52.117500,51.355000,51.887501,43.305916,12560800
2019-06-24,52.090000,52.162498,51.717499,52.049999,43.441540,6009200
2019-06-25,52.095001,52.227501,51.487499,51.555000,43.028416,6954000
2019-06-26,51.349998,51.560001,50.755001,50.767502,42.371166,7394400
2019-06-27,51.200001,51.365002,50.904999,51.137501,42.679958,7529200
2019-06-28,50.992500,52.057499,50.812500,51.215000,42.744637,11647600
2019-07-01,51.092499,51.215000,50.264999,51.005001,42.569378,8478800
2019-07-02,51.192501,51.974998,51.187500,51.915001,43.328869,6696000
2019-07-03,51.972500,52.365002,51.915001,52.182499,43.552139,5654400
2019-07-05,51.860001,52.117500,51.332500,52.027500,43.422771,4196400
2019-07-08,52.152500,52.332500,51.855000,52.282501,43.635593,4322400
2019-07-09,52.060001,52.250000,51.792500,52.040001,43.433205,7276000
2019-07-10,52.107498,52.705002,51.887501,52.369999,43.708618,5922000
2019-07-11,52.397499,52.680000,52.139999,52.599998,43.900574,5830400
2019-07-12,52.474998,52.564999,51.947498,52.182499,43.552139,6283200
2019-07-15,52.167500,52.404999,51.922501,52.212502,43.577183,8714000
2019-07-16,52.165001,52.357498,51.700001,51.970001,43.374786,4281600
2019-07-17,52.174999,52.834999,52.174999,52.477501,43.798344,6556800
2019-07-18,52.564999,53.119999,52.250000,53.090000,44.309536,4413200
2019-07-19,52.950001,53.125000,52.349998,52.432499,43.760780,5843600
2019-07-22,52.502499,52.672501,51.932499,52.340000,43.683578,6547600
2019-07-23,52.352501,52.375000,51.732498,51.825001,43.253754,6337200
2019-07-24,52.084999,52.525002,51.634998,52.514999,43.829628,6080000
2019-07-25,52.035000,52.360001,51.759998,51.907501,43.322609,7010000
2019-07-26,52.035000,52.437500,51.950001,52.292500,43.643929,4324800
2019-07-29,52.474998,52.884998,52.320000,52.845001,44.105064,5274000
2019-07-30,52.847500,53.092499,52.067501,52.347500,43.689846,6447200
2019-07-31,52.467499,52.542500,51.552502,51.792500,43.226635,8446000
2019-08-01,51.657501,52.902500,51.619999,52.564999,43.871365,7507600
2019-08-02,52.779999,53.307499,52.505001,52.852501,44.111328,6912800
2019-08-05,52.889999,53.160000,51.775002,52.012501,43.410240,8838400
2019-08-06,52.035000,53.037498,51.660000,52.849998,44.109234,7171600
2019-08-07,52.847500,53.500000,52.160000,53.217499,44.415958,6892800
2019-08-08,53.305000,53.974998,52.802502,53.805000,44.906288,5971200
2019-08-09,53.965000,54.294998,53.752499,54.119999,45.169186,5828800
2019-08-12,54.277500,54.277500,53.657501,53.862499,44.954285,3922400
2019-08-13,53.847500,54.262501,53.695000,53.904999,44.989746,7496800
2019-08-14,54.025002,54.494999,53.682499,53.740002,44.852036,9558000
2019-08-15,53.657501,54.467499,53.572498,54.287498,45.308990,7865600
2019-08-16,54.572498,54.945000,54.099998,54.382500,45.388279,10488400
2019-08-19,54.327499,54.902500,54.154999,54.740002,45.686649,5632400
2019-08-20,54.950001,54.950001,54.347500,54.782501,45.722126,8316000
2019-08-21,54.965000,55.334999,54.787498,55.314999,46.166553,7483600
2019-08-22,55.292500,55.442501,54.882500,55.404999,46.241665,9159600
2019-08-23,55.632500,56.049999,55.157501,55.474998,46.300091,10485600
2019-08-26,55.625000,55.922501,55.397499,55.904999,46.658978,7455200
2019-08-27,56.057499,56.392502,55.974998,56.002499,46.740353,9541200
2019-08-28,55.785000,55.994999,55.042500,55.297501,46.410927,11356800
2019-08-29,55.630001,55.630001,54.802502,55.279999,46.396236,8512000
2019-08-30,55.452499,55.490002,54.712502,54.770000,45.968193,11786800
2019-09-03,54.702499,56.397499,54.702499,56.389999,47.327850,9718400
2019-09-04,56.397499,56.490002,55.707500,56.029999,47.025703,8909600
2019-09-05,54.794998,55.334999,54.650002,54.952499,46.121357,17661200
2019-09-06,55.027500,55.257500,54.689999,55.035000,46.190601,9130400
2019-09-09,54.799999,55.222500,54.722500,54.972500,46.138161,8297600
2019-09-10,54.820000,54.915001,54.092499,54.529999,45.766773,11094800
2019-09-11,54.505001,55.147499,54.362499,55.014999,46.173824,8818000
2019-09-12,55.467499,55.562500,54.930000,55.185001,46.316505,8671200
2019-09-13,55.014999,55.029999,54.447498,54.622501,45.844391,8213200
2019-09-16,54.642502,54.770000,54.314999,54.577499,45.806633,5033600
2019-09-17,54.610001,55.582500,54.610001,55.555000,46.627045,7596800
2019-09-18,55.715000,56.047501,55.342499,55.974998,46.979538,7681600
2019-09-19,56.185001,56.349998,55.889999,56.224998,47.189373,5906800
2019-09-20,56.299999,56.500000,55.910000,56.430000,47.361431,19007200
2019-09-23,56.360001,56.615002,56.209999,56.320000,47.269104,6634000
2019-09-24,56.470001,57.167500,56.340000,57.127499,47.946838,8674400
2019-09-25,57.224998,57.372501,56.877499,57.342499,48.127289,8423600
2019-09-26,57.497501,58.197498,57.395000,57.930000,48.620373,8703600
2019-09-27,58.062500,58.142502,57.537498,57.814999,48.523853,7501200
2019-09-30,58.005001,58.362499,57.937500,58.247501,48.886841,8937600
2019-10-01,58.040001,58.292500,57.662498,58.007500,48.685413,6727600
2019-10-02,57.922501,58.119999,57.132500,57.277500,48.072727,8138400
2019-10-03,57.215000,57.572498,57.139999,57.542500,48.295139,8017600
2019-10-04,57.527500,58.465000,57.500000,58.397499,49.012741,6552800
2019-10-07,58.362499,58.455002,57.792500,58.137501,48.794525,6154000
2019-10-08,58.035000,58.044998,57.490002,57.492500,48.253178,6968000
2019-10-09,58.057499,58.567501,57.750000,58.340000,48.964474,6004000
2019-10-10,58.005001,58.215000,57.560001,58.000000,48.679119,7465600
2019-10-11,57.947498,58.095001,57.137501,57.384998,48.162952,8301600
2019-10-14,57.502499,57.595001,56.887501,57.224998,48.028667,4711600
2019-10-15,57.334999,57.455002,56.707500,56.884998,47.743301,5672400
2019-10-16,56.917500,57.584999,56.645000,57.477501,48.240593,7662000
2019-10-17,57.317501,57.897499,57.317501,57.772499,48.488174,5366400
2019-10-18,57.797501,58.195000,57.577499,58.119999,48.779831,8784400
2019-10-21,58.102501,58.259998,57.662498,58.200001,48.846985,6488400
2019-10-22,58.447498,59.972500,58.252499,59.060001,49.568768,12636800
2019-10-23,59.387501,59.650002,58.927502,59.000000,49.518402,8912400
2019-10-24,59.000000,59.417500,58.705002,59.387501,49.843647,6411200
2019-10-25,59.404999,59.412498,58.892502,59.220001,49.703060,6072400
2019-10-28,59.125000,59.177502,58.160000,58.307499,48.937206,7164400
2019-10-29,58.067501,58.292500,57.799999,58.150002,48.805016,6861200
2019-10-30,58.332500,59.157501,58.252499,58.865002,49.405109,4959200
2019-10-31,58.880001,59.625000,58.730000,59.584999,50.009411,8228400
2019-11-01,59.672501,59.722500,58.772499,58.927502,49.457569,8018000
2019-11-04,58.807499,58.807499,57.047501,57.400002,48.175533,13459600
2019-11-05,56.852501,57.325001,56.177502,56.777500,47.653084,9502400
2019-11-06,56.875000,57.125000,56.650002,56.872501,47.732815,6976400
2019-11-07,56.654999,56.660000,55.165001,55.772499,46.809586,12473200
2019-11-08,55.775002,56.172501,55.259998,55.520000,46.597668,6431600
2019-11-11,55.590000,55.869999,55.427502,55.555000,46.627045,6142800
2019-11-12,55.547501,56.000000,55.522499,55.805000,46.836864,5798400
2019-11-13,56.224998,57.044998,56.224998,56.977501,47.820938,7189200
2019-11-14,57.000000,57.529999,56.902500,57.467499,48.232197,6329600
2019-11-15,57.605000,57.884998,57.087502,57.855000,48.557419,7382400
2019-11-18,57.994999,58.610001,57.937500,58.040001,48.712692,7002400
2019-11-19,58.022499,58.584999,57.782501,58.165001,48.817596,6522400
2019-11-20,58.334999,59.189999,58.180000,58.805000,49.354755,8506000
2019-11-21,58.932499,59.067501,58.527500,58.785000,49.337955,4990000
2019-11-22,58.855000,59.042500,57.930000,58.345001,48.968681,5016000
2019-11-25,58.467499,58.639999,57.939999,58.139999,48.796619,7456400
2019-11-26,58.292500,58.810001,58.250000,58.730000,49.291805,15634000
2019-11-27,58.332500,58.447498,58.139999,58.267502,49.165245,8584000
2019-11-29,58.652500,58.932499,58.307499,58.455002,49.323452,3557600
2019-12-02,58.427502,58.427502,57.767502,57.812500,48.781311,7118000
2019-12-03,58.000000,58.205002,57.847500,58.057499,48.988049,9249200
2019-12-04,57.912498,58.617500,57.875000,58.564999,49.416260,6699200
2019-12-05,58.279999,58.697498,58.257500,58.639999,49.479549,6413200
2019-12-06,58.602501,58.857498,58.377499,58.597500,49.443687,6196000
2019-12-09,58.735001,58.742500,58.459999,58.567501,49.418369,4560000
2019-12-10,58.590000,58.737499,58.452499,58.612499,49.456352,4345600
2019-12-11,58.750000,58.965000,58.485001,58.945000,49.736904,6212800
2019-12-12,58.880001,59.047501,58.192501,58.474998,49.340321,6970400
2019-12-13,58.270000,59.345001,58.192501,59.237499,49.983711,8345200
2019-12-16,59.310001,59.875000,59.099998,59.867500,50.515301,14284800
2019-12-17,59.865002,60.224998,59.705002,59.955002,50.589127,10374000
2019-12-18,60.182499,60.250000,59.685001,60.072498,50.688263,8585600
2019-12-19,60.037498,60.255001,59.857498,60.162498,50.764202,6882800
2019-12-20,61.020000,61.252499,60.052502,60.677502,51.198757,16198000
2019-12-23,60.695000,60.740002,59.584999,59.695000,50.369740,9474800
2019-12-24,59.727501,60.127499,59.459999,60.127499,50.734684,2739600
2019-12-26,60.062500,60.490002,60.020000,60.490002,51.040558,5813200
2019-12-27,60.570000,60.692501,60.382500,60.627499,51.156570,4319200
2019-12-30,60.422501,60.555000,60.072498,60.322498,50.899216,4450000
2019-12-31,60.392502,60.647499,59.980000,60.540001,51.082741,6910000
2020-01-02,60.492500,60.919998,59.487499,59.654999,50.335987,7884800
2020-01-03,59.657501,60.340000,59.535000,60.080002,50.694603,7097200
2020-01-06,60.174999,60.650002,60.105000,60.380001,50.947742,5518800
2020-01-07,60.172501,60.552502,60.042500,60.327499,50.903435,6653200
2020-01-08,60.417500,60.737499,60.250000,60.299999,50.880226,5936000
2020-01-09,60.162498,60.955002,60.132500,60.772499,51.278923,6958000
2020-01-10,60.955002,61.174999,60.797501,60.887501,51.375954,5125600
2020-01-13,60.762501,61.707500,60.762501,61.599998,51.977154,5879600
2020-01-14,61.557499,61.950001,61.450001,61.932499,52.257698,8252800
2020-01-15,62.145000,63.047501,62.137501,62.895000,53.069851,6397200
2020-01-16,62.720001,63.077499,62.584999,63.067501,53.215393,7914400
2020-01-17,63.092499,63.437500,62.852501,63.349998,53.453770,9354000
2020-01-21,63.507500,64.324997,63.202499,64.222504,54.189968,11486400
2020-01-22,64.737503,65.195000,64.415001,64.974998,54.824917,7065600
2020-01-23,64.839996,65.687500,64.839996,65.019997,54.862892,10212400
2020-01-24,64.257500,66.019997,64.042503,65.930000,55.630741,10310400
2020-01-27,65.654999,66.940002,65.572502,66.684998,56.267799,8678800
2020-01-28,66.684998,67.250000,65.927498,66.452499,56.071617,8262800
2020-01-29,66.687500,66.702499,66.029999,66.440002,56.061069,6008400
2020-01-30,66.467499,67.562500,66.254997,67.482498,56.940716,6328800
2020-01-31,67.364998,67.665001,66.682503,67.050003,56.575779,7536800
2020-02-03,67.172501,67.370003,66.552498,66.702499,56.282570,11041200
2020-02-04,66.567497,66.827499,65.980003,66.135002,55.803711,10482800
2020-02-05,66.072502,66.915001,65.552498,66.677498,56.261471,8666800
2020-02-06,66.687500,67.582497,66.589996,67.082497,56.603203,7874400
2020-02-07,67.377502,67.912498,67.297501,67.385002,56.858448,6410000
2020-02-10,67.577499,67.952499,67.332497,67.934998,57.322529,7666800
2020-02-11,68.190002,68.497498,67.987503,68.037498,57.409023,7850800
2020-02-12,67.857498,68.067497,67.529999,67.565002,57.010338,5836400
2020-02-13,67.565002,68.967499,67.565002,68.867500,58.109367,7500400
2020-02-14,68.922501,69.769997,68.885002,69.629997,58.752743,7354800
2020-02-18,70.000000,70.837502,69.592499,70.510002,59.495277,9789600
2020-02-19,68.754997,69.279999,68.637497,68.667503,57.940613,21134800
2020-02-20,68.985001,69.285004,68.327499,69.257500,58.438431,10731600
2020-02-21,69.382500,69.690002,69.017502,69.397499,58.556561,11030800
2020-02-24,68.699997,69.652496,68.482498,68.485001,57.786613,9091600
2020-02-25,68.485001,68.974998,67.449997,67.582497,57.025112,10285600
2020-02-26,67.232498,68.324997,67.000000,67.367500,56.843670,9551600
2020-02-27,67.010002,67.732498,63.902500,63.962502,54.252457,14604000
2020-02-28,62.037498,63.477501,60.770000,63.189999,53.597225,27468400
2020-03-02,63.412498,67.224998,63.082500,67.087502,56.903053,19305600
2020-03-03,67.272499,68.574997,65.722504,66.287498,56.224495,15636000
2020-03-04,67.300003,70.642502,67.300003,70.555000,59.844151,14713200
2020-03-05,69.262497,69.964996,68.110001,69.040001,58.559162,12412000
2020-03-06,67.139999,68.227501,65.425003,67.955002,57.638851,14556400
2020-03-09,63.615002,66.580002,63.615002,65.320000,55.403866,15564400
2020-03-10,66.407501,66.830002,60.577499,63.932499,54.227013,23743600
2020-03-11,62.299999,62.305000,59.639999,60.314999,51.158680,19631200
2020-03-12,54.032501,57.915001,51.512501,52.222500,44.294685,31668400
2020-03-13,55.012501,55.497501,49.090000,55.389999,46.981327,31586400
2020-03-16,49.500000,55.165001,49.185001,50.342499,42.700089,20240400
2020-03-17,51.365002,56.867500,51.000000,55.439999,47.023746,21538000
2020-03-18,52.264999,56.997501,49.939999,52.660000,44.665771,22198000
2020-03-19,52.502499,55.407501,50.134998,51.775002,43.915123,17441200
2020-03-20,51.437500,52.474998,46.715000,47.937500,40.660187,22482400
2020-03-23,46.667500,47.142502,43.700001,45.415001,38.520622,23661600
2020-03-24,46.962502,52.119999,46.622501,51.632500,43.794258,17900800
2020-03-25,51.419998,55.062500,48.767502,52.567501,44.587311,17794400
2020-03-26,52.724998,58.542500,52.650002,57.775002,49.004265,14655200
2020-03-27,56.369999,60.080002,55.847500,57.987499,49.184509,16184400
2020-03-30,59.327499,62.057499,58.590000,61.502499,52.165905,16373600
2020-03-31,60.527500,61.974998,59.790001,60.154999,51.022972,18899200
2020-04-01,57.740002,57.997501,53.259998,54.557499,46.275219,13691200
2020-04-02,53.750000,57.384998,53.535000,56.612499,48.018238,9234400
2020-04-03,55.990002,57.142502,54.384998,55.410000,46.998299,8755600
2020-04-06,57.697498,59.259998,57.005001,58.627499,49.727345,13267600
2020-04-07,60.087502,60.247501,57.040001,57.122501,48.450829,10507200
2020-04-08,57.407501,59.047501,56.009998,58.375000,49.513187,18290800
2020-04-09,58.959999,62.717499,58.845001,61.320000,52.011112,19587600
2020-04-13,60.639999,60.967499,58.595001,59.052502,50.087841,10757200
2020-04-14,60.462502,61.244999,59.592499,60.595001,51.396172,11673200
2020-04-15,60.009998,60.347500,58.882500,59.305000,50.301994,9990800
2020-04-16,59.994999,60.197498,58.919998,59.369999,50.357128,10331200
2020-04-17,60.627499,61.782501,59.692501,61.564999,52.218918,10952800
2020-04-20,61.362499,61.825001,59.277500,59.402500,50.384705,8714400
2020-04-21,58.767502,59.542500,57.764999,58.855000,49.920322,10622000
2020-04-22,59.482498,62.174999,59.482498,61.792500,52.411880,11759600
2020-04-23,61.597500,61.937500,60.032501,60.285000,51.133228,9360400
2020-04-24,60.432499,60.487499,58.987499,59.924999,50.827877,8029200
2020-04-27,60.527500,61.580002,60.357498,60.900002,51.654861,8457600
2020-04-28,61.564999,61.724998,59.525002,59.825001,50.743065,8464800
2020-04-29,60.497501,60.584999,58.322498,58.782501,49.858826,9901600
2020-04-30,58.465000,58.474998,57.224998,57.779999,49.008507,17934800
2020-05-01,57.477501,57.505001,56.250000,56.762501,48.145489,9168000
2020-05-04,56.750000,57.792500,56.235001,57.522499,48.790104,9077200
2020-05-05,57.840000,58.637501,57.347500,57.525002,48.792229,8042000
2020-05-06,57.730000,57.790001,55.654999,55.665001,47.214588,7377600
2020-05-07,56.299999,57.147499,55.695000,56.119999,47.600502,8692000
2020-05-08,56.847500,57.657501,56.435001,57.432499,48.713764,11308800
2020-05-11,56.697498,57.070000,56.027500,56.845001,48.215443,7854400
2020-05-12,57.049999,57.357498,56.317501,56.982498,48.332066,9565200
2020-05-13,56.709999,57.632500,56.500000,57.529999,48.796452,14076800
2020-05-14,56.942501,58.332500,56.822498,58.057499,49.243889,11595600
2020-05-15,57.507500,57.720001,55.805000,56.962502,48.315117,20232400
2020-05-18,58.485001,59.224998,58.122501,58.862499,49.926670,9123200
2020-05-19,58.480000,58.682499,57.615002,57.625000,48.877045,6532800
2020-05-20,58.075001,59.057499,57.700001,58.197498,49.362625,5847200
2020-05-21,58.174999,58.369999,57.017502,57.224998,48.537758,8308400
2020-05-22,57.207500,58.502499,56.787498,58.462502,49.587402,5990000
2020-05-26,59.084999,59.599998,58.450001,58.577499,49.684948,7658800
2020-05-27,59.437500,60.310001,58.735001,60.282501,51.131115,12343600
2020-05-28,61.099998,63.014999,60.910000,62.840000,53.300362,12416000
2020-05-29,62.527500,64.127502,62.375000,63.889999,54.190964,15309600
2020-06-01,63.522499,64.582497,62.812500,63.912498,54.508648,6655600
2020-06-02,63.892502,65.082497,63.432499,64.150002,54.711205,10640000
2020-06-03,64.547501,65.565002,64.175003,64.894997,55.346592,7303200
2020-06-04,64.415001,65.137497,62.020000,62.972500,53.706959,12012400
2020-06-05,63.044998,64.639999,62.502499,63.595001,54.237869,12370800
2020-06-08,63.264999,65.184998,62.642502,65.120003,55.538490,8149200
2020-06-09,64.777496,64.787498,63.514999,64.667503,55.152561,7990400
2020-06-10,64.702499,65.224998,63.892502,64.197502,54.751717,6674400
2020-06-11,63.715000,63.740002,61.467499,62.082500,52.947910,9718400
2020-06-12,62.942501,63.029999,61.060001,61.727501,52.645130,8356800
2020-06-15,61.180000,62.732498,60.332500,62.142502,52.999084,8404400
2020-06-16,63.380001,63.419998,61.667500,62.042500,52.913795,8056800
2020-06-17,62.497501,62.750000,61.427502,62.250000,53.090759,6767600
2020-06-18,62.049999,62.480000,61.587502,62.232498,53.075840,6386800
2020-06-19,62.875000,62.910000,60.552502,60.552502,51.643032,14452800
2020-06-22,60.799999,62.049999,60.137501,61.759998,52.672867,7190800
2020-06-23,62.292500,62.562500,60.577499,60.802502,51.856243,9306000
2020-06-24,60.334999,61.119999,59.630001,60.417500,51.527893,6901200
2020-06-25,60.330002,60.330002,58.892502,59.790001,50.992722,7824800
2020-06-26,59.625000,60.514999,58.702499,59.055000,50.365875,10107200
2020-06-29,59.377499,59.622501,58.439999,59.560001,50.796555,5793200
2020-06-30,59.727501,60.452499,59.375000,60.042500,51.208076,9532400
2020-07-01,59.917500,61.875000,59.577499,61.564999,52.506554,6024400
2020-07-02,62.040001,62.430000,61.437500,61.599998,52.536404,5981200
2020-07-06,62.047501,62.287498,61.145000,61.740002,52.655807,6256800
2020-07-07,61.112499,62.084999,60.910000,61.680000,52.604641,6017200
2020-07-08,61.707500,63.535000,61.529999,63.317501,54.001202,9633600
2020-07-09,62.807499,63.342499,62.139999,62.997501,53.728287,6818800
2020-07-10,63.044998,65.322502,62.942501,64.900002,55.350853,10079200
2020-07-13,64.747498,65.602501,63.847500,64.059998,54.634445,9600800
2020-07-14,64.059998,66.172501,63.965000,65.637497,55.979839,12154400
2020-07-15,66.144997,66.605003,64.702499,64.750000,55.222927,8444800
2020-07-16,64.962502,67.449997,64.687500,67.095001,57.222885,10142000
2020-07-17,67.514999,69.364998,67.232498,68.845001,58.715401,12461600
2020-07-20,68.875000,69.470001,68.312500,68.582497,58.491512,6368800
2020-07-21,68.480003,69.892502,68.440002,69.082497,58.917953,5958400
2020-07-22,69.117500,70.599998,68.627502,70.105003,59.790009,6368000
2020-07-23,70.000000,71.082497,69.777496,70.242500,59.907284,8150000
2020-07-24,70.720001,71.407501,69.502502,70.062500,59.753754,7716000
2020-07-27,70.250000,70.402496,69.025002,69.407501,59.195145,8909200
2020-07-28,69.300003,70.822502,69.157501,70.010002,59.708992,6547600
2020-07-29,70.059998,71.214996,69.959999,70.360001,60.007488,5381600
2020-07-30,70.035004,70.610001,69.785004,70.584999,60.199394,4235200
2020-07-31,70.230003,70.705002,68.972504,70.175003,59.849720,8030400
2020-08-03,70.285004,70.464996,69.107498,69.397499,59.186611,8624400
2020-08-04,69.677498,71.307503,69.349998,71.262497,60.777203,9142400
2020-08-05,71.305000,71.500000,70.489998,70.945000,60.506420,6381600
2020-08-06,70.757500,71.192497,70.277496,70.702499,60.299606,4588000
2020-08-07,70.709999,72.352501,70.625000,71.945000,61.359291,4368800
2020-08-10,72.072502,72.279999,70.732498,70.910004,60.476585,7240000
2020-08-11,70.995003,71.144997,69.110001,69.447502,59.229256,6825200
2020-08-12,69.815002,71.492500,69.675003,71.147499,60.679115,6124400
2020-08-13,70.757500,71.364998,70.657501,71.099998,60.638603,3680000
2020-08-14,71.002502,71.035004,70.004997,70.125000,59.807064,4912800
2020-08-17,70.514999,71.267502,70.082497,70.747498,60.337986,4801200
2020-08-18,70.680000,71.292503,70.550003,70.762497,60.350777,4764800
2020-08-19,71.057503,71.065002,70.455002,70.584999,60.199394,5481600
2020-08-20,70.195000,70.940002,70.139999,70.527496,60.150341,3631200
2020-08-21,70.665001,70.760002,70.112503,70.602501,60.214306,5685600
2020-08-24,70.750000,70.779999,70.065002,70.657501,60.261223,3548800
2020-08-25,70.900002,70.912498,69.785004,70.327499,59.979778,4051600
2020-08-26,70.032501,70.352501,69.540001,69.750000,59.487228,5238800
2020-08-27,69.500000,70.120003,69.150002,69.720001,59.761555,4555600
2020-08-28,69.894997,69.992500,69.309998,69.887497,59.905113,4618400
2020-08-31,69.839996,70.912498,69.669998,69.792503,59.823681,6013600
2020-09-01,69.754997,69.879997,68.512497,69.282501,59.386517,5729600
2020-09-02,69.364998,72.425003,68.917503,72.065002,61.771599,9754400
2020-09-03,72.137497,72.772499,69.487503,70.147499,60.127972,7855200
2020-09-04,70.794998,71.500000,68.197502,69.330002,59.427250,7247600
2020-09-08,69.434998,70.207497,68.824997,69.477501,59.553661,7158000
2020-09-09,70.000000,71.705002,69.959999,70.592499,60.509422,4781600
2020-09-10,70.264999,70.497498,69.107498,69.227501,59.339378,4362800
2020-09-11,69.542503,69.797501,68.862503,69.537498,59.605095,3932800
2020-09-14,69.887497,70.997498,69.607498,70.480003,60.412983,3916400
2020-09-15,73.912498,74.824997,72.787498,73.925003,63.365902,10827600
2020-09-16,71.192497,71.737503,69.782501,70.087502,60.076542,19501600
2020-09-17,69.500000,70.067497,68.952499,69.879997,59.898666,9385600
2020-09-18,69.742500,70.497498,68.959999,69.230003,59.341530,14386000
2020-09-21,68.750000,69.172501,67.892502,69.050003,59.187244,7558800
2020-09-22,69.364998,69.987503,68.742500,69.514999,59.585835,7192800
2020-09-23,69.665001,69.665001,68.279999,68.327499,58.567936,5855200
2020-09-24,68.177498,69.940002,68.139999,69.385002,59.474392,7478400
2020-09-25,68.849998,70.532501,68.582497,70.455002,60.391552,5456800
2020-09-28,70.864998,71.507500,70.660004,71.035004,60.888718,6918400
2020-09-29,71.025002,71.482498,70.550003,70.779999,60.670135,7094000
2020-09-30,70.197502,70.782501,66.785004,69.389999,59.478676,23238400
2020-10-01,69.769997,71.010002,69.660004,70.690002,60.592991,10018400
2020-10-02,69.692497,71.787498,69.625000,70.292503,60.252262,8306000
2020-10-05,70.959999,72.245003,70.732498,71.977501,61.696602,6599200
2020-10-06,72.160004,73.125000,71.315002,72.570000,62.204441,7288400
2020-10-07,73.237503,74.442497,72.375000,74.279999,63.670200,10130400
2020-10-08,74.667503,75.495003,74.232498,75.260002,64.510223,5694400
2020-10-09,75.930000,75.930000,75.074997,75.727501,64.910957,6472000
2020-10-12,75.750000,77.014999,75.500000,76.417503,65.502396,5816400
2020-10-13,75.750000,76.080002,74.750000,75.367500,64.602364,8596800
2020-10-14,75.500000,75.820000,74.672501,75.160004,64.424515,5501200
2020-10-15,74.495003,74.972504,73.915001,74.614998,63.957355,5739200
2020-10-16,74.889999,76.550003,74.680000,76.400002,65.487411,7449600
2020-10-19,76.282501,76.907501,74.535004,74.887497,64.190948,7710400
2020-10-20,75.305000,76.025002,74.855003,75.247498,64.499504,6003200
2020-10-21,74.724998,75.620003,73.857498,74.419998,63.790203,7796000
2020-10-22,74.904999,76.077499,74.805000,75.567497,64.773804,8463600
2020-10-23,75.775002,76.387497,75.410004,75.767502,64.945251,5617200
2020-10-26,75.320000,75.737503,74.394997,75.662498,64.855247,5707600
2020-10-27,76.139999,76.430000,75.019997,75.779999,64.955956,4834200
2020-10-28,74.739998,76.050003,74.290001,74.459999,63.824505,7508900
2020-10-29,74.379997,75.029999,72.940002,74.010002,63.438766,7753100
2020-10-30,73.730003,74.349998,72.500000,73.209999,62.753044,8790500
2020-11-02,74.099998,75.449997,73.720001,75.129997,64.398804,9233600
2020-11-03,76.050003,76.930000,75.389999,76.019997,65.161659,6887900
2020-11-04,74.510002,74.910004,73.000000,73.320000,62.847328,12128800
2020-11-05,75.300003,76.250000,74.489998,74.750000,64.073082,8644100
2020-11-06,75.000000,76.059998,74.120003,75.720001,64.904518,6076100
2020-11-09,81.089996,83.339996,75.349998,75.510002,64.724518,12864500
2020-11-10,77.389999,77.529999,75.309998,75.989998,65.135971,8649200
2020-11-11,76.510002,78.379997,76.209999,77.540001,66.464561,6903300
2020-11-12,77.610001,77.900002,76.019997,76.669998,65.718842,5901900
2020-11-13,77.000000,77.730003,76.790001,77.190002,66.164574,6235000
2020-11-16,78.199997,78.279999,76.320000,77.750000,66.644577,7667600
2020-11-17,77.750000,78.470001,76.389999,76.610001,65.667412,5866300
2020-11-18,77.320000,77.360001,75.769997,75.790001,64.964546,6501900
2020-11-19,75.940002,76.019997,74.809998,75.129997,64.398804,7392300
2020-11-20,75.279999,76.330002,75.250000,75.550003,64.758812,5891000
2020-11-23,76.000000,76.019997,74.129997,74.570000,63.918793,7634600
2020-11-24,75.470001,75.660004,74.510002,74.980003,64.270226,6699600
2020-11-25,74.669998,76.019997,74.489998,75.970001,65.424210,6443100
2020-11-27,76.050003,76.129997,74.699997,75.129997,64.700821,3669300
2020-11-30,75.300003,75.400002,73.250000,73.589996,63.374592,13120300
2020-12-01,74.120003,75.570000,73.949997,74.150002,63.856850,8099500
2020-12-02,74.139999,74.360001,72.910004,74.309998,63.994648,5128800
2020-12-03,74.040001,74.550003,73.019997,73.349998,63.167915,7660500
2020-12-04,73.120003,73.550003,71.940002,72.519997,62.453140,7763800
2020-12-07,72.500000,73.790001,72.400002,73.269997,63.099018,6752200
2020-12-08,72.860001,74.290001,72.129997,73.680000,63.452099,8255400
2020-12-09,73.540001,73.900002,72.449997,73.669998,63.443497,6683700
2020-12-10,73.790001,74.110001,72.989998,73.279999,63.107624,6204600
2020-12-11,73.139999,73.889999,73.010002,73.800003,63.555431,6022500
2020-12-14,74.400002,75.220001,73.500000,73.550003,63.340149,5759900
2020-12-15,73.660004,75.300003,73.290001,74.910004,64.511345,6859400
2020-12-16,75.180000,75.750000,74.199997,74.440002,64.106598,7787700
2020-12-17,75.059998,76.019997,74.839996,75.059998,64.640541,9384200
2020-12-18,75.089996,75.540001,73.930000,74.510002,64.166908,13298300
2020-12-21,73.940002,74.550003,72.879997,74.400002,64.072144,7251400
2020-12-22,74.440002,75.230003,73.879997,74.709999,64.339111,5335300
2020-12-23,75.160004,75.550003,74.330002,74.330002,64.011871,4626400
2020-12-24,74.449997,75.160004,74.160004,74.980003,64.571655,1387500
2020-12-28,75.430000,75.879997,75.040001,75.489998,65.010849,3753700
2020-12-29,75.610001,75.870003,75.110001,75.330002,64.873055,3774900
2020-12-30,75.629997,76.279999,75.510002,75.910004,65.372559,3804800
2020-12-31,75.900002,77.190002,75.660004,77.150002,66.440437,4119400
2021-01-04,77.209999,77.500000,73.580002,74.220001,63.917152,9388400
2021-01-05,74.510002,75.180000,74.059998,74.769997,64.390808,7339800
2021-01-06,76.650002,79.370003,75.599998,78.430000,67.542717,12155700
2021-01-07,79.900002,80.660004,78.889999,79.290001,68.283348,8816000
2021-01-08,79.830002,81.209999,79.440002,81.129997,69.867928,8376200
2021-01-11,80.980003,81.000000,78.970001,79.690002,68.627808,7064300
2021-01-12,79.650002,80.550003,78.540001,79.750000,68.679497,7669300
2021-01-13,80.599998,82.239998,80.160004,81.839996,70.479362,8542600
2021-01-14,81.959999,82.739998,81.150002,82.529999,71.073593,8899000
2021-01-15,82.440002,83.260002,81.949997,82.040001,70.651588,10561600
2021-01-19,82.500000,83.199997,81.760002,82.809998,71.314720,8142700
2021-01-20,82.650002,85.029999,82.419998,84.050003,72.382591,8576800
2021-01-21,84.250000,84.750000,83.650002,83.709999,72.089783,9268600
2021-01-22,83.949997,84.550003,83.550003,84.209999,72.520378,6371800
2021-01-25,84.120003,87.690002,84.099998,86.870003,74.811142,13215600
2021-01-26,86.650002,87.260002,84.750000,85.230003,73.398804,12476900
2021-01-27,84.599998,84.800003,79.610001,80.190002,69.058403,16893300
2021-01-28,80.669998,83.860001,80.050003,82.459999,71.013283,8541300
2021-01-29,81.820000,82.459999,80.220001,80.870003,69.644028,13189700
2021-02-01,82.269997,83.139999,80.849998,81.699997,70.358810,5589500
2021-02-02,82.110001,84.470001,82.050003,82.930000,71.418060,6645400
2021-02-03,83.449997,83.879997,82.910004,83.050003,71.521393,5971200
2021-02-04,83.019997,83.550003,82.570000,83.000000,71.478340,6398400
2021-02-05,83.379997,84.550003,83.000000,83.599998,71.995033,5745800
2021-02-08,84.000000,84.730003,83.129997,83.400002,71.822830,6792300
2021-02-09,83.559998,84.370003,83.000000,83.830002,72.193138,5008900
2021-02-10,84.949997,84.989998,83.449997,83.910004,72.262024,6200800
2021-02-11,84.000000,84.800003,83.620003,83.949997,72.296478,4417200
2021-02-12,84.029999,84.169998,82.620003,83.129997,71.590286,5787200
2021-02-16,83.290001,83.570000,80.989998,81.190002,69.919624,8312600
2021-02-17,80.830002,81.029999,79.620003,80.680000,69.480392,8598300
2021-02-18,80.830002,81.290001,79.940002,80.730003,69.523460,5378900
2021-02-19,80.440002,80.580002,77.949997,78.099998,67.258537,9660900
2021-02-22,77.800003,77.940002,74.550003,75.099998,64.674995,13190300
2021-02-23,75.000000,75.000000,73.309998,74.709999,64.339111,12719000
2021-02-24,74.830002,74.910004,73.330002,73.760002,63.520985,12302200
2021-02-25,73.349998,74.339996,72.709999,74.059998,64.113998,11747100
2021-02-26,74.129997,75.559998,73.470001,73.480003,63.611897,12583200
2021-03-01,74.639999,76.910004,74.370003,75.910004,65.715561,12272600
2021-03-02,76.629997,76.849998,75.449997,75.540001,65.395248,8738500
2021-03-03,75.779999,75.930000,72.089996,72.519997,62.780819,11748900
2021-03-04,72.290001,73.059998,70.489998,71.290001,61.716000,11998700
2021-03-05,71.610001,72.000000,68.330002,70.699997,61.205227,15509900
2021-03-08,71.000000,72.440002,70.550003,70.860001,61.343750,12479400
2021-03-09,72.410004,74.709999,72.320000,74.019997,64.079391,9363700
2021-03-10,73.809998,74.739998,72.690002,74.459999,64.460289,8247200
2021-03-11,74.959999,75.550003,74.459999,74.860001,64.806564,6602500
2021-03-12,75.180000,76.010002,74.040001,75.669998,65.507782,6113100
2021-03-15,75.489998,76.209999,75.040001,75.519997,65.377914,7129200
2021-03-16,75.169998,76.339996,75.129997,75.379997,65.256721,6512700
2021-03-17,75.000000,75.190002,72.809998,72.959999,63.161724,10343300
2021-03-18,73.000000,73.010002,70.269997,71.129997,61.577477,14198800
2021-03-19,71.180000,72.629997,70.059998,70.839996,61.326424,22806700
2021-03-22,70.760002,72.430000,70.760002,71.690002,62.062290,10057700
2021-03-23,71.580002,74.290001,71.570000,74.019997,64.079391,10723800
2021-03-24,73.430000,73.660004,72.410004,72.830002,63.049194,14537400
2021-03-25,73.110001,73.730003,72.470001,73.449997,63.585930,6823600
2021-03-26,73.099998,74.129997,72.639999,74.059998,64.113998,10106000
2021-03-29,74.110001,75.199997,73.690002,74.800003,64.754623,8644500
2021-03-30,74.110001,74.559998,73.739998,74.220001,64.252533,5964600
2021-03-31,74.540001,75.940002,74.430000,75.610001,65.455849,9430500
2021-04-01,75.500000,76.379997,75.379997,75.769997,65.594360,6548900
2021-04-05,76.540001,77.489998,76.540001,76.779999,66.468697,7328400
2021-04-06,76.570000,77.750000,75.949997,77.559998,67.143951,6570500
2021-04-07,77.610001,78.059998,76.779999,77.410004,67.014107,6761600
2021-04-08,77.699997,78.410004,77.440002,77.760002,67.317093,7454600
2021-04-09,77.900002,78.180000,77.620003,77.940002,67.472946,4969600
2021-04-12,77.779999,78.290001,77.209999,77.639999,67.213219,6052900
2021-04-13,77.279999,79.199997,77.250000,79.040001,68.425209,6319000
2021-04-14,78.540001,79.230003,78.379997,79.129997,68.503128,4478200
2021-04-15,79.209999,80.269997,79.019997,80.180000,69.412102,5012400
2021-04-16,80.730003,81.410004,80.250000,80.940002,70.070061,15124100
2021-04-19,81.000000,81.370003,79.620003,79.790001,69.074486,7658200
2021-04-20,79.660004,80.959999,79.629997,80.529999,69.715088,7192100
2021-04-21,80.879997,81.180000,77.690002,77.970001,67.498909,8565100
2021-04-22,78.199997,79.300003,78.019997,78.320000,67.801888,8261700
2021-04-23,78.190002,78.629997,77.830002,78.239998,67.732651,6034900
2021-04-26,78.389999,78.610001,77.540001,77.930000,67.464264,7425100
2021-04-27,77.930000,78.150002,77.080002,77.279999,66.901573,5871900
2021-04-28,77.250000,77.449997,76.629997,77.089996,66.737083,5522200
2021-04-29,77.099998,77.769997,76.660004,77.220001,66.849625,5558700
2021-04-30,77.239998,77.639999,76.690002,77.510002,67.100662,8024600
2021-05-03,77.830002,77.989998,76.519997,76.699997,66.399467,6076000
2021-05-04,76.199997,76.410004,74.760002,75.690002,65.525101,9178300
2021-05-05,75.760002,75.900002,73.400002,73.779999,63.871605,10643200
2021-05-06,74.000000,74.190002,73.309998,74.010002,64.070709,7069200
2021-05-07,74.500000,75.629997,74.500000,74.529999,64.520859,5677400
2021-05-10,74.339996,75.720001,74.260002,74.800003,64.754623,6210400
2021-05-11,73.620003,74.150002,72.690002,74.070000,64.122658,10515100
2021-05-12,73.500000,73.660004,71.500000,71.540001,61.932426,9093200
2021-05-13,72.150002,73.139999,71.680000,72.629997,62.876030,5469300
2021-05-14,73.000000,73.650002,72.790001,73.120003,63.300236,5446200
2021-05-17,73.000000,73.160004,71.709999,71.900002,62.244091,10369300
2021-05-18,71.750000,72.669998,71.279999,72.290001,62.581707,8195100
2021-05-19,71.610001,72.720001,71.199997,72.660004,62.902023,8486600
2021-05-20,73.129997,74.769997,72.989998,74.290001,64.313103,10798500
2021-05-21,74.580002,75.250000,73.989998,74.440002,64.442993,8689300
2021-05-24,74.769997,74.879997,73.919998,74.029999,64.088036,6746900
2021-05-25,74.019997,74.019997,73.150002,73.370003,63.516670,7440600
2021-05-26,73.400002,73.809998,73.050003,73.470001,63.603222,7408800
2021-05-27,73.620003,73.809998,72.800003,73.000000,63.196350,10956100
2021-05-28,73.599998,74.230003,73.190002,73.220001,63.386814,9177500
2021-06-01,73.400002,73.400002,72.040001,72.120003,62.764568,9056100
2021-06-02,72.080002,73.169998,71.820000,72.709999,63.278027,6421000
2021-06-03,72.019997,72.980003,72.019997,72.370003,62.982121,8871500
2021-06-04,72.680000,72.889999,72.260002,72.339996,62.956024,6586300
2021-06-07,72.570000,72.949997,72.110001,72.470001,63.069160,5988500
2021-06-08,72.919998,73.110001,71.709999,72.139999,62.781952,5803000
2021-06-09,72.370003,72.900002,72.070000,72.449997,63.051746,6660400
2021-06-10,72.339996,73.550003,72.169998,73.510002,63.974255,8203300
2021-06-11,73.599998,73.599998,72.919998,73.489998,63.956852,4548400
2021-06-14,73.610001,73.940002,73.029999,73.309998,63.800186,4991900
2021-06-15,73.419998,74.070000,73.070000,73.430000,63.904633,7770300
2021-06-16,74.000000,74.589996,73.110001,73.300003,63.791500,9646200
2021-06-17,73.339996,74.970001,73.019997,74.580002,64.905441,10553800
2021-06-18,74.440002,74.919998,73.029999,73.279999,63.774078,17539000
2021-06-21,73.690002,74.529999,72.620003,74.330002,64.687889,6499700
2021-06-22,74.180000,74.739998,74.080002,74.110001,64.496414,5513100
2021-06-23,74.120003,74.309998,73.010002,73.349998,63.834999,6079700
2021-06-24,73.480003,73.589996,72.589996,72.879997,63.425980,7925200
2021-06-25,73.220001,73.959999,73.209999,73.860001,64.278839,6676800
2021-06-28,74.769997,75.849998,74.629997,75.150002,65.401512,8444300
2021-06-29,74.750000,75.650002,74.029999,74.080002,64.470306,6477400
2021-06-30,74.269997,74.489998,73.070000,73.279999,63.774078,8672600
2021-07-01,73.300003,74.480003,73.080002,74.190002,64.566032,6423000
2021-07-02,74.330002,74.440002,73.720001,74.279999,64.644371,4282300
2021-07-06,74.510002,75.169998,74.040001,75.129997,65.384102,6957200
2021-07-07,75.260002,75.610001,74.849998,75.330002,65.558159,5661800
2021-07-08,74.620003,76.019997,74.419998,75.129997,65.384102,5881400
2021-07-09,75.000000,75.419998,74.279999,74.989998,65.262276,5592800
2021-07-12,75.199997,75.489998,74.379997,75.089996,65.349274,5743500
2021-07-13,75.099998,75.760002,74.629997,74.860001,65.149117,5165500
2021-07-14,75.000000,76.169998,74.639999,75.699997,65.880165,6956100
2021-07-15,75.660004,76.879997,75.190002,76.820000,66.854851,7638200
2021-07-16,76.870003,78.349998,76.870003,77.919998,67.812172,9088000
2021-07-19,77.430000,78.379997,76.019997,76.989998,67.002815,9891800
2021-07-20,77.019997,77.699997,76.860001,77.169998,67.159470,6562000
2021-07-21,77.169998,77.279999,75.809998,75.879997,66.036812,8931900
2021-07-22,75.989998,76.650002,75.889999,76.120003,66.245697,5534800
2021-07-23,76.529999,77.410004,75.919998,77.199997,67.185585,4953500
2021-07-26,76.790001,77.139999,76.440002,76.910004,66.933197,6014000
2021-07-27,76.879997,77.980003,76.110001,77.860001,67.759972,7592100
2021-07-28,77.889999,78.330002,77.220001,77.849998,67.751266,5177500
2021-07-29,78.000000,78.400002,77.620003,78.160004,68.021042,4141900
2021-07-30,77.980003,78.849998,77.739998,77.900002,67.794777,5488900
2021-08-02,78.470001,78.910004,78.129997,78.809998,68.586739,7520700
2021-08-03,78.750000,79.849998,78.370003,79.419998,69.117607,6249400
2021-08-04,79.360001,80.000000,78.769997,79.870003,69.509239,8050200
2021-08-05,79.790001,80.620003,79.529999,80.489998,70.048805,6283700
2021-08-06,80.489998,81.000000,80.059998,80.610001,70.153236,4634300
2021-08-09,80.959999,81.139999,80.120003,80.559998,70.109741,5621600
2021-08-10,80.680000,80.809998,80.199997,80.529999,70.083618,4506800
2021-08-11,81.139999,83.410004,80.970001,82.370003,71.684929,9419300
2021-08-12,82.019997,83.129997,81.830002,83.000000,72.233215,6762800
2021-08-13,83.250000,83.550003,82.830002,83.449997,72.624832,3999500
2021-08-16,83.449997,84.430000,83.150002,83.949997,73.059967,8579700
2021-08-17,83.599998,84.000000,83.120003,83.959999,73.068672,5257000
2021-08-18,84.230003,84.959999,83.889999,84.419998,73.468994,9511700
2021-08-19,83.970001,85.099998,83.919998,84.550003,73.582123,6968000
2021-08-20,84.540001,86.430000,84.019997,86.279999,75.087723,7589700
2021-08-23,85.809998,86.080002,84.010002,84.400002,73.451599,8837100
2021-08-24,84.230003,84.480003,83.410004,84.139999,73.225319,5786100
2021-08-25,84.139999,84.860001,83.580002,84.529999,73.564713,5930000
2021-08-26,84.110001,84.190002,83.669998,83.809998,73.271835,5294000
2021-08-27,83.940002,84.190002,83.339996,83.410004,72.922142,5974200
2021-08-30,83.260002,84.250000,83.010002,83.949997,73.394241,6001700
2021-08-31,83.820000,84.440002,83.510002,83.989998,73.429230,6844000
2021-09-01,84.150002,85.760002,84.059998,85.339996,74.609467,5862300
2021-09-02,85.419998,86.510002,85.419998,86.480003,75.606133,5214000
2021-09-03,85.760002,86.309998,85.379997,85.690002,74.915466,4621100
2021-09-07,85.440002,85.489998,84.470001,85.029999,74.338440,6791300
2021-09-08,85.120003,86.970001,84.790001,86.440002,75.571167,6230100
2021-09-09,86.290001,86.669998,85.750000,85.839996,75.046600,4108300
2021-09-10,85.970001,85.970001,84.599998,84.930000,74.251030,5508000
2021-09-13,85.889999,85.940002,84.389999,84.580002,73.945038,6498800
2021-09-14,84.790001,85.190002,84.449997,84.639999,73.997498,4658200
2021-09-15,84.330002,85.139999,84.059998,84.610001,73.971260,5707000
2021-09-16,84.480003,84.970001,83.660004,84.000000,73.437965,5380600
2021-09-17,83.400002,83.930000,81.550003,81.639999,71.374710,15390400
2021-09-20,81.540001,82.540001,80.660004,81.690002,71.418434,8994100
2021-09-21,81.930000,82.860001,81.730003,81.919998,71.619499,6450700
2021-09-22,82.089996,82.910004,81.570000,81.900002,71.602013,5662200
2021-09-23,82.180000,82.379997,81.139999,81.269997,71.051231,6414300
2021-09-24,81.239998,81.730003,80.489998,80.699997,70.552910,6113800
2021-09-27,80.010002,80.790001,78.550003,78.760002,68.856827,8600900
2021-09-28,78.480003,78.589996,77.010002,77.269997,67.554176,9257400
2021-09-29,77.620003,79.029999,77.449997,78.349998,68.498375,7496100
2021-09-30,78.839996,79.410004,77.900002,78.519997,68.646996,10186800
2021-10-01,79.019997,79.589996,78.019997,79.209999,69.250237,7961100
2021-10-04,79.050003,79.919998,78.510002,79.360001,69.381378,6027800
2021-10-05,79.430000,79.900002,79.089996,79.480003,69.486298,5434600
2021-10-06,79.260002,81.290001,78.650002,81.180000,70.972549,6876200
2021-10-07,81.480003,82.610001,80.790001,80.919998,70.745255,5753200
2021-10-08,81.010002,81.029999,80.150002,80.209999,70.124512,3592900
2021-10-11,79.199997,79.360001,77.739998,77.830002,68.043793,8798700
2021-10-12,78.099998,79.180000,77.570000,78.870003,68.953003,7791200
2021-10-13,79.040001,80.360001,78.589996,80.190002,70.107033,6260100
2021-10-14,80.360001,81.849998,80.209999,81.459999,71.217346,6486000
2021-10-15,81.940002,82.449997,81.199997,81.669998,71.400925,14634200
2021-10-18,81.339996,81.660004,80.760002,80.989998,70.806450,4942100
2021-10-19,81.720001,82.150002,81.220001,82.029999,71.715683,5717500
2021-10-20,82.750000,84.660004,82.379997,83.919998,73.368004,6942600
2021-10-21,84.209999,84.699997,83.720001,83.809998,73.271835,4945000
2021-10-22,83.970001,84.589996,83.739998,84.419998,73.805145,4732400
2021-10-25,84.400002,84.809998,83.930000,84.290001,73.691505,3987300
2021-10-26,84.410004,86.279999,84.370003,85.470001,74.723114,6969100
2021-10-27,86.010002,86.349998,84.760002,85.010002,74.320969,4356900
2021-10-28,84.919998,86.489998,84.730003,86.419998,75.553680,6568400
2021-10-29,86.169998,86.459999,84.940002,85.330002,74.600731,7792600
2021-11-01,85.440002,85.820000,84.930000,85.589996,74.828041,5135200
2021-11-02,85.849998,86.239998,84.389999,85.419998,74.679405,7266400
2021-11-03,85.669998,85.800003,84.239998,85.239998,74.522049,5723200
2021-11-04,85.160004,85.389999,83.169998,84.760002,74.102402,6594000
2021-11-05,84.750000,85.709999,84.320000,85.529999,74.775589,4885400
2021-11-08,85.529999,85.599998,84.040001,84.589996,73.953773,5391000
2021-11-09,84.690002,85.169998,84.360001,84.940002,74.259766,3917600
2021-11-10,84.940002,85.370003,84.510002,85.199997,74.487083,5192700
2021-11-11,85.470001,85.500000,84.570000,85.370003,74.635719,5370200
2021-11-12,85.370003,86.669998,85.029999,86.309998,75.457512,6467100
2021-11-15,86.910004,87.349998,86.470001,87.339996,76.357994,5543000
2021-11-16,87.070000,87.419998,86.669998,86.980003,76.043266,5497200
2021-11-17,86.830002,87.879997,86.410004,87.779999,76.742653,6203100
2021-11-18,87.720001,87.879997,86.820000,87.599998,76.585297,5537400
2021-11-19,88.000000,88.830002,87.000000,88.309998,77.206017,6765100
2021-11-22,88.150002,88.419998,87.330002,87.360001,76.375488,5214500
2021-11-23,87.099998,87.900002,86.529999,87.309998,76.331757,7408000
2021-11-24,86.610001,87.300003,86.190002,87.209999,76.582024,4553900
2021-11-26,86.919998,87.449997,85.860001,86.089996,75.598518,4340700
2021-11-29,87.220001,88.919998,86.550003,88.660004,77.855331,8712500
2021-11-30,88.050003,88.949997,86.419998,86.779999,76.204445,16328300
2021-12-01,87.000000,89.680000,87.000000,87.839996,77.135246,10062800
2021-12-02,87.949997,89.519997,87.610001,88.620003,77.820206,8303500
2021-12-03,89.150002,89.150002,86.019997,88.029999,77.302109,11191000
2021-12-06,88.070000,89.750000,87.879997,89.150002,78.285599,8946400
2021-12-07,89.529999,90.550003,88.940002,90.410004,79.392067,7909700
2021-12-08,90.699997,90.919998,89.589996,90.320000,79.313026,5356500
2021-12-09,90.500000,90.500000,89.510002,89.910004,78.953003,5731200
2021-12-10,90.010002,90.900002,89.800003,90.279999,79.277908,4996700
2021-12-13,90.260002,92.120003,90.139999,91.739998,80.559982,6446500
2021-12-14,91.230003,91.650002,89.449997,90.029999,79.058380,11022600
2021-12-15,90.290001,92.059998,89.580002,92.000000,80.788284,9590000
2021-12-16,91.620003,92.699997,91.519997,92.230003,80.990265,7623300
2021-12-17,92.000000,92.360001,90.739998,90.940002,79.857475,15335400
2021-12-20,89.800003,90.080002,88.510002,89.940002,78.979332,10167700
2021-12-21,90.650002,91.339996,89.360001,90.449997,79.427185,6287900
2021-12-22,90.239998,90.879997,89.889999,90.800003,79.734528,4142900
2021-12-23,90.680000,91.309998,90.400002,90.699997,79.646713,5845600
2021-12-27,90.849998,91.349998,90.629997,91.320000,80.191154,5410300
2021-12-28,91.660004,92.190002,91.510002,91.879997,80.682915,3096400
2021-12-29,91.949997,92.260002,91.589996,91.989998,80.779518,2945400
2021-12-30,92.230003,92.910004,91.809998,92.769997,81.464447,3716300
2021-12-31,92.580002,93.730003,92.500000,93.360001,81.982559,4811800
2022-01-03,93.419998,93.650002,90.540001,91.660004,80.489731,7864400
2022-01-04,91.650002,91.930000,90.620003,90.680000,79.629158,8379100
2022-01-05,90.279999,91.500000,89.680000,89.730003,78.794945,6722300
2022-01-06,89.089996,89.360001,85.650002,85.769997,75.317505,12658600
2022-01-07,85.769997,86.870003,84.510002,86.410004,75.879539,13359300
2022-01-10,85.800003,86.360001,83.739998,84.290001,74.017899,11378700
2022-01-11,83.830002,85.010002,83.680000,84.790001,74.456947,8395900
2022-01-12,84.279999,85.809998,84.099998,85.089996,74.720383,6484000
2022-01-13,85.580002,85.809998,84.720001,84.900002,74.553543,7203100
2022-01-14,84.879997,85.150002,82.669998,83.199997,73.060707,11084300
2022-01-18,82.000000,82.169998,80.699997,81.250000,71.348381,10848100
2022-01-19,81.040001,83.349998,81.000000,82.589996,72.525055,9673900
2022-01-20,83.320000,85.279999,83.150002,83.510002,73.332939,12028900
2022-01-21,83.699997,83.930000,81.830002,82.599998,72.533859,12809100
2022-01-24,81.650002,82.050003,79.239998,81.919998,71.936722,14689800
2022-01-25,78.199997,80.190002,74.790001,75.099998,65.947830,22925000
2022-01-26,76.500000,76.529999,72.360001,72.639999,63.787636,24721700
2022-01-27,73.300003,74.389999,72.410004,72.510002,63.673473,21250600
2022-01-28,72.320000,72.949997,69.790001,72.500000,63.664680,25537100
2022-01-31,72.910004,78.300003,72.750000,78.120003,68.599800,21787800
2022-02-01,78.040001,79.470001,76.029999,77.230003,67.818268,12082900
2022-02-02,77.419998,78.010002,76.830002,77.730003,68.257324,8397700
2022-02-03,76.559998,77.290001,75.430000,75.769997,66.536179,7960700
2022-02-04,75.099998,76.839996,74.540001,76.010002,66.746925,12132000
2022-02-07,76.000000,76.120003,75.300003,75.680000,66.457153,8184500
2022-02-08,75.750000,76.750000,75.220001,75.459999,66.263962,6758500
2022-02-09,76.610001,77.269997,76.320000,76.660004,67.317726,7390900
2022-02-10,74.910004,76.849998,74.699997,75.449997,66.255188,9673300
2022-02-11,75.900002,76.699997,74.669998,74.959999,65.824883,8999100
2022-02-14,74.949997,75.309998,73.879997,74.919998,65.789780,8329200
2022-02-15,75.730003,76.470001,74.739998,75.089996,65.939049,9102000
2022-02-16,75.129997,75.639999,74.480003,75.230003,66.061989,7505100
2022-02-17,74.720001,75.839996,74.489998,75.379997,66.193718,10093100
2022-02-18,74.959999,75.809998,73.820000,74.150002,65.113594,9558600
2022-02-22,73.930000,74.459999,73.269997,73.779999,64.788712,8233400
2022-02-23,74.220001,74.419998,72.220001,72.320000,63.506634,7837100
2022-02-24,71.000000,75.779999,70.739998,75.440002,66.246414,15750400
2022-02-25,76.120003,77.239998,75.220001,77.160004,67.756798,12609500
2022-02-28,77.089996,78.870003,76.800003,78.269997,69.112183,16345600
2022-03-01,78.070000,78.830002,76.540001,77.440002,68.379311,13930300
2022-03-02,77.290001,77.809998,76.489998,77.550003,68.476440,6988700
2022-03-03,77.849998,79.360001,77.660004,78.790001,69.571350,10075500
2022-03-04,78.930000,80.449997,78.480003,80.209999,70.825211,8996400
2022-03-07,80.959999,84.389999,80.720001,84.180000,74.330696,19948900
2022-03-08,84.309998,85.400002,81.739998,81.949997,72.361626,14717600
2022-03-09,82.379997,82.480003,80.110001,80.320000,70.922333,12710000
2022-03-10,79.559998,80.459999,78.440002,80.160004,70.781067,9554300
2022-03-11,80.300003,81.089996,79.239998,79.300003,70.021690,7230600
2022-03-14,79.680000,80.639999,78.699997,79.279999,70.004028,7133800
2022-03-15,80.199997,82.260002,80.099998,81.980003,72.388107,9567000
2022-03-16,81.849998,82.739998,80.839996,82.510002,72.856102,8261200
2022-03-17,82.559998,83.239998,82.419998,82.690002,73.015045,6341900
2022-03-18,82.919998,83.489998,82.239998,82.370003,72.732483,13470800
2022-03-21,82.000000,82.760002,81.489998,81.800003,72.229195,7181700
2022-03-22,81.870003,82.959999,81.419998,82.849998,73.156334,8516800
2022-03-23,82.480003,83.099998,82.010002,82.570000,72.909096,6125800
2022-03-24,82.910004,83.790001,82.760002,83.699997,73.906853,5498000
2022-03-25,84.089996,84.239998,83.209999,83.940002,74.118797,5481000
2022-03-28,84.050003,84.720001,83.680000,84.430000,74.551453,6177700
2022-03-29,85.000000,85.040001,83.650002,84.620003,74.719215,8954300
2022-03-30,85.129997,85.779999,84.629997,85.500000,75.496254,6829300
2022-03-31,85.059998,86.279999,84.709999,84.709999,74.798691,10082800
2022-04-01,84.489998,85.800003,84.129997,85.709999,75.681694,6453800
2022-04-04,85.639999,85.910004,84.639999,85.620003,75.602219,6465700
2022-04-05,85.860001,87.449997,85.720001,86.330002,76.229156,7203200
2022-04-06,86.169998,86.519997,85.430000,86.489998,76.370430,7621900
2022-04-07,86.300003,87.290001,85.699997,87.080002,76.891411,7817400
2022-04-08,87.160004,87.519997,85.959999,86.089996,76.017220,5731600
2022-04-11,86.150002,86.220001,84.349998,84.580002,74.683899,6745200
2022-04-12,84.449997,84.839996,83.379997,83.889999,74.074623,8714800
2022-04-13,84.370003,84.480003,83.080002,83.550003,73.774406,7858500
2022-04-14,83.550003,83.889999,82.779999,82.809998,73.121002,7164100
2022-04-18,83.000000,83.610001,81.059998,81.709999,72.149689,6279100
2022-04-19,81.760002,82.099998,81.110001,81.830002,72.255661,8104800
2022-04-20,83.029999,83.029999,81.320000,81.510002,71.973091,8457000
2022-04-21,80.320000,81.000000,75.980003,76.180000,67.266739,17712800
2022-04-22,76.169998,76.370003,73.879997,73.949997,65.297638,15284800
2022-04-25,74.000000,74.510002,71.589996,74.040001,65.377106,15697900
2022-04-26,74.050003,74.970001,73.489998,73.570000,64.962112,10971600
2022-04-27,73.830002,75.139999,73.190002,73.269997,64.697205,10989600
2022-04-28,73.500000,73.910004,72.769997,73.489998,64.891472,11325600
2022-04-29,72.879997,73.449997,70.879997,71.019997,62.710464,14912900
2022-05-02,71.099998,71.510002,68.519997,69.870003,61.695011,14338100
2022-05-03,70.000000,71.529999,69.570000,70.760002,62.480877,10419900
2022-05-04,72.000000,73.330002,70.730003,73.059998,64.511772,10859600
2022-05-05,72.699997,72.970001,71.199997,71.839996,63.434528,10382300
2022-05-06,71.260002,72.860001,71.089996,72.470001,63.990822,9364900
2022-05-09,71.800003,72.080002,70.260002,70.709999,62.436729,10442700
2022-05-10,71.000000,71.739998,68.720001,69.989998,61.800964,14731900
2022-05-11,69.650002,71.349998,69.540001,70.199997,61.986401,11129000
2022-05-12,69.589996,70.489998,67.220001,68.510002,60.494141,15364900
2022-05-13,69.430000,70.190002,68.529999,69.800003,61.633186,8010600
2022-05-16,69.639999,70.720001,69.400002,70.120003,61.915768,7339500
2022-05-17,70.900002,72.029999,70.129997,72.019997,63.593472,8889300
2022-05-18,71.790001,72.250000,70.709999,71.000000,62.692799,10316800
2022-05-19,71.089996,71.089996,69.529999,70.459999,62.215977,9593500
2022-05-20,70.900002,71.559998,69.980003,71.220001,62.887066,9747800
2022-05-23,71.809998,72.589996,71.459999,72.550003,64.061440,10378700
2022-05-24,72.610001,74.919998,72.169998,74.669998,65.933395,11133500
2022-05-25,75.120003,75.150002,73.589996,74.790001,66.039360,11192100
2022-05-26,75.050003,75.750000,74.769997,75.040001,66.260109,9431300
2022-05-27,74.489998,77.449997,74.169998,77.430000,68.759903,9435300
2022-05-31,76.779999,76.940002,75.169998,75.690002,67.214737,29712000
2022-06-01,75.760002,76.629997,75.330002,76.169998,67.640991,7994100
2022-06-02,76.449997,78.650002,76.000000,78.519997,69.727852,9640600
2022-06-03,78.089996,78.940002,77.800003,78.690002,69.878822,9293500
2022-06-06,81.190002,81.489998,80.070000,80.190002,71.210861,12716900
2022-06-07,79.760002,80.180000,78.279999,79.779999,70.846748,7405600
2022-06-08,78.980003,79.580002,78.239998,78.489998,69.701202,5198000
2022-06-09,78.239998,78.860001,77.300003,77.339996,68.679970,8354800
2022-06-10,76.550003,76.900002,75.769997,75.910004,67.410103,8598500
2022-06-13,74.580002,74.760002,71.959999,72.410004,64.302017,11882300
2022-06-14,72.309998,73.120003,70.269997,71.480003,63.476151,11412500
2022-06-15,72.459999,75.550003,72.209999,74.190002,65.882698,12085300
2022-06-16,72.709999,73.080002,70.120003,70.870003,62.934464,12729200
2022-06-17,70.639999,72.750000,70.639999,70.809998,62.881157,15919000
2022-06-21,70.800003,73.400002,70.800003,72.730003,64.586174,8466900
2022-06-22,72.199997,75.550003,71.849998,74.690002,66.326706,12686500
2022-06-23,75.540001,77.410004,75.320000,77.199997,68.555641,12502500
2022-06-24,77.330002,78.129997,76.629997,78.019997,69.283844,9320500
2022-06-27,77.730003,78.180000,77.360001,77.889999,69.168396,6557200
2022-06-28,77.910004,78.330002,76.230003,76.440002,67.880760,6140200
2022-06-29,76.099998,76.540001,75.260002,76.000000,67.490013,7082200
2022-06-30,75.459999,78.239998,75.320000,77.459999,68.786537,8872900
2022-07-01,78.330002,80.639999,78.089996,80.559998,71.539429,7718400
2022-07-05,80.500000,80.720001,77.559998,79.110001,70.251785,11278600
2022-07-06,79.699997,80.199997,78.599998,79.570000,70.660294,7918400
2022-07-07,79.830002,80.580002,79.809998,80.379997,71.379570,5498000
2022-07-08,79.699997,80.430000,79.410004,80.250000,71.264145,5708300
2022-07-11,80.000000,80.980003,79.720001,80.680000,71.645988,6100400
2022-07-12,80.550003,80.900002,79.519997,79.949997,70.997726,7553900
2022-07-13,79.379997,81.300003,79.070000,80.260002,71.273018,7552400
2022-07-14,78.709999,80.349998,78.519997,80.129997,71.157570,6124400
2022-07-15,78.250000,78.849998,76.330002,78.709999,69.896576,8780600
2022-07-18,78.330002,78.660004,77.500000,77.510002,68.830948,6610800
2022-07-19,78.129997,79.330002,77.919998,78.930000,70.091949,6403800
2022-07-20,79.160004,79.400002,77.860001,78.320000,69.550247,6323700
2022-07-21,78.720001,78.959999,78.129997,78.870003,70.038666,7847600
2022-07-22,80.129997,81.800003,79.260002,80.250000,71.264145,11517100
2022-07-25,80.000000,81.040001,79.480003,80.980003,71.912399,5035600
2022-07-26,80.540001,80.620003,79.180000,79.910004,70.962212,6740900
2022-07-27,80.029999,80.779999,79.550003,80.379997,71.379570,6056200
2022-07-28,84.809998,86.269997,84.290001,84.540001,75.073792,13561500
2022-07-29,84.500000,85.410004,84.309998,84.489998,75.029358,11474800
2022-08-01,84.449997,85.419998,83.559998,85.309998,75.757538,7004500
2022-08-02,85.440002,86.769997,85.199997,85.669998,76.077248,7664200
2022-08-03,85.769997,86.820000,84.360001,86.459999,76.778786,7640400
2022-08-04,86.959999,88.660004,86.449997,87.980003,78.128586,8679200
2022-08-05,87.879997,88.489998,86.940002,87.980003,78.128586,8643200
2022-08-08,88.459999,88.959999,86.779999,87.519997,77.720100,7243200
2022-08-09,88.220001,89.110001,87.779999,88.919998,78.963348,5154000
2022-08-10,89.660004,90.080002,88.839996,89.779999,79.727036,5693300
2022-08-11,90.309998,91.029999,89.290001,89.430000,79.416222,7525800
2022-08-12,90.180000,90.650002,89.330002,90.470001,80.339775,5262500
2022-08-15,90.480003,91.199997,90.139999,91.000000,80.810417,5032700
2022-08-16,90.540001,91.349998,90.330002,90.529999,80.393051,5250600
2022-08-17,89.970001,90.669998,89.739998,90.199997,80.099998,4178000
2022-08-18,90.199997,90.629997,89.870003,90.239998,80.135529,5090700
2022-08-19,90.110001,90.589996,89.370003,89.709999,79.664864,5542800
2022-08-22,88.930000,89.529999,88.230003,88.540001,78.625885,5783400
2022-08-23,88.610001,88.650002,87.629997,87.980003,78.128586,3473600
2022-08-24,88.150002,88.779999,87.959999,88.709999,78.776840,5669200
2022-08-25,89.010002,89.459999,88.059998,89.389999,79.380714,5595200
2022-08-26,89.989998,90.559998,87.739998,88.059998,78.199623,7990000
2022-08-29,86.980003,87.849998,86.410004,87.019997,77.650833,5827800
2022-08-30,87.199997,87.330002,85.209999,85.699997,76.472961,7394200
2022-08-31,85.699997,86.269997,84.800003,85.059998,75.901855,6830900
2022-09-01,85.330002,86.459999,84.709999,86.260002,76.972656,5896300
2022-09-02,86.449997,87.230003,84.769997,85.110001,75.946487,5785700
2022-09-06,87.239998,88.269997,87.019997,87.370003,77.963165,11077100
2022-09-07,87.709999,90.419998,87.610001,90.239998,80.524155,11366600
2022-09-08,89.730003,91.059998,89.629997,90.269997,80.550911,8852500
2022-09-09,90.809998,90.980003,89.830002,89.900002,80.220741,5700400
2022-09-12,90.180000,90.849998,89.779999,90.809998,81.032776,5573800
2022-09-13,90.050003,90.470001,88.449997,88.860001,79.292732,5624800
2022-09-14,88.360001,89.370003,88.059998,88.879997,79.310570,7281500
2022-09-15,85.440002,86.800003,84.830002,86.010002,76.749565,18681000
2022-09-16,85.410004,85.989998,84.500000,84.790001,75.660942,19190700
2022-09-19,84.720001,86.900002,84.540001,86.839996,77.490219,8821000
2022-09-20,85.989998,86.449997,84.930000,85.690002,76.464027,6242000
2022-09-21,86.000000,86.440002,83.949997,83.970001,74.929222,6706300
2022-09-22,83.800003,84.190002,83.029999,83.540001,74.545525,6748700
2022-09-23,82.500000,82.669998,81.339996,82.519997,73.635338,6719700
2022-09-26,82.470001,82.779999,80.320000,81.150002,72.412842,7702900
2022-09-27,82.019997,82.620003,80.110001,81.080002,72.350372,9247000
2022-09-28,82.290001,83.029999,81.250000,82.370003,73.501503,8713400
2022-09-29,82.169998,82.349998,79.459999,79.970001,71.359901,8291300
2022-09-30,80.300003,80.599998,78.290001,78.410004,69.967850,12854300
2022-10-03,79.830002,81.629997,79.220001,81.190002,72.448555,8115200
2022-10-04,81.980003,82.889999,81.559998,82.820000,73.903038,8193700
2022-10-05,81.750000,82.480003,80.519997,81.769997,72.966087,5468700
2022-10-06,81.629997,81.730003,78.849998,78.910004,70.414024,8374600
2022-10-07,78.559998,78.650002,76.190002,76.730003,68.468742,7697400
2022-10-10,77.029999,77.680000,76.400002,76.739998,68.477646,6118000
2022-10-11,76.250000,76.930000,75.220001,76.029999,67.844109,9143100
2022-10-12,75.809998,76.360001,72.620003,72.750000,64.917252,9715100
2022-10-13,71.589996,73.570000,70.389999,73.089996,65.220634,13643700
2022-10-14,73.790001,74.839996,71.440002,71.769997,64.042755,8735000
2022-10-17,72.800003,74.419998,72.750000,73.650002,65.720337,7563500
2022-10-18,75.550003,75.940002,74.110001,75.059998,66.978539,6998500
2022-10-19,74.239998,74.470001,72.519997,73.639999,65.711426,8579600
2022-10-20,73.360001,73.480003,69.809998,70.639999,63.034420,13023800
2022-10-21,71.080002,73.000000,70.300003,71.650002,63.935673,11161300
2022-10-24,72.489998,73.690002,71.959999,73.279999,65.390182,9989600
2022-10-25,73.750000,76.089996,73.599998,75.860001,67.692398,9216900
2022-10-26,75.860001,76.529999,75.300003,75.599998,67.460388,6247100
2022-10-27,76.050003,76.930000,75.459999,75.470001,67.344391,7163300
2022-10-28,76.750000,79.300003,76.650002,79.029999,70.521103,9123300
2022-10-31,78.449997,79.269997,76.760002,77.500000,69.155830,8273700
2022-11-01,78.190002,78.190002,77.169998,77.709999,69.343224,5410300
2022-11-02,77.699997,79.830002,77.019997,77.279999,68.959511,7119000
2022-11-03,76.739998,79.180000,76.360001,78.180000,69.762611,6920300
2022-11-04,78.599998,79.180000,77.419998,78.800003,70.315865,7758900
2022-11-07,78.730003,79.120003,76.290001,77.290001,68.968437,7008500
2022-11-08,77.669998,79.139999,77.160004,78.269997,69.842918,5518400
2022-11-09,78.599998,79.110001,78.000000,78.199997,69.780472,4940000
2022-11-10,81.309998,83.769997,79.949997,83.199997,74.242126,9315900
2022-11-11,83.269997,83.849998,81.980003,83.309998,74.340286,5730900
2022-11-14,83.089996,83.779999,81.610001,81.660004,72.867928,7904000
2022-11-15,82.519997,83.820000,82.040001,82.910004,73.983360,5594900
2022-11-16,83.059998,84.750000,83.059998,84.320000,75.241547,8444900
2022-11-17,83.260002,83.349998,81.870003,82.349998,73.483643,8333900
2022-11-18,83.260002,83.790001,82.570000,83.199997,74.242126,6664400
2022-11-21,82.620003,83.750000,82.620003,83.599998,74.599045,6593800
2022-11-22,84.059998,84.910004,83.720001,84.110001,75.054176,4105500
2022-11-23,83.540001,85.000000,83.440002,84.919998,76.161774,4259700
2022-11-25,85.269997,85.800003,85.129997,85.339996,76.538452,3622200
2022-11-28,84.339996,85.010002,83.339996,83.730003,75.094521,6464200
2022-11-29,82.910004,83.129997,81.980003,82.489998,73.982399,5398200
2022-11-30,82.089996,84.900002,82.059998,84.699997,75.964470,9739200
2022-12-01,85.400002,85.970001,83.989998,84.830002,76.081070,5830700
2022-12-02,83.730003,85.209999,83.400002,85.199997,76.412888,6316900
2022-12-05,85.000000,86.029999,84.769997,85.150002,76.368057,5511700
2022-12-06,84.910004,85.250000,83.709999,85.180000,76.394966,5027700
2022-12-07,85.160004,86.349998,84.610001,85.290001,76.493645,5108800
2022-12-08,85.269997,86.400002,84.900002,85.760002,76.915154,4281700
2022-12-09,85.559998,86.000000,84.419998,84.510002,75.794075,4460300
2022-12-12,85.120003,86.599998,84.800003,86.550003,77.623680,5348900
2022-12-13,88.000000,88.370003,86.000000,87.150002,78.161797,7179500
2022-12-14,87.459999,88.610001,86.339996,87.050003,78.072098,6111600
2022-12-15,86.900002,87.050003,85.480003,85.809998,76.959984,6469100
2022-12-16,84.599998,84.860001,83.269997,84.139999,75.462219,16949300
2022-12-19,83.980003,84.279999,82.959999,83.519997,74.906166,5681100
2022-12-20,83.400002,84.040001,82.750000,83.519997,74.906166,4811900
2022-12-21,83.849998,84.949997,83.650002,84.650002,75.919624,5356200
2022-12-22,84.540001,84.540001,82.160004,83.339996,74.744728,4491000
2022-12-23,83.000000,84.269997,83.000000,84.169998,75.489120,3254700
2022-12-27,84.099998,84.279999,83.470001,84.000000,75.336670,4726500
2022-12-28,84.199997,84.540001,82.980003,83.160004,74.583298,3536400
2022-12-29,83.730003,84.690002,83.489998,84.080002,75.408417,3378300
2022-12-30,83.949997,84.019997,82.480003,83.599998,74.977898,4266900
2023-01-03,84.370003,84.900002,82.540001,83.830002,75.184196,5535400
2023-01-04,84.360001,85.459999,83.830002,84.489998,75.776115,4831100
2023-01-05,83.610001,84.010002,82.139999,82.629997,74.107971,5472600
2023-01-06,83.559998,84.370003,82.820000,83.650002,75.022758,5235300
2023-01-09,83.639999,84.930000,83.489998,84.070000,75.399445,4749000
2023-01-10,84.070000,84.599998,83.370003,84.540001,75.820992,4921100
2023-01-11,84.470001,85.360001,84.220001,85.000000,76.233543,6153500
2023-01-12,85.099998,85.669998,84.389999,85.070000,76.296303,4648600
2023-01-13,84.440002,84.970001,83.750000,84.680000,75.946526,4943200
2023-01-17,85.190002,86.470001,85.180000,85.739998,76.897194,8410200
2023-01-18,85.930000,86.040001,83.730003,83.800003,75.157295,6107700
2023-01-19,84.059998,84.339996,82.290001,82.589996,74.072083,7099700
2023-01-20,82.510002,82.540001,80.500000,81.820000,73.381500,9429200
2023-01-23,81.379997,83.220001,80.900002,82.669998,74.143845,6864300
2023-01-24,82.790001,84.199997,80.279999,83.900002,75.246979,6652300
2023-01-25,80.529999,80.989998,75.900002,76.589996,68.690903,28527400
2023-01-26,75.099998,77.449997,74.800003,76.400002,68.520500,18508700
2023-01-27,76.070000,76.400002,75.510002,75.580002,67.785057,13243200
2023-01-30,75.360001,76.349998,74.889999,75.050003,67.309715,10669600
2023-01-31,74.540001,74.830002,73.349998,74.629997,66.933037,19020400
2023-02-01,74.620003,75.040001,73.339996,74.239998,66.583252,15188700
2023-02-02,73.570000,76.839996,73.209999,75.599998,67.802994,18604100
2023-02-03,75.250000,75.440002,73.669998,74.669998,66.968903,11671500
2023-02-06,74.599998,75.570000,74.449997,75.510002,67.722275,9343400
2023-02-07,75.370003,76.580002,74.750000,76.080002,68.233498,10855800
2023-02-08,75.980003,76.150002,74.860001,75.029999,67.291779,9082200
2023-02-09,75.199997,75.940002,73.120003,73.269997,65.713310,13163500
2023-02-10,73.419998,75.250000,73.419998,74.739998,67.031693,9883000
2023-02-13,75.339996,76.010002,75.160004,75.620003,67.820946,8114200
2023-02-14,75.290001,76.330002,74.800003,76.029999,68.188660,7089400
2023-02-15,75.650002,77.089996,75.650002,76.940002,69.004791,9344300
2023-02-16,75.800003,76.519997,75.660004,75.690002,67.883713,7795600
2023-02-17,75.699997,76.480003,75.379997,76.070000,68.224518,9436100
2023-02-21,75.440002,75.529999,73.610001,73.660004,66.063080,11915600
2023-02-22,73.980003,74.739998,73.440002,73.680000,66.081009,9351200
2023-02-23,74.370003,74.370003,72.650002,72.870003,65.354546,9049900
2023-02-24,72.120003,73.330002,71.800003,72.919998,65.399399,9127800
2023-02-27,72.970001,73.669998,71.680000,71.860001,64.865036,7029700
2023-02-28,71.699997,71.849998,70.800003,71.029999,64.115822,11276700
2023-03-01,70.860001,71.040001,69.639999,69.870003,63.068729,11809200
2023-03-02,70.360001,72.220001,70.120003,72.209999,65.180954,16066500
2023-03-03,72.889999,73.870003,72.180000,73.830002,66.643280,10724800
2023-03-06,73.540001,74.599998,73.410004,74.400002,67.157784,6888900
2023-03-07,73.940002,74.489998,73.019997,73.750000,66.571053,7308900
2023-03-08,73.379997,74.379997,73.040001,74.250000,67.022377,5913600
2023-03-09,74.500000,74.989998,73.389999,73.760002,66.580078,7678100
2023-03-10,73.989998,74.269997,72.370003,73.010002,65.903076,10167100
2023-03-13,73.059998,75.180000,73.000000,73.290001,66.155838,8388800
2023-03-14,73.989998,74.849998,73.430000,74.550003,67.293175,8635800
2023-03-15,74.449997,75.849998,73.930000,75.519997,68.168755,12030300
2023-03-16,75.660004,76.510002,74.830002,76.230003,68.809647,8895800
2023-03-17,76.290001,76.290001,74.739998,75.669998,68.304153,14137400
2023-03-20,75.599998,77.000000,75.309998,75.970001,68.574944,7140100
2023-03-21,76.349998,76.349998,74.269997,75.360001,68.024323,6222300
2023-03-22,75.309998,75.980003,74.089996,74.129997,66.914055,7038000
2023-03-23,73.769997,75.720001,73.370003,73.809998,66.625206,7541200
2023-03-24,73.989998,75.750000,73.709999,75.690002,68.322212,5293900
2023-03-27,75.870003,76.059998,74.949997,75.440002,68.096558,5515900
2023-03-28,75.500000,76.250000,74.820000,75.239998,67.916016,5935500
2023-03-29,75.470001,76.309998,75.470001,76.110001,68.701324,5680500
2023-03-30,76.360001,77.019997,76.169998,76.589996,69.134590,6187000
2023-03-31,76.769997,77.120003,75.980003,77.080002,69.576904,10124400
2023-04-03,77.050003,77.050003,75.800003,76.669998,69.206825,5778700
2023-04-04,76.849998,77.690002,76.430000,77.160004,69.649109,6165600
2023-04-05,77.900002,78.949997,77.739998,78.330002,70.705215,8200400
2023-04-06,78.800003,79.000000,77.959999,78.970001,71.282928,5427700
2023-04-10,78.349998,78.500000,77.309998,78.430000,70.795486,5647500
2023-04-11,78.389999,78.610001,77.900002,78.339996,70.714264,6019600
2023-04-12,78.690002,79.440002,78.260002,78.589996,70.939903,6786400
2023-04-13,78.419998,79.110001,77.480003,78.849998,71.174599,4928600
2023-04-14,78.389999,78.470001,77.559998,78.019997,70.425400,4920900
2023-04-17,78.180000,78.550003,77.790001,78.540001,70.894791,4393300
2023-04-18,78.730003,79.070000,77.940002,78.300003,70.678154,8147500
2023-04-19,78.309998,79.169998,78.290001,78.940002,71.255852,3813300
2023-04-20,78.720001,79.099998,78.230003,78.750000,71.084343,4350400
2023-04-21,79.440002,79.779999,78.559998,78.989998,71.300980,5192600
2023-04-24,78.510002,79.250000,78.500000,79.040001,71.346107,5725800
2023-04-25,77.730003,79.099998,77.500000,77.820000,70.244873,8399800
2023-04-26,76.779999,76.949997,74.029999,74.070000,66.859901,12656700
2023-04-27,74.309998,76.519997,73.910004,75.849998,68.466629,8155600
2023-04-28,75.410004,76.699997,75.410004,76.629997,69.170708,10005800
2023-05-01,76.470001,77.379997,76.360001,76.800003,69.324150,5214700
2023-05-02,76.660004,77.019997,75.510002,75.940002,68.547867,7674200
2023-05-03,76.260002,76.559998,75.269997,75.389999,68.051407,6265900
2023-05-04,75.379997,75.669998,74.559998,75.510002,68.159737,6042300
2023-05-05,75.610001,76.570000,75.190002,75.510002,68.159737,6215500
2023-05-08,75.529999,76.690002,75.279999,76.059998,68.656197,6751700
2023-05-09,76.220001,76.220001,75.190002,75.580002,68.222923,5588100
2023-05-10,76.129997,77.160004,75.940002,76.889999,69.405380,5696000
2023-05-11,76.589996,76.839996,75.540001,76.099998,68.692291,6542700
2023-05-12,76.889999,77.989998,76.580002,77.959999,70.371239,8315000
2023-05-15,78.470001,78.529999,76.820000,77.540001,69.992126,5430000
2023-05-16,77.500000,77.500000,75.690002,75.839996,68.457619,6215700
2023-05-17,76.169998,76.279999,75.190002,75.339996,68.006279,5408600
2023-05-18,74.750000,75.250000,74.209999,75.099998,67.789635,6970600
2023-05-19,75.550003,75.779999,74.470001,74.480003,67.229988,6338600
2023-05-22,74.910004,75.169998,74.470001,74.580002,67.320244,4272600
2023-05-23,74.099998,75.199997,73.910004,74.160004,66.941147,8751200
2023-05-24,74.150002,74.419998,73.660004,74.239998,67.013351,6879400
2023-05-25,74.180000,74.180000,72.470001,73.389999,66.246078,7716400
2023-05-26,73.129997,74.559998,72.599998,73.919998,67.152718,7174000
2023-05-30,74.349998,74.750000,72.550003,72.690002,66.035324,6874000
2023-05-31,72.639999,73.769997,71.879997,73.459999,66.734840,11112000
2023-06-01,73.050003,73.430000,72.459999,72.959999,66.280632,6738800
2023-06-02,73.040001,74.199997,72.519997,73.849998,67.089127,7175400
2023-06-05,74.150002,74.889999,73.330002,73.589996,66.852936,5266600
2023-06-06,73.779999,74.150002,73.360001,73.379997,66.662155,5652900
2023-06-07,73.639999,74.500000,73.279999,74.169998,67.379837,6488100
2023-06-08,74.480003,75.120003,74.070000,74.900002,68.043007,9984500
2023-06-09,74.860001,75.199997,74.000000,74.070000,67.289001,6011400
2023-06-12,74.410004,74.470001,73.690002,73.980003,67.207222,7564300
2023-06-13,73.900002,74.690002,73.750000,74.349998,67.543358,8579300
2023-06-14,74.900002,74.949997,73.290001,73.400002,66.680328,8893600
2023-06-15,73.739998,74.519997,73.410004,74.360001,67.552444,10098300
2023-06-16,74.750000,76.419998,74.720001,75.589996,68.669830,23053600
2023-06-20,75.629997,76.169998,74.500000,74.760002,67.915833,7801600
2023-06-21,74.449997,76.029999,73.720001,75.779999,68.842438,7176100
2023-06-22,76.070000,76.389999,75.000000,75.129997,68.251938,6976200
2023-06-23,75.290001,75.989998,74.000000,74.169998,67.379837,9080100
2023-06-26,74.089996,74.790001,73.809998,74.290001,67.488853,5670200
2023-06-27,74.559998,74.800003,73.209999,73.910004,67.143646,5979100
2023-06-28,73.949997,74.209999,73.220001,73.440002,66.716667,8735100
2023-06-29,72.680000,73.599998,72.510002,72.809998,66.144341,7193200
2023-06-30,72.940002,74.309998,72.779999,74.199997,67.407089,9259900
2023-07-03,73.870003,74.470001,73.500000,74.379997,67.570610,2484500
2023-07-05,73.980003,75.589996,73.919998,74.949997,68.088432,8450100
2023-07-06,74.290001,74.290001,73.010002,73.019997,66.335129,7271200
2023-07-07,72.529999,72.720001,71.900002,72.050003,65.453934,7511700
2023-07-10,71.800003,72.489998,71.099998,71.709999,65.145042,7704700
2023-07-11,71.639999,72.230003,70.849998,72.190002,65.581093,6623100
2023-07-12,72.540001,73.570000,72.190002,73.470001,66.743912,9710500
2023-07-13,73.519997,73.930000,73.379997,73.709999,66.961937,6058600
2023-07-14,73.480003,73.750000,72.790001,73.199997,66.498634,6463500
2023-07-17,72.959999,73.419998,72.449997,72.660004,66.008087,5148800
2023-07-18,72.769997,73.080002,71.300003,72.050003,65.453934,7239500
2023-07-19,72.360001,72.930000,72.050003,72.099998,65.499336,7464800
2023-07-20,72.099998,74.129997,71.650002,74.099998,67.316246,9221600
2023-07-21,74.419998,76.269997,74.300003,75.900002,68.951454,11878400
2023-07-24,75.879997,76.669998,75.370003,75.500000,68.588081,8609700
2023-07-25,75.760002,75.940002,74.620003,75.440002,68.533585,8847800
2023-07-26,74.889999,76.190002,73.879997,74.370003,67.561539,7244600
2023-07-27,73.940002,74.889999,73.190002,73.269997,66.562218,10185400
2023-07-28,73.750000,74.379997,72.480003,72.849998,66.180687,6230700
2023-07-31,73.400002,74.470001,73.040001,73.300003,66.589485,10876400
2023-08-01,73.320000,73.809998,72.089996,72.169998,65.562927,6723400
2023-08-02,71.510002,72.349998,71.459999,71.910004,65.326736,6589600
2023-08-03,71.199997,71.500000,70.059998,70.099998,63.682430,9075100
2023-08-04,70.550003,70.690002,69.019997,69.169998,62.837582,9140500
2023-08-07,69.500000,69.720001,68.610001,68.639999,62.356098,8397200
2023-08-08,68.339996,68.949997,67.910004,68.709999,62.419701,8890000
2023-08-09,68.790001,69.580002,68.510002,68.919998,62.610474,7453000
2023-08-10,69.300003,69.660004,68.150002,68.290001,62.038158,7959900
2023-08-11,68.300003,68.940002,68.160004,68.919998,62.610474,6524200
2023-08-14,68.849998,68.930000,68.300003,68.559998,62.283432,8021100
2023-08-15,68.150002,68.230003,67.169998,67.349998,61.184193,7703900
2023-08-16,67.720001,67.949997,67.309998,67.559998,61.374977,6433500
2023-08-17,67.339996,68.150002,67.290001,67.510002,61.329552,6677600
2023-08-18,67.339996,68.059998,67.330002,67.830002,61.620262,6291300
2023-08-21,67.750000,67.800003,66.669998,67.080002,60.938927,6856100
2023-08-22,67.110001,67.820000,66.760002,67.519997,61.338631,7370400
2023-08-23,68.070000,68.139999,67.300003,67.889999,61.674763,7721800
2023-08-24,67.889999,68.410004,67.080002,67.220001,61.066090,9242500
2023-08-25,67.300003,68.220001,67.230003,67.959999,61.738350,10114100
2023-08-28,68.250000,68.599998,67.980003,68.019997,61.792862,7152600
2023-08-29,67.779999,67.849998,67.110001,67.510002,61.754444,11209700
2023-08-30,67.360001,67.730003,66.820000,67.089996,61.370247,7461500
2023-08-31,67.500000,67.790001,66.730003,66.800003,61.104977,11797800
2023-09-01,67.339996,67.570000,66.449997,66.870003,61.169010,8296600
2023-09-05,66.820000,67.269997,65.809998,66.199997,60.556122,10002700
2023-09-06,66.029999,66.410004,65.360001,65.690002,60.089607,9250300
2023-09-07,66.279999,66.970001,65.870003,66.250000,60.601868,9981100
2023-09-08,66.260002,67.000000,66.070000,66.830002,61.132420,7484800
2023-09-11,67.000000,67.889999,66.949997,67.529999,61.772743,7981600
2023-09-12,67.500000,68.029999,67.110001,67.730003,61.955688,7171300
2023-09-13,67.879997,68.769997,67.879997,68.430000,62.596012,8925700
2023-09-14,68.900002,69.349998,68.419998,69.279999,63.373547,7944900
2023-09-15,69.339996,69.889999,68.599998,68.639999,62.788097,18391400
2023-09-18,68.809998,68.860001,67.910004,68.239998,62.422199,7534100
2023-09-19,68.050003,68.160004,67.349998,67.589996,61.827618,8215500
2023-09-20,68.070000,68.139999,67.239998,67.349998,61.608078,5804000
2023-09-21,67.110001,67.709999,66.769997,66.910004,61.205605,9458600
2023-09-22,66.500000,68.389999,66.349998,67.699997,61.928242,11796500
2023-09-25,67.220001,67.500000,66.779999,67.470001,61.717861,8656500
2023-09-26,67.120003,67.190002,65.269997,65.339996,59.769451,9042600
2023-09-27,64.699997,64.989998,59.529999,59.959999,54.848122,25606200
2023-09-28,60.299999,60.700001,56.980000,57.080002,52.213665,31153800
2023-09-29,57.669998,58.759998,56.980000,57.290001,52.405754,19047600
2023-10-02,56.080002,56.380001,50.180000,52.150002,47.703960,54022800
2023-10-03,52.070000,53.110001,50.500000,52.779999,48.280243,36257500
2023-10-04,53.709999,53.950001,50.540001,50.619999,46.304394,28467400
2023-10-05,49.810001,50.130001,48.240002,49.450001,45.234142,29911400
2023-10-06,49.060001,50.500000,47.150002,50.240002,45.956791,24718500
2023-10-09,49.689999,50.419998,48.380001,49.320000,45.115223,20644600
2023-10-10,49.680000,51.619999,49.520000,51.580002,47.182564,23164300
2023-10-11,52.049999,53.570000,51.700001,53.540001,48.975452,22401400
2023-10-12,53.070000,53.970001,52.230000,53.000000,48.481491,27972800
2023-10-13,53.529999,55.250000,53.500000,54.490002,49.844471,22319200
2023-10-16,54.490002,55.040001,53.560001,54.380001,49.743847,17089400
2023-10-17,53.580002,54.840000,53.549999,54.169998,49.551743,13365500
2023-10-18,54.080002,54.779999,53.070000,53.240002,48.701035,13593300
2023-10-19,53.279999,53.990002,52.380001,52.389999,47.923496,11580400
2023-10-20,51.950001,52.689999,51.689999,51.959999,47.530155,17798900
2023-10-23,51.270000,52.560001,50.950001,51.520000,47.127666,15200700
2023-10-24,54.439999,55.430000,53.110001,55.119999,50.420746,20060300
2023-10-25,55.610001,56.939999,54.910000,56.459999,51.646511,19262400
2023-10-26,56.770000,58.240002,56.680000,57.570000,52.661877,17357800
2023-10-27,57.360001,58.020000,55.930000,56.240002,51.445271,11921000
2023-10-30,56.410000,57.470001,55.770000,57.200001,52.323425,11017700
2023-10-31,57.560001,58.490002,57.389999,58.299999,53.329636,19978300
2023-11-01,58.110001,58.790001,57.180000,58.430000,53.448555,13428900
2023-11-02,58.520000,60.470001,58.500000,59.910000,54.802383,15076500
2023-11-03,61.220001,61.490002,59.369999,59.380001,54.317562,13938000
2023-11-06,59.400002,59.880001,58.860001,59.040001,54.006557,9299500
2023-11-07,59.049999,59.560001,58.400002,58.459999,53.475994,9615500
2023-11-08,58.169998,58.169998,56.779999,57.500000,52.597843,12781600
2023-11-09,57.119999,57.270000,54.619999,54.720001,50.054852,17147900
2023-11-10,55.000000,55.369999,54.509998,55.139999,50.439049,12776100
2023-11-13,55.049999,55.060001,53.810001,54.500000,49.853611,8951800
2023-11-14,56.080002,57.740002,55.450001,57.549999,52.643578,13399500
2023-11-15,57.480000,58.730000,56.980000,57.000000,52.140465,11295000
2023-11-16,57.419998,57.770000,56.580002,56.599998,51.774582,11155400
2023-11-17,57.009998,57.380001,56.490002,57.369999,52.478920,10136300
2023-11-20,57.000000,57.680000,56.310001,57.340000,52.451488,8404900
2023-11-21,57.320000,58.290001,56.779999,57.980000,53.036919,11952600
2023-11-22,57.980000,58.310001,56.990002,57.470001,52.998192,9626900
2023-11-24,57.139999,57.610001,56.930000,57.549999,53.071960,4629400
2023-11-27,57.500000,57.700001,56.869999,57.580002,53.099636,9779100
2023-11-28,57.560001,58.580002,57.259998,58.160000,53.634499,9473600
2023-11-29,58.529999,59.230000,57.980000,58.360001,53.818935,17019100
2023-11-30,58.480000,58.680000,57.980000,58.509998,53.957268,15381700
2023-12-01,58.549999,59.540001,57.669998,59.169998,54.565907,10510200
2023-12-04,58.590000,59.529999,58.580002,58.669998,54.104813,10239600
2023-12-05,58.680000,58.860001,57.869999,58.230000,53.699051,12544800
2023-12-06,58.619999,60.259998,58.619999,60.200001,55.515762,13235700
2023-12-07,60.380001,60.560001,59.439999,59.849998,55.193001,12230500
2023-12-08,59.570000,59.950001,59.099998,59.700001,55.054676,9408300
2023-12-11,58.529999,59.939999,58.529999,59.709999,55.063892,11005700
2023-12-12,59.660000,59.759998,58.080002,59.520000,54.888676,9931000
2023-12-13,59.599998,62.599998,59.330002,62.509998,57.646015,13013400
2023-12-14,63.650002,64.589996,62.360001,62.779999,57.895012,16809100
2023-12-15,62.099998,62.910000,61.020000,61.500000,56.714607,28901500
2023-12-18,61.599998,62.099998,60.849998,61.000000,56.253510,10755600
2023-12-19,61.360001,61.830002,60.869999,61.570000,56.779163,11509600
2023-12-20,61.549999,61.720001,59.779999,59.840000,55.183777,10091200
2023-12-21,60.130001,60.650002,59.060001,59.599998,54.962444,12604200
2023-12-22,59.959999,60.869999,59.669998,59.750000,55.100777,9799400
2023-12-26,59.680000,60.560001,59.619999,60.209999,55.524982,6791600
2023-12-27,59.910000,60.669998,59.650002,60.580002,55.866196,6787500
2023-12-28,60.119999,61.099998,60.119999,61.020000,56.271961,5981900
2023-12-29,60.799999,61.060001,60.270000,60.740002,56.013744,6814600
2024-01-02,60.549999,62.150002,60.180000,61.570000,56.779163,10064300
2024-01-03,61.110001,62.119999,60.459999,61.990002,57.166481,10306300
2024-01-04,62.169998,62.759998,61.730000,61.799999,56.991264,10568100
2024-01-05,61.650002,62.560001,61.270000,62.080002,57.249489,7803800
2024-01-08,61.779999,63.060001,61.590000,62.919998,58.024120,7766600
2024-01-09,62.939999,63.040001,61.889999,62.009998,57.184929,6921600
2024-01-10,62.020000,62.730000,61.900002,62.279999,57.433914,8100100
2024-01-11,62.000000,62.189999,60.599998,60.720001,55.995308,10686000
2024-01-12,61.180000,61.660000,60.919998,61.040001,56.290398,7796900
2024-01-16,60.660000,61.200001,60.209999,60.349998,55.654095,11633100
2024-01-17,59.459999,60.009998,57.799999,58.270000,53.735943,11543100
2024-01-18,57.959999,58.080002,57.230000,57.650002,53.164181,9626500
2024-01-19,57.720001,57.790001,56.580002,57.259998,52.804523,12762600
2024-01-22,57.369999,57.790001,56.660000,56.849998,52.426434,12979900
2024-01-23,57.279999,57.509998,56.889999,57.380001,52.915188,16081000
2024-01-24,58.099998,58.410000,56.750000,57.009998,52.573975,14471400
2024-01-25,58.950001,59.360001,57.060001,57.980000,53.468506,15702600
2024-01-26,58.330002,59.020000,58.220001,58.480000,53.929596,11650000
2024-01-29,58.470001,59.790001,58.209999,59.570000,54.934784,10102800
2024-01-30,59.500000,59.750000,58.570000,59.279999,54.667351,7807700
2024-01-31,59.700001,59.980000,58.430000,58.630001,54.067924,11124900
2024-02-01,58.389999,59.830002,58.009998,59.750000,55.100777,8687600
2024-02-02,58.889999,59.029999,57.980000,58.150002,53.625278,14952900
2024-02-05,57.369999,57.430000,55.889999,55.970001,51.614910,14293600
2024-02-06,56.000000,56.580002,55.509998,56.230000,51.854683,10305400
2024-02-07,56.320000,56.669998,55.630001,56.380001,51.993004,7761300
2024-02-08,56.419998,56.419998,55.389999,56.290001,51.910007,8143000
2024-02-09,55.980000,56.630001,55.720001,56.580002,52.177448,8003500
2024-02-12,56.590000,57.630001,56.500000,57.549999,53.071960,9622000
2024-02-13,56.880001,57.139999,54.669998,55.250000,50.950932,12759700
2024-02-14,55.389999,56.070000,55.090000,56.009998,51.651791,8831300
2024-02-15,56.299999,57.660000,56.220001,57.270000,52.813755,9880000
2024-02-16,56.860001,57.419998,56.330002,57.029999,52.592426,9943500
2024-02-20,56.740002,57.320000,56.049999,56.610001,52.205105,13014600
2024-02-21,57.020000,57.340000,56.639999,57.099998,52.656979,9322100
2024-02-22,56.790001,57.080002,56.320000,56.669998,52.260437,10426000
2024-02-23,56.799999,57.459999,56.509998,56.779999,52.361881,10563900
2024-02-26,55.900002,55.930000,54.860001,55.150002,51.324230,12753800
2024-02-27,55.439999,55.990002,54.790001,55.560001,51.705788,12421800
2024-02-28,55.349998,55.720001,54.709999,55.040001,51.221855,13240400
2024-02-29,55.490002,55.860001,54.959999,55.189999,51.361450,19993600
2024-03-01,55.259998,55.619999,54.279999,55.209999,51.380062,15398200
2024-03-04,54.779999,55.070000,53.950001,54.970001,51.156719,11674600
2024-03-05,55.000000,56.509998,54.950001,55.400002,51.556889,16026100
2024-03-06,55.980000,56.910000,55.259998,55.529999,51.677868,11074900
2024-03-07,56.080002,56.470001,55.529999,56.250000,52.347916,10227300
2024-03-08,56.720001,58.160000,56.310001,57.810001,53.799694,12735600
2024-03-11,57.570000,58.139999,56.889999,57.869999,53.855537,9681500
2024-03-12,57.669998,58.000000,56.549999,57.150002,53.185490,9634400
2024-03-13,59.000000,60.369999,58.950001,59.540001,55.409695,17495300
2024-03-14,59.200001,60.240002,59.110001,59.540001,55.409695,16996100
2024-03-15,59.200001,60.130001,58.880001,60.080002,55.912235,32424500
2024-03-18,60.080002,61.139999,59.439999,60.169998,55.995983,17073700
2024-03-19,60.389999,61.389999,60.259998,61.270000,57.019676,11433900
2024-03-20,61.450001,62.410000,61.360001,62.200001,57.885170,14564500
2024-03-21,62.200001,63.389999,61.290001,61.360001,57.103436,18090300
2024-03-22,62.220001,62.490002,61.720001,61.779999,57.494301,10046300
2024-03-25,62.000000,62.639999,61.410000,62.610001,58.266727,11423500
2024-03-26,62.619999,62.910000,61.299999,61.430000,57.168575,13829600
2024-03-27,62.160000,63.860001,62.020000,63.790001,59.364868,13409000
2024-03-28,63.669998,64.260002,63.389999,63.910000,59.476543,12830800
2024-04-01,63.910000,64.050003,62.759998,63.380001,58.983307,13175200
2024-04-02,63.270000,63.340000,62.360001,62.880001,58.517994,9905300
2024-04-03,62.689999,62.990002,61.860001,62.549999,58.210884,10551400
2024-04-04,63.349998,63.980000,62.970001,63.730000,59.309029,10690100
2024-04-05,63.049999,64.360001,62.900002,64.180000,59.727814,10278100
2024-04-08,64.150002,64.919998,63.930000,64.860001,60.360638,8054900
2024-04-09,65.150002,65.860001,64.790001,65.379997,60.844563,9188000
2024-04-10,63.500000,64.239998,63.000000,64.010002,59.569603,10783400
2024-04-11,64.629997,64.790001,63.320000,63.939999,59.504456,12145600
2024-04-12,64.120003,64.309998,62.950001,63.080002,58.704121,9039500
2024-04-15,63.529999,64.330002,62.299999,62.750000,58.397018,11147100
2024-04-16,62.490002,62.580002,61.310001,61.700001,57.419849,11594100
2024-04-17,62.240002,63.919998,61.919998,63.790001,59.364868,15653700
2024-04-18,63.849998,64.389999,63.130001,64.010002,59.569603,10135000
2024-04-19,64.220001,64.900002,63.650002,64.300003,59.839485,13419400
2024-04-22,64.589996,65.489998,63.919998,65.309998,60.779427,14747200
2024-04-23,65.239998,67.169998,65.099998,66.199997,61.607681,14349200
2024-04-24,65.910004,67.099998,65.220001,66.559998,61.942719,12149600
2024-04-25,66.000000,67.120003,65.510002,66.900002,62.259125,11418500
2024-04-26,67.220001,67.300003,65.750000,65.989998,61.412251,9982800
2024-04-29,67.019997,67.910004,66.959999,67.419998,62.743069,9795800
2024-04-30,66.900002,67.489998,66.269997,66.970001,62.324268,10042600
2024-05-01,66.870003,68.860001,66.739998,68.610001,63.850502,13991100
2024-05-02,68.879997,69.019997,67.669998,68.849998,64.073845,10815900
2024-05-03,69.889999,70.279999,69.309998,70.139999,65.274368,12687500
2024-05-06,70.360001,71.300003,70.260002,71.250000,66.307365,14042100
2024-05-07,71.690002,72.040001,71.309998,71.949997,66.958801,13621100
2024-05-08,71.699997,72.889999,71.480003,72.849998,67.796379,9915000
2024-05-09,73.000000,74.730003,72.580002,74.580002,69.406357,16627900
2024-05-10,74.870003,75.209999,73.650002,73.790001,68.671158,12046700
2024-05-13,74.139999,74.669998,73.589996,74.580002,69.406357,7685500
2024-05-14,74.940002,75.610001,74.660004,75.419998,70.188095,8176600
2024-05-15,75.970001,77.190002,75.970001,77.050003,71.705017,12470600
2024-05-16,77.059998,77.410004,76.059998,76.410004,71.109428,10414200
2024-05-17,76.349998,76.550003,75.540001,76.089996,70.811600,9490300
2024-05-20,75.989998,76.190002,75.570000,75.870003,70.606873,7179700
2024-05-21,75.870003,76.959999,75.449997,76.949997,71.611954,6420100
2024-05-22,76.410004,77.180000,76.160004,76.320000,71.025658,8773600
2024-05-23,75.959999,75.959999,74.620003,75.320000,70.095032,9097800
2024-05-24,75.419998,77.099998,75.260002,76.610001,71.295532,7601100
2024-05-28,76.620003,78.260002,76.330002,77.529999,72.151718,11986600
2024-05-29,76.769997,76.900002,76.160004,76.680000,71.360687,6896300
2024-05-30,76.870003,78.260002,76.610001,78.190002,72.765938,21762300
2024-05-31,78.290001,80.470001,78.129997,80.019997,74.468987,16196000
2024-06-03,79.500000,79.750000,77.519997,77.709999,72.787682,15410500
2024-06-04,77.610001,77.790001,76.529999,77.150002,72.263161,8484300
2024-06-05,77.050003,77.330002,76.599998,77.050003,72.169495,9264600
2024-06-06,76.940002,77.769997,76.629997,76.699997,71.841652,6550600
2024-06-07,75.559998,77.000000,75.010002,75.389999,70.614639,10059500
2024-06-10,75.470001,77.059998,74.849998,76.970001,72.094551,11218500
2024-06-11,75.300003,75.320000,71.550003,72.739998,68.132500,22781500
2024-06-12,73.790001,73.949997,71.400002,72.260002,67.682907,13930500
2024-06-13,72.559998,73.720001,72.360001,73.180000,68.544632,10023200
2024-06-14,72.760002,73.540001,72.379997,73.059998,68.432213,6568500
2024-06-17,72.730003,73.400002,72.190002,72.309998,67.729744,8445300
2024-06-18,69.099998,70.589996,68.970001,70.440002,65.978180,29169800
2024-06-20,71.000000,72.889999,70.790001,72.459999,67.870216,14857200
2024-06-21,73.360001,73.690002,72.070000,72.809998,68.198059,19465500
2024-06-24,72.500000,74.260002,72.250000,73.849998,69.172188,12063700
2024-06-25,73.570000,73.739998,72.389999,72.980003,68.357285,10753200
2024-06-26,72.800003,73.610001,71.919998,73.370003,68.722595,11481500
2024-06-27,73.620003,74.389999,73.230003,73.720001,69.050423,9824500
2024-06-28,73.209999,73.309998,69.860001,70.809998,66.324738,23935600
2024-07-01,71.459999,71.629997,69.540001,69.900002,65.472389,11036400
2024-07-02,70.000000,70.599998,69.379997,70.470001,66.006287,9415200
2024-07-03,70.919998,71.910004,70.550003,71.830002,67.280128,4487200
2024-07-05,72.000000,72.349998,71.639999,72.089996,67.523666,7688800
2024-07-08,72.150002,72.580002,71.739998,72.110001,67.542412,5368700
2024-07-09,72.059998,72.989998,71.680000,72.120003,67.551773,6220100
2024-07-10,72.260002,73.129997,71.680000,72.900002,68.282356,6740900
2024-07-11,73.500000,75.209999,73.459999,74.699997,69.968346,12188700
2024-07-12,75.000000,76.699997,74.769997,76.000000,71.186005,11099400
2024-07-15,74.169998,74.400002,70.760002,70.970001,66.474602,19575400
2024-07-16,71.540001,72.290001,70.849998,71.900002,67.345711,10551800
2024-07-17,71.750000,72.250000,70.480003,70.900002,66.409050,11878900
2024-07-18,71.000000,72.360001,70.820000,71.669998,67.130272,10212300
2024-07-19,71.919998,72.360001,71.440002,72.000000,67.439369,7752100
2024-07-22,72.949997,74.150002,72.760002,72.900002,68.282356,9034700
2024-07-23,72.430000,73.019997,71.910004,72.110001,67.542412,7027500
2024-07-24,72.730003,75.750000,72.290001,75.410004,70.633377,17813700
2024-07-25,75.190002,75.669998,73.300003,73.440002,68.788155,13934200
2024-07-26,74.230003,74.989998,73.519997,74.260002,69.556206,7076200
2024-07-29,74.459999,74.669998,73.559998,74.339996,69.631134,5977500
2024-07-30,74.529999,74.529999,73.199997,74.279999,69.574944,8505500
2024-07-31,74.870003,76.879997,74.690002,76.389999,71.551285,15618100
2024-08-01,76.320000,78.419998,75.900002,78.389999,73.424606,11136600
2024-08-02,79.360001,80.559998,77.820000,79.199997,74.183296,14513100
2024-08-05,78.550003,79.000000,76.489998,76.680000,71.822929,11877600
2024-08-06,76.849998,78.400002,76.669998,76.970001,72.094551,9050900
2024-08-07,77.720001,78.760002,77.290001,77.559998,72.647186,8193200
2024-08-08,77.120003,78.230003,76.599998,77.540001,72.628448,6935900
2024-08-09,77.500000,78.029999,76.349998,77.459999,72.553520,5041200
2024-08-12,77.330002,77.610001,76.889999,77.580002,72.665916,5955600
2024-08-13,78.349998,78.500000,77.529999,78.120003,73.171715,5108900
2024-08-14,78.000000,78.580002,77.099998,78.010002,73.068680,4620700
2024-08-15,77.540001,77.809998,77.129997,77.410004,72.506691,5946500
2024-08-16,77.519997,78.790001,77.239998,78.570000,73.593208,6344200
2024-08-19,78.570000,79.570000,78.430000,79.349998,74.323807,5617000
2024-08-20,79.349998,79.790001,78.959999,78.980003,73.977242,5967300
2024-08-21,79.169998,79.989998,79.129997,79.639999,74.595436,5125300
2024-08-22,79.680000,79.940002,78.459999,78.919998,73.921036,8006600
2024-08-23,79.459999,80.320000,79.160004,79.660004,74.614166,5052900
2024-08-26,80.000000,81.070000,79.959999,80.639999,75.532097,5378700
2024-08-27,80.360001,80.639999,79.580002,79.610001,74.567329,5086000
2024-08-28,79.730003,80.129997,79.190002,79.410004,74.380005,5462400
2024-08-29,79.529999,80.180000,78.709999,80.029999,74.960732,5179200
2024-08-30,79.589996,80.739998,79.470001,80.510002,75.898750,6808200
2024-09-03,80.769997,81.180000,79.629997,79.930000,75.351959,9883900
2024-09-04,80.410004,81.540001,80.320000,81.080002,76.436096,7517700
2024-09-05,81.959999,82.139999,80.230003,80.330002,75.729065,8494900
2024-09-06,80.860001,81.190002,79.809998,79.980003,75.399094,8181500
2024-09-09,80.110001,81.239998,79.260002,81.190002,76.539810,6918000
2024-09-10,81.470001,82.389999,81.050003,82.300003,77.586227,9588000
2024-09-11,82.699997,83.570000,81.730003,83.430000,78.651482,10216500
2024-09-12,83.430000,83.970001,82.709999,83.459999,78.679779,7856600
2024-09-13,83.900002,84.730003,83.500000,84.650002,79.801620,6734400
2024-09-16,85.089996,85.559998,84.370003,84.639999,79.792206,8791400
2024-09-17,84.790001,85.000000,84.180000,84.970001,80.103287,7415100
2024-09-18,84.489998,84.989998,83.510002,84.279999,79.452820,9286200
2024-09-19,83.629997,83.800003,81.470001,82.290001,77.576805,13965200
2024-09-20,82.250000,83.760002,82.050003,82.760002,78.019882,26032300
2024-09-23,83.660004,84.940002,82.940002,84.820000,79.961884,7916000
2024-09-24,84.199997,85.269997,83.919998,84.290001,79.462242,8205300
2024-09-25,84.610001,85.209999,83.849998,84.620003,79.773346,8354700
2024-09-26,84.250000,84.599998,83.239998,83.459999,78.679779,8462500
2024-09-27,83.769997,84.839996,83.760002,84.540001,79.697929,8200900
2024-09-30,84.500000,84.949997,84.010002,84.529999,79.688484,13884400
2024-10-01,84.110001,85.750000,83.820000,85.269997,80.386101,9112600
2024-10-02,84.769997,85.589996,84.489998,85.430000,80.536949,8403800
2024-10-03,85.650002,86.099998,84.750000,85.050003,80.178719,7031500
2024-10-04,83.489998,84.080002,83.010002,83.849998,79.047432,8341800
2024-10-07,83.550003,83.550003,80.190002,80.290001,75.691345,11971600
2024-10-08,80.779999,81.809998,80.489998,80.500000,75.889313,10098300
2024-10-09,79.660004,81.099998,79.660004,80.580002,75.964737,10102500
2024-10-10,81.000000,82.559998,80.820000,80.940002,76.304115,7928400
2024-10-11,80.980003,81.879997,80.389999,81.860001,77.171417,7057000
2024-10-14,81.900002,83.190002,81.610001,82.910004,78.161278,5815200
2024-10-15,83.000000,84.050003,82.669998,82.790001,78.048157,15824900
2024-10-16,83.080002,84.639999,82.730003,84.389999,79.556511,8061600
2024-10-17,84.300003,84.629997,83.699997,83.779999,78.981453,6153000
2024-10-18,83.919998,84.410004,83.550003,84.379997,79.547089,8595300
2024-10-21,84.760002,84.959999,83.660004,84.029999,79.217125,7053800
2024-10-22,83.199997,84.230003,83.139999,83.699997,78.906029,8358500
2024-10-23,84.589996,86.000000,83.000000,84.959999,80.093880,10825100
2024-10-24,84.000000,84.550003,82.500000,82.809998,78.067009,9705100
2024-10-25,82.900002,83.129997,81.290001,81.430000,76.766045,6580700
2024-10-28,82.040001,83.839996,81.610001,82.870003,78.123573,8679600
2024-10-29,79.949997,80.699997,79.470001,79.559998,75.003143,19232900
2024-10-30,79.750000,79.889999,78.889999,79.089996,74.560059,11650200
2024-10-31,78.389999,79.849998,78.139999,79.250000,74.710915,13034700
2024-11-01,79.389999,79.459999,76.970001,77.349998,72.919724,14615300
2024-11-04,77.349998,78.820000,77.099998,78.370003,73.881302,11759100
2024-11-05,77.769997,78.790001,76.970001,78.650002,74.145271,9051700
2024-11-06,74.300003,74.980003,72.690002,74.519997,70.251816,28637800
2024-11-07,73.610001,75.089996,73.570000,74.620003,70.346107,16311300
2024-11-08,74.980003,77.190002,74.680000,76.970001,72.561493,14657100
2024-11-11,76.980003,77.150002,75.739998,75.910004,71.562202,10275700
2024-11-12,75.610001,75.800003,73.620003,74.260002,70.006706,12569800
2024-11-13,74.629997,75.040001,73.919998,74.239998,69.987869,12451500
2024-11-14,73.879997,76.180000,73.650002,75.279999,70.968292,13780200
2024-11-15,75.449997,76.690002,75.290001,76.349998,71.977005,12930300
2024-11-18,76.300003,76.669998,75.309998,76.389999,72.014709,9044300
2024-11-19,76.309998,77.320000,75.720001,77.080002,72.665192,7942200
2024-11-20,77.190002,77.500000,76.360001,76.879997,72.476654,7065200
2024-11-21,76.790001,77.510002,76.360001,77.360001,72.929161,8908500
2024-11-22,77.230003,77.540001,75.760002,76.000000,72.127220,8165400
2024-11-25,76.730003,77.099998,75.830002,76.639999,72.734612,20803100
2024-11-26,77.000000,77.779999,76.470001,77.489998,73.541283,10563600
2024-11-27,78.129997,79.379997,77.860001,78.519997,74.518806,8689700
2024-11-29,78.580002,78.989998,78.320000,78.669998,74.661163,6186500
2024-12-02,78.919998,79.050003,76.900002,77.070000,73.142693,11361500
2024-12-03,77.070000,77.570000,76.230003,76.290001,72.402435,9806900
2024-12-04,76.000000,76.019997,75.099998,75.739998,71.880470,8310200
2024-12-05,75.639999,76.540001,75.419998,76.199997,72.317024,6487200
2024-12-06,76.190002,76.500000,74.919998,75.239998,71.405945,7079200
2024-12-09,75.500000,75.629997,74.559998,74.699997,70.893471,9269700
2024-12-10,74.500000,74.519997,73.349998,74.139999,70.362007,8619200
2024-12-11,74.199997,74.550003,73.580002,73.980003,70.210152,7472800
2024-12-12,73.839996,74.080002,73.089996,73.220001,69.488884,6969600
2024-12-13,73.050003,73.750000,72.940002,73.620003,69.868507,7671200
2024-12-16,73.699997,74.220001,72.760002,72.790001,69.080795,9767000
2024-12-17,72.309998,72.599998,71.800003,72.269997,68.587296,7723000
2024-12-18,71.959999,72.540001,70.430000,70.519997,66.926468,12496000
2024-12-19,70.519997,71.000000,69.709999,69.769997,66.214684,13731700
2024-12-20,69.580002,71.980003,69.320000,71.669998,68.017853,27547500
2024-12-23,71.339996,72.529999,71.250000,72.489998,68.796082,7509000
2024-12-24,72.419998,72.910004,72.029999,72.910004,69.194687,3001800
2024-12-26,72.480003,72.900002,72.269997,72.370003,68.682198,4503800
2024-12-27,71.900002,72.430000,71.680000,72.110001,68.435455,5458100
2024-12-30,71.680000,71.910004,70.980003,71.760002,68.103279,8399000
2024-12-31,71.860001,72.410004,71.400002,71.690002,68.036850,6216500
2025-01-02,72.470001,72.620003,71.290001,71.610001,67.960930,5344800
2025-01-03,71.919998,72.680000,71.589996,71.989998,68.321564,5088900
2025-01-06,71.800003,71.940002,70.839996,71.239998,67.609772,7025900
2025-01-07,71.459999,71.900002,70.059998,70.430000,66.841049,8975400
2025-01-08,70.019997,70.699997,69.459999,70.660004,67.059341,7930600
2025-01-10,69.989998,70.070000,67.070000,67.379997,63.946472,16261800
2025-01-13,67.220001,67.360001,65.889999,66.959999,63.547882,17056600
2025-01-14,66.980003,68.010002,66.879997,67.980003,64.515900,10699100
2025-01-15,69.269997,70.040001,69.010002,69.290001,65.759140,12416500
2025-01-16,68.959999,71.419998,68.889999,71.370003,67.733162,11469500
2025-01-17,71.089996,71.839996,70.739998,70.760002,67.154243,12664600
2025-01-21,71.360001,71.879997,70.779999,70.849998,67.239655,12153800
2025-01-22,70.559998,70.570000,68.339996,68.489998,64.999908,14415200
2025-01-23,68.849998,69.349998,68.269997,69.230003,65.702202,10780100
2025-01-24,68.099998,74.050003,68.000000,72.830002,69.118759,24588500
2025-01-27,73.300003,73.930000,70.639999,73.830002,70.067802,19128900
2025-01-28,72.330002,72.879997,69.919998,70.540001,66.945450,16630500
2025-01-29,70.750000,71.519997,70.610001,70.889999,67.277611,9496700
2025-01-30,71.989998,72.000000,70.790001,71.300003,67.666718,8639200
2025-01-31,71.510002,71.730003,70.930000,71.559998,67.913475,10708600
2025-02-03,70.500000,71.790001,70.190002,71.050003,67.429466,9128300
2025-02-04,70.250000,70.849998,69.620003,69.900002,66.338066,10574700
2025-02-05,70.750000,70.790001,69.139999,69.199997,65.673721,9026100
2025-02-06,69.400002,69.620003,68.260002,69.269997,65.740158,9145300
2025-02-07,69.139999,69.389999,68.199997,68.269997,64.791122,9320400
2025-02-10,68.339996,69.739998,68.089996,69.699997,66.148247,9121300
2025-02-11,69.410004,70.379997,68.709999,70.330002,66.746155,7020100
2025-02-12,69.309998,70.190002,68.980003,69.279999,65.749649,8574000
2025-02-13,69.419998,69.660004,68.559998,68.599998,65.104301,15173000
2025-02-14,68.599998,69.019997,67.879997,68.059998,64.591820,14184600
2025-02-18,68.000000,68.550003,67.529999,68.500000,65.009399,12090900
2025-02-19,68.540001,69.510002,68.410004,69.059998,65.540855,8843000
2025-02-20,69.080002,70.440002,68.820000,70.139999,66.565834,9340500
2025-02-21,70.139999,71.970001,70.010002,71.580002,67.932449,16742500
2025-02-24,71.300003,71.459999,69.919998,70.800003,67.192207,11970900
2025-02-25,71.199997,71.709999,70.680000,71.279999,67.647743,14063400
2025-02-26,71.190002,71.639999,70.510002,71.010002,67.391510,8010500
2025-02-27,70.570000,70.910004,69.309998,69.379997,65.844559,9379800
2025-02-28,69.589996,70.220001,69.279999,70.169998,67.143013,11247700
2025-03-03,70.050003,71.699997,70.000000,71.620003,68.530479,9492200
2025-03-04,71.959999,73.080002,70.760002,70.849998,67.793686,17869500
2025-03-05,70.529999,70.889999,69.389999,70.480003,67.439651,7722400
2025-03-06,70.019997,70.110001,69.019997,70.010002,66.989929,7482300
2025-03-07,70.180000,73.120003,70.059998,72.830002,69.688271,13469300
2025-03-10,73.000000,76.290001,72.480003,76.160004,72.874634,25263700
2025-03-11,75.900002,76.260002,73.199997,74.029999,70.836510,14836800
2025-03-12,73.000000,73.379997,71.779999,72.919998,69.774391,12110700
2025-03-13,73.199997,73.550003,72.050003,72.730003,69.592590,11252600
2025-03-14,72.779999,73.680000,72.330002,73.550003,70.377220,8699300
2025-03-17,73.430000,73.430000,71.070000,72.110001,68.999336,14954000
2025-03-18,72.209999,72.209999,70.269997,70.699997,67.650154,15212100
2025-03-19,71.019997,71.180000,70.000000,70.500000,67.458786,9457000
2025-03-20,71.040001,72.089996,70.589996,71.150002,68.080757,11815600
2025-03-21,71.019997,71.959999,70.169998,70.879997,67.822395,15782000
2025-03-24,70.949997,71.790001,69.910004,70.070000,67.047325,12385400
2025-03-25,70.480003,70.480003,68.419998,68.589996,65.631172,12618800
2025-03-26,68.769997,69.839996,68.680000,69.730003,66.722015,9154600
2025-03-27,69.760002,71.019997,69.610001,70.029999,67.009056,8748800
2025-03-28,70.440002,70.970001,70.169998,70.449997,67.410950,7846900
2025-03-31,70.709999,71.750000,70.620003,70.889999,67.831963,13347100
2025-04-01,71.000000,71.570000,70.519997,70.919998,67.860672,8715800
2025-04-02,71.089996,71.290001,70.129997,70.480003,67.439651,8480100
2025-04-03,71.669998,72.959999,71.370003,72.139999,69.028030,13652700
2025-04-04,72.790001,73.419998,66.860001,66.910004,64.023659,20993500
2025-04-07,65.500000,67.269997,63.930000,65.059998,62.253460,19494900
2025-04-08,66.430000,66.580002,63.200001,64.110001,61.344440,14232600
2025-04-09,63.389999,67.790001,61.720001,67.580002,64.664749,23207800
2025-04-10,66.800003,67.500000,65.239998,66.720001,63.841850,12801900
2025-04-11,66.449997,66.989998,64.599998,65.809998,62.971100,14856900
2025-04-14,66.480003,68.120003,65.959999,67.690002,64.770004,11588800
2025-04-15,67.860001,68.440002,67.529999,67.660004,64.741302,7851700
2025-04-16,67.949997,68.050003,65.300003,65.639999,62.808434,11356100
2025-04-17,66.040001,67.339996,65.970001,66.309998,63.449532,11212300
2025-04-21,65.820000,66.059998,63.639999,64.680000,61.889847,11568700
2025-04-22,65.459999,66.800003,65.349998,66.639999,63.765293,14352000
2025-04-23,67.550003,69.099998,66.989998,67.269997,64.368118,19476200
2025-04-24,67.040001,67.199997,65.239998,66.349998,63.487812,13724700
2025-04-25,66.660004,66.870003,65.360001,66.089996,63.239025,9640200
2025-04-28,66.160004,66.339996,65.279999,66.190002,63.334713,7123500
2025-04-29,66.050003,67.400002,65.720001,67.250000,64.348976,8891500
2025-04-30,67.010002,67.209999,65.459999,66.879997,63.994949,13763500
2025-05-01,67.489998,67.629997,65.940002,66.050003,63.200756,11487900
2025-05-02,66.099998,67.370003,65.989998,67.089996,64.195885,13333200
2025-05-05,67.000000,67.029999,65.879997,66.099998,63.248596,7117800
2025-05-06,65.809998,66.889999,65.349998,66.540001,63.669613,7943000
2025-05-07,66.260002,67.980003,65.970001,67.360001,64.454231,9961300
2025-05-08,67.269997,69.379997,66.910004,68.320000,65.372818,13030100
2025-05-09,68.680000,70.489998,68.449997,70.309998,67.276978,17326200
2025-05-12,70.910004,70.989998,68.699997,69.690002,66.683731,18943800
2025-05-13,70.070000,72.480003,69.959999,72.110001,68.999336,22962500
2025-05-14,71.800003,72.440002,70.750000,72.190002,69.075874,15238900
2025-05-15,73.000000,74.830002,72.449997,74.550003,71.334084,17789900
2025-05-16,74.550003,75.000000,73.709999,75.000000,71.764664,12829800
2025-05-19,74.220001,74.250000,73.160004,73.860001,70.673836,14438400
2025-05-20,74.000000,75.209999,73.830002,74.410004,71.200119,8046700
2025-05-21,74.070000,74.339996,71.360001,71.540001,68.453918,16133100
2025-05-22,68.900002,69.000000,63.880001,66.940002,64.052361,40207600
2025-05-23,67.010002,67.949997,65.970001,67.760002,64.836983,17161100
2025-05-27,67.750000,68.370003,67.470001,68.040001,65.104904,10910700
2025-05-28,67.889999,68.150002,66.830002,67.209999,64.310707,7835700
2025-05-29,66.769997,69.099998,66.769997,68.989998,66.013924,11570200
2025-05-30,68.800003,70.690002,68.500000,70.639999,67.592751,18802700
2025-06-02,69.750000,70.199997,69.040001,70.150002,67.667015,9366900
2025-06-03,70.300003,71.080002,69.860001,70.949997,68.438698,11014300
2025-06-04,71.150002,71.150002,69.790001,69.879997,67.406578,10894900
2025-06-05,70.300003,72.000000,69.750000,71.500000,68.969238,10967200
2025-06-06,71.620003,72.290001,71.470001,72.160004,69.605881,9286000
2025-06-09,72.230003,72.459999,71.320000,71.900002,69.355080,7062600
2025-06-10,72.300003,73.059998,71.930000,72.809998,70.232864,9888000
2025-06-11,72.830002,73.489998,72.559998,73.000000,70.416145,12000200
2025-06-12,73.419998,74.430000,73.260002,73.839996,71.226410,11022200
2025-06-13,73.790001,75.250000,73.389999,74.779999,72.133148,13213400
2025-06-16,75.199997,75.300003,72.559998,73.779999,71.168533,14546000
2025-06-17,73.330002,73.620003,70.449997,71.860001,69.316498,12971300
2025-06-18,71.970001,72.440002,71.379997,71.570000,69.036758,7203300
2025-06-20,71.870003,72.559998,71.500000,71.529999,68.998177,15182700
2025-06-23,71.790001,72.320000,70.129997,70.730003,68.226501,8671300
2025-06-24,71.019997,71.610001,70.680000,71.400002,68.872780,9001300
2025-06-25,70.639999,71.129997,70.139999,70.339996,67.850281,12839000
2025-06-26,70.400002,71.199997,70.290001,70.989998,68.477295,8010800
2025-06-27,71.510002,71.820000,70.349998,70.889999,68.380821,14275000
2025-06-30,67.830002,69.680000,67.199997,69.419998,66.962860,20894500
2025-07-01,69.570000,73.150002,67.540001,73.059998,70.474022,23841100
2025-07-02,72.790001,73.750000,72.580002,73.019997,70.435425,11240100
2025-07-03,73.000000,75.050003,72.470001,73.879997,71.264992,8560900
2025-07-07,73.699997,74.860001,73.500000,74.750000,72.104210,11368300
2025-07-08,72.860001,73.400002,71.260002,72.459999,69.895248,19550700
2025-07-09,72.870003,73.889999,72.680000,73.650002,71.043137,8818700
2025-07-10,73.300003,74.839996,73.000000,74.639999,71.998100,6955100
2025-07-11,73.849998,74.440002,73.480003,74.400002,71.766594,8094100
2025-07-14,74.400002,75.830002,74.169998,75.040001,72.383934,10420500
2025-07-15,75.339996,75.540001,74.190002,74.699997,72.055969,8880100
2025-07-16,75.059998,75.309998,74.260002,74.769997,72.123489,8906300
2025-07-17,74.510002,75.470001,74.370003,75.180000,72.518982,7174600
2025-07-18,75.250000,76.349998,74.970001,75.949997,73.261719,7986300
2025-07-21,76.339996,77.099998,75.959999,76.169998,73.473946,8349900
2025-07-22,76.349998,77.599998,76.349998,77.540001,74.795456,9032600
2025-07-23,77.500000,78.459999,72.070000,72.820000,70.242523,21219500
2025-07-24,72.930000,72.970001,71.349998,71.970001,69.422615,11166100
2025-07-25,72.099998,72.720001,71.080002,71.849998,69.306854,8074800
2025-07-28,71.900002,72.300003,70.970001,71.339996,68.814903,8157200
2025-07-29,71.639999,72.279999,71.050003,71.949997,69.403305,7588500
2025-07-30,71.900002,72.010002,70.930000,70.989998,68.477295,6940300
2025-07-31,70.410004,71.220001,69.690002,71.059998,68.544807,8845200
2025-08-01,71.430000,71.790001,70.339996,70.400002,67.908180,6628500
2025-08-04,70.500000,71.209999,70.180000,70.529999,68.033562,6543600
2025-08-05,70.860001,71.940002,70.660004,71.180000,68.660568,7178900
2025-08-06,71.440002,71.510002,70.489998,70.540001,68.043213,7720200
2025-08-07,70.669998,72.660004,70.669998,72.580002,70.011017,7418600
2025-08-08,72.660004,73.000000,72.230003,72.410004,69.847023,5575700
2025-08-11,72.800003,73.019997,71.120003,72.449997,69.885612,8420000
2025-08-12,72.690002,72.779999,71.139999,71.860001,69.316498,8671100
2025-08-13,71.900002,72.309998,71.199997,72.300003,69.740921,8122300
2025-08-14,71.800003,72.510002,71.349998,72.239998,69.683037,6781000
2025-08-15,72.239998,76.690002,71.779999,75.410004,72.740845,23398400
2025-08-18,76.110001,77.309998,75.309998,75.720001,73.039871,12568400
2025-08-19,75.800003,76.580002,75.449997,76.510002,73.801910,8047300
2025-08-20,76.720001,77.260002,75.830002,76.180000,73.483582,11011600
2025-08-21,76.470001,77.419998,75.580002,76.080002,73.387131,8637100
2025-08-22,76.650002,77.089996,75.430000,76.320000,73.618637,13128900
2025-08-25,75.809998,76.199997,75.110001,75.320000,72.654030,6337700
2025-08-26,75.440002,75.750000,74.430000,74.839996,72.191017,7162700
2025-08-27,74.910004,75.010002,73.400002,73.889999,71.274635,10119000
2025-08-28,73.260002,73.480003,71.900002,72.089996,70.076088,10917200
2025-08-29,72.400002,72.830002,71.820000,72.050003,70.037209,11280500
2025-09-02,72.269997,72.660004,71.489998,72.650002,70.620438,8661500
2025-09-03,72.120003,72.629997,71.360001,71.629997,69.628929,7722300
2025-09-04,72.050003,72.500000,70.160004,70.870003,68.890175,14596800
2025-09-05,71.250000,71.730003,70.260002,70.900002,68.919327,10067600
2025-09-08,70.830002,70.839996,69.239998,69.769997,67.820900,12596500
2025-09-09,69.660004,70.320000,69.540001,70.070000,68.112511,7294500
2025-09-10,70.000000,71.330002,69.620003,71.040001,69.055412,9254400
2025-09-11,70.970001,71.440002,70.510002,71.320000,69.327591,7418300
2025-09-12,71.150002,72.489998,70.809998,71.639999,69.638657,9345600
2025-09-15,71.580002,72.199997,71.300003,71.500000,69.502571,10399100
2025-09-16,71.290001,71.540001,69.769997,69.830002,67.879219,7930200
2025-09-17,70.279999,71.010002,70.099998,70.309998,68.345810,10799600
2025-09-18,70.000000,71.089996,69.370003,70.790001,68.812408,8488500
2025-09-19,70.980003,71.400002,70.370003,71.080002,69.094299,14819300
2025-09-22,71.400002,72.540001,71.269997,72.349998,70.328819,9856700
2025-09-23,72.099998,72.620003,71.720001,72.320000,70.299660,7795900
2025-09-24,72.190002,73.879997,72.050003,73.830002,71.767479,11281800
2025-09-25,74.059998,74.910004,73.589996,74.650002,72.564575,12916500
2025-09-26,74.730003,75.860001,74.629997,75.849998,73.731049,8271500
2025-09-29,75.680000,76.290001,75.269997,76.209999,74.080994,10366000
2025-09-30,76.459999,76.699997,75.120003,75.489998,73.381104,9392700
2025-10-01,76.330002,78.699997,76.220001,78.669998,76.472267,15044800
2025-10-02,78.639999,78.889999,77.540001,78.180000,75.995949,9266600
2025-10-03,78.449997,81.360001,77.650002,80.059998,77.823433,12116600
2025-10-06,80.150002,82.370003,80.150002,82.110001,79.816177,15767600
2025-10-07,83.129997,84.610001,82.410004,83.209999,80.885445,16109700
2025-10-08,83.699997,84.389999,82.870003,84.040001,81.692261,13775600
2025-10-09,84.459999,84.820000,83.449997,83.709999,81.371460,7486100
2025-10-10,83.900002,84.830002,83.199997,83.349998,81.021530,10285600
2025-10-13,83.129997,85.029999,83.010002,84.300003,81.944984,8424300
2025-10-14,84.169998,84.839996,83.430000,84.639999,82.275497,8912900
2025-10-15,85.070000,86.489998,84.830002,85.790001,83.393372,9268600
2025-10-16,86.220001,86.739998,84.980003,85.050003,82.674042,8333700
2025-10-17,85.449997,85.820000,84.169998,84.529999,82.168564,9142200
2025-10-20,85.190002,85.339996,84.309998,84.769997,82.401855,5225700
2025-10-21,85.000000,85.110001,83.029999,83.989998,81.643646,7282200
2025-10-22,84.070000,84.220001,82.470001,82.839996,80.525772,9208900
2025-10-23,83.889999,83.889999,82.570000,83.250000,80.924316,5630800
2025-10-24,83.580002,84.779999,83.360001,84.410004,82.051918,6249800
2025-10-27,83.989998,87.290001,83.790001,86.029999,83.626663,18741000
2025-10-28,87.519997,87.529999,82.910004,83.570000,81.235382,13998100
2025-10-29,83.300003,83.790001,81.050003,81.760002,79.475952,11681500
2025-10-30,81.820000,82.580002,81.440002,81.639999,79.359291,7620100
2025-10-31,81.339996,82.029999,80.860001,81.400002,79.125999,9407300
2025-11-03,81.300003,82.099998,80.599998,81.779999,79.495384,8508200
2025-11-04,81.779999,82.209999,80.800003,81.690002,79.407906,6474500
2025-11-05,81.419998,82.629997,81.110001,82.139999,79.845322,7291000
2025-11-06,82.120003,82.970001,81.989998,82.000000,79.709244,6212700
2025-11-07,81.910004,84.000000,81.620003,83.930000,81.585320,9167100
2025-11-10,84.180000,85.470001,83.690002,84.769997,82.401855,11701700
2025-11-11,84.690002,85.830002,84.550003,85.760002,83.364204,11733900
2025-11-12,85.430000,86.260002,85.010002,85.889999,83.490562,7604800
2025-11-13,85.779999,85.930000,83.930000,83.989998,81.643646,11859300
2025-11-14,83.510002,84.489998,82.529999,83.879997,81.536720,8352100
2025-11-17,83.690002,85.769997,83.690002,85.750000,83.354485,11607900
2025-11-18,86.120003,86.690002,84.620003,84.639999,82.275497,11061200
2025-11-19,85.120003,85.339996,83.919998,84.269997,81.915825,11138700
2025-11-20,84.790001,86.489998,84.199997,84.300003,81.944984,10967000
2025-11-21,84.180000,84.669998,81.639999,83.480003,81.697388,13930100
2025-11-24,83.769997,84.790001,83.010002,84.230003,82.431374,13291500
2025-11-25,84.690002,85.339996,84.180000,84.830002,83.018570,7916800
2025-11-26,85.250000,85.690002,84.690002,85.540001,83.713402,6550600
2025-11-28,85.440002,86.470001,85.150002,86.290001,84.447388,4123300
2025-12-01,85.589996,85.669998,84.389999,84.650002,82.842407,7986600
2025-12-02,84.910004,85.279999,84.250000,84.580002,82.773895,7087000
2025-12-03,84.660004,85.970001,84.500000,84.949997,83.135994,9615100
2025-12-04,84.519997,84.809998,82.739998,83.389999,81.609306,12489600
2025-12-05,83.510002,84.199997,83.059998,83.129997,81.354866,8194600
2025-12-08,83.139999,83.160004,80.410004,80.550003,78.829956,18136600
2025-12-09,80.800003,81.139999,79.500000,79.639999,77.939384,13760400
2025-12-10,80.050003,81.919998,79.639999,81.269997,79.534569,13341100
2025-12-11,81.250000,82.410004,81.070000,81.209999,79.475861,9494100
2025-12-12,81.839996,82.269997,81.330002,81.650002,79.906471,7783100
2025-12-15,82.010002,82.239998,80.529999,81.650002,79.906471,9489800
2025-12-16,81.639999,81.849998,80.190002,81.320000,79.583519,6616600
2025-12-17,80.970001,81.309998,79.650002,80.290001,78.575508,10212000
2025-12-18,80.400002,81.180000,80.000000,80.849998,79.123550,9201300
2025-12-19,80.570000,81.139999,79.529999,79.540001,77.841530,30492300
2025-12-22,79.019997,80.180000,78.720001,80.040001,78.330849,7136200
2025-12-23,80.029999,80.699997,79.750000,79.790001,78.086182,7875000
2025-12-24,80.139999,80.470001,79.690002,80.449997,78.732094,3011300
2025-12-26,80.480003,80.639999,80.050003,80.410004,78.692955,3636400
2025-12-29,80.419998,81.250000,80.220001,80.269997,78.555931,5854600
2025-12-30,80.199997,80.669998,80.150002,80.529999,78.810379,4075900
2025-12-31,80.690002,80.690002,80.209999,80.279999,78.565720,5036200
2026-01-02,80.449997,81.019997,79.589996,80.930000,79.201843,8852900
2026-01-05,81.160004,81.339996,79.250000,81.320000,79.583519,8301900
2026-01-06,81.250000,81.589996,80.500000,81.050003,79.319283,7254500
2026-01-07,80.669998,80.790001,78.360001,78.370003,76.696510,9859900
2026-01-08,78.449997,79.959999,78.379997,79.489998,77.792587,8696700
2026-01-09,80.199997,80.919998,79.870003,79.889999,78.184044,5842200
2026-01-12,79.849998,81.150002,79.519997,81.120003,79.387787,11088100
2026-01-13,81.160004,81.930000,80.419998,81.639999,79.896675,8543000
2026-01-14,80.940002,82.629997,80.940002,81.980003,80.229424,10282400
2026-01-15,81.980003,82.669998,81.540001,82.190002,80.434937,7419300
2026-01-16,83.000000,84.050003,82.139999,83.629997,81.844185,12874900
2026-01-20,83.010002,83.930000,82.519997,83.510002,81.726746,10054800
2026-01-21,84.040001,84.389999,83.199997,83.849998,82.059486,8296600
2026-01-22,84.580002,85.510002,83.669998,85.070000,83.253441,9802300
2026-01-23,85.250000,85.250000,84.199997,84.809998,82.998985,13301700
2026-01-26,85.269997,86.279999,84.839996,85.470001,83.644897,10990600
2026-01-27,84.500000,88.959999,83.800003,87.150002,85.289017,15472300
2026-01-28,87.720001,88.620003,87.059998,87.570000,85.700050,8200000
2026-01-29,88.580002,89.190002,87.639999,88.180000,86.297028,11202400
2026-01-30,87.900002,88.290001,86.160004,87.900002,86.023003,10205300
2026-02-02,88.139999,88.750000,86.320000,86.330002,84.486534,9423100
2026-02-03,86.680000,88.889999,86.680000,88.820000,86.923355,9600200
2026-02-04,89.730003,90.690002,88.959999,89.970001,88.048805,12182700
2026-02-05,90.000000,90.489998,88.089996,89.209999,87.305038,9799400
2026-02-06,90.529999,90.989998,88.389999,89.470001,87.559479,8225200
2026-02-09,89.339996,89.779999,88.750000,89.480003,87.569275,6528800
2026-02-10,89.730003,91.959999,89.269997,90.830002,88.890442,7213700
2026-02-11,91.360001,91.589996,90.459999,91.360001,89.409126,7305000
2026-02-12,91.379997,93.589996,91.230003,91.930000,89.966957,9181600
2026-02-13,91.519997,94.940002,91.080002,93.800003,91.797020,10402800
2026-02-17,94.910004,95.559998,92.279999,92.709999,90.730293,9455400
2026-02-18,93.000000,93.010002,90.589996,91.220001,89.272110,9064800
2026-02-19,91.059998,92.180000,91.029999,91.639999,89.683144,8483500
2026-02-20,92.190002,92.449997,91.309998,92.180000,90.211609,7175600
2026-02-23,92.940002,94.190002,92.589996,94.059998,92.051468,8433600
2026-02-24,94.400002,95.839996,93.919998,95.680000,93.636871,11597600
2026-02-25,95.699997,95.910004,93.809998,95.110001,93.079048,9025500
2026-02-26,94.620003,95.000000,91.849998,91.989998,90.025665,20015700
2026-02-27,90.900002,94.139999,90.650002,93.769997,92.393387,25138500
2026-03-02,93.400002,93.650002,91.750000,92.709999,91.348953,10147800
2026-03-03,91.349998,93.099998,90.330002,92.589996,91.230705,11307700
2026-03-04,92.559998,93.099998,91.629997,92.599998,91.240562,9384300
2026-03-05,92.300003,92.379997,89.900002,91.129997,89.792145,12086800
2026-03-06,90.550003,91.629997,90.010002,91.019997,89.683754,9745100
2026-03-09,90.269997,92.190002,89.650002,92.010002,90.659233,9563600
2026-03-10,91.709999,92.139999,91.059998,91.540001,90.196129,7485900
2026-03-11,91.540001,92.459999,91.099998,91.660004,90.314369,9734300
2026-03-12,91.199997,92.730003,90.809998,91.730003,90.383347,8730000
2026-03-13,92.730003,93.900002,92.309998,92.779999,91.417923,7504400
2026-03-16,93.900002,94.440002,92.239998,92.820000,91.457336,8466100
2026-03-17,93.580002,93.709999,92.269997,92.529999,91.171593,5496600
2026-03-18,92.260002,92.529999,90.610001,90.959999,89.624641,7053700
2026-03-19,90.650002,92.459999,90.300003,92.410004,91.053360,10538400
2026-03-20,92.739998,94.209999,89.169998,89.500000,88.186073,21860800
2026-03-23,91.040001,91.410004,90.150002,90.230003,88.905365,10284300
2026-03-24,90.290001,92.500000,90.050003,91.620003,90.274956,8808000
2026-03-25,92.410004,92.570000,91.070000,91.160004,89.821709,8639900
2026-03-26,91.699997,92.000000,90.570000,91.160004,89.821709,6537800
2026-03-27,91.220001,92.220001,90.699997,91.400002,90.058182,7749600
2026-03-30,92.709999,92.980003,91.500000,92.050003,90.698639,9362100
2026-03-31,92.260002,92.989998,91.360001,92.879997,91.516457,13914200
2026-04-01,92.730003,93.870003,92.239998,92.849998,91.486893,7759400
2026-04-02,93.040001,94.279999,92.739998,93.150002,91.782494,10419000
2026-04-06,92.930000,93.660004,92.529999,92.730003,91.368660,4790100
2026-04-07,92.870003,93.669998,92.160004,93.669998,92.294861,6125400
2026-04-08,93.080002,94.339996,92.019997,94.169998,92.787521,6935100
2026-04-09,94.000000,96.209999,93.970001,94.480003,93.092964,7349000
2026-04-10,94.349998,94.820000,93.919998,94.080002,92.698845,5323100
2026-04-13,93.849998,94.040001,91.930000,92.300003,90.944977,6111500
2026-04-14,91.690002,91.870003,90.580002,91.309998,89.969498,9370600
2026-04-15,90.169998,91.290001,89.980003,91.239998,89.900528,9144800
2026-04-16,90.800003,91.860001,90.570000,91.830002,90.481873,7734300
2026-04-17,91.059998,92.019997,90.459999,91.980003,90.629669,8148800
2026-04-20,92.080002,93.080002,91.570000,92.010002,90.659233,7734800
2026-04-21,92.500000,92.589996,90.559998,90.599998,89.269928,8625800
2026-04-22,91.360001,92.180000,89.900002,90.000000,88.678734,9477100
2026-04-23,92.599998,96.699997,92.320000,96.250000,94.836983,17524900
2026-04-24,97.239998,97.629997,95.139999,95.279999,93.881226,9761900
2026-04-27,95.860001,96.900002,94.769997,94.830002,93.437828,7773800
2026-04-28,95.870003,96.620003,95.150002,96.510002,95.093163,7245100
2026-04-29,96.580002,97.000000,93.660004,94.169998,92.787521,9091700
2026-04-30,94.589996,98.029999,94.440002,97.879997,96.443047,17551200
2026-05-01,98.000000,98.750000,96.680000,96.949997,95.526703,7106200
2026-05-04,96.070000,96.830002,94.980003,95.510002,94.107849,6806600
2026-05-05,95.930000,97.059998,95.300003,96.279999,94.866539,7187400
2026-05-06,96.129997,96.709999,95.019997,95.389999,93.989609,8242900
2026-05-07,94.320000,94.849998,92.720001,93.320000,91.949997,9681800
2026-05-08,93.879997,94.370003,92.580002,93.099998,91.733223,6230100
2026-05-11,94.000000,95.800003,94.000000,94.839996,93.447678,7233800
2026-05-12,94.699997,95.080002,93.599998,94.589996,93.201347,6922400
2026-05-13,94.099998,95.400002,93.320000,94.849998,93.457527,6775700
2026-05-14,94.779999,95.720001,94.209999,95.680000,94.275345,5438200
2026-05-15,94.660004,95.080002,92.699997,93.360001,91.989410,11418400
2026-05-18,91.120003,91.599998,86.629997,89.040001,87.732826,39950600
2026-05-19,88.949997,90.269997,87.360001,90.059998,88.737854,25749400
2026-05-20,90.019997,90.690002,88.089996,88.269997,86.974129,15748800
2026-05-21,88.970001,89.849998,88.459999,89.690002,88.373291,12490600
2026-05-22,89.709999,89.839996,87.949997,88.550003,87.250031,10755400
2026-05-26,89.129997,89.500000,87.529999,87.650002,86.363235,11759500
2026-05-27,87.529999,88.089996,86.930000,87.650002,86.363235,10856200
2026-05-28,87.709999,88.459999,87.029999,87.250000,85.969109,12968200
2026-05-29,87.019997,87.209999,85.690002,87.010002,85.732635,25347000
2026-06-01,85.889999,86.199997,83.570000,83.660004,82.431816,14192200
2026-06-02,84.290001,85.760002,84.110001,85.680000,84.422157,11709800
2026-06-03,85.660004,86.300003,84.519997,84.580002,83.338303,11903000
2026-06-04,85.040001,85.910004,84.269997,85.680000,84.422157,9488900
2026-06-05,85.080002,86.099998,84.610001,85.839996,85.199310,11843200
2026-06-08,85.709999,86.139999,83.980003,84.010002,83.382973,9541700
2026-06-09,84.110001,85.059998,83.379997,84.830002,84.196854,12217300
2026-06-10,85.290001,85.330002,84.510002,85.120003,84.484688,9142900
2026-06-11,85.269997,85.879997,84.730003,84.839996,84.206772,8639100
2026-06-12,85.190002,86.019997,84.879997,85.989998,85.348190,9973600
2026-06-15,85.529999,86.660004,85.070000,86.120003,85.477226,10284300
2026-06-16,86.250000,87.389999,85.870003,86.230003,85.586403,10342600
2026-06-17,86.260002,86.910004,85.279999,85.730003,85.090134,9603400
2026-06-18,85.769997,87.580002,85.669998,86.750000,86.102516,19306600
2026-06-22,86.889999,87.400002,86.019997,86.080002,85.437523,11538900
2026-06-23,86.000000,86.830002,85.660004,86.430000,85.784904,12881700
2026-06-24,86.739998,87.680000,86.370003,87.620003,86.966026,14080300
2026-06-25,87.690002,88.480003,86.839996,87.699997,87.045425,13477200
2026-06-26,87.930000,88.559998,87.650002,88.559998,87.899010,15654200
2026-06-29,89.000000,89.190002,86.949997,88.660004,87.998268,11131300
2026-06-30,88.279999,88.889999,87.430000,87.769997,87.114906,15742700
2026-07-01,88.050003,88.050003,86.320000,86.370003,85.725357,9709200
2026-07-02,86.690002,88.370003,86.349998,88.339996,87.680649,14281800
2026-07-06,88.180000,88.519997,87.160004,87.440002,86.787369,10274100
2026-07-07,88.110001,89.250000,88.010002,88.470001,87.809685,13106300
2026-07-08,88.150002,88.529999,87.339996,87.440002,86.787369,13581300
2026-07-09,88.269997,88.389999,86.839996,87.099998,86.449905,9389300
2026-07-10,87.129997,87.970001,87.070000,87.959999,87.303490,11223100
2026-07-13,87.750000,88.730003,87.680000,88.379997,87.720352,6741200
2026-07-14,89.239998,89.860001,88.800003,89.540001,88.871696,10677700
2026-07-15,89.879997,89.980003,88.449997,89.099998,88.434975,10258000
2026-07-16,89.199997,89.989998,88.730003,89.349998,88.683113,8336600
2026-07-17,90.230003,90.720001,88.419998,88.800003,88.137222,9450700
2026-07-20,88.980003,89.419998,87.699997,88.000000,87.343193,8418000
2026-07-21,87.680000,88.089996,87.449997,87.930000,87.273712,7096900
2026-07-22,88.589996,89.739998,88.339996,89.410004,88.742668,8708200
2026-07-23,88.809998,90.489998,88.599998,89.790001,89.119827,9883000
2026-07-24,90.910004,90.910004,88.430000,89.779999,89.109901,11653100
2026-07-27,89.660004,90.160004,88.290001,88.830002,88.167000,10180900
2026-07-28,89.389999,90.989998,89.110001,89.279999,88.613632,13254700
2026-07-29,90.019997,90.519997,88.000000,88.459999,87.799759,10402300
2026-07-30,88.900002,89.220001,86.860001,87.930000,87.273712,11687700
2026-07-31,87.820000,88.110001,86.919998,86.919998,86.271248,13184200
2026-08-03,86.750000,87.379997,85.709999,86.550003,85.904015,11862300
2026-08-04,86.129997,87.309998,85.480003,87.199997,86.549156,11420100
2026-08-05,86.900002,87.029999,84.970001,85.910004,85.268791,11841100
2026-08-06,86.709999,86.879997,83.940002,84.599998,83.968567,18596400
2026-08-07,83.889999,85.370003,83.489998,84.650002,84.018196,9327400
2026-08-10,84.180000,84.760002,83.650002,84.699997,84.067818,10046700
2026-08-11,84.489998,85.790001,84.379997,85.739998,85.100052,6668700
2026-08-12,85.489998,86.099998,85.260002,85.779999,85.139755,7473300
2026-08-13,85.750000,86.239998,85.459999,86.010002,85.368042,8872100
2026-08-14,86.019997,86.529999,85.830002,86.190002,85.546700,7238400
2026-08-17,85.849998,86.320000,85.510002,86.220001,85.576477,9556900
2026-08-18,87.050003,87.519997,86.089996,86.220001,85.576477,10956700
2026-08-19,86.540001,86.830002,85.589996,85.910004,85.268791,14932800
2026-08-20,85.379997,85.989998,84.599998,85.029999,84.395355,15235400
2026-08-21,85.199997,85.269997,83.540001,83.650002,83.025658,11887200
2026-08-24,83.949997,84.190002,83.239998,84.099998,83.472298,7670200
2026-08-25,84.010002,84.550003,83.300003,84.220001,83.591400,7679100
2026-08-26,84.160004,84.730003,84.029999,84.220001,83.591400,5683700
2026-08-27,83.519997,83.760002,82.779999,83.470001,82.847000,8641700
2026-08-28,82.919998,82.980003,81.330002,81.839996,81.839996,13950900
2026-08-31,81.080002,82.599998,80.750000,82.339996,82.339996,14053600
2026-09-01,82.699997,83.110001,82.279999,82.930000,82.930000,11158400
2026-09-02,82.559998,83.239998,82.050003,83.099998,83.099998,12714000
2026-09-03,83.540001,84.250000,83.290001,84.059998,84.059998,11538900
2026-09-04,83.699997,84.120003,83.230003,83.430000,83.430000,10765300
2026-09-08,83.320000,84.379997,83.320000,83.830002,83.830002,7627900
2026-09-09,83.989998,84.250000,82.620003,82.650002,82.650002,8850943
