date,open,high,low,close,adj_close,volume
2012-01-03,66.300003,67.000000,66.269997,66.830002,43.728424,11565900
2012-01-04,66.629997,66.879997,66.339996,66.800003,43.708820,10595400
2012-01-05,66.440002,66.650002,66.250000,66.519997,43.525589,10085300
2012-01-06,66.510002,66.629997,65.930000,66.360001,43.420891,8421200
2012-01-09,66.250000,66.750000,66.220001,66.639999,43.604118,7836100
2012-01-10,66.849998,66.870003,66.070000,66.330002,43.401276,10318900
2012-01-11,66.099998,66.309998,65.470001,65.680000,42.975956,14676800
2012-01-12,66.000000,66.000000,65.559998,65.809998,43.060997,29758100
2012-01-13,65.559998,65.830002,65.370003,65.809998,43.060997,33539100
2012-01-17,65.959999,66.510002,65.949997,66.260002,43.355453,35728800
2012-01-18,65.900002,66.129997,65.820000,66.029999,43.550037,10386800
2012-01-19,65.959999,66.250000,65.419998,66.080002,43.583012,9346600
2012-01-20,65.629997,66.250000,65.449997,66.230003,43.681946,12190100
2012-01-23,65.910004,65.940002,64.779999,65.000000,42.870693,14828100
2012-01-24,64.639999,64.750000,64.040001,64.500000,42.540932,9742400
2012-01-25,64.379997,65.150002,64.180000,64.980003,42.857510,10913100
2012-01-26,65.099998,65.379997,64.730003,64.800003,42.738792,11932100
2012-01-27,64.309998,64.970001,63.660000,64.300003,42.409012,10979900
2012-01-30,63.799999,63.799999,63.029999,63.209999,41.690109,12492000
2012-01-31,63.419998,63.549999,62.700001,63.040001,41.577976,11358600
2012-02-01,63.419998,63.700001,63.189999,63.209999,41.690109,12900500
2012-02-02,63.349998,63.630001,63.250000,63.320000,41.762653,12613100
2012-02-03,63.360001,63.860001,62.560001,62.770000,41.399906,17440500
2012-02-06,62.860001,63.610001,62.779999,63.509998,41.887974,9851200
2012-02-07,63.560001,63.910000,63.369999,63.700001,42.013279,8901600
2012-02-08,63.720001,63.779999,63.439999,63.639999,41.973717,8174800
2012-02-09,63.840000,64.099998,63.529999,64.040001,42.237526,9152000
2012-02-10,63.599998,63.980000,63.549999,63.880001,42.132000,8295500
2012-02-13,64.150002,64.379997,64.059998,64.230003,42.362854,6899400
2012-02-14,64.099998,64.480003,64.089996,64.480003,42.527721,6997700
2012-02-15,64.820000,64.940002,64.379997,64.550003,42.573914,11651700
2012-02-16,64.779999,65.400002,64.650002,65.199997,43.002594,10823300
2012-02-17,65.489998,65.540001,64.900002,64.910004,42.811329,10281600
2012-02-21,64.989998,65.070000,64.349998,64.419998,42.488163,10037700
2012-02-22,64.239998,64.709999,64.169998,64.440002,42.501350,7029500
2012-02-23,64.349998,66.570000,64.250000,66.419998,43.807247,20163300
2012-02-24,66.739998,66.949997,66.519997,66.709999,43.998539,17777100
2012-02-27,66.570000,67.040001,66.129997,66.699997,43.991932,17903200
2012-02-28,66.589996,67.489998,66.540001,67.389999,44.447006,13468100
2012-02-29,67.410004,67.769997,67.309998,67.620003,44.598709,14742500
2012-03-01,67.440002,67.690002,66.459999,66.660004,43.965549,11967000
2012-03-02,66.720001,66.879997,66.400002,66.669998,43.972149,7022200
2012-03-05,66.610001,66.970001,66.459999,66.949997,44.156815,6933400
2012-03-06,66.500000,67.089996,66.199997,66.839996,44.084263,9827000
2012-03-07,66.820000,67.070000,66.419998,66.580002,43.912804,7470800
2012-03-08,66.949997,67.059998,66.769997,66.900002,44.123829,5811500
2012-03-09,67.059998,67.059998,66.599998,66.930000,44.143612,5710200
2012-03-12,66.769997,67.779999,66.730003,67.709999,44.658085,8825500
2012-03-13,67.849998,67.900002,67.570000,67.900002,44.783398,9056700
2012-03-14,67.730003,67.949997,67.690002,67.849998,44.750416,8056200
2012-03-15,67.690002,67.790001,67.500000,67.680000,44.638290,8611500
2012-03-16,67.830002,67.849998,67.129997,67.250000,44.354683,15713500
2012-03-19,67.029999,67.480003,66.959999,67.209999,44.328304,7038900
2012-03-20,66.959999,67.449997,66.900002,67.209999,44.328304,6139000
2012-03-21,67.209999,67.360001,66.860001,67.199997,44.321690,6120400
2012-03-22,67.000000,67.760002,66.949997,67.519997,44.532757,7321000
2012-03-23,67.510002,67.540001,67.269997,67.430000,44.473404,6006400
2012-03-26,67.540001,67.830002,67.250000,67.459999,44.493172,7818800
2012-03-27,67.510002,67.730003,66.959999,67.150002,44.288719,7936900
2012-03-28,67.120003,67.309998,66.949997,67.190002,44.315109,7534600
2012-03-29,66.980003,67.150002,66.760002,67.010002,44.196384,6917400
2012-03-30,67.150002,67.480003,67.010002,67.209999,44.328304,8670300
2012-04-02,67.430000,67.919998,67.400002,67.559998,44.559135,8595200
2012-04-03,67.430000,67.599998,66.940002,67.089996,44.249149,6954100
2012-04-04,66.709999,67.559998,66.709999,67.260002,44.361279,8372200
2012-04-05,66.919998,67.480003,66.830002,67.309998,44.394257,7696300
2012-04-09,66.720001,67.129997,66.709999,66.809998,44.064487,6890400
2012-04-10,66.739998,66.900002,66.290001,66.349998,43.761082,9436700
2012-04-11,66.739998,66.919998,66.320000,66.440002,43.820450,7593800
2012-04-12,66.169998,66.370003,65.949997,66.089996,43.589607,27847200
2012-04-13,66.040001,66.500000,65.800003,65.809998,43.404911,29792000
2012-04-16,66.010002,67.099998,65.879997,66.779999,44.044682,32810100
2012-04-17,66.910004,67.199997,66.830002,67.019997,44.202984,8894700
2012-04-18,66.930000,67.199997,66.730003,66.750000,44.024918,6081800
2012-04-19,66.879997,66.910004,66.230003,66.570000,43.906189,7721200
2012-04-20,66.709999,67.610001,66.589996,67.510002,44.526176,11092600
2012-04-23,66.910004,67.000000,66.379997,66.650002,43.958961,8420500
2012-04-24,66.830002,67.000000,66.559998,67.000000,44.189789,6962300
2012-04-25,66.669998,66.989998,66.500000,66.889999,44.490425,6994200
2012-04-26,66.639999,67.139999,66.629997,66.870003,44.477127,8415000
2012-04-27,65.099998,65.260002,63.950001,64.440002,42.860874,30719500
2012-04-30,63.580002,64.160004,63.290001,63.639999,42.328770,19195000
2012-05-01,63.340000,63.740002,63.290001,63.570000,42.282215,11899600
2012-05-02,63.660000,64.110001,63.400002,63.980000,42.554916,9689200
2012-05-03,64.290001,64.760002,64.160004,64.510002,42.907429,12079900
2012-05-04,64.529999,64.750000,64.239998,64.279999,42.754448,12006500
2012-05-07,63.459999,64.500000,63.360001,64.250000,42.734486,11124300
2012-05-08,64.129997,64.440002,64.110001,64.160004,42.674625,11481800
2012-05-09,63.930000,64.290001,63.570000,63.669998,42.348713,13842600
2012-05-10,64.000000,64.339996,63.830002,64.139999,42.661335,8109500
2012-05-11,64.059998,64.150002,63.619999,63.680000,42.355358,11318000
2012-05-14,63.500000,63.759998,63.299999,63.580002,42.288868,9902700
2012-05-15,63.720001,64.220001,63.500000,63.720001,42.381973,12824700
2012-05-16,64.339996,64.809998,64.000000,64.290001,42.761086,12375000
2012-05-17,64.120003,64.400002,63.910000,63.959999,42.541607,10261800
2012-05-18,64.190002,64.250000,63.400002,63.520000,42.248955,11583100
2012-05-21,63.660000,63.799999,62.950001,63.389999,42.162483,9553100
2012-05-22,63.430000,63.549999,62.980000,63.150002,42.002853,7535500
2012-05-23,63.000000,63.049999,62.040001,62.389999,41.497356,13765400
2012-05-24,62.490002,62.980000,62.230000,62.570000,41.617085,9178100
2012-05-25,62.580002,63.200001,62.400002,62.490002,41.563873,7377700
2012-05-29,62.639999,63.029999,62.619999,62.950001,41.869831,7401000
2012-05-30,62.639999,62.889999,62.240002,62.320000,41.450802,7493400
2012-05-31,62.599998,62.619999,61.980000,62.290001,41.430843,9268400
2012-06-01,61.759998,61.939999,61.200001,61.549999,40.938644,12728000
2012-06-04,61.689999,61.700001,61.099998,61.400002,40.838882,7768200
2012-06-05,61.209999,61.330002,61.020000,61.169998,40.685905,7855500
2012-06-06,61.270000,61.889999,61.160000,61.799999,41.104927,9622000
2012-06-07,62.080002,62.840000,61.720001,62.759998,41.743439,13904700
2012-06-08,63.040001,63.189999,62.570000,62.750000,41.736794,7697800
2012-06-11,62.990002,63.060001,62.500000,62.540001,41.597122,6345500
2012-06-12,62.500000,62.770000,62.209999,62.759998,41.743439,7814500
2012-06-13,62.610001,62.770000,62.270000,62.570000,41.617085,6838500
2012-06-14,62.759998,63.430000,62.700001,63.180000,42.022816,8389100
2012-06-15,63.529999,63.669998,62.520000,62.880001,41.823261,14126800
2012-06-18,62.560001,62.750000,61.790001,62.290001,41.430843,10289300
2012-06-19,62.410000,62.750000,62.099998,62.209999,41.377628,12844900
2012-06-20,60.889999,60.889999,59.740002,60.389999,40.167107,39133900
2012-06-21,60.360001,60.480000,59.750000,59.750000,39.741409,18876100
2012-06-22,59.770000,60.299999,59.759998,59.830002,39.794628,14395600
2012-06-25,59.540001,59.930000,59.250000,59.310001,39.448753,11745100
2012-06-26,59.450001,59.580002,59.070000,59.270000,39.422153,8794100
2012-06-27,59.240002,60.000000,59.150002,59.980000,39.894409,11454100
2012-06-28,59.700001,60.290001,59.330002,60.290001,40.100590,9207600
2012-06-29,60.650002,61.270000,60.540001,61.250000,40.739117,13301800
2012-07-02,61.040001,61.259998,60.779999,61.189999,40.699196,8914300
2012-07-03,61.130001,61.400002,60.820000,61.360001,40.812267,4817400
2012-07-05,61.439999,61.599998,61.189999,61.349998,40.805622,35413700
2012-07-06,61.220001,61.389999,60.860001,61.279999,40.759060,36773400
2012-07-09,61.119999,61.799999,61.119999,61.549999,40.938644,33492400
2012-07-10,61.709999,61.900002,61.490002,61.730000,41.058361,8651900
2012-07-11,61.770000,61.770000,60.980000,61.400002,40.838882,9975600
2012-07-12,62.840000,64.269997,62.700001,63.700001,42.368668,37140900
2012-07-13,63.930000,65.750000,63.770000,65.089996,43.293205,29170000
2012-07-16,64.620003,65.000000,64.239998,64.809998,43.106964,10675900
2012-07-17,64.639999,65.400002,64.540001,65.349998,43.466133,12565600
2012-07-18,64.830002,65.139999,64.349998,64.820000,43.487598,13387400
2012-07-19,64.949997,65.070000,64.529999,64.919998,43.554680,8077600
2012-07-20,64.519997,64.919998,64.400002,64.730003,43.427216,10121500
2012-07-23,64.400002,64.720001,64.230003,64.389999,43.199116,10711100
2012-07-24,64.480003,64.570000,63.720001,64.019997,42.950886,8271700
2012-07-25,64.120003,64.309998,63.889999,64.019997,42.950886,9424700
2012-07-26,64.589996,65.099998,64.440002,64.559998,43.313171,10472200
2012-07-27,64.680000,65.269997,64.559998,65.089996,43.668747,11141800
2012-07-30,64.889999,65.290001,64.500000,65.099998,43.675449,8388600
2012-07-31,64.790001,64.989998,64.500000,64.540001,43.299740,9327200
2012-08-01,64.870003,64.970001,63.900002,64.010002,42.944183,7782900
2012-08-02,63.660000,63.980000,63.240002,63.509998,42.608738,9462400
2012-08-03,64.709999,65.900002,64.699997,65.500000,43.943813,15279100
2012-08-06,65.230003,66.239998,65.199997,65.809998,44.151791,10034400
2012-08-07,65.919998,66.449997,65.910004,66.220001,44.426861,10463300
2012-08-08,66.010002,66.800003,65.959999,66.720001,44.762310,9673200
2012-08-09,66.589996,66.930000,66.400002,66.730003,44.769028,9677800
2012-08-10,66.680000,66.769997,66.209999,66.769997,44.795849,7293600
2012-08-13,66.559998,66.750000,66.349998,66.480003,44.601299,6633900
2012-08-14,66.529999,66.989998,66.190002,66.730003,44.769028,8887400
2012-08-15,66.860001,66.919998,66.559998,66.639999,44.708637,9873600
2012-08-16,66.580002,67.000000,66.449997,67.000000,44.950146,10165100
2012-08-17,66.870003,67.300003,66.629997,67.000000,44.950146,9394300
2012-08-20,66.930000,67.050003,66.550003,66.750000,44.782433,8938700
2012-08-21,66.760002,67.139999,66.680000,66.769997,44.795849,9145400
2012-08-22,66.570000,66.860001,66.510002,66.849998,44.849529,7749600
2012-08-23,66.800003,66.830002,66.589996,66.680000,44.735470,8006500
2012-08-24,66.599998,67.180000,66.330002,67.019997,44.963573,8580200
2012-08-27,66.930000,67.370003,66.860001,67.110001,45.023972,6419600
2012-08-28,66.870003,67.220001,66.849998,66.989998,44.943443,7605400
2012-08-29,66.970001,67.180000,66.800003,66.870003,44.862930,6752200
2012-08-30,66.639999,66.940002,66.620003,66.879997,44.869633,7285600
2012-08-31,67.139999,67.449997,66.889999,67.190002,45.077641,10088600
2012-09-04,67.220001,67.470001,67.010002,67.400002,45.218533,7628600
2012-09-05,67.209999,67.540001,67.209999,67.290001,45.144726,7741100
2012-09-06,67.680000,68.250000,67.599998,68.239998,45.782070,13200500
2012-09-07,68.160004,68.599998,67.980003,68.519997,45.969921,12656300
2012-09-10,68.410004,68.580002,68.120003,68.510002,45.963226,8920600
2012-09-11,68.430000,68.650002,68.080002,68.260002,45.795490,8840900
2012-09-12,68.349998,68.589996,68.050003,68.099998,45.688145,6896000
2012-09-13,67.889999,68.980003,67.889999,68.910004,46.231567,10495400
2012-09-14,68.809998,69.220001,68.769997,69.160004,46.399296,12269800
2012-09-17,68.879997,69.250000,68.860001,69.250000,46.459671,11274600
2012-09-18,69.190002,69.690002,69.110001,69.220001,46.439560,12833500
2012-09-19,69.099998,69.580002,69.019997,69.260002,46.466385,8682900
2012-09-20,69.110001,69.639999,69.110001,69.559998,46.667671,8652700
2012-09-21,69.699997,69.830002,69.379997,69.419998,46.573715,20290300
2012-09-24,69.339996,69.849998,69.239998,69.760002,46.801842,8361000
2012-09-25,69.699997,69.970001,69.540001,69.589996,46.687778,10026700
2012-09-26,69.489998,69.849998,69.300003,69.300003,46.493202,7698400
2012-09-27,69.410004,69.559998,69.059998,69.300003,46.493202,6773100
2012-09-28,69.250000,69.419998,68.639999,69.360001,46.533482,8955100
2012-10-01,69.330002,69.769997,69.099998,69.449997,46.593857,8588600
2012-10-02,69.529999,69.720001,68.519997,68.790001,46.151066,11241400
2012-10-03,69.019997,69.540001,68.730003,69.169998,46.406013,8869500
2012-10-04,69.360001,69.779999,69.309998,69.379997,46.546902,7792700
2012-10-05,69.779999,69.849998,69.410004,69.629997,46.714615,6907800
2012-10-08,69.480003,69.480003,68.889999,69.099998,46.359047,6577000
2012-10-09,68.919998,69.279999,68.519997,68.699997,46.090698,8200100
2012-10-10,68.790001,68.940002,67.949997,68.139999,45.714981,8937500
2012-10-11,68.330002,68.389999,67.820000,68.000000,45.621056,6600700
2012-10-12,68.230003,68.459999,67.870003,67.940002,45.580814,6537400
2012-10-15,68.269997,68.889999,67.970001,68.709999,46.097397,8359300
2012-10-16,68.959999,69.260002,68.790001,69.000000,46.291962,7702700
2012-10-17,68.550003,69.639999,68.510002,69.470001,46.990002,11061000
2012-10-18,69.449997,69.500000,69.040001,69.470001,46.990002,7358100
2012-10-19,69.360001,69.489998,68.449997,68.570000,46.381245,10125600
2012-10-22,68.349998,68.550003,67.870003,68.500000,46.333900,7516800
2012-10-23,67.980003,68.129997,67.260002,67.440002,45.616905,8030800
2012-10-24,67.370003,68.370003,67.370003,68.080002,46.049805,10209600
2012-10-25,69.750000,70.830002,69.580002,70.070000,47.395851,24479700
2012-10-26,69.739998,70.360001,69.389999,69.440002,46.969715,11945200
2012-10-31,69.510002,69.949997,69.010002,69.239998,46.834442,9095400
2012-11-01,69.160004,69.510002,69.139999,69.250000,46.841190,7703800
2012-11-02,69.739998,69.769997,69.059998,69.190002,46.800617,6963100
2012-11-05,69.220001,69.220001,68.349998,68.669998,46.448887,6525700
2012-11-06,68.599998,69.000000,68.360001,68.930000,46.624744,6639800
2012-11-07,68.820000,68.870003,67.790001,68.059998,46.036270,8849600
2012-11-08,67.980003,68.089996,66.900002,66.910004,45.258404,7917700
2012-11-09,66.830002,67.459999,66.760002,67.010002,45.326038,8147700
2012-11-12,67.150002,67.400002,66.910004,67.080002,45.373402,4371300
2012-11-13,66.769997,67.599998,66.769997,66.849998,45.217812,6769100
2012-11-14,66.889999,67.059998,66.290001,66.529999,45.001369,9680100
2012-11-15,66.760002,67.000000,65.830002,66.320000,44.859325,9290000
2012-11-16,66.360001,66.970001,66.139999,66.820000,45.197521,11354200
2012-11-19,66.989998,67.919998,66.860001,67.919998,45.941578,8741400
2012-11-20,67.809998,68.489998,67.760002,68.300003,46.198608,7611600
2012-11-21,68.160004,68.500000,67.970001,68.470001,46.313602,6201400
2012-11-23,68.750000,69.610001,68.709999,69.589996,47.071182,4598200
2012-11-26,69.139999,69.570000,69.050003,69.480003,46.996773,7493600
2012-11-27,69.199997,69.480003,68.910004,68.989998,46.665329,8154300
2012-11-28,69.000000,69.739998,68.900002,69.440002,46.969715,11255800
2012-11-29,69.410004,69.800003,69.129997,69.500000,47.010300,8783800
2012-11-30,69.370003,69.889999,69.370003,69.830002,47.233528,8886800
2012-12-03,69.839996,69.930000,69.500000,69.580002,47.064415,7404600
2012-12-04,69.500000,69.849998,69.070000,69.309998,46.881767,6634900
2012-12-05,69.480003,69.879997,69.080002,69.410004,46.949425,7623400
2012-12-06,69.480003,70.239998,69.440002,69.949997,47.314686,10686900
2012-12-07,69.849998,70.660004,69.849998,70.290001,47.544647,11590900
2012-12-10,70.120003,70.419998,70.029999,70.220001,47.497307,8124100
2012-12-11,70.290001,70.970001,70.139999,70.660004,47.794952,9298000
2012-12-12,70.760002,70.989998,70.610001,70.760002,47.862579,8405900
2012-12-13,70.550003,70.639999,69.900002,70.129997,47.436440,8478200
2012-12-14,69.919998,70.470001,69.779999,69.930000,47.301167,8997600
2012-12-17,69.949997,70.150002,69.620003,69.930000,47.301167,8791500
2012-12-18,69.889999,70.279999,69.430000,69.970001,47.328217,13568900
2012-12-19,69.760002,69.989998,68.769997,69.339996,46.902069,10304800
2012-12-20,69.300003,70.250000,69.300003,69.820000,47.226738,10218200
2012-12-21,69.430000,69.820000,68.379997,68.720001,46.482700,17746900
2012-12-24,68.669998,68.690002,68.239998,68.519997,46.347408,3578800
2012-12-26,68.570000,68.589996,67.699997,68.000000,45.995689,6937000
2012-12-27,67.879997,68.160004,67.410004,67.970001,45.975399,7648800
2012-12-28,67.730003,67.910004,67.059998,67.150002,45.420734,6463300
2012-12-31,67.000000,67.970001,66.830002,67.889999,45.921280,9061900
2013-01-02,68.650002,69.389999,68.349998,69.389999,46.935898,9987000
2013-01-03,69.440002,69.500000,68.940002,68.949997,46.638271,7741900
2013-01-04,69.010002,69.169998,68.680000,69.089996,46.732971,5853700
2013-01-07,68.919998,68.919998,68.379997,68.620003,46.415062,5269800
2013-01-08,68.519997,68.730003,68.400002,68.510002,46.340660,7362000
2013-01-09,68.769997,69.110001,68.610001,68.879997,46.590939,5762900
2013-01-10,68.980003,69.290001,68.680000,69.269997,46.854710,12855000
2013-01-11,69.300003,69.300003,69.010002,69.220001,46.820911,12193500
2013-01-14,69.309998,69.970001,69.230003,69.629997,47.098228,11570700
2013-01-15,69.160004,69.959999,69.150002,69.879997,47.267345,7563400
2013-01-16,69.419998,69.699997,69.110001,69.339996,47.282330,7061000
2013-01-17,69.559998,69.959999,69.339996,69.669998,47.507359,6263300
2013-01-18,69.690002,70.000000,69.669998,69.940002,47.691475,10610800
2013-01-22,69.860001,69.980003,69.750000,69.949997,47.698284,8313600
2013-01-23,69.839996,70.699997,69.800003,70.690002,48.202877,10588600
2013-01-24,70.680000,70.849998,70.199997,70.419998,48.018764,8877200
2013-01-25,71.750000,73.250000,71.750000,73.250000,49.948536,28760300
2013-01-28,73.730003,74.230003,73.190002,73.769997,50.303108,14010000
2013-01-29,73.550003,75.309998,73.519997,75.000000,51.141834,17576700
2013-01-30,74.750000,75.480003,74.669998,75.080002,51.196415,12677800
2013-01-31,74.830002,75.260002,74.669998,75.160004,51.250942,11661500
2013-02-01,75.300003,75.970001,75.169998,75.919998,51.769192,12204000
2013-02-04,75.690002,75.800003,74.949997,75.250000,51.312325,11086000
2013-02-05,75.440002,76.690002,75.320000,75.699997,51.619175,14851700
2013-02-06,75.320000,76.190002,75.040001,76.150002,51.926014,17015800
2013-02-07,75.980003,76.419998,75.790001,76.150002,51.926014,9897000
2013-02-08,76.150002,76.480003,75.559998,75.750000,51.653259,9130700
2013-02-11,75.410004,75.919998,75.120003,75.809998,51.694191,6928200
2013-02-12,75.959999,76.309998,75.809998,75.980003,51.810089,6281000
2013-02-13,76.010002,76.580002,75.980003,76.559998,52.205589,7113300
2013-02-14,76.300003,76.970001,76.250000,76.779999,52.355606,10049400
2013-02-15,76.720001,76.959999,76.209999,76.540001,52.191936,11165600
2013-02-19,76.559998,77.769997,76.489998,77.379997,52.764736,11783500
2013-02-20,77.269997,77.519997,76.919998,77.080002,52.560169,9275400
2013-02-21,76.279999,77.199997,75.900002,77.040001,52.532890,10305200
2013-02-22,77.050003,77.190002,76.750000,76.989998,52.498802,8433200
2013-02-25,77.070000,77.669998,75.919998,75.919998,51.769192,9970400
2013-02-26,75.989998,76.379997,75.769997,76.080002,51.878292,8378900
2013-02-27,75.949997,76.949997,75.699997,76.750000,52.335155,7567800
2013-02-28,76.660004,76.910004,76.169998,76.180000,51.946480,10466900
2013-03-01,75.699997,76.720001,75.559998,76.489998,52.157856,9599700
2013-03-04,76.250000,76.680000,75.970001,76.680000,52.287441,7631000
2013-03-05,76.779999,77.389999,76.720001,77.050003,52.539726,9716200
2013-03-06,77.010002,77.449997,76.809998,77.199997,52.642006,7194700
2013-03-07,77.220001,77.489998,76.779999,76.900002,52.437412,7111400
2013-03-08,77.010002,77.199997,76.459999,77.180000,52.628376,7252800
2013-03-11,77.019997,77.389999,76.900002,77.349998,52.744289,6621000
2013-03-12,77.190002,77.449997,77.000000,77.169998,52.621555,7016700
2013-03-13,77.070000,77.099998,76.519997,76.800003,52.369240,6340300
2013-03-14,76.870003,77.470001,76.830002,77.389999,52.771545,8079100
2013-03-15,77.080002,77.379997,76.339996,76.339996,52.055573,15237000
2013-03-18,75.900002,76.550003,75.800003,76.160004,51.932831,7081800
2013-03-19,76.139999,77.180000,76.110001,77.110001,52.580608,9326400
2013-03-20,77.290001,77.820000,77.269997,77.580002,52.901127,8615800
2013-03-21,77.419998,77.669998,77.139999,77.209999,52.648827,6319500
2013-03-22,77.180000,77.449997,77.000000,77.269997,52.689716,5868400
2013-03-25,77.269997,77.620003,76.440002,76.680000,52.287441,6843600
2013-03-26,77.019997,77.500000,76.889999,77.400002,52.778378,5386000
2013-03-27,76.980003,77.110001,76.570000,77.059998,52.546543,5274600
2013-03-28,76.949997,77.160004,76.660004,77.059998,52.546543,8016700
2013-04-01,76.849998,77.849998,76.730003,77.699997,52.982929,7266000
2013-04-02,77.839996,79.150002,77.650002,78.959999,53.842136,13373600
2013-04-03,78.879997,79.080002,77.839996,78.120003,53.269352,8426700
2013-04-04,78.320000,78.980003,78.250000,78.540001,53.555733,8770600
2013-04-05,77.879997,78.389999,77.830002,78.230003,53.344326,6562600
2013-04-08,78.120003,78.879997,77.879997,78.790001,53.726192,6284500
2013-04-09,78.820000,78.889999,78.070000,78.260002,53.364815,6760600
2013-04-10,78.489998,79.489998,78.430000,79.239998,54.033054,7947600
2013-04-11,79.370003,80.129997,79.330002,79.669998,54.326263,11831600
2013-04-12,79.510002,80.660004,79.470001,80.080002,54.605854,9383400
2013-04-15,79.790001,80.839996,79.599998,79.650002,54.312618,10877200
2013-04-16,79.830002,80.209999,79.370003,80.099998,54.619480,9365600
2013-04-17,79.980003,80.139999,78.849998,79.059998,53.910320,10964600
2013-04-18,79.089996,80.180000,79.059998,79.870003,54.462658,10896200
2013-04-19,80.370003,81.699997,80.199997,81.430000,55.526398,13147600
2013-04-22,81.309998,81.589996,81.120003,81.400002,55.505947,7530300
2013-04-23,81.459999,82.540001,80.510002,82.540001,56.283325,12684800
2013-04-24,79.489998,79.610001,76.930000,77.120003,52.973808,25708200
2013-04-25,77.669998,77.669998,76.349998,76.580002,52.602901,14702300
2013-04-26,76.720001,77.220001,76.580002,77.099998,52.960068,8769100
2013-04-29,77.559998,77.980003,77.230003,77.680000,53.358490,6638100
2013-04-30,77.860001,77.889999,76.599998,76.769997,52.733395,9653800
2013-05-01,76.830002,77.769997,76.720001,76.989998,52.884510,8388800
2013-05-02,77.389999,78.279999,77.139999,77.760002,53.413422,7288200
2013-05-03,78.099998,78.459999,77.660004,78.190002,53.708809,7884000
2013-05-06,78.029999,78.400002,77.519997,77.750000,53.406544,7204200
2013-05-07,77.980003,78.199997,77.269997,77.940002,53.537102,9574200
2013-05-08,77.900002,78.510002,77.230003,78.440002,53.880520,12067300
2013-05-09,78.570000,78.889999,78.019997,78.209999,53.722538,7189400
2013-05-10,78.410004,78.790001,78.230003,78.760002,54.100323,6162500
2013-05-13,78.510002,78.970001,78.419998,78.589996,53.983570,5420200
2013-05-14,78.930000,79.470001,78.739998,79.470001,54.588017,6867400
2013-05-15,79.470001,81.000000,79.470001,80.680000,55.419186,11154400
2013-05-16,80.489998,80.739998,79.889999,80.199997,55.089474,8065600
2013-05-17,79.910004,80.180000,79.309998,80.019997,54.965813,8549900
2013-05-20,79.980003,79.980003,78.779999,79.089996,54.327019,7307300
2013-05-21,79.169998,79.220001,78.220001,78.800003,54.127808,7377700
2013-05-22,78.839996,79.680000,78.620003,78.820000,54.141521,8873300
2013-05-23,78.269997,79.110001,78.230003,78.699997,54.059097,7141200
2013-05-24,81.879997,82.349998,81.440002,81.879997,56.243443,25580900
2013-05-28,82.050003,82.129997,80.769997,80.860001,55.542824,14372700
2013-05-29,80.160004,80.250000,78.870003,78.900002,54.196487,9992500
2013-05-30,78.900002,79.879997,78.900002,79.089996,54.327019,14761500
2013-05-31,78.790001,78.809998,76.750000,76.760002,52.726532,16461900
2013-06-03,76.870003,77.699997,76.120003,77.660004,53.344727,11720600
2013-06-04,77.709999,78.470001,76.750000,77.370003,53.145546,11379300
2013-06-05,77.080002,77.209999,76.629997,76.660004,52.657837,8826900
2013-06-06,76.559998,76.970001,75.830002,76.820000,52.767738,11099900
2013-06-07,77.440002,78.279999,77.269997,77.750000,53.406544,7839500
2013-06-10,77.690002,78.220001,77.260002,78.070000,53.626350,8966400
2013-06-11,77.680000,78.750000,77.449997,78.120003,53.660713,6781200
2013-06-12,78.639999,78.889999,77.480003,77.599998,53.303528,7834200
2013-06-13,77.540001,78.690002,77.139999,78.430000,53.873657,6927700
2013-06-14,78.489998,78.790001,77.669998,78.029999,53.598892,6825900
2013-06-17,78.260002,79.470001,78.250000,78.959999,54.237717,7359900
2013-06-18,78.949997,79.230003,78.699997,79.040001,54.292667,6051400
2013-06-19,79.050003,79.470001,77.589996,77.610001,53.310390,7424500
2013-06-20,77.209999,77.330002,75.099998,75.250000,51.689312,15555700
2013-06-21,76.250000,77.529999,75.690002,77.430000,53.186756,20055700
2013-06-24,76.949997,77.430000,75.629997,76.580002,52.602901,12563300
2013-06-25,77.099998,77.239998,76.290001,76.690002,52.678448,7909400
2013-06-26,77.230003,77.589996,77.019997,77.400002,53.166145,7326500
2013-06-27,77.959999,78.379997,77.570000,77.669998,53.351593,14731500
2013-06-28,77.620003,77.940002,76.900002,76.989998,52.884510,9865300
2013-07-01,77.019997,78.449997,77.000000,78.019997,53.592022,6699200
2013-07-02,77.949997,78.610001,77.709999,78.440002,53.880520,10228500
2013-07-03,78.279999,78.750000,77.430000,78.570000,53.969810,5339900
2013-07-05,78.889999,79.019997,77.779999,78.339996,53.811829,7264700
2013-07-08,78.540001,79.080002,78.500000,78.760002,54.100323,11141400
2013-07-09,79.070000,79.900002,79.070000,79.570000,54.656715,11456200
2013-07-10,79.650002,80.099998,79.300003,79.800003,54.814690,6862800
2013-07-11,80.550003,80.989998,80.290001,80.769997,55.480999,9185400
2013-07-12,80.669998,81.639999,80.669998,81.550003,56.016796,12586300
2013-07-15,81.370003,81.589996,80.849998,81.510002,55.989300,10024700
2013-07-16,81.320000,81.370003,80.910004,80.970001,55.618374,11208600
2013-07-17,80.489998,80.849998,80.010002,80.089996,55.425999,7644300
2013-07-18,80.029999,80.750000,80.029999,80.300003,55.571323,5526000
2013-07-19,80.360001,81.410004,80.050003,81.370003,56.311821,7862600
2013-07-22,81.230003,81.449997,80.900002,81.220001,56.207993,4813600
2013-07-23,81.220001,81.400002,80.779999,80.949997,56.021141,4311700
2013-07-24,80.949997,81.000000,80.129997,80.269997,55.550552,5606600
2013-07-25,80.010002,80.570000,79.839996,80.410004,55.647442,6239900
2013-07-26,80.019997,80.419998,79.389999,80.389999,55.633606,6543500
2013-07-29,80.099998,80.449997,80.050003,80.089996,55.425999,4389400
2013-07-30,80.489998,80.900002,80.160004,80.440002,55.668205,6434100
2013-07-31,80.440002,81.410004,80.160004,80.300003,55.571323,11857000
2013-08-01,81.620003,82.230003,81.209999,81.639999,56.498642,10724800
2013-08-02,81.419998,81.500000,80.559998,81.290001,56.256439,6626300
2013-08-05,81.050003,81.650002,80.959999,81.400002,56.332565,4662800
2013-08-06,81.300003,81.970001,81.300003,81.739998,56.567875,6212500
2013-08-07,81.410004,82.209999,81.379997,81.959999,56.720116,5828500
2013-08-08,82.110001,82.400002,81.510002,82.169998,56.865452,6207900
2013-08-09,81.919998,82.059998,81.190002,81.639999,56.498642,6127200
2013-08-12,81.230003,81.730003,81.040001,81.620003,56.484844,4922200
2013-08-13,81.779999,81.989998,81.330002,81.660004,56.512497,4936400
2013-08-14,81.669998,81.779999,81.190002,81.250000,56.228764,5167500
2013-08-15,80.959999,81.080002,80.169998,80.480003,55.695892,7415300
2013-08-16,80.269997,80.480003,79.059998,79.900002,55.294498,9451600
2013-08-19,79.639999,80.089996,79.419998,79.589996,55.079956,5959400
2013-08-20,79.720001,80.099998,79.279999,79.529999,55.038448,5172500
2013-08-21,79.500000,80.120003,79.050003,79.379997,54.934628,7390900
2013-08-22,79.300003,80.050003,78.870003,79.769997,55.204559,6274400
2013-08-23,79.870003,80.070000,79.589996,80.010002,55.370636,5219600
2013-08-26,79.919998,79.980003,78.529999,78.540001,54.353313,6385400
2013-08-27,77.870003,78.360001,77.330002,77.970001,53.958855,7052200
2013-08-28,77.860001,77.860001,76.849998,76.849998,53.183765,9008500
2013-08-29,76.760002,77.839996,76.419998,77.309998,53.502113,5961000
2013-08-30,77.529999,78.070000,73.610001,77.889999,53.903488,9039100
2013-09-03,78.269997,78.419998,77.440002,77.750000,53.806595,6743800
2013-09-04,77.519997,77.750000,77.120003,77.489998,53.626671,6031300
2013-09-05,77.580002,77.629997,76.830002,77.139999,53.384445,7163200
2013-09-06,77.120003,77.610001,76.400002,77.150002,53.391361,6977400
2013-09-09,77.370003,78.199997,77.370003,78.160004,54.090347,6089300
2013-09-10,78.500000,78.639999,77.779999,77.949997,53.945000,6650200
2013-09-11,77.260002,78.269997,77.250000,78.269997,54.166470,7049800
2013-09-12,78.400002,78.800003,78.169998,78.260002,54.159534,6944900
2013-09-13,78.440002,79.180000,78.410004,79.050003,54.706284,4894100
2013-09-16,79.720001,80.209999,79.709999,80.160004,55.474438,7512800
2013-09-17,79.959999,80.250000,79.639999,79.830002,55.246067,5457700
2013-09-18,79.059998,80.480003,78.529999,80.300003,55.571323,10372100
2013-09-19,80.500000,80.529999,79.779999,80.120003,55.446754,8157300
2013-09-20,80.089996,80.180000,79.389999,79.389999,54.941544,11146100
2013-09-23,79.199997,79.580002,78.669998,79.279999,54.865440,6304900
2013-09-24,78.970001,79.480003,78.589996,78.620003,54.408672,7692100
2013-09-25,78.839996,79.000000,77.709999,77.720001,53.785835,7589300
2013-09-26,77.910004,78.139999,77.620003,78.050003,54.014225,4632600
2013-09-27,77.750000,77.750000,76.769997,77.209999,53.432896,6551300
2013-09-30,76.800003,77.160004,75.349998,75.589996,52.311779,15028300
2013-10-01,75.519997,76.500000,75.440002,76.160004,52.706238,8076100
2013-10-02,75.910004,76.139999,75.419998,75.930000,52.547077,8522900
2013-10-03,75.889999,76.139999,75.199997,75.839996,52.484798,9251600
2013-10-04,75.980003,76.120003,75.510002,76.019997,52.609356,4984700
2013-10-07,75.660004,76.099998,75.480003,75.650002,52.353313,6373300
2013-10-08,76.389999,77.000000,76.050003,76.330002,52.823906,9656600
2013-10-09,76.580002,77.160004,76.099998,76.949997,53.252956,8470700
2013-10-10,77.410004,77.919998,77.150002,77.889999,53.903488,10121900
2013-10-11,78.000000,78.489998,77.809998,78.480003,54.311813,6082200
2013-10-14,78.010002,78.800003,77.930000,78.739998,54.491722,6326100
2013-10-15,78.379997,78.610001,77.440002,77.599998,53.702793,11192500
2013-10-16,77.349998,78.489998,77.260002,78.339996,54.638771,6562600
2013-10-17,78.190002,79.470001,77.980003,79.419998,55.392056,8671300
2013-10-18,79.389999,79.570000,78.779999,79.410004,55.385063,7958500
2013-10-21,79.269997,79.320000,78.440002,78.970001,55.078167,6478700
2013-10-22,79.309998,80.610001,79.279999,80.379997,56.061600,9572300
2013-10-23,80.339996,81.250000,80.250000,80.910004,56.431278,8960700
2013-10-24,80.769997,80.949997,80.250000,80.610001,56.222023,7521100
2013-10-25,80.550003,80.720001,79.510002,80.000000,55.796547,9606500
2013-10-28,80.110001,81.860001,79.949997,81.300003,56.703243,9820900
2013-10-29,81.459999,82.620003,81.099998,82.459999,57.512306,9482900
2013-10-30,82.529999,82.559998,81.230003,81.519997,56.856705,6490000
2013-10-31,81.199997,81.599998,80.720001,80.750000,56.319660,7786800
2013-11-01,80.680000,81.330002,80.639999,81.150002,56.598648,6802300
2013-11-04,81.459999,81.730003,80.910004,81.330002,56.724174,5460100
2013-11-05,81.129997,81.739998,80.849998,81.430000,56.793911,4949300
2013-11-06,81.639999,83.099998,81.330002,82.809998,57.756413,9526400
2013-11-07,82.910004,83.099998,82.110001,82.320000,57.414646,10087700
2013-11-08,82.279999,82.570000,81.669998,82.510002,57.547165,9768400
2013-11-11,82.349998,82.680000,82.019997,82.260002,57.372791,6173600
2013-11-12,82.230003,83.040001,82.120003,82.800003,57.749428,8201700
2013-11-13,82.570000,83.500000,82.459999,83.500000,58.237644,7581600
2013-11-14,83.430000,84.459999,83.430000,84.320000,58.809563,7580500
2013-11-15,84.169998,84.919998,84.160004,84.839996,59.172245,9664700
2013-11-18,84.790001,84.940002,84.180000,84.570000,58.983929,8507300
2013-11-19,84.309998,84.589996,84.209999,84.339996,58.823513,7924200
2013-11-20,84.309998,84.980003,84.239998,84.690002,59.067631,7680900
2013-11-21,84.839996,84.889999,84.510002,84.669998,59.053707,7287700
2013-11-22,84.529999,85.000000,84.230003,84.949997,59.248955,7436200
2013-11-25,84.959999,85.820000,84.849998,85.410004,59.569824,9670500
2013-11-26,85.199997,85.760002,84.639999,84.639999,59.032772,7111600
2013-11-27,84.879997,84.889999,84.019997,84.279999,58.781666,4905000
2013-11-29,84.769997,85.209999,84.150002,84.220001,58.739834,4954500
2013-12-02,84.040001,84.150002,83.099998,83.339996,58.126068,7497500
2013-12-03,83.300003,84.000000,83.230003,83.830002,58.467819,7533200
2013-12-04,83.379997,83.489998,82.589996,83.349998,58.133045,6807200
2013-12-05,83.389999,83.449997,82.300003,82.690002,57.672722,8186600
2013-12-06,83.230003,84.529999,83.169998,84.519997,58.949074,7189400
2013-12-09,84.480003,84.940002,84.339996,84.779999,59.130409,7395300
2013-12-10,84.410004,84.430000,83.430000,83.650002,58.342285,7373300
2013-12-11,83.739998,84.500000,83.610001,84.019997,58.600319,9787900
2013-12-12,83.820000,83.870003,81.930000,82.300003,57.400723,10176300
2013-12-13,82.320000,82.459999,81.559998,82.370003,57.449551,7441600
2013-12-16,82.720001,83.070000,81.599998,81.690002,56.975246,8849700
2013-12-17,81.790001,81.849998,80.690002,80.910004,56.431278,11416400
2013-12-18,81.209999,82.419998,80.480003,82.379997,57.456490,12036100
2013-12-19,81.980003,82.290001,81.510002,81.900002,57.121719,6442600
2013-12-20,81.980003,82.540001,81.820000,81.839996,57.079880,13206100
2013-12-23,82.139999,82.139999,81.010002,81.309998,56.710232,8653600
2013-12-24,81.330002,81.610001,81.250000,81.309998,56.710232,2899100
2013-12-26,81.489998,81.889999,81.290001,81.760002,57.024097,5347000
2013-12-27,82.089996,82.480003,81.860001,82.010002,57.198452,4006000
2013-12-30,82.000000,82.050003,81.570000,82.000000,57.191475,4145600
2013-12-31,81.830002,82.000000,81.089996,81.410004,56.779995,5765300
2014-01-02,81.330002,81.360001,80.320000,80.540001,56.173191,6981700
2014-01-03,80.760002,80.849998,80.190002,80.449997,56.110405,6925600
2014-01-06,80.610001,80.980003,80.300003,80.639999,56.242928,7208200
2014-01-07,80.709999,81.580002,80.620003,81.419998,56.786949,7158200
2014-01-08,80.970001,81.150002,80.050003,80.239998,55.963963,13458800
2014-01-09,80.540001,80.800003,80.029999,80.419998,56.089500,10833900
2014-01-10,80.589996,80.889999,80.199997,80.300003,56.005798,8448300
2014-01-13,80.010002,80.500000,79.690002,80.010002,55.803543,9360800
2014-01-14,80.059998,80.919998,80.019997,80.870003,56.403336,8737100
2014-01-15,80.699997,81.180000,80.250000,80.790001,56.347569,8221900
2014-01-16,80.650002,80.830002,80.260002,80.559998,56.187145,11673300
2014-01-17,80.419998,80.639999,79.800003,79.879997,55.712864,13629800
2014-01-21,80.589996,80.720001,79.540001,80.180000,55.922092,13216400
2014-01-22,79.570000,79.879997,79.050003,79.230003,55.677532,8455600
2014-01-23,78.709999,78.970001,78.120003,78.239998,54.981853,12667700
2014-01-24,79.330002,81.699997,78.779999,79.180000,55.642422,20163200
2014-01-27,79.239998,79.300003,78.419998,78.470001,55.143482,10395400
2014-01-28,78.669998,79.519997,78.430000,79.110001,55.593243,10060800
2014-01-29,78.800003,78.800003,77.379997,77.639999,54.560184,13443100
2014-01-30,78.050003,78.050003,76.769997,76.870003,54.019119,9450500
2014-01-31,76.029999,77.190002,75.260002,76.620003,53.843414,12988800
2014-02-03,76.690002,76.760002,75.599998,75.699997,53.196907,14292700
2014-02-04,76.000000,76.389999,75.400002,76.089996,53.470970,12055400
2014-02-05,75.940002,76.800003,75.669998,76.449997,53.723946,9734100
2014-02-06,76.529999,76.989998,76.480003,76.900002,54.040180,7819700
2014-02-07,76.989998,77.389999,76.750000,77.309998,54.328320,7259200
2014-02-10,77.430000,78.089996,77.190002,78.029999,54.834274,8959700
2014-02-11,78.099998,79.110001,77.639999,78.839996,55.403484,10500800
2014-02-12,78.129997,78.529999,77.059998,77.489998,54.454800,11019700
2014-02-13,77.089996,77.919998,77.000000,77.800003,54.672642,7420600
2014-02-14,77.690002,79.750000,77.250000,79.400002,55.797028,10791900
2014-02-18,79.480003,79.629997,77.559998,77.970001,54.792110,15750700
2014-02-19,77.639999,78.959999,77.550003,78.139999,54.911564,8740000
2014-02-20,77.959999,78.440002,77.500000,77.919998,54.756977,8275200
2014-02-21,78.050003,78.889999,77.910004,77.970001,54.792110,8089200
2014-02-24,78.029999,78.769997,77.610001,77.860001,54.714798,7838700
2014-02-25,77.730003,78.309998,77.400002,78.120003,54.897522,8177500
2014-02-26,78.230003,78.769997,77.820000,77.860001,54.714798,7764700
2014-02-27,77.769997,78.230003,77.559998,78.190002,54.946716,6549800
2014-02-28,78.239998,78.910004,78.010002,78.660004,55.276989,8489600
2014-03-03,78.260002,78.410004,77.349998,77.480003,54.447784,8598600
2014-03-04,78.089996,78.720001,77.900002,78.449997,55.129402,8306900
2014-03-05,78.320000,78.410004,77.550003,77.820000,54.686695,8542300
2014-03-06,78.040001,78.440002,77.839996,78.059998,54.855362,6475600
2014-03-07,78.410004,78.599998,78.110001,78.379997,55.080223,5865400
2014-03-10,78.290001,78.570000,78.199997,78.529999,55.185642,5229900
2014-03-11,78.589996,79.389999,78.570000,78.949997,55.480778,6595800
2014-03-12,78.660004,79.449997,78.620003,79.239998,55.684566,7469300
2014-03-13,79.320000,79.760002,79.190002,79.190002,55.649429,9676600
2014-03-14,79.099998,79.230003,78.669998,78.980003,55.501884,14850700
2014-03-17,79.019997,79.949997,79.019997,79.839996,56.106201,8452100
2014-03-18,79.839996,80.080002,79.510002,79.769997,56.057053,7703200
2014-03-19,79.680000,79.910004,78.510002,78.779999,55.361309,8607200
2014-03-20,78.699997,78.930000,78.150002,78.320000,55.038067,8659500
2014-03-21,79.040001,79.750000,77.879997,77.879997,54.728867,21244400
2014-03-24,78.500000,79.830002,78.470001,79.300003,55.726749,11221600
2014-03-25,79.519997,79.989998,79.440002,79.809998,56.085114,8892500
2014-03-26,80.029999,80.180000,79.330002,79.500000,55.867290,8269800
2014-03-27,79.550003,80.430000,79.379997,79.650002,55.972687,8134100
2014-03-28,79.940002,80.320000,79.519997,79.760002,56.049992,6413500
2014-03-31,80.000000,80.830002,79.550003,80.599998,56.640293,8492800
2014-04-01,80.599998,80.839996,80.209999,80.339996,56.457577,8222300
2014-04-02,80.190002,80.330002,79.800003,80.129997,56.310001,6741800
2014-04-03,80.279999,80.580002,79.930000,80.099998,56.288921,5646000
2014-04-04,80.470001,80.559998,79.750000,79.769997,56.057053,8649600
2014-04-07,80.019997,81.070000,79.930000,80.489998,56.562977,13229000
2014-04-08,80.510002,81.379997,80.019997,81.349998,57.167336,11880700
2014-04-09,81.800003,82.239998,81.320000,81.489998,57.265728,11550700
2014-04-10,81.580002,82.129997,80.889999,81.089996,56.984638,12194300
2014-04-11,80.980003,81.660004,80.500000,80.760002,56.752728,11831400
2014-04-14,81.000000,81.199997,80.510002,80.809998,56.787872,7105600
2014-04-15,80.790001,81.089996,80.519997,80.839996,56.808952,9000800
2014-04-16,81.279999,81.879997,81.029999,81.650002,57.378174,8300700
2014-04-17,81.470001,81.889999,81.339996,81.760002,57.455479,8374700
2014-04-21,81.809998,81.809998,81.290001,81.559998,57.314899,6391000
2014-04-22,81.540001,81.669998,81.150002,81.250000,57.097069,9259100
2014-04-23,80.720001,80.720001,79.379997,80.360001,56.922817,9577500
2014-04-24,80.260002,81.379997,80.010002,81.150002,57.482433,9523200
2014-04-25,81.199997,81.580002,80.970001,81.410004,57.666599,7497400
2014-04-28,81.540001,82.980003,81.510002,82.940002,58.750355,11595100
2014-04-29,82.750000,82.949997,82.360001,82.440002,58.396210,7214300
2014-04-30,82.389999,82.750000,82.239998,82.550003,58.474121,6243300
2014-05-01,82.389999,82.470001,81.760002,82.339996,58.325367,5305000
2014-05-02,82.220001,82.599998,81.750000,81.919998,58.027840,6629200
2014-05-05,81.639999,81.879997,81.470001,81.699997,57.871998,4563600
2014-05-06,81.760002,81.760002,81.120003,81.129997,57.468227,4591300
2014-05-07,81.449997,82.139999,81.419998,82.089996,58.148258,6639500
2014-05-08,82.059998,82.320000,81.820000,82.160004,58.197861,4631200
2014-05-09,82.199997,82.800003,82.139999,82.389999,58.360752,7303500
2014-05-12,82.610001,82.709999,81.709999,81.730003,57.893246,7859000
2014-05-13,81.940002,81.980003,81.419998,81.610001,57.808262,6540200
2014-05-14,81.739998,81.910004,81.120003,81.169998,57.496567,6867200
2014-05-15,81.250000,81.370003,80.440002,80.529999,57.043228,9402100
2014-05-16,80.629997,80.760002,80.000000,80.330002,56.901569,11558900
2014-05-19,80.010002,80.050003,79.540001,79.930000,56.618229,6068100
2014-05-20,80.019997,80.580002,79.970001,80.230003,56.830727,7057200
2014-05-21,80.339996,80.669998,80.019997,80.489998,57.014908,6339800
2014-05-22,80.370003,80.669998,80.050003,80.650002,57.128235,5561100
2014-05-23,80.510002,80.849998,80.400002,80.519997,57.036144,4472600
2014-05-27,80.550003,80.580002,80.050003,80.080002,56.724487,7003800
2014-05-28,80.029999,80.279999,80.019997,80.099998,56.738640,4201400
2014-05-29,80.099998,80.400002,80.080002,80.400002,56.951130,3886800
2014-05-30,80.250000,80.849998,80.169998,80.790001,57.227409,7433000
2014-06-02,80.660004,80.669998,80.290001,80.360001,56.922817,4331700
2014-06-03,80.040001,80.300003,79.599998,79.930000,56.618229,6970600
2014-06-04,80.000000,80.220001,79.639999,79.860001,56.568634,5427700
2014-06-05,80.110001,80.309998,79.970001,80.110001,56.745739,5787700
2014-06-06,80.089996,80.239998,79.820000,80.029999,56.689060,5520500
2014-06-09,79.910004,80.239998,79.849998,80.089996,56.731575,6352500
2014-06-10,80.029999,80.300003,80.000000,80.150002,56.774071,5658400
2014-06-11,80.050003,80.300003,79.879997,80.059998,56.710304,7453700
2014-06-12,79.820000,80.029999,79.690002,79.760002,56.497807,6526800
2014-06-13,79.730003,79.940002,79.500000,79.639999,56.412807,5214000
2014-06-16,79.519997,79.940002,79.110001,79.690002,56.448254,5334600
2014-06-17,79.610001,79.790001,79.349998,79.580002,56.370319,5337300
2014-06-18,79.440002,79.940002,79.129997,79.790001,56.519039,9614200
2014-06-19,79.849998,80.570000,79.800003,80.239998,56.837807,12485100
2014-06-20,80.440002,80.500000,79.830002,79.930000,56.618229,11659900
2014-06-23,80.059998,80.059998,79.360001,79.519997,56.327808,6938900
2014-06-24,79.419998,79.440002,78.919998,79.010002,55.966557,8157300
2014-06-25,79.040001,79.360001,78.650002,79.320000,56.186127,12569300
2014-06-26,79.239998,79.290001,78.589996,78.620003,55.690300,7258800
2014-06-27,78.599998,79.190002,78.519997,79.019997,55.973625,8974900
2014-06-30,79.010002,79.459999,78.430000,78.589996,55.669052,10297700
2014-07-01,78.870003,79.410004,78.510002,79.279999,56.157806,8421200
2014-07-02,79.559998,79.860001,79.440002,79.559998,56.356133,6276600
2014-07-03,79.930000,80.139999,79.639999,79.980003,56.653641,5501100
2014-07-07,79.750000,80.199997,79.660004,80.190002,56.802399,6673600
2014-07-08,80.029999,80.849998,79.910004,80.559998,57.064476,9150200
2014-07-09,80.660004,81.800003,80.500000,81.669998,57.850754,12113100
2014-07-10,81.269997,81.910004,81.190002,81.610001,57.808262,8786500
2014-07-11,81.059998,81.570000,81.000000,81.160004,57.489475,7519300
2014-07-14,81.360001,81.739998,81.300003,81.320000,57.602844,6802000
2014-07-15,81.510002,81.519997,81.089996,81.260002,57.560341,9637600
2014-07-16,80.900002,81.199997,80.750000,80.940002,57.791656,8940500
2014-07-17,80.989998,81.220001,80.389999,80.400002,57.406078,5844700
2014-07-18,80.550003,80.750000,80.160004,80.550003,57.513226,6502400
2014-07-21,80.330002,80.400002,79.949997,80.279999,57.320431,4434300
2014-07-22,80.290001,80.580002,79.769997,80.099998,57.191910,6073200
2014-07-23,80.330002,80.500000,79.820000,79.989998,57.113358,5891200
2014-07-24,80.120003,80.320000,79.849998,80.260002,57.306156,6273100
2014-07-25,80.019997,80.160004,79.370003,79.559998,56.806335,6293400
2014-07-28,79.410004,79.620003,78.849998,79.260002,56.592125,6757300
2014-07-29,79.089996,79.500000,78.650002,78.650002,56.156601,6419600
2014-07-30,78.699997,79.010002,78.139999,78.160004,55.806713,8296500
2014-07-31,77.760002,78.010002,77.290001,77.320000,55.206974,11235600
2014-08-01,79.250000,80.669998,78.830002,79.650002,56.870605,18110700
2014-08-04,79.459999,79.459999,78.660004,79.220001,56.563595,12075300
2014-08-05,78.989998,79.739998,78.980003,79.410004,56.699257,7995900
2014-08-06,79.400002,81.300003,79.269997,81.089996,57.898766,12839000
2014-08-07,81.019997,81.180000,80.010002,80.139999,57.220474,7904000
2014-08-08,80.050003,81.029999,80.040001,80.949997,57.798790,6215600
2014-08-11,81.230003,81.870003,81.029999,81.480003,58.177231,8188000
2014-08-12,81.500000,81.860001,81.209999,81.419998,58.134392,6591200
2014-08-13,81.639999,81.800003,81.110001,81.480003,58.177231,5472200
2014-08-14,81.589996,82.040001,81.440002,81.949997,58.512798,5930700
2014-08-15,82.230003,82.230003,81.180000,81.779999,58.391430,7418400
2014-08-18,81.989998,82.849998,81.809998,82.440002,58.862690,8450500
2014-08-19,82.349998,82.870003,82.120003,82.690002,59.041168,6867700
2014-08-20,82.459999,82.940002,82.459999,82.809998,59.126881,4581800
2014-08-21,82.800003,83.470001,82.690002,83.279999,59.462448,7099800
2014-08-22,83.160004,83.660004,83.139999,83.389999,59.540981,6978500
2014-08-25,83.739998,83.820000,83.309998,83.540001,59.648098,5586800
2014-08-26,83.610001,83.830002,83.330002,83.379997,59.533840,5188400
2014-08-27,83.430000,83.599998,83.160004,83.309998,59.483852,4248300
2014-08-28,83.019997,83.220001,82.760002,83.029999,59.283932,4278700
2014-08-29,83.089996,83.129997,82.599998,83.110001,59.341080,4901300
2014-09-02,83.209999,83.489998,82.709999,82.980003,59.248234,5528900
2014-09-03,83.260002,83.480003,82.769997,82.900002,59.191132,5851800
2014-09-04,82.919998,83.750000,82.779999,83.699997,59.762325,7444200
2014-09-05,83.440002,83.800003,83.070000,83.769997,59.812305,5888900
2014-09-08,83.570000,83.599998,83.129997,83.320000,59.491009,4899600
2014-09-09,83.050003,83.290001,82.830002,82.989998,59.255386,5202900
2014-09-10,83.199997,83.959999,83.150002,83.639999,59.719482,6715300
2014-09-11,83.610001,83.750000,83.370003,83.489998,59.612392,6341600
2014-09-12,83.209999,83.379997,82.860001,83.260002,59.448166,6358500
2014-09-15,83.180000,84.250000,83.139999,83.870003,59.883720,7004700
2014-09-16,83.580002,84.449997,83.559998,84.080002,60.033646,7143800
2014-09-17,84.019997,84.500000,83.930000,84.160004,60.090755,8273800
2014-09-18,84.180000,84.440002,84.070000,84.190002,60.112179,5309200
2014-09-19,84.519997,84.769997,84.180000,84.470001,60.312134,11377700
2014-09-22,84.639999,84.949997,84.489998,84.809998,60.554863,8397100
2014-09-23,84.650002,84.919998,84.440002,84.440002,60.290691,7723500
2014-09-24,84.330002,85.400002,84.330002,85.239998,60.861904,11694700
2014-09-25,85.019997,85.129997,84.330002,84.330002,60.212147,8212300
2014-09-26,84.540001,84.739998,83.860001,84.580002,60.390663,5478000
2014-09-29,84.110001,84.470001,83.660004,84.440002,60.290691,6360000
2014-09-30,84.339996,84.360001,83.680000,83.739998,59.790890,8074700
2014-10-01,84.019997,84.040001,83.029999,83.139999,59.362480,9024700
2014-10-02,83.099998,83.970001,82.949997,83.050003,59.298233,8858400
2014-10-03,83.440002,83.949997,82.879997,83.790001,59.826591,6701500
2014-10-06,83.570000,83.940002,83.190002,83.570000,59.669506,5656500
2014-10-07,83.379997,83.919998,83.120003,83.160004,59.376751,7378200
2014-10-08,83.339996,84.279999,83.209999,84.180000,60.105045,8107100
2014-10-09,84.209999,84.879997,83.529999,83.660004,59.733791,7765700
2014-10-10,83.949997,85.279999,83.910004,84.690002,60.469196,13732400
2014-10-13,84.309998,84.470001,83.309998,83.370003,59.526711,10066100
2014-10-14,83.910004,83.910004,83.029999,83.550003,59.655247,8210300
2014-10-15,82.589996,83.580002,81.760002,82.949997,59.226822,13283200
2014-10-16,81.650002,82.800003,81.570000,82.239998,58.719879,11310200
2014-10-17,82.949997,83.480003,82.029999,83.269997,59.455284,11786600
2014-10-20,83.250000,84.330002,82.830002,84.180000,60.105045,8558100
2014-10-21,84.470001,84.639999,83.660004,84.610001,60.412060,12389600
2014-10-22,84.059998,84.589996,83.919998,84.230003,60.602036,9747600
2014-10-23,84.260002,84.330002,82.300003,83.230003,59.882542,14292100
2014-10-24,85.099998,85.970001,84.910004,85.160004,61.271126,13465600
2014-10-27,84.959999,86.480003,84.830002,85.949997,61.839542,10316600
2014-10-28,86.199997,86.650002,86.169998,86.470001,62.213642,9437700
2014-10-29,86.669998,86.669998,85.910004,86.540001,62.264023,6880600
2014-10-30,86.160004,87.000000,85.669998,86.940002,62.551819,5560300
2014-10-31,87.080002,87.360001,86.709999,87.269997,62.789238,9359800
2014-11-03,86.660004,87.389999,86.199997,87.379997,62.868370,7789500
2014-11-04,87.489998,88.870003,87.440002,88.639999,63.774952,10594800
2014-11-05,88.739998,89.489998,88.360001,89.000000,64.033951,8462000
2014-11-06,89.080002,89.199997,88.570000,88.900002,63.961998,6628900
2014-11-07,88.739998,89.199997,88.250000,89.129997,64.127472,5975700
2014-11-10,88.919998,89.500000,88.260002,89.449997,64.357674,5927100
2014-11-11,89.379997,89.790001,89.169998,89.669998,64.515976,6343900
2014-11-12,89.599998,89.879997,89.419998,89.480003,64.379311,6298700
2014-11-13,88.940002,89.839996,88.459999,88.599998,63.746147,10191600
2014-11-14,88.699997,88.889999,87.930000,88.110001,63.393589,7559400
2014-11-17,88.000000,88.180000,87.370003,87.839996,63.199326,9475800
2014-11-18,88.019997,88.180000,87.489998,87.949997,63.278484,6419400
2014-11-19,88.239998,88.870003,87.930000,88.730003,63.839695,6570400
2014-11-20,88.330002,88.800003,88.330002,88.470001,63.652630,5527600
2014-11-21,89.260002,89.430000,88.459999,88.599998,63.746147,8984100
2014-11-24,88.879997,88.889999,87.860001,88.110001,63.393589,5569200
2014-11-25,88.360001,88.820000,88.080002,88.800003,63.890060,6439700
2014-11-26,88.830002,88.879997,88.449997,88.879997,63.947594,4420000
2014-11-28,89.089996,90.559998,88.970001,90.430000,65.062813,7661800
2014-12-01,90.169998,90.669998,89.519997,90.080002,64.810997,6745100
2014-12-02,90.440002,91.169998,90.120003,91.070000,65.523277,7432900
2014-12-03,90.839996,90.970001,89.639999,90.000000,64.753433,6465600
2014-12-04,90.500000,90.940002,90.099998,90.580002,65.170731,6406700
2014-12-05,90.320000,90.419998,89.209999,90.379997,65.026840,6383400
2014-12-08,90.339996,91.000000,90.320000,90.760002,65.300247,4721900
2014-12-09,90.470001,90.779999,89.870003,90.709999,65.264267,5704000
2014-12-10,90.949997,91.099998,89.959999,90.000000,64.753433,6293300
2014-12-11,90.000000,91.279999,89.980003,90.410004,65.048409,6468700
2014-12-12,90.010002,90.970001,89.529999,89.550003,64.429657,6574600
2014-12-15,89.699997,90.599998,89.029999,89.199997,64.177864,6511900
2014-12-16,89.139999,90.959999,88.379997,89.360001,64.292953,8773800
2014-12-17,89.559998,91.160004,89.400002,90.699997,65.257088,7412700
2014-12-18,91.010002,92.000000,90.550003,92.000000,66.192421,8724500
2014-12-19,92.150002,92.730003,91.760002,92.050003,66.228371,14037800
2014-12-22,92.099998,92.730003,92.000000,92.599998,66.624084,7157100
2014-12-23,92.739998,93.480003,92.699997,93.290001,67.120529,5610600
2014-12-24,93.500000,93.889999,93.139999,93.139999,67.012627,2403000
2014-12-26,93.150002,93.809998,93.059998,93.459999,67.242828,3148700
2014-12-29,93.120003,93.430000,92.500000,92.639999,66.652855,4657700
2014-12-30,92.250000,92.820000,92.099998,92.400002,66.480179,4730000
2014-12-31,92.040001,92.550003,91.029999,91.089996,65.537636,5712100
2015-01-02,90.839996,91.000000,89.919998,90.440002,65.070015,7251400
2015-01-05,90.230003,91.000000,89.849998,90.010002,64.760628,8626100
2015-01-06,90.309998,90.559998,89.260002,89.599998,64.465645,7791200
2015-01-07,89.940002,90.370003,89.559998,90.070000,64.803787,5986600
2015-01-08,90.480003,91.230003,90.129997,91.099998,65.544876,6823300
2015-01-09,91.180000,91.180000,90.120003,90.250000,64.933304,4872800
2015-01-12,90.480003,90.620003,89.510002,89.919998,64.695877,5250900
2015-01-13,90.779999,91.500000,89.769997,90.300003,64.969276,6727100
2015-01-14,89.730003,90.160004,89.430000,89.989998,64.746231,6418200
2015-01-15,90.489998,90.500000,89.339996,89.860001,64.652695,6768200
2015-01-16,89.949997,91.339996,89.870003,91.250000,65.652771,8815700
2015-01-20,91.250000,91.790001,90.500000,91.190002,65.609619,9869900
2015-01-21,90.400002,91.190002,89.629997,90.730003,65.742928,6974500
2015-01-22,91.040001,91.690002,89.870003,91.620003,66.387840,7211200
2015-01-23,91.169998,91.190002,89.949997,90.080002,65.271927,6745700
2015-01-26,89.949997,89.949997,88.739998,89.580002,64.909645,9371700
2015-01-27,87.099998,87.209999,86.019997,86.489998,62.670628,14417400
2015-01-28,86.629997,86.910004,85.010002,85.150002,61.699677,14033400
2015-01-29,85.779999,86.110001,85.150002,85.669998,62.076469,12054500
2015-01-30,85.089996,85.220001,84.250000,84.290001,61.076508,14685300
2015-02-02,84.580002,85.139999,83.680000,85.120003,61.677944,10278700
2015-02-03,85.949997,86.000000,85.120003,85.949997,62.279343,10747900
2015-02-04,85.889999,86.480003,85.550003,85.790001,62.163422,9212800
2015-02-05,86.239998,86.779999,86.099998,86.699997,62.822803,6531300
2015-02-06,86.559998,86.610001,85.150002,85.610001,62.032997,8429800
2015-02-09,85.309998,85.430000,84.589996,85.050003,61.627205,8811500
2015-02-10,85.330002,85.570000,84.820000,85.389999,61.873577,7059300
2015-02-11,85.949997,86.199997,85.150002,85.639999,62.054726,7184600
2015-02-12,86.059998,86.150002,85.410004,86.029999,62.337326,6074600
2015-02-13,86.029999,86.150002,85.500000,85.900002,62.243141,6272000
2015-02-17,86.059998,86.059998,85.000000,85.489998,61.946030,10310400
2015-02-18,85.760002,86.389999,85.519997,86.260002,62.503983,8132300
2015-02-19,86.110001,86.300003,85.050003,85.209999,61.743164,7271600
2015-02-20,84.949997,85.050003,84.190002,84.870003,61.496777,9581300
2015-02-23,84.959999,85.500000,84.650002,85.389999,61.873577,7919200
2015-02-24,85.510002,85.739998,85.010002,85.500000,61.953278,6502200
2015-02-25,85.699997,85.800003,85.239998,85.459999,61.924305,5975800
2015-02-26,85.419998,85.760002,84.889999,85.169998,61.714157,7964500
2015-02-27,85.019997,85.379997,84.570000,85.129997,61.685181,7685000
2015-03-02,85.129997,85.410004,84.839996,85.410004,61.888084,7235200
2015-03-03,85.349998,85.440002,84.540001,85.160004,61.706921,6095600
2015-03-04,85.040001,85.239998,84.209999,84.349998,61.119961,7370000
2015-03-05,84.620003,84.760002,84.089996,84.629997,61.322887,5914200
2015-03-06,84.339996,84.370003,82.370003,82.660004,59.895432,11338700
2015-03-09,82.790001,83.209999,82.680000,83.089996,60.207005,7326700
2015-03-10,82.470001,82.879997,81.540001,81.540001,59.083874,9681400
2015-03-11,81.529999,81.779999,80.809998,81.389999,58.975182,10066600
2015-03-12,81.589996,82.120003,81.510002,82.089996,59.482399,6951100
2015-03-13,81.980003,82.279999,81.150002,81.830002,59.293995,7492500
2015-03-16,82.080002,83.949997,81.989998,83.559998,60.547577,15618300
2015-03-17,83.360001,83.370003,82.430000,82.849998,60.033096,7509300
2015-03-18,82.860001,84.050003,82.019997,83.750000,60.685207,12607900
2015-03-19,83.459999,83.750000,83.120003,83.379997,60.417126,9257500
2015-03-20,83.989998,84.790001,83.769997,84.739998,61.402596,22580300
2015-03-23,84.370003,85.050003,84.360001,84.860001,61.489525,9891100
2015-03-24,84.889999,85.110001,83.870003,83.919998,60.808434,7478800
2015-03-25,84.370003,84.370003,82.860001,83.010002,60.149010,8482200
2015-03-26,82.580002,82.610001,81.949997,82.150002,59.525890,7311600
2015-03-27,82.080002,82.540001,81.989998,82.309998,59.641811,6440600
2015-03-30,82.629997,82.949997,82.150002,82.720001,59.938911,6416800
2015-03-31,82.760002,82.930000,81.940002,81.940002,59.373718,8649700
2015-04-01,82.440002,82.449997,81.449997,82.320000,59.649040,7395300
2015-04-02,82.169998,82.589996,81.919998,82.430000,59.728771,6169800
2015-04-06,81.919998,83.230003,81.510002,83.040001,60.170773,6856300
2015-04-07,82.930000,83.290001,82.330002,82.389999,59.699783,6329900
2015-04-08,82.300003,83.180000,82.269997,82.769997,59.975124,6523400
2015-04-09,82.629997,82.949997,82.010002,82.889999,60.062084,6185000
2015-04-10,82.800003,83.629997,82.720001,83.349998,60.395401,7001700
2015-04-13,83.000000,83.949997,82.940002,83.430000,60.453369,8290500
2015-04-14,83.389999,83.879997,83.050003,83.599998,60.576546,6792600
2015-04-15,83.849998,84.199997,83.480003,83.510002,60.511292,7006400
2015-04-16,83.559998,84.070000,83.349998,83.500000,60.504082,7615900
2015-04-17,83.000000,83.220001,82.029999,82.529999,59.801224,9533800
2015-04-20,83.089996,83.980003,82.800003,82.870003,60.047577,7416000
2015-04-21,83.389999,83.800003,82.900002,83.080002,60.199749,7696400
2015-04-22,83.220001,83.339996,82.599998,83.089996,60.207005,6753100
2015-04-23,81.419998,82.099998,80.900002,80.949997,59.128147,14569500
2015-04-24,81.040001,81.529999,80.900002,81.000000,59.164684,8785500
2015-04-27,80.910004,81.199997,80.470001,80.599998,58.872498,9192300
2015-04-28,80.730003,80.820000,80.190002,80.419998,58.741020,8395500
2015-04-29,80.000000,80.309998,79.720001,79.849998,58.324699,11858500
2015-04-30,79.949997,80.150002,79.070000,79.510002,58.076347,9409300
2015-05-01,79.760002,80.320000,79.629997,80.290001,58.646080,8193000
2015-05-04,80.480003,80.970001,80.300003,80.349998,58.689907,7203800
2015-05-05,80.500000,80.650002,79.779999,80.070000,58.485390,6589400
2015-05-06,80.339996,80.580002,79.519997,80.400002,58.726398,7335700
2015-05-07,80.370003,80.550003,80.000000,80.199997,58.580334,7224300
2015-05-08,80.889999,81.209999,80.820000,80.959999,59.135475,6929400
2015-05-11,80.949997,80.989998,80.260002,80.269997,58.631458,5237800
2015-05-12,80.029999,80.290001,79.360001,79.949997,58.397709,6305800
2015-05-13,80.160004,80.589996,79.550003,79.699997,58.215126,6459900
2015-05-14,80.110001,80.690002,80.089996,80.570000,58.850586,5634200
2015-05-15,80.830002,81.120003,80.730003,81.050003,59.201206,7454800
2015-05-18,80.970001,81.129997,80.500000,80.739998,58.974777,5590800
2015-05-19,80.750000,80.949997,80.330002,80.830002,59.040508,5729500
2015-05-20,80.930000,81.000000,80.449997,80.480003,58.784847,5487000
2015-05-21,80.169998,80.580002,79.839996,80.410004,58.733723,6054700
2015-05-22,80.239998,80.400002,79.919998,79.949997,58.397709,6003600
2015-05-26,79.970001,80.070000,78.940002,79.139999,57.806076,6698300
2015-05-27,79.220001,79.940002,79.089996,79.389999,57.988686,8094600
2015-05-28,79.430000,79.449997,79.019997,79.330002,57.944843,5803400
2015-05-29,79.180000,79.239998,78.190002,78.389999,57.258251,12551700
2015-06-01,78.650002,79.070000,78.269997,78.849998,57.594265,7588000
2015-06-02,78.459999,78.720001,78.169998,78.540001,57.367836,7380800
2015-06-03,78.910004,78.930000,78.269997,78.559998,57.382439,5985800
2015-06-04,78.410004,78.839996,78.059998,78.150002,57.082951,7714600
2015-06-05,78.040001,78.120003,77.370003,77.430000,56.557045,9439700
2015-06-08,77.480003,77.980003,77.099998,77.709999,56.761570,10916200
2015-06-09,77.970001,79.330002,77.820000,78.900002,57.630775,11528900
2015-06-10,79.230003,79.790001,79.010002,79.540001,58.098244,9483500
2015-06-11,79.930000,79.930000,79.239998,79.410004,58.003315,7633300
2015-06-12,79.169998,79.320000,78.570000,78.870003,57.608868,6508600
2015-06-15,78.330002,78.459999,77.930000,78.120003,57.061043,7527900
2015-06-16,79.599998,79.599998,78.540001,79.099998,57.776897,8285700
2015-06-17,79.199997,80.190002,79.160004,80.080002,58.492683,9305800
2015-06-18,80.330002,81.220001,80.300003,80.820000,59.033203,10712500
2015-06-19,80.709999,81.199997,80.480003,80.540001,58.828682,15598800
2015-06-22,80.919998,81.180000,80.330002,80.449997,58.762943,6907900
2015-06-23,80.330002,80.449997,79.620003,79.790001,58.280838,7190600
2015-06-24,79.800003,79.849998,79.500000,79.510002,58.076347,8843700
2015-06-25,79.709999,79.900002,79.389999,79.389999,57.988686,5855700
2015-06-26,79.540001,79.739998,79.279999,79.339996,57.952148,7703200
2015-06-29,78.949997,79.370003,78.260002,78.320000,57.207127,7966200
2015-06-30,78.919998,79.010002,78.129997,78.239998,57.148708,8451400
2015-07-01,78.389999,79.769997,78.120003,79.720001,58.229717,8868000
2015-07-02,80.010002,80.349998,79.769997,79.930000,58.383114,6602500
2015-07-06,79.610001,80.220001,79.500000,80.050003,58.470764,6601200
2015-07-07,80.059998,81.830002,80.059998,81.720001,59.690582,11690400
2015-07-08,81.209999,81.690002,80.889999,80.989998,59.157375,6724700
2015-07-09,81.750000,82.000000,80.519997,80.660004,58.916328,10419800
2015-07-10,81.230003,81.360001,80.760002,80.949997,59.128147,6892500
2015-07-13,81.519997,82.040001,81.339996,81.910004,59.829376,7332900
2015-07-14,82.040001,82.459999,81.980003,82.040001,59.924328,6119500
2015-07-15,81.910004,82.320000,81.839996,82.150002,60.004688,6673700
2015-07-16,82.449997,82.550003,82.099998,82.300003,60.114223,6623400
2015-07-17,81.889999,82.379997,81.599998,82.239998,60.070389,5827300
2015-07-20,82.089996,82.349998,82.000000,82.190002,60.033878,5012900
2015-07-21,82.010002,82.129997,81.370003,81.629997,59.624828,7512400
2015-07-22,81.029999,81.300003,80.669998,80.830002,59.523964,6106400
2015-07-23,80.830002,80.889999,80.139999,80.699997,59.428223,5380900
2015-07-24,80.510002,80.730003,80.230003,80.290001,59.126301,5660800
2015-07-27,79.830002,80.070000,79.430000,79.970001,58.890636,8613600
2015-07-28,80.139999,80.660004,79.910004,80.230003,59.082115,8649900
2015-07-29,80.260002,80.989998,80.160004,80.620003,59.369328,8921500
2015-07-30,79.400002,79.480003,77.150002,77.389999,56.990723,22067800
2015-07-31,77.629997,77.739998,76.660004,76.699997,56.482590,11877200
2015-08-03,76.510002,77.089996,76.010002,76.400002,56.261654,9511300
2015-08-04,76.029999,76.339996,75.750000,75.910004,55.900826,13369100
2015-08-05,76.050003,76.540001,75.750000,75.769997,55.797749,10895400
2015-08-06,76.010002,76.010002,75.250000,75.739998,55.775635,9353300
2015-08-07,75.589996,75.720001,75.339996,75.480003,55.584164,10045400
2015-08-10,75.949997,76.500000,75.800003,76.379997,56.246944,9165900
2015-08-11,76.040001,76.449997,75.809998,76.220001,56.129120,7491900
2015-08-12,75.889999,76.430000,75.339996,76.389999,56.254303,10397700
2015-08-13,76.489998,76.510002,75.629997,75.779999,55.805107,5948000
2015-08-14,75.739998,75.809998,75.379997,75.620003,55.687260,5586900
2015-08-17,75.809998,75.809998,74.750000,75.529999,55.620991,8683900
2015-08-18,75.580002,75.800003,75.000000,75.129997,55.326416,7445900
2015-08-19,74.930000,74.930000,74.019997,74.120003,54.582668,9865300
2015-08-20,73.750000,74.720001,73.459999,73.910004,54.427998,10696500
2015-08-21,73.550003,73.900002,71.830002,71.839996,52.903637,15763900
2015-08-24,68.570000,71.070000,65.019997,69.139999,50.915329,23696300
2015-08-25,72.180000,72.230003,68.300003,68.419998,50.385124,21476900
2015-08-26,69.900002,71.000000,68.949997,70.900002,52.211414,17464700
2015-08-27,71.400002,71.750000,70.019997,71.480003,52.638538,13434000
2015-08-28,71.169998,71.269997,70.589996,71.209999,52.439705,10020000
2015-08-31,71.000000,71.000000,70.300003,70.669998,52.042034,9520900
2015-09-01,69.370003,69.879997,68.519997,68.900002,50.738594,15437700
2015-09-02,69.650002,69.849998,69.220001,69.809998,51.408737,8903700
2015-09-03,70.180000,70.459999,69.699997,69.930000,51.497093,8468300
2015-09-04,69.279999,69.279999,68.500000,68.760002,50.635502,11497500
2015-09-08,70.309998,70.440002,69.559998,69.980003,51.533909,9182300
2015-09-09,70.440002,70.540001,68.370003,68.480003,50.429314,11070600
2015-09-10,68.120003,68.949997,67.750000,68.320000,50.311470,12591100
2015-09-11,68.059998,68.510002,67.730003,68.419998,50.385124,11291400
2015-09-14,68.230003,68.300003,67.330002,68.059998,50.119999,9712800
2015-09-15,68.019997,69.739998,67.900002,69.449997,51.143623,11043700
2015-09-16,70.120003,70.360001,69.699997,70.099998,51.622284,8704200
2015-09-17,70.000000,71.269997,69.860001,70.239998,51.725380,11029600
2015-09-18,69.440002,70.779999,69.370003,69.940002,51.504459,18210200
2015-09-21,70.150002,70.879997,70.010002,70.650002,52.027321,7742800
2015-09-22,70.059998,70.650002,69.980003,70.190002,51.688572,10207800
2015-09-23,70.180000,70.489998,69.959999,70.260002,51.740108,6294200
2015-09-24,69.820000,71.580002,69.739998,71.360001,52.550159,13423500
2015-09-25,72.389999,73.379997,71.949997,72.669998,53.514854,15080700
2015-09-28,72.309998,72.669998,71.750000,71.769997,52.852077,9207300
2015-09-29,71.769997,72.410004,71.349998,72.279999,53.227673,9033300
2015-09-30,72.860001,73.059998,71.550003,71.940002,52.977272,11041900
2015-10-01,71.760002,72.180000,71.400002,71.949997,52.984657,8547600
2015-10-02,71.360001,72.419998,71.290001,72.419998,53.330738,9085600
2015-10-05,72.970001,73.430000,72.500000,73.220001,53.919880,9187700
2015-10-06,73.339996,73.779999,72.589996,73.400002,54.052444,8851500
2015-10-07,73.720001,73.870003,73.320000,73.720001,54.288078,8013200
2015-10-08,73.680000,74.440002,73.489998,74.400002,54.788841,6856600
2015-10-09,74.589996,74.910004,74.320000,74.480003,54.847771,6880100
2015-10-12,74.690002,74.760002,73.910004,74.330002,54.737305,6255900
2015-10-13,74.239998,74.279999,73.660004,74.110001,54.575306,8390200
2015-10-14,74.209999,74.610001,73.900002,74.209999,54.648926,8479200
2015-10-15,74.639999,74.839996,74.029999,74.269997,54.693096,8607400
2015-10-16,74.720001,75.040001,74.339996,74.900002,55.157043,9578900
2015-10-19,74.650002,75.190002,74.529999,75.160004,55.348518,7292200
2015-10-20,74.870003,75.050003,74.160004,74.430000,54.810940,8531900
2015-10-21,73.750000,74.540001,73.500000,73.589996,54.679420,8302100
2015-10-22,73.860001,75.610001,73.610001,74.849998,55.615616,14080900
2015-10-23,76.760002,78.449997,76.309998,77.029999,57.235432,16451200
2015-10-26,77.000000,77.900002,77.000000,77.489998,57.577221,11464700
2015-10-27,77.120003,77.360001,76.809998,77.290001,57.428635,9423400
2015-10-28,77.389999,77.540001,75.690002,76.510002,56.849068,10178400
2015-10-29,76.750000,77.190002,76.239998,77.019997,57.228001,8230700
2015-10-30,76.980003,77.139999,76.379997,76.379997,56.752457,9547700
2015-11-02,76.570000,76.769997,76.050003,76.599998,56.915943,7152900
2015-11-03,76.300003,77.419998,75.959999,77.050003,57.250278,8013200
2015-11-04,77.029999,77.139999,76.510002,77.059998,57.257717,6375400
2015-11-05,77.089996,77.260002,75.959999,76.389999,56.759899,6860900
2015-11-06,75.879997,76.000000,74.690002,75.570000,56.150620,9483500
2015-11-09,75.190002,75.629997,74.930000,75.400002,56.024315,8607200
2015-11-10,75.379997,76.239998,75.230003,75.769997,56.299221,6551000
2015-11-11,76.019997,76.430000,75.919998,75.959999,56.440414,5295900
2015-11-12,75.669998,76.010002,74.660004,74.660004,55.474464,7678600
2015-11-13,74.639999,74.980003,73.949997,73.959999,54.954342,8468800
2015-11-16,74.250000,75.330002,74.010002,75.300003,55.949989,7410600
2015-11-17,75.330002,76.010002,74.870003,75.070000,55.779102,8761800
2015-11-18,74.980003,75.959999,74.809998,75.900002,56.395832,6447100
2015-11-19,76.139999,76.959999,76.019997,76.220001,56.633575,7899500
2015-11-20,76.550003,76.860001,75.680000,75.820000,56.336372,9533200
2015-11-23,75.820000,76.059998,75.400002,75.970001,56.447834,9421300
2015-11-24,75.620003,76.690002,75.610001,76.449997,56.804466,7086800
2015-11-25,76.529999,76.739998,75.879997,75.900002,56.395832,4266500
2015-11-27,75.889999,76.370003,75.500000,75.699997,56.247204,2390100
2015-11-30,75.580002,75.809998,74.839996,74.839996,55.608208,8935700
2015-12-01,74.870003,76.220001,74.870003,75.940002,56.425526,8391700
2015-12-02,75.730003,76.459999,75.650002,75.790001,56.314087,8104200
2015-12-03,75.830002,76.199997,75.169998,75.739998,56.276936,11177800
2015-12-04,75.980003,77.900002,75.919998,77.830002,57.829872,11961000
2015-12-07,77.540001,78.500000,77.540001,78.370003,58.231113,9460000
2015-12-08,77.680000,78.500000,77.349998,77.750000,57.770401,8312700
2015-12-09,77.599998,78.989998,77.440002,77.699997,57.733276,10081900
2015-12-10,77.910004,78.540001,77.570000,77.790001,57.800121,8984200
2015-12-11,77.510002,78.330002,77.110001,77.779999,57.792698,12280500
2015-12-14,77.629997,78.529999,77.440002,78.290001,58.171658,12179000
2015-12-15,78.709999,80.000000,78.480003,79.680000,59.204449,14113400
2015-12-16,79.980003,81.230003,79.800003,80.989998,60.177822,14102600
2015-12-17,80.980003,81.029999,80.199997,80.290001,59.657719,9864200
2015-12-18,79.949997,80.120003,78.129997,78.129997,58.052753,21342100
2015-12-21,78.629997,78.980003,78.150002,78.949997,58.662041,9105800
2015-12-22,79.160004,79.750000,78.879997,79.599998,59.145008,9872200
2015-12-23,79.949997,80.430000,79.500000,79.919998,59.382778,8254600
2015-12-24,79.660004,80.150002,79.599998,79.790001,59.286194,2498000
2015-12-28,79.739998,79.970001,79.470001,79.919998,59.382778,4150000
2015-12-29,80.220001,80.610001,79.849998,80.360001,59.709728,4406100
2015-12-30,80.459999,80.500000,80.000000,80.070000,59.494240,3793200
2015-12-31,79.910004,80.040001,79.309998,79.410004,59.003819,5077700
2016-01-04,78.360001,78.500000,77.540001,78.370003,58.231113,11529800
2016-01-05,78.440002,78.959999,78.209999,78.620003,58.416870,8133700
2016-01-06,77.669998,78.290001,77.120003,77.860001,57.852161,9551000
2016-01-07,76.849998,77.599998,76.070000,77.180000,57.346897,11973900
2016-01-08,77.360001,77.480003,75.669998,75.970001,56.447834,9676400
2016-01-11,76.169998,77.040001,75.599998,76.669998,56.967945,10209200
2016-01-12,77.000000,77.019997,75.750000,76.510002,56.849068,8774700
2016-01-13,76.970001,76.989998,75.790001,75.849998,56.358665,9310100
2016-01-14,76.099998,76.949997,75.879997,76.150002,56.581570,12835100
2016-01-15,74.500000,75.680000,74.470001,74.980003,55.712227,17023900
2016-01-19,75.800003,76.910004,75.720001,76.730003,57.012531,13457300
2016-01-20,75.290001,76.089996,74.459999,75.830002,56.834892,17795000
2016-01-21,76.019997,77.180000,75.410004,76.720001,57.501934,12712900
2016-01-22,77.400002,77.970001,76.550003,77.360001,57.981628,9465800
2016-01-25,77.199997,77.360001,76.559998,76.849998,57.599392,9870400
2016-01-26,78.000000,79.580002,77.540001,78.809998,59.068424,16374800
2016-01-27,78.529999,79.849998,78.150002,78.800003,59.060936,10816100
2016-01-28,79.400002,80.000000,78.610001,79.820000,59.825401,9895100
2016-01-29,79.980003,82.000000,79.830002,81.690002,61.227009,19895000
2016-02-01,81.209999,81.400002,80.529999,81.120003,60.799770,9657200
2016-02-02,80.089996,80.540001,79.809998,80.220001,60.125229,9116400
2016-02-03,80.480003,81.239998,80.019997,81.099998,60.784779,10149600
2016-02-04,80.849998,81.099998,80.330002,80.699997,60.484966,8295100
2016-02-05,80.580002,81.199997,80.570000,81.199997,60.859737,9957600
2016-02-08,80.290001,82.720001,80.290001,82.620003,61.924042,16530200
2016-02-09,81.830002,83.000000,81.019997,82.639999,61.939030,14308900
2016-02-10,82.910004,83.000000,81.459999,81.620003,61.174511,10585400
2016-02-11,80.389999,80.989998,79.629997,79.900002,59.885380,12343900
2016-02-12,80.360001,81.019997,79.790001,80.989998,60.702328,9306100
2016-02-16,81.989998,81.989998,80.839996,81.470001,61.062096,9352600
2016-02-17,81.650002,82.830002,81.510002,82.449997,61.796619,10892900
2016-02-18,82.230003,82.320000,81.209999,81.980003,61.444344,7702600
2016-02-19,81.959999,82.260002,81.400002,81.790001,61.301960,7709600
2016-02-22,81.790001,82.669998,81.709999,82.129997,61.556789,6916500
2016-02-23,82.000000,82.459999,81.610001,81.809998,61.316921,5840600
2016-02-24,81.260002,81.639999,80.660004,81.559998,61.129543,6759800
2016-02-25,81.699997,82.339996,81.470001,82.339996,61.714157,6789700
2016-02-26,82.519997,82.650002,80.949997,81.099998,60.784779,9281100
2016-02-29,81.099998,81.349998,80.209999,80.290001,60.177696,11065300
2016-03-01,80.540001,81.360001,80.529999,81.230003,60.882236,9483900
2016-03-02,81.580002,82.660004,80.849998,82.550003,61.871605,12096600
2016-03-03,82.540001,82.930000,82.180000,82.839996,62.088924,8747100
2016-03-04,82.620003,83.739998,82.260002,83.489998,62.576092,9406700
2016-03-07,83.180000,83.699997,83.000000,83.099998,62.283798,6792400
2016-03-08,82.970001,83.750000,82.669998,83.059998,62.253788,7788400
2016-03-09,83.300003,83.690002,82.680000,82.959999,62.178864,8954800
2016-03-10,83.129997,83.230003,81.750000,82.279999,61.669205,10385600
2016-03-11,82.750000,82.800003,81.440002,81.750000,61.271961,11109500
2016-03-14,81.570000,81.849998,80.680000,81.169998,60.837227,12389300
2016-03-15,81.000000,81.459999,80.760002,81.309998,60.942188,9297800
2016-03-16,81.309998,81.800003,80.480003,81.339996,60.964664,9490300
2016-03-17,81.290001,83.230003,81.279999,82.750000,62.021446,12061500
2016-03-18,82.860001,83.500000,82.440002,83.150002,62.321274,33635200
2016-03-21,83.120003,83.870003,82.910004,83.320000,62.448685,8625600
2016-03-22,83.279999,83.320000,82.489998,82.739998,62.013973,7205900
2016-03-23,82.720001,83.489998,82.580002,82.820000,62.073921,5594600
2016-03-24,82.459999,83.120003,82.430000,82.889999,62.126404,6645700
2016-03-28,82.989998,83.449997,82.519997,82.620003,61.924042,4988500
2016-03-29,82.660004,83.089996,82.160004,82.800003,62.058968,6731400
2016-03-30,83.089996,83.360001,82.650002,82.680000,61.968987,6925400
2016-03-31,82.750000,83.000000,82.150002,82.309998,61.691669,6819200
2016-04-01,82.000000,83.620003,81.930000,83.529999,62.606068,8028600
2016-04-04,83.650002,83.650002,83.029999,83.209999,62.366241,5593400
2016-04-05,83.160004,83.559998,82.989998,83.160004,62.328754,5259100
2016-04-06,83.139999,83.839996,83.080002,83.809998,62.815922,6292100
2016-04-07,83.239998,83.680000,82.870003,83.239998,62.388725,6655900
2016-04-08,83.440002,83.449997,82.769997,83.199997,62.358749,5453000
2016-04-11,83.029999,83.339996,82.660004,82.730003,62.006485,7081500
2016-04-12,82.709999,83.209999,82.449997,82.830002,62.081417,7081600
2016-04-13,83.050003,83.430000,81.839996,82.459999,61.804100,11738600
2016-04-14,81.949997,82.370003,81.540001,82.010002,61.970356,6904400
2016-04-15,82.050003,82.430000,81.849998,82.300003,62.189503,7299300
2016-04-18,82.300003,82.989998,82.019997,82.830002,62.589970,5628000
2016-04-19,82.910004,83.699997,82.849998,83.279999,62.930027,6606100
2016-04-20,83.290001,83.339996,81.480003,81.550003,61.622742,9124200
2016-04-21,81.040001,81.309998,80.550003,80.800003,61.056026,8802100
2016-04-22,80.400002,80.949997,79.910004,80.949997,61.169346,8027700
2016-04-25,80.919998,81.480003,80.419998,81.410004,61.516968,7672800
2016-04-26,81.500000,81.500000,79.209999,79.550003,60.111477,13742300
2016-04-27,79.470001,80.150002,79.099998,79.889999,60.368366,7689700
2016-04-28,79.480003,80.269997,79.389999,79.760002,60.270153,7615900
2016-04-29,79.669998,80.150002,79.370003,80.120003,60.542187,9391000
2016-05-02,80.019997,81.300003,80.019997,80.970001,61.184498,7862600
2016-05-03,80.800003,81.699997,80.690002,81.099998,61.282707,7617500
2016-05-04,80.870003,81.769997,80.870003,81.599998,61.660534,7365900
2016-05-05,81.599998,82.089996,80.919998,81.300003,61.433838,6399500
2016-05-06,81.419998,82.250000,81.169998,82.129997,62.061039,6297200
2016-05-09,82.209999,82.730003,81.970001,82.120003,62.053452,6718800
2016-05-10,82.150002,82.680000,82.120003,82.480003,62.325485,6222400
2016-05-11,82.500000,82.889999,82.129997,82.150002,62.076134,5975000
2016-05-12,82.480003,82.739998,82.110001,82.410004,62.272610,4925000
2016-05-13,82.419998,82.419998,81.000000,81.230003,61.380966,6579000
2016-05-16,81.010002,81.889999,80.750000,81.629997,61.683205,6497200
2016-05-17,81.639999,82.059998,80.330002,80.620003,60.920025,10188200
2016-05-18,80.589996,80.769997,79.410004,79.849998,60.338146,8344100
2016-05-19,79.639999,80.220001,79.449997,80.190002,60.595089,6242500
2016-05-20,80.440002,80.500000,79.790001,80.019997,60.466591,6526800
2016-05-23,80.050003,80.330002,79.849998,80.199997,60.602631,5620600
2016-05-24,80.300003,81.379997,80.300003,80.970001,61.184498,6293300
2016-05-25,81.080002,81.769997,81.010002,81.480003,61.569870,6049800
2016-05-26,81.480003,81.599998,81.089996,81.220001,61.373390,4622300
2016-05-27,81.269997,81.660004,81.160004,81.430000,61.532070,4322200
2016-05-31,81.580002,81.820000,80.739998,81.040001,61.237377,6705000
2016-06-01,80.949997,81.800003,80.860001,81.790001,61.804123,6184100
2016-06-02,81.529999,81.949997,81.330002,81.949997,61.925011,5186300
2016-06-03,81.930000,82.489998,81.779999,82.470001,62.317970,6306700
2016-06-06,82.400002,82.830002,82.230003,82.769997,62.544643,5292300
2016-06-07,82.760002,82.889999,82.250000,82.320000,62.204590,6327500
2016-06-08,82.370003,82.750000,82.019997,82.650002,62.453960,4712600
2016-06-09,82.580002,83.260002,82.430000,83.169998,62.846889,6144900
2016-06-10,82.769997,83.339996,82.610001,83.199997,62.869572,6840800
2016-06-13,82.959999,83.400002,82.529999,82.570000,62.393517,6167400
2016-06-14,82.550003,83.370003,82.269997,83.349998,62.982906,6868600
2016-06-15,83.400002,83.500000,82.820000,82.949997,62.680653,7082200
2016-06-16,82.669998,83.610001,82.660004,83.410004,63.028229,6630100
2016-06-17,83.309998,83.440002,82.349998,83.129997,62.816669,11741700
2016-06-20,83.519997,83.699997,83.029999,83.040001,62.748669,6164300
2016-06-21,83.089996,83.779999,83.089996,83.410004,63.028229,6594700
2016-06-22,83.500000,83.760002,83.290001,83.570000,63.149147,4940100
2016-06-23,83.809998,84.209999,83.570000,84.209999,63.632774,7361300
2016-06-24,82.610001,83.820000,81.989998,82.260002,62.159260,12401100
2016-06-27,81.830002,81.889999,81.000000,81.230003,61.380966,9601800
2016-06-28,81.440002,82.489998,80.949997,82.459999,62.310379,9257100
2016-06-29,82.959999,83.910004,82.910004,83.910004,63.406086,7927500
2016-06-30,83.910004,84.800003,83.820000,84.669998,63.980354,10969300
2016-07-01,84.519997,84.989998,84.510002,84.779999,64.063469,9531100
2016-07-05,84.480003,85.949997,84.449997,85.440002,64.562195,11403100
2016-07-06,85.370003,85.500000,84.739998,85.029999,64.252380,8356500
2016-07-07,85.230003,85.239998,84.529999,84.830002,64.101265,7905700
2016-07-08,84.980003,85.900002,84.769997,85.769997,64.811569,6827300
2016-07-11,85.610001,85.949997,84.910004,85.750000,64.796448,6156800
2016-07-12,85.489998,85.940002,85.190002,85.750000,64.796448,6649800
2016-07-13,85.809998,86.150002,85.410004,85.889999,64.902245,7572100
2016-07-14,86.440002,86.889999,85.849998,85.870003,64.887146,11342600
2016-07-15,86.250000,86.480003,85.790001,86.010002,64.992912,8491300
2016-07-18,86.019997,86.050003,85.699997,85.930000,64.932487,4781300
2016-07-19,85.669998,86.180000,85.559998,86.169998,65.113846,6078200
2016-07-20,85.379997,85.730003,85.129997,85.320000,64.976753,6289000
2016-07-21,85.019997,85.370003,84.879997,85.260002,64.931053,5407000
2016-07-22,85.500000,85.980003,85.449997,85.720001,65.281349,6165600
2016-07-25,85.529999,85.800003,85.150002,85.800003,65.342300,5605300
2016-07-26,85.680000,86.080002,85.169998,85.269997,64.938660,5379300
2016-07-27,85.239998,85.300003,84.320000,84.459999,64.321793,7744700
2016-07-28,84.419998,84.980003,84.400002,84.809998,64.588356,5911600
2016-07-29,84.889999,85.790001,84.800003,85.589996,65.182350,7520900
2016-08-01,85.440002,86.580002,85.419998,86.410004,65.806839,10420600
2016-08-02,87.019997,87.150002,86.239998,86.760002,66.073395,13083200
2016-08-03,86.510002,86.720001,85.459999,85.970001,65.471756,8192100
2016-08-04,86.120003,86.529999,85.800003,86.050003,65.532707,5564100
2016-08-05,86.080002,86.440002,85.529999,85.779999,65.327065,6729700
2016-08-08,85.610001,85.900002,85.129997,85.760002,65.311836,5388200
2016-08-09,85.860001,86.339996,85.680000,85.989998,65.486992,4158800
2016-08-10,86.260002,86.820000,86.000000,86.309998,65.730682,5981400
2016-08-11,86.699997,87.000000,86.400002,86.730003,66.050568,7387100
2016-08-12,86.919998,87.449997,86.779999,87.040001,66.286629,8063400
2016-08-15,87.519997,87.570000,86.989998,87.019997,66.271408,6871200
2016-08-16,86.980003,87.400002,86.470001,86.580002,65.936317,8071100
2016-08-17,86.449997,87.110001,85.970001,86.959999,66.225716,6762100
2016-08-18,86.940002,87.459999,86.940002,87.440002,66.591255,7082800
2016-08-19,87.199997,87.410004,87.050003,87.309998,66.492264,6199900
2016-08-22,87.139999,87.209999,86.580002,86.849998,66.141953,5921100
2016-08-23,87.129997,87.500000,87.040001,87.400002,66.560799,5420100
2016-08-24,87.320000,87.449997,86.559998,87.309998,66.492264,5713300
2016-08-25,87.300003,87.940002,87.040001,87.900002,66.941589,10595500
2016-08-26,87.870003,88.500000,87.169998,87.580002,66.697884,16408200
2016-08-29,87.389999,88.400002,87.320000,88.300003,67.246201,8934500
2016-08-30,87.720001,88.300003,87.459999,87.540001,66.667427,11619400
2016-08-31,87.750000,87.849998,87.029999,87.309998,66.492264,11407800
2016-09-01,87.360001,88.309998,86.980003,88.309998,67.253799,29793300
2016-09-02,88.480003,88.870003,88.040001,88.199997,67.170052,17470400
2016-09-06,88.250000,88.639999,87.879997,88.639999,67.505165,14472100
2016-09-07,88.309998,88.410004,87.709999,87.949997,66.979652,17556400
2016-09-08,87.949997,88.180000,87.629997,87.779999,66.850197,23465700
2016-09-09,87.099998,87.169998,86.239998,86.239998,65.677383,21955000
2016-09-12,86.040001,88.379997,85.959999,88.250000,67.208138,16105700
2016-09-13,87.550003,87.910004,87.010002,87.050003,66.294266,19682700
2016-09-14,87.120003,87.599998,86.870003,87.010002,66.263786,25397900
2016-09-15,86.750000,88.269997,86.750000,88.059998,67.063416,13833600
2016-09-16,87.620003,88.110001,87.300003,88.050003,67.055817,23518300
2016-09-19,87.919998,88.949997,87.250000,88.370003,67.299500,19173900
2016-09-20,88.500000,88.949997,88.180000,88.580002,67.459427,33986500
2016-09-21,88.540001,88.790001,86.440002,87.800003,66.865425,55409800
2016-09-22,87.769997,89.300003,87.769997,88.989998,67.771683,52692700
2016-09-23,88.629997,88.940002,87.489998,87.760002,66.834976,48281400
2016-09-26,87.419998,88.430000,86.610001,87.849998,66.903526,60276600
2016-09-27,88.059998,88.809998,87.660004,88.360001,67.291885,65150800
2016-09-28,88.980003,89.730003,88.470001,89.459999,68.129623,89806000
2016-09-29,89.160004,89.269997,87.540001,88.230003,67.192917,74587500
2016-09-30,88.300003,90.220001,88.290001,89.750000,68.350471,123735700
2016-10-03,89.349998,89.449997,88.410004,88.660004,67.520386,26789500
2016-10-04,88.290001,88.680000,87.949997,88.349998,67.284279,23317600
2016-10-05,88.480003,89.000000,88.209999,88.849998,67.665062,64580300
2016-10-06,88.610001,89.730003,88.470001,89.220001,67.946838,61462800
2016-10-07,89.010002,90.050003,88.300003,90.000000,68.540878,20518800
2016-10-10,90.190002,90.330002,88.779999,89.059998,67.824974,15492400
2016-10-11,88.830002,89.120003,88.199997,88.540001,67.428993,11723100
2016-10-12,88.739998,89.010002,88.330002,88.570000,67.451851,17118000
2016-10-13,88.050003,88.570000,87.599998,88.239998,67.200478,11158100
2016-10-14,88.500000,88.959999,88.220001,88.430000,67.345215,7369000
2016-10-17,88.430000,88.650002,87.709999,87.830002,66.888283,7610600
2016-10-18,88.209999,88.269997,87.440002,87.449997,66.598869,10749500
2016-10-19,86.650002,86.820000,85.440002,85.540001,65.647247,12788800
2016-10-20,85.379997,85.519997,84.790001,84.930000,65.179115,10175100
2016-10-21,84.410004,84.860001,84.239998,84.330002,64.718643,13974100
2016-10-24,84.389999,84.699997,84.059998,84.099998,64.542107,10573200
2016-10-25,87.489998,88.080002,86.970001,86.970001,66.744698,20761200
2016-10-26,86.910004,87.739998,86.779999,87.400002,67.074684,8464100
2016-10-27,87.510002,87.599998,86.449997,86.580002,66.445396,6598300
2016-10-28,86.870003,87.230003,86.449997,86.839996,66.644920,7021100
2016-10-31,87.010002,87.470001,86.690002,86.800003,66.614243,8207100
2016-11-01,86.580002,86.989998,86.480003,86.849998,66.652588,8564500
2016-11-02,86.769997,87.410004,86.559998,86.739998,66.568199,7773200
2016-11-03,86.800003,86.980003,86.470001,86.599998,66.460709,6899900
2016-11-04,86.690002,86.730003,85.070000,85.080002,65.294235,9378100
2016-11-07,86.019997,86.570000,85.599998,86.559998,66.430054,8878500
2016-11-08,86.769997,87.690002,86.589996,87.459999,67.120743,7674600
2016-11-09,85.260002,86.540001,84.309998,85.930000,65.946564,11972500
2016-11-10,85.510002,85.699997,82.180000,82.959999,63.667252,22095000
2016-11-11,82.669998,84.059998,82.650002,83.580002,64.143059,8905700
2016-11-14,83.559998,83.779999,82.760002,83.000000,63.697948,12862500
2016-11-15,84.580002,84.580002,82.879997,83.620003,64.173767,9464000
2016-11-16,83.980003,84.199997,83.169998,83.190002,63.843731,8542900
2016-11-17,83.269997,83.500000,82.930000,83.070000,63.751682,9083700
2016-11-18,82.919998,83.099998,81.989998,82.000000,62.930489,14565500
2016-11-21,82.000000,82.750000,81.709999,82.639999,63.421631,11482100
2016-11-22,83.010002,83.180000,82.660004,82.760002,63.513763,7426500
2016-11-23,82.589996,82.930000,82.519997,82.680000,63.452362,7693300
2016-11-25,82.989998,83.459999,82.949997,83.459999,64.050941,3882900
2016-11-28,83.129997,83.360001,82.760002,83.070000,63.751682,6990100
2016-11-29,83.419998,83.480003,82.690002,82.889999,63.613510,6183100
2016-11-30,82.519997,82.830002,82.260002,82.459999,63.283516,12115500
2016-12-01,82.209999,82.320000,81.180000,81.860001,62.823040,12516900
2016-12-02,82.349998,82.680000,82.070000,82.400002,63.237507,9079400
2016-12-05,82.559998,83.080002,82.480003,82.989998,63.690285,8597500
2016-12-06,83.239998,83.250000,82.610001,82.910004,63.628880,7327200
2016-12-07,82.739998,84.279999,82.709999,84.180000,64.603539,8567700
2016-12-08,83.790001,84.180000,83.500000,83.500000,64.081642,7522800
2016-12-09,83.519997,84.400002,83.470001,84.370003,64.749329,8004500
2016-12-12,84.209999,85.180000,84.209999,85.129997,65.332588,7494100
2016-12-13,84.669998,85.360001,84.529999,85.180000,65.370964,11795900
2016-12-14,85.290001,85.739998,84.169998,84.370003,64.749329,12292200
2016-12-15,84.150002,84.800003,83.610001,84.680000,64.987259,8768100
2016-12-16,84.900002,85.120003,84.150002,84.680000,64.987259,21172400
2016-12-19,84.750000,84.980003,84.320000,84.709999,65.010269,6431200
2016-12-20,84.570000,84.709999,84.190002,84.570000,64.902840,7485400
2016-12-21,84.190002,84.730003,84.120003,84.279999,64.680267,6099300
2016-12-22,84.000000,84.610001,83.870003,84.470001,64.826065,7864800
2016-12-23,84.680000,85.180000,84.550003,84.959999,65.202133,5284200
2016-12-27,84.900002,84.940002,84.419998,84.599998,64.925858,3782600
2016-12-28,84.400002,84.629997,83.949997,84.070000,64.519104,4298800
2016-12-29,84.239998,84.489998,84.099998,84.349998,64.734001,3718300
2016-12-30,84.169998,84.449997,83.919998,84.080002,64.526779,6209800
2017-01-03,83.879997,84.389999,83.500000,84.199997,64.618874,8792700
2017-01-04,84.449997,84.599998,84.239998,84.500000,64.849106,8096700
2017-01-05,84.410004,85.430000,84.379997,85.059998,65.278885,6852400
2017-01-06,84.940002,85.250000,84.620003,85.029999,65.255836,4799900
2017-01-09,84.059998,84.660004,83.750000,84.400002,64.772354,11000600
2017-01-10,84.339996,84.430000,83.239998,83.489998,64.073959,10918200
2017-01-11,83.389999,83.750000,83.279999,83.750000,64.273521,9572300
2017-01-12,83.709999,83.879997,83.370003,83.839996,64.342575,6545400
2017-01-13,83.849998,84.019997,83.440002,84.010002,64.473068,6762800
2017-01-17,83.900002,85.580002,83.879997,85.209999,65.393982,13145100
2017-01-18,84.800003,85.300003,84.589996,84.930000,65.695671,10520400
2017-01-19,84.629997,85.000000,84.279999,84.699997,65.517769,14074500
2017-01-20,86.889999,87.980003,86.419998,87.449997,67.644966,22944400
2017-01-23,87.089996,87.349998,86.849998,86.959999,67.265930,9408900
2017-01-24,87.220001,87.949997,87.220001,87.860001,67.962112,8704700
2017-01-25,87.839996,87.900002,87.059998,87.160004,67.420654,8082900
2017-01-26,87.120003,87.230003,86.589996,86.599998,66.987427,6542300
2017-01-27,86.449997,86.849998,86.019997,86.720001,67.080330,9332300
2017-01-30,86.779999,86.860001,86.500000,86.750000,67.103493,7350000
2017-01-31,86.629997,87.660004,86.529999,87.599998,67.760994,9712400
2017-02-01,87.029999,87.589996,86.750000,87.330002,67.552162,8291000
2017-02-02,87.610001,88.349998,87.250000,87.760002,67.884743,8997200
2017-02-03,88.120003,88.169998,87.389999,87.410004,67.613998,7161900
2017-02-06,87.500000,87.790001,87.129997,87.400002,67.606262,7483000
2017-02-07,87.639999,88.279999,87.480003,88.010002,68.078110,6646100
2017-02-08,88.070000,88.339996,87.809998,88.330002,68.325653,6815800
2017-02-09,88.330002,88.779999,88.029999,88.669998,68.588676,9914100
2017-02-10,88.559998,88.730003,87.970001,87.970001,68.047195,11057600
2017-02-13,88.040001,88.360001,87.639999,88.309998,68.310173,6905100
2017-02-14,88.000000,88.220001,87.230003,87.860001,67.962112,20123400
2017-02-15,89.809998,91.150002,89.809998,91.120003,70.483788,25847700
2017-02-16,90.919998,91.120003,90.540001,90.790001,70.228539,12408500
2017-02-17,90.610001,91.360001,90.449997,91.089996,70.460579,12152400
2017-02-21,90.580002,91.800003,90.580002,91.669998,70.909233,9018700
2017-02-22,91.449997,91.800003,91.250000,91.440002,70.731339,6749900
2017-02-23,91.610001,91.800003,90.910004,91.129997,70.491524,7611600
2017-02-24,90.970001,91.339996,90.669998,91.050003,70.429657,6643400
2017-02-27,90.529999,90.910004,90.059998,90.889999,70.305893,11840300
2017-02-28,90.900002,91.790001,90.650002,91.070000,70.445122,10535600
2017-03-01,91.050003,91.889999,90.709999,91.660004,70.901520,8792200
2017-03-02,91.400002,91.589996,90.879997,90.910004,70.321365,7031200
2017-03-03,90.910004,90.910004,89.889999,90.500000,70.004211,8334900
2017-03-06,89.889999,90.510002,89.589996,90.370003,69.903656,9533800
2017-03-07,90.139999,90.489998,90.059998,90.290001,69.841766,5363000
2017-03-08,90.019997,90.349998,89.760002,90.139999,69.725723,5503700
2017-03-09,90.139999,90.489998,90.099998,90.339996,69.880440,5587400
2017-03-10,90.800003,91.160004,90.650002,91.070000,70.445122,6797800
2017-03-13,91.059998,91.489998,90.849998,91.309998,70.630760,7397500
2017-03-14,91.260002,91.589996,90.820000,91.000000,70.390968,6686400
2017-03-15,91.000000,91.779999,90.730003,91.400002,70.700378,7855300
2017-03-16,91.440002,91.720001,91.099998,91.440002,70.731339,6601200
2017-03-17,91.449997,92.000000,90.919998,91.000000,70.390968,37010100
2017-03-20,90.959999,91.410004,90.940002,91.220001,70.561157,7772900
2017-03-21,91.300003,91.750000,91.029999,91.190002,70.537933,8211000
2017-03-22,91.309998,91.800003,90.750000,90.989998,70.383270,7798000
2017-03-23,90.910004,91.459999,90.599998,90.769997,70.213036,6831400
2017-03-24,90.769997,90.919998,90.209999,90.570000,70.058380,9252000
2017-03-27,90.449997,90.720001,90.180000,90.489998,69.996475,10072000
2017-03-28,90.169998,91.059998,90.129997,90.760002,70.205353,11855800
2017-03-29,90.559998,90.870003,90.389999,90.599998,70.081551,4252800
2017-03-30,90.500000,90.570000,90.099998,90.199997,69.772148,3691900
2017-03-31,90.029999,90.339996,89.839996,89.849998,69.501442,6942400
2017-04-03,89.860001,90.059998,89.449997,89.680000,69.369919,6967400
2017-04-04,89.750000,89.959999,89.419998,89.910004,69.547836,5680800
2017-04-05,90.000000,90.500000,89.760002,89.970001,69.594246,6320100
2017-04-06,89.769997,89.809998,89.309998,89.400002,69.153305,7231500
2017-04-07,89.459999,89.610001,89.180000,89.230003,69.021835,4739100
2017-04-10,89.129997,89.680000,88.750000,89.489998,69.222961,5956000
2017-04-11,89.660004,89.820000,89.290001,89.800003,69.462746,5186000
2017-04-12,89.699997,90.419998,89.559998,90.309998,69.857231,6286300
2017-04-13,90.050003,90.540001,89.790001,90.029999,69.640648,5040100
2017-04-17,90.230003,90.589996,90.129997,90.389999,69.919113,6931700
2017-04-18,90.400002,91.129997,90.339996,90.800003,70.236267,7087800
2017-04-19,90.099998,90.449997,89.500000,89.599998,69.838753,6919000
2017-04-20,89.699997,89.699997,89.309998,89.330002,69.628304,6983500
2017-04-21,89.169998,89.279999,88.610001,88.620003,69.074898,9061200
2017-04-24,89.120003,89.660004,89.010002,89.550003,69.799782,8338500
2017-04-25,89.580002,90.250000,89.470001,90.000000,70.150551,9088400
2017-04-26,89.849998,90.000000,87.610001,87.739998,68.388962,11951300
2017-04-27,87.580002,88.239998,87.230003,87.690002,68.349976,8517500
2017-04-28,87.519997,87.589996,87.150002,87.330002,68.069420,8295400
2017-05-01,87.379997,87.599998,87.080002,87.089996,67.882332,4546600
2017-05-02,87.290001,87.290001,86.019997,86.220001,67.204216,13197500
2017-05-03,86.300003,86.629997,85.900002,86.430000,67.367889,6122000
2017-05-04,86.849998,87.239998,86.300003,86.449997,67.383461,5986200
2017-05-05,86.540001,86.610001,86.129997,86.500000,67.422440,4506200
2017-05-08,86.330002,86.620003,86.239998,86.550003,67.461418,4634600
2017-05-09,86.800003,86.820000,86.220001,86.400002,67.344513,9577600
2017-05-10,86.480003,86.790001,86.389999,86.489998,67.414658,6178500
2017-05-11,86.610001,86.629997,85.879997,86.169998,67.165268,6064700
2017-05-12,86.239998,86.320000,85.919998,86.190002,67.180840,5892400
2017-05-15,86.650002,86.709999,86.250000,86.330002,67.289970,5820700
2017-05-16,86.879997,87.000000,86.190002,86.239998,67.219818,6554500
2017-05-17,86.239998,86.629997,85.930000,86.260002,67.235405,7805800
2017-05-18,86.180000,86.220001,85.519997,85.870003,66.931396,6985600
2017-05-19,86.000000,86.379997,85.669998,86.239998,67.219818,7320700
2017-05-22,86.250000,86.400002,86.029999,86.209999,67.196419,4260000
2017-05-23,86.279999,86.540001,85.980003,86.080002,67.095085,4394200
2017-05-24,86.449997,86.650002,86.209999,86.500000,67.422440,4878800
2017-05-25,86.580002,86.980003,86.550003,86.860001,67.703064,4368000
2017-05-26,86.930000,87.379997,86.820000,87.250000,68.007027,4337000
2017-05-30,87.250000,87.610001,87.099998,87.400002,68.123962,4594500
2017-05-31,87.669998,88.349998,87.449997,88.089996,68.661766,10146600
2017-06-01,88.019997,88.139999,87.370003,88.129997,68.692970,6251300
2017-06-02,88.400002,88.680000,88.010002,88.589996,69.051521,6136400
2017-06-05,88.300003,88.760002,88.000000,88.739998,69.168427,4115300
2017-06-06,88.760002,88.970001,88.449997,88.800003,69.215179,6503000
2017-06-07,88.680000,88.889999,88.400002,88.769997,69.191818,4781600
2017-06-08,88.769997,88.800003,87.360001,87.849998,68.474701,7712100
2017-06-09,87.849998,88.209999,87.550003,88.160004,68.716377,9696900
2017-06-12,88.160004,88.660004,88.089996,88.239998,68.778679,7867700
2017-06-13,88.360001,88.400002,87.769997,88.059998,68.638374,6419300
2017-06-14,88.489998,88.750000,88.059998,88.440002,68.934586,6183900
2017-06-15,88.230003,89.620003,88.230003,89.379997,69.667274,7047500
2017-06-16,89.720001,89.769997,88.809998,89.660004,69.885536,13855000
2017-06-19,89.599998,89.860001,89.199997,89.860001,70.041420,5246200
2017-06-20,89.769997,90.209999,89.610001,89.629997,69.862137,5674200
2017-06-21,89.620003,89.949997,89.290001,89.400002,69.682846,4164500
2017-06-22,89.269997,89.410004,88.900002,89.029999,69.394455,4536700
2017-06-23,89.029999,89.800003,88.900002,89.419998,69.698441,8782100
2017-06-26,89.629997,89.680000,89.269997,89.360001,69.651688,4373300
2017-06-27,89.360001,89.360001,88.610001,88.610001,69.067116,5180400
2017-06-28,89.080002,89.209999,88.260002,88.370003,68.880020,4875000
2017-06-29,88.019997,88.220001,86.930000,86.989998,67.804375,8123500
2017-06-30,87.050003,87.470001,87.000000,87.150002,67.929092,6070300
2017-07-03,87.400002,88.000000,87.180000,87.739998,68.388962,3607400
2017-07-05,87.860001,88.000000,87.489998,87.669998,68.334412,4974300
2017-07-06,87.650002,87.949997,87.360001,87.370003,68.100563,6038900
2017-07-07,87.690002,87.820000,87.279999,87.650002,68.318810,5142200
2017-07-10,87.629997,87.870003,86.889999,87.089996,67.882332,5356400
2017-07-11,87.230003,87.449997,86.309998,86.769997,67.632896,5838600
2017-07-12,87.239998,87.470001,86.830002,86.959999,67.781013,4374200
2017-07-13,86.769997,87.050003,86.500000,86.699997,67.578362,5448900
2017-07-14,86.959999,87.290001,86.730003,87.099998,67.890129,4577700
2017-07-17,87.070000,87.910004,86.739998,87.550003,68.240868,5227800
2017-07-18,87.610001,88.760002,87.459999,88.639999,69.090477,7492300
2017-07-19,87.870003,88.410004,87.599998,88.349998,69.404709,6008500
2017-07-20,88.320000,89.309998,88.309998,88.599998,69.601089,7285000
2017-07-21,88.160004,88.680000,87.809998,88.610001,69.608955,5714800
2017-07-24,88.550003,88.599998,87.970001,88.180000,69.271156,6202000
2017-07-25,88.669998,89.199997,88.540001,89.139999,70.025314,6766700
2017-07-26,89.000000,89.419998,88.870003,89.300003,70.150993,6987000
2017-07-27,90.290001,90.750000,89.000000,90.680000,71.235085,11089200
2017-07-28,90.559998,91.000000,89.959999,90.209999,70.865868,6137500
2017-07-31,90.209999,91.070000,90.209999,90.820000,71.345039,7835700
2017-08-01,91.029999,91.730003,90.720001,91.099998,71.565025,8662100
2017-08-02,90.970001,91.300003,90.529999,91.040001,71.517860,7167700
2017-08-03,90.860001,91.750000,90.820000,90.860001,71.376480,6413200
2017-08-04,90.690002,91.080002,90.529999,90.669998,71.227188,5824400
2017-08-07,90.669998,91.559998,90.519997,91.440002,71.832130,5011300
2017-08-08,91.400002,91.940002,91.230003,91.580002,71.942093,5623400
2017-08-09,91.519997,91.940002,91.519997,91.919998,72.209167,5572800
2017-08-10,91.860001,92.000000,91.690002,91.739998,72.067772,6338200
2017-08-11,91.940002,92.080002,91.290001,91.339996,71.753563,7094200
2017-08-14,91.540001,91.949997,91.250000,91.650002,71.997055,5398400
2017-08-15,91.910004,92.360001,91.879997,92.199997,72.429115,5293400
2017-08-16,92.290001,92.949997,92.190002,92.440002,72.617676,7965500
2017-08-17,92.400002,92.669998,92.070000,92.070000,72.327011,5711400
2017-08-18,91.980003,92.779999,91.849998,92.470001,72.641243,6815000
2017-08-21,92.379997,92.959999,92.360001,92.860001,72.947571,4334300
2017-08-22,92.910004,92.959999,92.589996,92.790001,72.892632,4731500
2017-08-23,92.500000,92.660004,92.279999,92.440002,72.617676,3631900
2017-08-24,92.440002,92.570000,92.040001,92.269997,72.484093,5173700
2017-08-25,92.650002,92.860001,92.410004,92.510002,72.672646,4933000
2017-08-28,92.519997,92.709999,91.980003,92.470001,72.641243,5386500
2017-08-29,92.480003,92.690002,92.239998,92.320000,72.523392,3676300
2017-08-30,92.080002,92.080002,91.660004,91.870003,72.169899,4709600
2017-08-31,91.889999,92.389999,91.839996,92.269997,72.484093,5864400
2017-09-01,92.419998,92.660004,92.260002,92.529999,72.688370,4960700
2017-09-05,92.180000,92.739998,92.040001,92.720001,72.837624,6532100
2017-09-06,92.790001,92.910004,92.360001,92.720001,72.837624,6747200
2017-09-07,92.739998,93.360001,92.330002,92.970001,73.034019,7735400
2017-09-08,92.760002,93.150002,92.510002,92.839996,72.931900,6070100
2017-09-11,93.089996,94.190002,92.900002,93.989998,73.835274,10177300
2017-09-12,93.720001,93.980003,93.209999,93.510002,73.458214,5804000
2017-09-13,93.500000,93.769997,93.449997,93.550003,73.489639,5369300
2017-09-14,93.230003,93.650002,93.180000,93.550003,73.489639,5492300
2017-09-15,93.820000,93.820000,92.820000,93.269997,73.269699,12428800
2017-09-18,93.169998,93.500000,92.860001,93.150002,73.175400,6177700
2017-09-19,93.339996,94.449997,93.339996,94.169998,73.976700,6587200
2017-09-20,94.169998,94.669998,93.830002,94.400002,74.157394,5941500
2017-09-21,94.150002,94.500000,92.449997,92.639999,72.774780,9376700
2017-09-22,92.550003,93.000000,92.080002,92.239998,72.460571,6837700
2017-09-25,92.430000,93.089996,92.330002,92.720001,72.837624,6436200
2017-09-26,92.820000,92.849998,92.199997,92.650002,72.782631,4885200
2017-09-27,92.519997,92.519997,90.339996,90.870003,71.384323,9631200
2017-09-28,90.860001,91.120003,90.629997,90.889999,71.400055,4999800
2017-09-29,90.970001,91.430000,90.699997,90.980003,71.470741,6634500
2017-10-02,91.260002,92.400002,91.239998,91.769997,72.091347,7302400
2017-10-03,91.959999,92.339996,91.559998,92.120003,72.366280,5909900
2017-10-04,92.120003,92.800003,92.019997,92.419998,72.601944,6140700
2017-10-05,92.489998,92.650002,91.940002,92.029999,72.295586,6912800
2017-10-06,92.000000,92.349998,91.879997,92.330002,72.531242,5241900
2017-10-09,92.400002,92.620003,91.930000,92.120003,72.366280,5149000
2017-10-10,92.370003,93.040001,89.860001,91.620003,71.973518,17125600
2017-10-11,91.089996,91.730003,91.070000,91.459999,71.847824,7115400
2017-10-12,91.410004,92.309998,91.389999,92.150002,72.389854,5984900
2017-10-13,92.699997,93.510002,92.589996,93.040001,73.089020,6956700
2017-10-16,92.970001,93.370003,92.709999,93.139999,73.167572,4159100
2017-10-17,93.040001,93.089996,92.400002,92.800003,72.900459,5316100
2017-10-18,92.779999,92.949997,92.010002,92.769997,72.876900,7399700
2017-10-19,91.699997,91.989998,91.139999,91.589996,72.489090,8585000
2017-10-20,89.720001,89.959999,87.589996,88.250000,69.845627,19997800
2017-10-23,88.629997,88.860001,86.870003,87.300003,69.093781,13358200
2017-10-24,87.370003,87.419998,86.779999,86.980003,68.840500,11519000
2017-10-25,86.900002,87.110001,86.279999,86.860001,68.745537,9024300
2017-10-26,87.190002,87.769997,87.099998,87.500000,69.252068,6233800
2017-10-27,87.529999,87.529999,86.449997,87.040001,68.887978,7433800
2017-10-30,86.910004,87.080002,86.160004,86.269997,68.278564,5387100
2017-10-31,86.489998,86.500000,85.720001,86.339996,68.333954,7119000
2017-11-01,86.330002,87.139999,86.110001,86.889999,68.769295,4884100
2017-11-02,86.779999,87.040001,86.230003,86.510002,68.468529,5021200
2017-11-03,86.779999,87.160004,86.459999,86.580002,68.523911,5106500
2017-11-06,86.550003,86.639999,86.029999,86.050003,68.104431,5186700
2017-11-07,86.040001,87.000000,85.419998,86.980003,68.840500,6875100
2017-11-08,86.989998,87.599998,86.800003,87.580002,69.315361,6910000
2017-11-09,87.349998,88.169998,87.300003,87.779999,69.473679,5280000
2017-11-10,87.989998,88.389999,87.779999,88.160004,69.774422,7227300
2017-11-13,88.669998,89.410004,88.629997,89.000000,70.439224,6873500
2017-11-14,88.739998,89.050003,88.470001,88.870003,70.336372,5035500
2017-11-15,88.730003,88.940002,88.000000,88.230003,69.829826,6688100
2017-11-16,89.839996,89.900002,88.769997,89.250000,70.637108,7205100
2017-11-17,88.949997,89.089996,88.080002,88.430000,69.988113,5941800
2017-11-20,88.430000,88.559998,87.709999,88.269997,69.861473,4926200
2017-11-21,88.180000,89.209999,88.019997,88.720001,70.217628,6196400
2017-11-22,88.500000,88.910004,88.059998,88.330002,69.908943,6006900
2017-11-24,88.589996,88.959999,88.419998,88.449997,70.003937,2196700
2017-11-27,88.330002,89.099998,88.150002,88.959999,70.407578,6199700
2017-11-28,89.480003,89.519997,88.910004,89.400002,70.755798,4841300
2017-11-29,89.400002,89.809998,89.029999,89.379997,70.739952,5158900
2017-11-30,89.349998,90.370003,89.209999,89.989998,71.222794,9789900
2017-12-01,90.180000,90.529999,89.120003,90.360001,71.515610,7953200
2017-12-04,91.760002,91.910004,89.830002,91.410004,72.346619,9003700
2017-12-05,91.519997,91.839996,91.070000,91.400002,72.338722,8683000
2017-12-06,91.389999,91.779999,91.070000,91.250000,72.219994,6737400
2017-12-07,91.050003,91.070000,89.889999,90.099998,71.309822,7273600
2017-12-08,90.019997,90.370003,89.580002,90.370003,71.523529,5883400
2017-12-11,90.230003,90.330002,89.750000,90.230003,71.412735,4856000
2017-12-12,90.449997,90.510002,89.820000,89.849998,71.111954,6558900
2017-12-13,90.019997,91.410004,89.970001,90.879997,71.927155,7141000
2017-12-14,90.940002,91.430000,90.900002,91.000000,72.022148,5853500
2017-12-15,91.570000,92.269997,91.480003,91.889999,72.726540,15924000
2017-12-18,91.980003,93.139999,91.809998,91.879997,72.718620,7405700
2017-12-19,92.000000,92.129997,91.580002,91.680000,72.560333,5644400
2017-12-20,91.800003,91.970001,91.349998,91.529999,72.441589,6938500
2017-12-21,91.660004,92.080002,91.529999,91.669998,72.552414,4860400
2017-12-22,91.879997,92.430000,91.720001,92.129997,72.916481,4919400
2017-12-26,92.349998,92.769997,92.150002,92.480003,73.193489,3431900
2017-12-27,92.489998,92.750000,91.930000,92.099998,72.892746,4276700
2017-12-28,92.300003,92.540001,91.910004,92.070000,72.868988,3005400
2017-12-29,92.239998,92.459999,91.879997,91.879997,72.718620,4346700
2018-01-02,91.919998,91.930000,90.550003,90.650002,71.745125,7558900
2018-01-03,90.730003,91.089996,90.519997,90.540001,71.658073,5863600
2018-01-04,90.830002,91.769997,90.610001,91.180000,72.164589,6322500
2018-01-05,91.269997,91.300003,90.570000,91.239998,72.212090,5949700
2018-01-08,90.930000,91.769997,90.930000,91.720001,72.591988,4860700
2018-01-09,91.470001,91.650002,91.010002,91.050003,72.061714,6630100
2018-01-10,90.910004,90.910004,90.010002,90.470001,71.602676,6564700
2018-01-11,90.400002,90.519997,89.919998,90.150002,71.349419,5469700
2018-01-12,90.050003,90.339996,89.349998,89.610001,70.922035,8111000
2018-01-16,90.139999,90.769997,89.639999,90.220001,71.404816,9465300
2018-01-17,90.559998,91.730003,90.430000,91.199997,72.180435,8345500
2018-01-18,90.239998,90.650002,89.669998,90.180000,71.917252,7699800
2018-01-19,90.279999,91.260002,90.239998,91.070000,72.627022,9364000
2018-01-22,90.879997,91.919998,90.769997,91.889999,73.280952,8658000
2018-01-23,89.820000,90.209999,88.599998,89.050003,71.016113,18756300
2018-01-24,89.059998,89.160004,87.699997,88.309998,70.425934,15141900
2018-01-25,88.680000,89.050003,88.010002,88.339996,70.449867,11264400
2018-01-26,88.169998,88.169998,87.230003,87.730003,69.963417,11503100
2018-01-29,87.690002,87.739998,86.690002,86.860001,69.269608,11685800
2018-01-30,86.820000,87.440002,86.629997,86.949997,69.341393,9662900
2018-01-31,86.809998,87.410004,86.080002,86.339996,68.854919,11798100
2018-02-01,86.150002,86.500000,85.559998,85.849998,68.464134,8606300
2018-02-02,85.559998,85.610001,84.209999,84.250000,67.188156,12846300
2018-02-05,83.989998,84.370003,80.099998,81.059998,64.644180,17462200
2018-02-06,80.529999,82.449997,80.120003,82.379997,65.696884,19955500
2018-02-07,82.300003,83.389999,81.820000,81.839996,65.266205,11851800
2018-02-08,82.029999,82.220001,80.150002,80.220001,63.974304,14596100
2018-02-09,80.980003,81.029999,78.589996,79.919998,63.735046,18838800
2018-02-12,80.610001,81.669998,80.580002,81.330002,64.859497,10769000
2018-02-13,81.150002,81.830002,80.910004,81.500000,64.995064,9278700
2018-02-14,81.059998,81.260002,80.269997,80.680000,64.341141,9412000
2018-02-15,80.970001,82.410004,80.500000,82.410004,65.720787,8910700
2018-02-16,82.209999,83.250000,82.129997,82.599998,65.872299,10371700
2018-02-20,82.190002,82.220001,81.070000,81.339996,64.867477,7087700
2018-02-21,81.309998,81.809998,80.190002,80.239998,63.990242,9134500
2018-02-22,80.470001,81.279999,80.169998,80.839996,64.468727,10277700
2018-02-23,81.010002,81.120003,80.480003,81.050003,64.636223,10321800
2018-02-26,81.449997,81.690002,81.050003,81.629997,65.098740,9422200
2018-02-27,81.889999,82.000000,80.510002,80.540001,64.229485,8919600
2018-02-28,80.680000,80.790001,78.500000,78.519997,62.618568,16862000
2018-03-01,78.400002,79.279999,77.900002,78.699997,62.762131,13504200
2018-03-02,78.480003,79.660004,78.419998,79.500000,63.400116,9317700
2018-03-05,79.279999,80.389999,79.150002,80.290001,64.030121,8177000
2018-03-06,80.410004,80.419998,79.370003,80.019997,63.814789,9085300
2018-03-07,79.529999,79.639999,78.900002,79.160004,63.128983,9089500
2018-03-08,79.169998,79.989998,79.019997,79.970001,63.774929,7951700
2018-03-09,80.180000,80.750000,79.900002,80.290001,64.030121,7662200
2018-03-12,80.230003,80.620003,79.760002,79.860001,63.687187,7182000
2018-03-13,80.000000,80.190002,79.360001,79.720001,63.575573,9620200
2018-03-14,79.690002,79.839996,78.860001,79.000000,63.001377,8898100
2018-03-15,79.089996,79.139999,78.540001,78.669998,62.738197,6996900
2018-03-16,78.930000,79.389999,78.839996,78.970001,62.977436,17715400
2018-03-19,78.970001,79.570000,78.269997,78.660004,62.730221,8368200
2018-03-20,78.739998,79.099998,77.959999,78.309998,62.451096,8465500
2018-03-21,78.050003,78.239998,76.879997,77.040001,61.438297,9822800
2018-03-22,76.830002,77.519997,76.370003,76.410004,60.935890,10481600
2018-03-23,76.790001,77.180000,75.809998,75.910004,60.537140,11728300
2018-03-26,76.570000,76.870003,76.019997,76.410004,60.935890,12937000
2018-03-27,76.529999,78.440002,76.300003,77.790001,62.036415,11288200
2018-03-28,77.949997,79.139999,77.949997,78.839996,62.873787,12857800
2018-03-29,79.430000,80.489998,79.180000,79.279999,63.224663,10036400
2018-04-02,79.260002,79.370003,77.059998,77.400002,61.725388,12017200
2018-04-03,77.559998,78.800003,77.180000,78.459999,62.570736,11933100
2018-04-04,77.820000,79.519997,77.589996,79.050003,63.041256,9030800
2018-04-05,79.089996,79.320000,78.510002,78.800003,62.841869,7864700
2018-04-06,78.370003,79.360001,77.900002,78.430000,62.546783,8300800
2018-04-09,78.800003,78.849998,77.570000,78.160004,62.331478,9031200
2018-04-10,78.709999,78.839996,77.940002,78.370003,62.498951,6779000
2018-04-11,78.190002,78.690002,78.040001,78.269997,62.419205,7143500
2018-04-12,78.639999,78.699997,77.790001,77.790001,62.036415,8282300
2018-04-13,78.059998,78.440002,77.720001,78.370003,62.498951,6198500
2018-04-16,78.559998,78.860001,78.040001,78.610001,62.690369,5962200
2018-04-17,78.930000,78.940002,78.099998,78.430000,62.546783,6492400
2018-04-18,78.580002,78.680000,78.019997,78.199997,62.363377,7349400
2018-04-19,75.389999,75.720001,74.199997,74.949997,60.324661,16955600
2018-04-20,74.040001,74.919998,73.739998,73.800003,59.399067,14085000
2018-04-23,73.589996,73.980003,72.760002,73.000000,58.755157,13653400
2018-04-24,73.059998,73.330002,72.150002,72.500000,58.352741,16551700
2018-04-25,72.410004,72.750000,71.949997,72.300003,58.191753,14208800
2018-04-26,72.570000,73.010002,72.370003,72.750000,58.553955,11204300
2018-04-27,72.529999,73.080002,72.209999,72.809998,58.602249,8144800
2018-04-30,72.910004,72.919998,72.160004,72.339996,58.223942,13076500
2018-05-01,72.050003,72.330002,71.660004,71.959999,57.918087,8103800
2018-05-02,71.940002,72.010002,70.730003,70.940002,57.097160,10830900
2018-05-03,70.809998,71.720001,70.739998,71.360001,57.435188,9386500
2018-05-04,71.379997,72.620003,71.339996,72.430000,58.296402,8107400
2018-05-07,72.669998,73.220001,71.889999,71.980003,57.934196,6633600
2018-05-08,72.050003,72.120003,71.110001,71.440002,57.499577,8084100
2018-05-09,71.769997,72.550003,71.739998,72.370003,58.248104,7528400
2018-05-10,72.940002,73.339996,72.690002,73.150002,58.875900,7618500
2018-05-11,73.629997,74.099998,73.050003,73.370003,59.052982,7586200
2018-05-14,73.779999,73.779999,73.089996,73.279999,58.980545,8646900
2018-05-15,73.309998,73.410004,72.599998,72.949997,58.714901,11502800
2018-05-16,72.980003,73.930000,72.959999,73.529999,59.181755,8325000
2018-05-17,73.519997,74.000000,73.400002,73.959999,59.527832,8053600
2018-05-18,73.980003,74.070000,73.110001,73.449997,59.117371,7042700
2018-05-21,73.750000,74.250000,73.419998,74.059998,59.608326,6428400
2018-05-22,74.459999,74.940002,73.830002,74.029999,59.584179,7744200
2018-05-23,74.019997,74.300003,73.720001,74.180000,59.704906,6592500
2018-05-24,74.080002,74.349998,73.589996,73.769997,59.374905,6508900
2018-05-25,73.900002,74.620003,73.750000,74.309998,59.809532,7546500
2018-05-29,74.059998,74.699997,73.769997,74.050003,59.600269,8905600
2018-05-30,74.330002,75.019997,74.050003,74.889999,60.276382,8128600
2018-05-31,74.669998,74.690002,72.800003,73.169998,58.892010,15526000
2018-06-01,73.330002,73.739998,72.860001,73.449997,59.117371,7209300
2018-06-04,73.540001,74.620003,73.449997,74.180000,59.704906,8743800
2018-06-05,74.279999,74.379997,73.599998,73.970001,59.535881,6910100
2018-06-06,74.070000,74.419998,73.720001,74.349998,59.841724,7002900
2018-06-07,74.180000,76.389999,74.099998,75.760002,60.976593,13476100
2018-06-08,75.849998,77.209999,75.739998,77.180000,62.119518,13625300
2018-06-11,76.970001,77.690002,76.879997,77.529999,62.401226,9049400
2018-06-12,77.820000,77.889999,77.110001,77.239998,62.167801,8786000
2018-06-13,77.400002,77.400002,76.199997,76.470001,61.548054,8022400
2018-06-14,76.559998,76.559998,75.699997,75.989998,61.161720,8895200
2018-06-15,76.160004,77.510002,75.919998,77.379997,62.280483,14943500
2018-06-18,76.860001,77.099998,75.389999,75.839996,61.040989,7384900
2018-06-19,75.589996,76.680000,75.570000,76.330002,61.435349,8514000
2018-06-20,76.349998,76.349998,75.540001,75.849998,61.049034,6603500
2018-06-21,75.529999,77.050003,75.529999,76.440002,61.523907,8691200
2018-06-22,76.790001,77.629997,76.769997,77.430000,62.320724,11446400
2018-06-25,77.279999,77.940002,77.180000,77.790001,62.610500,11300500
2018-06-26,77.790001,78.309998,77.360001,78.000000,62.779503,9558500
2018-06-27,78.110001,78.709999,77.559998,77.690002,62.529999,7873300
2018-06-28,77.860001,78.320000,77.660004,78.050003,62.819744,5714400
2018-06-29,77.930000,78.540001,77.290001,78.059998,62.827774,7679900
2018-07-02,77.500000,78.309998,77.419998,78.129997,62.884129,6092800
2018-07-03,78.540001,78.760002,77.779999,77.900002,62.699013,5897200
2018-07-05,78.139999,79.250000,78.120003,79.209999,63.753403,7956100
2018-07-06,79.379997,79.620003,78.900002,79.309998,63.833881,7244000
2018-07-09,78.459999,78.830002,77.779999,77.860001,62.666813,9095900
2018-07-10,78.070000,79.940002,77.989998,79.820000,64.244347,12773500
2018-07-11,79.629997,79.839996,79.029999,79.160004,63.713139,7851600
2018-07-12,79.339996,79.519997,78.570000,78.889999,63.495831,8556800
2018-07-13,79.080002,79.470001,78.900002,79.309998,63.833881,6021300
2018-07-16,79.209999,79.629997,78.830002,79.529999,64.010948,6931200
2018-07-17,79.660004,80.500000,79.550003,80.029999,64.413353,8983400
2018-07-18,79.720001,80.209999,79.330002,79.720001,64.163895,9105100
2018-07-19,78.419998,79.190002,77.889999,78.730003,63.942165,8010600
2018-07-20,78.320000,79.059998,78.320000,78.680000,63.901524,8234700
2018-07-23,78.489998,78.940002,78.239998,78.510002,63.763451,5881600
2018-07-24,77.540001,79.010002,77.540001,78.989998,64.153297,8297100
2018-07-25,78.720001,79.599998,78.720001,79.470001,64.543152,6208400
2018-07-26,79.559998,80.769997,79.470001,80.089996,65.046700,9771100
2018-07-27,79.669998,80.830002,79.459999,80.580002,65.444664,7492900
2018-07-30,80.070000,80.500000,79.839996,80.199997,65.136009,7090700
2018-07-31,80.389999,80.980003,79.430000,80.879997,65.688324,9878200
2018-08-01,80.419998,80.820000,80.110001,80.650002,65.501511,7556700
2018-08-02,80.800003,82.220001,80.589996,82.000000,66.597916,9261700
2018-08-03,82.139999,83.099998,81.919998,82.330002,66.865967,7102800
2018-08-06,82.199997,82.930000,82.150002,82.519997,67.020248,5669200
2018-08-07,82.410004,82.680000,81.730003,82.639999,67.117722,6418000
2018-08-08,82.099998,82.800003,82.099998,82.349998,66.882202,4891300
2018-08-09,82.440002,82.440002,81.300003,81.400002,66.110641,5167400
2018-08-10,81.300003,81.760002,81.000000,81.430000,66.135002,5566000
2018-08-13,81.699997,82.080002,81.150002,81.519997,66.208092,5068100
2018-08-14,81.389999,81.720001,81.230003,81.309998,66.037521,6226900
2018-08-15,81.300003,82.370003,80.809998,82.300003,66.841583,8753500
2018-08-16,82.459999,84.000000,82.309998,83.690002,67.970512,12368000
2018-08-17,83.730003,84.199997,83.599998,83.690002,67.970512,8409300
2018-08-20,83.889999,83.949997,83.309998,83.639999,67.929893,6795800
2018-08-21,83.570000,84.000000,83.089996,83.900002,68.141060,8534500
2018-08-22,83.809998,83.849998,83.059998,83.389999,67.726852,5132600
2018-08-23,83.010002,83.599998,82.839996,83.239998,67.605034,4323200
2018-08-24,83.220001,83.550003,83.029999,83.360001,67.702499,5356000
2018-08-27,83.500000,83.820000,83.019997,83.440002,67.767471,3941500
2018-08-28,83.720001,83.860001,83.320000,83.480003,67.799957,5405200
2018-08-29,83.510002,83.760002,83.290001,83.489998,67.808052,4520400
2018-08-30,83.389999,83.739998,83.190002,83.410004,67.743111,4549700
2018-08-31,83.349998,83.529999,82.389999,82.949997,67.369499,6674900
2018-09-04,82.480003,82.959999,82.070000,82.699997,67.166458,5800700
2018-09-05,82.110001,83.470001,82.110001,83.290001,67.645638,7651900
2018-09-06,82.910004,83.309998,82.489998,82.650002,67.125862,7541100
2018-09-07,82.099998,82.199997,81.250000,81.910004,66.524826,11110900
2018-09-10,82.580002,83.099998,82.339996,82.379997,66.906578,6783000
2018-09-11,82.129997,82.419998,81.629997,82.010002,66.606064,5210300
2018-09-12,81.900002,83.180000,81.699997,83.110001,67.499443,5925200
2018-09-13,83.269997,83.489998,82.650002,83.449997,67.775558,5328400
2018-09-14,83.470001,83.669998,82.970001,83.610001,67.905518,5004100
2018-09-17,83.500000,84.269997,83.339996,84.250000,68.425316,7098800
2018-09-18,84.290001,84.290001,83.580002,84.000000,68.222290,6022800
2018-09-19,83.919998,84.290001,83.769997,84.000000,68.222290,6157600
2018-09-20,84.290001,85.639999,84.230003,85.360001,69.326813,10053000
2018-09-21,85.809998,86.279999,85.519997,85.820000,69.700417,17402500
2018-09-24,85.629997,85.709999,84.230003,84.269997,68.441566,6389400
2018-09-25,84.279999,84.410004,83.080002,83.120003,67.507576,5657200
2018-09-26,83.250000,83.989998,83.029999,83.260002,67.621254,6581000
2018-09-27,83.040001,83.629997,82.809998,82.860001,67.296410,6277600
2018-09-28,83.029999,83.290001,82.790001,83.230003,67.596931,5125800
2018-10-01,83.309998,83.720001,83.169998,83.669998,67.954254,4899900
2018-10-02,83.480003,84.440002,83.370003,84.360001,68.514656,7390900
2018-10-03,84.440002,84.519997,82.849998,83.029999,67.434479,7958700
2018-10-04,82.500000,82.500000,81.099998,81.919998,66.532959,7029900
2018-10-05,81.980003,82.449997,81.980003,82.150002,66.719749,5454600
2018-10-08,81.980003,82.739998,81.750000,82.400002,66.922813,7192300
2018-10-09,82.389999,82.720001,82.059998,82.199997,66.760376,6268100
2018-10-10,81.809998,82.680000,81.440002,81.440002,66.143105,9295800
2018-10-11,81.639999,81.970001,78.669998,78.870003,64.055847,12560300
2018-10-12,79.370003,79.379997,78.489998,79.059998,64.210175,9878700
2018-10-15,79.010002,80.540001,78.919998,80.129997,65.079163,9691500
2018-10-16,79.910004,81.089996,79.900002,81.010002,65.793884,9462600
2018-10-17,80.760002,82.180000,80.379997,81.860001,66.484245,10375300
2018-10-18,80.709999,81.339996,80.000000,80.239998,65.744385,9869500
2018-10-19,84.860001,87.760002,84.860001,87.300003,71.528946,30276400
2018-10-22,86.730003,87.239998,85.230003,86.599998,70.955421,14124100
2018-10-23,86.010002,87.300003,86.010002,87.160004,71.414238,16269500
2018-10-24,87.279999,90.699997,87.220001,89.459999,73.298737,26703500
2018-10-25,88.110001,89.330002,87.309998,89.000000,72.921844,14647000
2018-10-26,88.690002,89.169998,87.389999,87.860001,71.987801,14335900
2018-10-29,88.290001,89.419998,87.440002,88.239998,72.299118,12878900
2018-10-30,88.849998,89.430000,88.209999,89.190002,73.077522,13844000
2018-10-31,88.769997,89.320000,87.269997,88.680000,72.659645,13362400
2018-11-01,88.809998,89.830002,88.180000,89.589996,73.405266,9732400
2018-11-02,89.879997,89.949997,88.980003,89.809998,73.585495,11336000
2018-11-05,89.889999,91.440002,89.820000,91.199997,74.724388,12270100
2018-11-06,90.860001,91.529999,90.430000,91.510002,74.978401,8857800
2018-11-07,91.589996,91.620003,90.620003,91.290001,74.798134,9019800
2018-11-08,90.949997,91.529999,90.669998,91.360001,74.855492,6614400
2018-11-09,91.349998,92.669998,91.169998,92.410004,75.715820,10713500
2018-11-12,92.209999,93.449997,91.750000,92.699997,75.953415,12522100
2018-11-13,91.970001,93.570000,91.589996,93.470001,76.584312,13438700
2018-11-14,93.419998,93.900002,92.989998,93.489998,76.600708,11623000
2018-11-15,93.330002,93.900002,92.720001,93.830002,76.879288,12506000
2018-11-16,93.820000,94.809998,93.669998,93.820000,76.871094,13013500
2018-11-19,93.720001,94.190002,92.910004,93.290001,76.436844,9458300
2018-11-20,93.239998,93.790001,91.860001,92.099998,75.461800,12074000
2018-11-21,91.660004,92.370003,91.239998,91.410004,74.896469,8911800
2018-11-23,91.250000,91.989998,90.629997,91.540001,75.002975,4399600
2018-11-26,91.150002,92.400002,91.150002,91.940002,75.330711,8171400
2018-11-27,91.930000,92.860001,91.849998,92.720001,75.969818,9023400
2018-11-28,92.629997,93.220001,92.209999,93.010002,76.207443,8093700
2018-11-29,92.860001,93.300003,92.660004,92.820000,76.051743,6126900
2018-11-30,93.180000,94.650002,92.750000,94.510002,77.436432,16291800
2018-12-03,94.669998,94.669998,92.260002,93.320000,76.461411,13934700
2018-12-04,93.489998,94.860001,93.169998,93.309998,76.453224,11123600
2018-12-06,92.699997,93.629997,91.080002,93.550003,76.649857,14199200
2018-12-07,93.589996,93.779999,92.139999,92.449997,75.748589,7996800
2018-12-10,93.250000,93.400002,91.370003,93.029999,76.223816,9307600
2018-12-11,93.720001,94.519997,93.400002,93.910004,76.944824,8743800
2018-12-12,94.209999,94.550003,93.099998,94.029999,77.043159,9644000
2018-12-13,94.870003,96.790001,94.800003,96.489998,79.058746,18541300
2018-12-14,96.449997,96.900002,96.019997,96.639999,79.181625,12657300
2018-12-17,96.000000,96.500000,92.400002,92.769997,76.010780,12427600
2018-12-18,93.129997,93.309998,91.860001,92.489998,75.781349,12250600
2018-12-19,92.550003,93.349998,91.290001,91.760002,75.183250,10825600
2018-12-20,91.510002,92.230003,90.129997,90.980003,74.544144,14439200
2018-12-21,90.610001,93.169998,90.360001,90.970001,74.535957,24030000
2018-12-24,90.449997,90.660004,86.879997,87.360001,71.578117,7396300
2018-12-26,87.419998,90.089996,86.739998,90.089996,73.814903,8630900
2018-12-27,89.610001,92.050003,88.199997,92.019997,75.396286,11360100
2018-12-28,92.559998,93.279999,90.839996,91.180000,74.708008,9611800
2018-12-31,91.629997,92.180000,91.150002,91.919998,75.314331,7239500
2019-01-02,91.029999,91.389999,89.930000,91.279999,74.789940,9843900
2019-01-03,90.940002,92.500000,90.379997,90.639999,74.265579,9820200
2019-01-04,90.839996,92.489998,90.370003,92.489998,75.781349,10565700
2019-01-07,91.910004,92.500000,91.400002,92.120003,75.478210,9012500
2019-01-08,92.699997,93.089996,91.820000,92.459999,75.756798,9551300
2019-01-09,92.690002,92.959999,90.809998,90.949997,74.519577,15015600
2019-01-10,90.889999,91.540001,90.610001,91.169998,74.699814,11102300
2019-01-11,91.669998,91.980003,91.110001,91.769997,75.191399,7166600
2019-01-14,91.500000,91.910004,90.849998,91.150002,74.683434,7952000
2019-01-15,91.150002,92.610001,91.139999,92.010002,75.388084,7834500
2019-01-16,91.739998,92.150002,90.989998,91.370003,74.863678,7964500
2019-01-17,90.709999,91.559998,90.349998,90.639999,74.852966,8044500
2019-01-18,91.370003,91.839996,91.040001,91.419998,75.497093,9100300
2019-01-22,91.389999,91.750000,89.080002,90.440002,74.687775,13518500
2019-01-23,94.180000,96.410004,93.629997,94.839996,78.321419,22869000
2019-01-24,94.290001,94.559998,93.190002,94.300003,77.875488,12146400
2019-01-25,94.419998,94.889999,93.059998,93.599998,77.297386,10618000
2019-01-28,93.320000,93.970001,92.970001,93.519997,77.231339,9765600
2019-01-29,93.790001,94.120003,93.099998,93.540001,77.247841,9769800
2019-01-30,93.610001,94.660004,93.570000,94.519997,78.057167,7750200
2019-01-31,94.430000,96.809998,94.080002,96.470001,79.667526,16044400
2019-02-01,96.349998,97.610001,95.989998,97.470001,80.493347,12720800
2019-02-04,97.209999,98.220001,96.720001,98.029999,80.955811,11887500
2019-02-05,97.989998,98.019997,97.209999,97.440002,80.468582,9772300
2019-02-06,97.250000,98.320000,97.120003,97.919998,80.864967,8693900
2019-02-07,97.519997,97.599998,96.339996,97.139999,80.220825,8732500
2019-02-08,97.010002,97.720001,96.699997,97.709999,80.691544,7483200
2019-02-11,97.489998,98.389999,97.430000,98.269997,81.154022,8494100
2019-02-12,98.379997,99.339996,97.980003,99.260002,81.971581,11238800
2019-02-13,99.290001,99.699997,99.010002,99.239998,81.955063,11587200
2019-02-14,98.699997,98.820000,97.839996,98.459999,81.310928,7930100
2019-02-15,98.949997,99.199997,98.250000,98.480003,81.327446,12069100
2019-02-19,98.559998,100.000000,98.470001,99.989998,82.574417,10098200
2019-02-20,99.779999,100.220001,98.940002,99.279999,81.988106,8947400
2019-02-21,99.099998,99.860001,98.589996,99.779999,82.401009,7444800
2019-02-22,99.690002,100.400002,99.400002,100.250000,82.789139,7925400
2019-02-25,100.360001,100.449997,99.330002,99.570000,82.227585,7436100
2019-02-26,99.839996,100.180000,99.629997,99.830002,82.442291,7115300
2019-02-27,99.339996,99.629997,98.820000,98.910004,81.682556,6013600
2019-02-28,98.910004,99.199997,98.080002,98.550003,81.385246,10575400
2019-03-01,98.610001,98.779999,97.830002,98.440002,81.294403,7733200
2019-03-04,98.570000,98.879997,97.879997,98.870003,81.649521,6895300
2019-03-05,98.910004,99.680000,98.910004,99.089996,81.831177,6274600
2019-03-06,98.860001,99.099998,98.400002,98.930000,81.699066,4622300
2019-03-07,98.970001,99.599998,98.250000,98.550003,81.385246,8408600
2019-03-08,98.820000,99.180000,97.750000,98.410004,81.269623,5144500
2019-03-11,98.790001,99.680000,98.510002,99.580002,82.235840,7544400
2019-03-12,99.779999,100.519997,99.730003,100.050003,82.623978,7597500
2019-03-13,99.989998,101.589996,99.959999,101.180000,83.557159,9883300
2019-03-14,100.940002,101.779999,100.720001,101.320000,83.672768,8590200
2019-03-15,101.760002,102.889999,101.730003,102.440002,84.597717,30802700
2019-03-18,102.059998,102.290001,101.199997,101.510002,83.829681,8442800
2019-03-19,101.910004,102.139999,101.290001,101.900002,84.151756,7334100
2019-03-20,101.730003,102.309998,101.050003,101.720001,84.003120,7513800
2019-03-21,101.279999,102.910004,101.279999,102.489998,84.638992,8221000
2019-03-22,102.480003,103.150002,99.010002,101.660004,83.953568,11035900
2019-03-25,101.660004,102.339996,101.260002,101.959999,84.201332,6955500
2019-03-26,102.440002,103.480003,102.400002,103.019997,85.076714,6909400
2019-03-27,102.760002,103.019997,102.040001,102.900002,84.977600,6037100
2019-03-28,103.309998,103.680000,103.110001,103.550003,85.514381,6793700
2019-03-29,103.860001,104.150002,103.110001,104.050003,85.927307,7535400
2019-04-01,104.230003,104.230003,103.139999,103.639999,85.588692,6626500
2019-04-02,103.610001,104.019997,103.260002,103.750000,85.679558,6088800
2019-04-03,103.580002,103.889999,102.750000,103.690002,85.630005,5226500
2019-04-04,103.480003,103.669998,102.790001,103.430000,85.415260,4786100
2019-04-05,103.610001,103.690002,103.169998,103.650002,85.596985,4281800
2019-04-08,103.930000,105.139999,103.500000,104.970001,86.687050,8468600
2019-04-09,104.550003,104.760002,104.139999,104.660004,86.431038,5820300
2019-04-10,104.660004,105.000000,104.239998,104.650002,86.422798,5394300
2019-04-11,104.580002,105.050003,104.370003,104.750000,86.505371,5078400
2019-04-12,104.750000,105.059998,104.169998,105.059998,86.761368,6707900
2019-04-15,104.980003,105.779999,104.790001,105.730003,87.314667,5639200
2019-04-16,105.980003,106.500000,105.650002,106.419998,87.884499,8136100
2019-04-17,106.269997,106.510002,105.349998,105.849998,88.030884,6778100
2019-04-18,106.019997,106.709999,105.830002,106.050003,88.197205,7248900
2019-04-22,106.129997,107.199997,105.739998,106.010002,88.163956,9057200
2019-04-23,104.010002,104.110001,102.129997,103.160004,85.793709,15979800
2019-04-24,103.320000,104.650002,102.790001,103.690002,86.234497,10094800
2019-04-25,103.099998,103.570000,102.589996,103.279999,85.893509,6085300
2019-04-26,103.949997,105.879997,103.910004,105.860001,88.039215,7747400
2019-04-29,105.570000,105.750000,104.720001,104.779999,87.141022,4787600
2019-04-30,104.860001,106.620003,104.660004,106.480003,88.554817,8251300
2019-05-01,106.150002,106.389999,104.809998,104.930000,87.265747,6733800
2019-05-02,105.199997,105.760002,105.050003,105.559998,87.789696,6270300
2019-05-03,105.989998,106.410004,105.580002,106.080002,88.222145,4793400
2019-05-06,105.120003,105.820000,105.040001,105.680000,87.889496,4890400
2019-05-07,105.029999,105.580002,104.099998,104.699997,87.074463,6021700
2019-05-08,104.989998,105.769997,104.160004,105.070000,87.382164,5392600
2019-05-09,104.669998,105.040001,103.779999,104.239998,86.691917,6901700
2019-05-10,103.980003,106.150002,103.919998,106.010002,88.163956,5815800
2019-05-13,105.139999,106.589996,104.849998,106.110001,88.247101,7575500
2019-05-14,105.769997,106.500000,105.570000,105.599998,87.822952,7004000
2019-05-15,105.610001,107.000000,105.500000,106.699997,88.737785,5535600
2019-05-16,106.739998,108.680000,106.589996,108.110001,89.910400,9284200
2019-05-17,107.269997,108.000000,107.260002,107.449997,89.361542,6370200
2019-05-20,107.440002,108.129997,107.139999,107.330002,89.261742,6565300
2019-05-21,107.470001,107.540001,106.290001,106.370003,88.463348,5226400
2019-05-22,106.089996,107.050003,105.940002,106.720001,88.754417,4889700
2019-05-23,106.680000,107.029999,105.889999,106.760002,88.787689,6175600
2019-05-24,107.150002,107.440002,106.540001,106.690002,88.729477,4372100
2019-05-28,106.699997,107.250000,104.419998,104.459999,86.874886,7615500
2019-05-29,103.959999,104.809998,103.699997,104.190002,86.650337,7137300
2019-05-30,104.370003,105.370003,104.370003,105.330002,87.598412,4729200
2019-05-31,104.889999,104.900002,102.410004,102.910004,85.585800,10282300
2019-06-03,103.150002,103.959999,102.400002,103.800003,86.325981,8532900
2019-06-04,104.010002,105.099998,103.849998,104.680000,87.057846,6906400
2019-06-05,105.239998,106.750000,104.889999,106.730003,88.762741,6481700
2019-06-06,106.849998,107.680000,106.330002,107.379997,89.303314,6681600
2019-06-07,107.739998,109.379997,107.739998,108.769997,90.459328,8063400
2019-06-10,108.320000,109.019997,107.459999,108.720001,90.417732,4767000
2019-06-11,108.940002,109.599998,108.870003,109.379997,90.966614,8074400
2019-06-12,109.599998,110.660004,109.580002,109.680000,91.216125,7687800
2019-06-13,109.980003,110.949997,109.860001,110.910004,92.239059,8611400
2019-06-14,110.970001,111.750000,110.650002,111.199997,92.480217,6438100
2019-06-17,111.160004,111.209999,110.239998,110.989998,92.305588,6020000
2019-06-18,111.449997,111.559998,109.430000,109.599998,91.149574,7731200
2019-06-19,109.500000,110.730003,109.260002,110.419998,91.831551,7028000
2019-06-20,110.779999,112.019997,110.500000,111.739998,92.929337,7044200
2019-06-21,111.620003,112.470001,111.019997,111.199997,92.480217,13799400
2019-06-24,111.820000,112.500000,111.400002,112.330002,93.420029,5518100
2019-06-25,112.110001,112.629997,111.309998,111.720001,92.912712,6805600
2019-06-26,111.389999,111.440002,109.660004,109.730003,91.257729,7170300
2019-06-27,109.919998,110.269997,109.290001,109.779999,91.299309,5613300
2019-06-28,111.860001,111.959999,109.019997,109.650002,91.191185,12152000
2019-07-01,109.919998,110.699997,109.610001,110.489998,91.889763,6775900
2019-07-02,110.610001,111.500000,110.290001,111.480003,92.713104,6578200
2019-07-03,111.959999,114.269997,111.839996,114.080002,94.875404,6223300
2019-07-05,112.970001,113.449997,112.230003,113.150002,94.101974,8694800
2019-07-08,113.339996,114.230003,113.300003,114.050003,94.850449,5317800
2019-07-09,113.900002,113.910004,112.320000,112.910004,93.902374,7537700
2019-07-10,113.459999,114.500000,113.400002,113.750000,94.600967,5600700
2019-07-11,113.660004,114.400002,113.440002,114.379997,95.124916,4625300
2019-07-12,114.070000,115.209999,114.070000,114.989998,95.632225,7058600
2019-07-15,115.070000,115.879997,114.790001,115.480003,96.039749,6240700
2019-07-16,115.720001,116.519997,115.449997,115.889999,96.380722,7644300
2019-07-17,115.730003,116.290001,115.730003,115.940002,96.422295,7861700
2019-07-18,114.930000,115.769997,114.790001,115.440002,96.628197,5828700
2019-07-19,115.500000,115.949997,115.010002,115.010002,96.268295,6547000
2019-07-22,115.040001,115.449997,114.580002,115.300003,96.511024,4018800
2019-07-23,115.709999,116.050003,113.839996,113.849998,95.297295,8194600
2019-07-24,113.849998,113.879997,112.279999,112.599998,94.250984,9635900
2019-07-25,111.480003,112.980003,111.379997,112.769997,94.393295,7809400
2019-07-26,113.209999,114.879997,112.879997,114.730003,96.033905,5559600
2019-07-29,114.730003,116.209999,114.620003,116.000000,97.096939,7768700
2019-07-30,119.820000,121.760002,118.800003,120.410004,100.788315,18788800
2019-07-31,119.660004,120.680000,117.070000,118.040001,98.804512,12641800
2019-08-01,118.559998,119.169998,116.730003,116.730003,97.707993,11308600
2019-08-02,116.510002,117.080002,115.690002,116.440002,97.465248,12266100
2019-08-05,116.089996,116.300003,112.830002,113.080002,94.652809,12974800
2019-08-06,113.650002,115.000000,113.180000,114.279999,95.657249,9490600
2019-08-07,113.750000,116.239998,112.680000,115.519997,96.695183,9507600
2019-08-08,115.519997,117.489998,115.339996,117.440002,98.302299,7416600
2019-08-09,117.620003,118.040001,115.849998,116.779999,97.749832,6939500
2019-08-12,116.779999,117.669998,115.589996,116.029999,97.122047,4996200
2019-08-13,116.510002,118.070000,116.339996,117.250000,98.143257,6722000
2019-08-14,116.459999,117.940002,115.660004,115.790001,96.921158,10148300
2019-08-15,116.800003,118.089996,116.440002,117.389999,98.260452,7758000
2019-08-16,118.059998,119.540001,117.599998,119.180000,99.758751,8302400
2019-08-19,119.970001,120.449997,119.110001,120.239998,100.645981,5867100
2019-08-20,120.050003,120.260002,118.790001,118.900002,99.524368,6744300
2019-08-21,119.269997,119.650002,118.680000,119.199997,99.775482,4037400
2019-08-22,119.080002,119.790001,118.699997,119.419998,99.959625,4558400
2019-08-23,119.139999,120.110001,116.430000,117.320000,98.201843,7336800
2019-08-26,117.750000,119.599998,117.220001,119.320000,99.875931,5661500
2019-08-27,119.989998,121.050003,119.779999,120.550003,100.905495,6996300
2019-08-28,120.459999,121.430000,119.629997,121.400002,101.616989,4600300
2019-08-29,121.790001,122.000000,120.320000,121.180000,101.432823,5011500
2019-08-30,121.959999,122.000000,119.510002,120.230003,100.637642,6007100
2019-09-03,119.790001,121.540001,119.629997,121.360001,101.583504,4959300
2019-09-04,121.849998,123.279999,121.459999,123.209999,103.132027,5586900
2019-09-05,123.239998,123.430000,122.180000,122.760002,102.755371,7491900
2019-09-06,123.000000,123.379997,122.540001,122.870003,102.847443,5306900
2019-09-09,122.709999,122.779999,121.779999,122.169998,102.261513,7662400
2019-09-10,121.029999,121.180000,119.580002,119.879997,100.344673,9582200
2019-09-11,119.860001,121.339996,119.360001,121.269997,101.508171,7565500
2019-09-12,122.650002,123.209999,121.620003,122.769997,102.763725,6194300
2019-09-13,121.820000,122.580002,121.500000,122.120003,102.219643,6777400
2019-09-16,121.809998,121.959999,119.019997,119.750000,100.235840,9626700
2019-09-17,119.629997,121.989998,119.440002,121.160004,101.416092,6377100
2019-09-18,121.269997,121.959999,120.769997,121.410004,101.625374,5684200
2019-09-19,121.389999,122.230003,121.239998,121.900002,102.035500,4525800
2019-09-20,122.129997,122.599998,121.750000,122.239998,102.320084,15362000
2019-09-23,122.199997,123.769997,121.970001,123.220001,103.140388,6060400
2019-09-24,123.699997,124.730003,123.360001,123.610001,103.466827,7633200
2019-09-25,123.559998,123.830002,122.949997,123.019997,102.972992,5812600
2019-09-26,123.639999,125.000000,123.529999,124.309998,104.052773,6984800
2019-09-27,124.410004,124.879997,123.720001,124.570000,104.270393,5589800
2019-09-30,124.570000,125.360001,124.129997,124.379997,104.111374,5206900
2019-10-01,124.360001,124.639999,123.199997,123.849998,103.667755,5415700
2019-10-02,123.199997,123.650002,120.209999,121.080002,101.349121,6755100
2019-10-03,121.669998,122.540001,120.839996,121.739998,101.901573,5171000
2019-10-04,122.190002,124.059998,121.989998,124.000000,103.793297,4377900
2019-10-07,123.529999,123.889999,122.680000,122.839996,102.822327,4749700
2019-10-08,122.660004,122.930000,120.879997,120.930000,101.223564,5545300
2019-10-09,121.809998,122.389999,121.430000,121.980003,102.102470,3775600
2019-10-10,121.330002,122.190002,120.800003,121.940002,102.068993,3943400
2019-10-11,122.040001,122.059998,120.820000,121.089996,101.357491,6292200
2019-10-14,121.620003,121.620003,119.580002,120.050003,100.486977,7360200
2019-10-15,120.190002,120.559998,116.699997,117.199997,98.101402,11113900
2019-10-16,117.669998,117.769997,116.510002,117.529999,98.377617,7973100
2019-10-17,117.309998,117.639999,116.550003,116.629997,98.247887,5956900
2019-10-18,116.550003,117.750000,116.169998,117.470001,98.955521,9016700
2019-10-21,117.419998,119.120003,117.349998,119.080002,100.311737,6731600
2019-10-22,124.000000,124.220001,121.599998,122.180000,102.923134,14410500
2019-10-23,121.989998,123.730003,121.839996,123.000000,103.613914,8249300
2019-10-24,123.760002,125.769997,123.339996,124.790001,105.121803,6725600
2019-10-25,124.820000,124.820000,123.169998,123.250000,103.824516,6093300
2019-10-28,123.480003,124.120003,122.599998,123.480003,104.018280,5459500
2019-10-29,123.199997,124.559998,123.099998,123.599998,104.119347,5659800
2019-10-30,123.989998,125.169998,123.500000,124.940002,105.248177,4734500
2019-10-31,124.790001,125.449997,123.360001,124.510002,104.885933,6399500
2019-11-01,124.830002,125.139999,123.250000,123.870003,104.346802,6010200
2019-11-04,123.919998,123.919998,118.639999,119.070000,100.303329,10351400
2019-11-05,118.830002,119.589996,118.239998,118.900002,100.160110,9239600
2019-11-06,119.099998,120.349998,118.660004,120.320000,101.356300,6756300
2019-11-07,120.339996,120.339996,118.809998,119.620003,100.766640,8909700
2019-11-08,119.849998,120.589996,119.160004,119.699997,100.834030,4249900
2019-11-11,119.480003,120.000000,119.089996,119.330002,100.522362,3850400
2019-11-12,119.489998,119.599998,118.550003,119.269997,100.471825,4759600
2019-11-13,119.900002,121.050003,119.870003,120.650002,101.634293,7262800
2019-11-14,120.620003,121.169998,120.110001,120.500000,101.507950,5188300
2019-11-15,120.989998,120.989998,119.970001,120.540001,101.541626,7108600
2019-11-18,120.250000,122.559998,120.169998,121.889999,102.678879,7493700
2019-11-19,121.930000,122.779999,121.129997,121.419998,102.282944,5989000
2019-11-20,121.419998,122.379997,120.930000,122.290001,103.015846,6480000
2019-11-21,121.779999,122.540001,120.279999,120.339996,101.373161,7094200
2019-11-22,120.230003,120.610001,119.389999,120.290001,101.331039,4414900
2019-11-25,120.440002,120.919998,120.019997,120.510002,101.516357,5134300
2019-11-26,120.730003,122.349998,120.410004,122.260002,102.990547,8235200
2019-11-27,122.419998,122.440002,120.959999,121.760002,102.569351,3751400
2019-11-29,121.989998,122.629997,121.709999,122.059998,102.822052,2927300
2019-12-02,121.940002,122.779999,120.959999,122.720001,103.378036,6146200
2019-12-03,122.309998,122.959999,121.800003,122.949997,103.571815,6396200
2019-12-04,122.750000,124.580002,122.690002,124.529999,104.902756,6857300
2019-12-05,124.269997,124.629997,123.660004,124.620003,104.978592,7029200
2019-12-06,124.730003,125.449997,123.889999,124.190002,104.616364,7150900
2019-12-09,124.309998,125.139999,124.180000,124.870003,105.189201,7452800
2019-12-10,124.779999,124.870003,124.120003,124.269997,104.683739,4740100
2019-12-11,124.269997,125.269997,124.070000,124.660004,105.012283,4823300
2019-12-12,124.779999,125.760002,123.879997,124.570000,104.936455,5897800
2019-12-13,124.209999,125.739998,123.790001,125.470001,105.694633,5471600
2019-12-16,125.470001,126.349998,125.349998,125.559998,105.770409,8281900
2019-12-17,125.589996,125.980003,124.309998,125.309998,105.559822,8832200
2019-12-18,125.309998,125.870003,123.690002,124.010002,104.464737,8607600
2019-12-19,124.160004,125.199997,123.900002,124.919998,105.231323,6629100
2019-12-20,126.150002,126.599998,125.029999,125.360001,105.601959,16250500
2019-12-23,125.519997,125.820000,124.690002,124.900002,105.214447,6619500
2019-12-24,124.790001,125.309998,124.580002,125.220001,105.484016,2022100
2019-12-26,125.099998,125.750000,124.870003,125.220001,105.484016,4760400
2019-12-27,125.559998,126.300003,125.389999,126.089996,106.216896,5192000
2019-12-30,125.760002,125.980003,124.139999,124.470001,104.852234,3884300
2019-12-31,124.430000,124.989998,123.949997,124.900002,105.214447,4798900
2020-01-02,124.500000,124.730003,122.940002,123.410004,103.959297,8130800
2020-01-03,122.160004,123.529999,121.860001,122.580002,103.260117,7970500
2020-01-06,122.570000,123.190002,122.379997,122.750000,103.403328,6674400
2020-01-07,122.879997,123.209999,121.870003,121.989998,102.763092,7583400
2020-01-08,122.190002,123.430000,122.000000,122.510002,103.201149,5385100
2020-01-09,122.510002,123.879997,122.510002,123.849998,104.329964,5944000
2020-01-10,123.900002,124.320000,123.300003,123.970001,104.431038,3927100
2020-01-13,124.000000,124.900002,123.809998,124.879997,105.197601,8409200
2020-01-14,124.650002,125.199997,124.480003,124.690002,105.037567,7829700
2020-01-15,125.059998,126.120003,125.010002,125.959999,106.107399,4843700
2020-01-16,126.110001,126.779999,125.589996,126.070000,106.200050,6233700
2020-01-17,126.349998,127.000000,125.879997,126.410004,106.486481,11315200
2020-01-21,126.410004,126.620003,124.839996,126.089996,106.216896,8553100
2020-01-22,126.330002,126.680000,125.830002,126.309998,106.402252,7396700
2020-01-23,124.300003,126.550003,123.650002,124.989998,105.915817,11096500
2020-01-24,125.220001,126.790001,124.769997,125.139999,106.042931,9508600
2020-01-27,124.750000,126.389999,124.750000,125.690002,106.508995,9338400
2020-01-28,125.930000,126.980003,125.720001,126.029999,106.797112,6200200
2020-01-29,125.910004,126.070000,125.029999,125.059998,105.975121,5271000
2020-01-30,124.790001,126.059998,124.419998,125.949997,106.729324,5894400
2020-01-31,125.989998,126.949997,124.459999,124.620003,105.602287,6612900
2020-02-03,124.660004,125.949997,124.489998,125.110001,106.017502,6052300
2020-02-04,125.709999,127.349998,125.360001,125.660004,106.483566,6512200
2020-02-05,125.910004,127.059998,125.400002,126.809998,107.458061,6125400
2020-02-06,126.900002,128.089996,126.599998,127.139999,107.737701,9102700
2020-02-07,127.190002,127.269997,126.050003,126.080002,106.839485,5915100
2020-02-10,126.459999,126.830002,125.760002,126.169998,106.915749,5216100
2020-02-11,126.269997,126.269997,124.029999,124.160004,105.212494,6105700
2020-02-12,123.680000,123.970001,122.849998,123.449997,104.610825,6031700
2020-02-13,123.730003,125.279999,123.519997,124.959999,105.890396,7159000
2020-02-14,125.290001,126.150002,124.790001,126.139999,106.890305,5889100
2020-02-18,125.830002,126.180000,124.830002,124.870003,105.814140,6767600
2020-02-19,124.849998,126.470001,124.650002,125.440002,106.297157,4734000
2020-02-20,125.470001,126.760002,125.129997,126.580002,107.263206,6094600
2020-02-21,126.129997,128.070007,125.980003,126.699997,107.364861,8723900
2020-02-24,125.260002,126.589996,123.139999,123.300003,104.483734,7533900
2020-02-25,123.019997,123.959999,120.879997,121.430000,102.899101,8903200
2020-02-26,121.419998,122.389999,119.849998,120.160004,101.822906,6894200
2020-02-27,119.120003,119.919998,113.430000,113.500000,96.179268,13298900
2020-02-28,109.459999,113.230003,106.669998,113.230003,95.950462,22784300
2020-03-02,113.190002,119.790001,112.550003,119.559998,101.314476,12399800
2020-03-03,119.730003,121.839996,117.139999,118.169998,100.136581,12510900
2020-03-04,119.879997,124.690002,119.599998,124.500000,105.500626,9459300
2020-03-05,121.300003,122.900002,120.279999,121.629997,103.068581,9363500
2020-03-06,118.029999,122.610001,117.550003,121.660004,103.094002,9817400
2020-03-09,115.269997,120.029999,115.120003,116.059998,98.348595,13116500
2020-03-10,118.959999,120.820000,114.440002,120.550003,102.153389,11419100
2020-03-11,117.599998,118.440002,110.680000,111.589996,94.560730,16456000
2020-03-12,103.000000,111.580002,101.000000,101.839996,86.298637,20988000
2020-03-13,106.500000,114.629997,105.410004,114.070000,96.662285,17378700
2020-03-16,101.750000,115.949997,101.000000,108.500000,91.942314,17367400
2020-03-17,111.449997,119.699997,110.769997,118.239998,100.195930,19451400
2020-03-18,113.019997,121.500000,112.089996,117.449997,99.526474,23139200
2020-03-19,116.610001,118.000000,109.790001,110.830002,93.916718,16428100
2020-03-20,109.190002,109.699997,101.589996,102.430000,86.798622,19922900
2020-03-23,100.190002,103.750000,94.339996,97.699997,82.790428,17776800
2020-03-24,101.230003,104.000000,96.070000,103.269997,87.510406,14625500
2020-03-25,100.510002,104.699997,98.599998,100.919998,85.519043,13789100
2020-03-26,103.879997,108.309998,102.529999,107.379997,90.993210,15796000
2020-03-27,106.489998,114.290001,106.489998,110.169998,93.357430,16073100
2020-03-30,113.900002,115.790001,110.199997,115.000000,97.450356,14571600
2020-03-31,113.500000,114.290001,108.949997,110.000000,93.213356,21691000
2020-04-01,107.949997,112.180000,107.000000,109.330002,92.645630,11095800
2020-04-02,107.690002,114.989998,107.500000,114.400002,96.941925,9168800
2020-04-03,113.739998,115.900002,113.010002,115.080002,97.518158,7768700
2020-04-06,117.000000,119.000000,114.580002,117.809998,99.831528,16848400
2020-04-07,116.709999,120.059998,112.500000,112.769997,95.560654,14438400
2020-04-08,114.389999,117.300003,111.860001,115.099998,97.535080,12564500
2020-04-09,115.260002,118.660004,114.199997,114.660004,97.162224,12747300
2020-04-13,113.610001,116.750000,113.160004,115.949997,98.255386,7926700
2020-04-14,118.760002,121.470001,116.250000,120.959999,102.500824,10474200
2020-04-15,120.860001,123.419998,119.589996,121.220001,102.721146,14192900
2020-04-16,122.349998,122.500000,119.900002,121.500000,102.958405,12020200
2020-04-17,122.449997,124.989998,120.540001,124.690002,105.661598,15899800
2020-04-20,121.470001,123.230003,120.540001,120.599998,102.195763,10832000
2020-04-21,119.500000,120.300003,118.430000,119.680000,101.416161,9465400
2020-04-22,119.989998,120.279999,118.779999,119.400002,101.178879,10259400
2020-04-23,118.650002,119.669998,118.050003,119.400002,101.853638,17277000
2020-04-24,119.099998,119.760002,118.620003,118.779999,101.324760,12751100
2020-04-27,119.190002,119.190002,116.900002,117.449997,100.190193,10635700
2020-04-28,117.099998,117.910004,116.169998,116.889999,99.712509,9958000
2020-04-29,117.519997,118.050003,115.080002,117.080002,99.874611,8707900
2020-04-30,115.919998,118.279999,115.660004,117.870003,100.548500,10026400
2020-05-01,117.599998,118.370003,116.320000,116.820000,99.652779,7366400
2020-05-04,117.089996,117.199997,115.000000,115.769997,98.757080,5636000
2020-05-05,115.800003,117.260002,115.209999,116.010002,98.961838,5425200
2020-05-06,115.540001,116.139999,112.889999,113.099998,96.479454,7892200
2020-05-07,114.059998,114.139999,111.820000,112.169998,95.686127,8762800
2020-05-08,113.519997,116.300003,113.389999,115.949997,98.910645,9279900
2020-05-11,115.750000,116.010002,114.919998,115.309998,98.364685,6947500
2020-05-12,115.199997,115.900002,114.139999,114.550003,97.716377,6734400
2020-05-13,114.279999,115.349998,113.730003,113.919998,97.178963,9312600
2020-05-14,113.540001,114.449997,111.250000,113.809998,97.085106,9310000
2020-05-15,113.930000,114.790001,112.050003,114.610001,97.767563,10694800
2020-05-18,116.029999,116.989998,114.709999,116.209999,99.132423,10020800
2020-05-19,115.089996,115.639999,112.339996,112.440002,95.916443,8047600
2020-05-20,113.000000,113.769997,112.129997,113.279999,96.632996,6593800
2020-05-21,112.800003,113.199997,111.430000,111.620003,95.216957,6552700
2020-05-22,112.290001,113.599998,111.760002,112.599998,96.052925,5571900
2020-05-26,114.150002,114.150002,111.680000,112.029999,95.566696,10432400
2020-05-27,112.500000,113.970001,111.820000,113.889999,97.153381,8279700
2020-05-28,115.529999,116.989998,114.900002,116.059998,99.004478,6586700
2020-05-29,116.129997,116.720001,114.620003,115.919998,98.885056,7868000
2020-06-01,116.000000,117.500000,115.260002,117.250000,100.019608,5105600
2020-06-02,117.070000,118.139999,116.820000,118.059998,100.710564,6327900
2020-06-03,118.099998,119.190002,117.949997,118.529999,101.111519,6171000
2020-06-04,118.000000,118.830002,115.570000,116.050003,98.995949,6895800
2020-06-05,116.250000,118.830002,116.050003,118.330002,100.940910,7337800
2020-06-08,117.440002,119.120003,116.839996,119.050003,101.555061,6926700
2020-06-09,119.400002,119.760002,118.150002,118.339996,100.949425,5563200
2020-06-10,119.000000,119.889999,118.110001,119.230003,101.708641,6678200
2020-06-11,118.809998,119.570000,116.000000,116.260002,99.175072,8937500
2020-06-12,116.589996,118.050003,115.260002,115.620003,98.629143,7998500
2020-06-15,114.550003,117.279999,113.760002,116.690002,99.541893,8786000
2020-06-16,118.529999,118.970001,116.930000,118.129997,100.770271,8165200
2020-06-17,118.389999,119.110001,117.440002,117.930000,100.599663,6320800
2020-06-18,117.459999,119.959999,117.370003,119.279999,101.751289,6274400
2020-06-19,120.489998,121.820000,118.830002,118.919998,101.444199,17506200
2020-06-22,118.779999,119.080002,117.339996,117.750000,100.446136,5695600
2020-06-23,118.669998,119.190002,117.650002,117.730003,100.429070,5340400
2020-06-24,117.220001,117.959999,116.279999,116.419998,99.311577,6547800
2020-06-25,116.989998,118.029999,116.029999,117.889999,100.565559,5489300
2020-06-26,117.589996,118.470001,115.040001,115.230003,98.296455,23201700
2020-06-29,116.510002,118.050003,116.349998,117.660004,100.369354,6866900
2020-06-30,117.970001,119.989998,117.800003,119.570000,101.998672,7818000
2020-07-01,119.650002,120.389999,118.900002,119.980003,102.348412,6501200
2020-07-02,121.000000,122.570000,120.529999,120.879997,103.116135,6150900
2020-07-06,121.769997,122.410004,120.879997,121.629997,103.755928,6023300
2020-07-07,121.300003,123.250000,120.889999,122.220001,104.259216,6866300
2020-07-08,122.150002,123.239998,122.000000,122.889999,104.830772,6494100
2020-07-09,122.820000,123.980003,121.809998,122.480003,104.481033,5341000
2020-07-10,122.570000,124.500000,122.470001,123.889999,105.683838,6752600
2020-07-13,124.000000,125.589996,123.339996,124.050003,105.820320,7681500
2020-07-14,123.989998,125.660004,123.500000,125.089996,106.707474,6272100
2020-07-15,125.980003,126.900002,124.260002,124.500000,106.204185,8145000
2020-07-16,125.080002,125.519997,123.910004,124.760002,106.425964,3959300
2020-07-17,125.089996,126.070000,124.830002,125.629997,107.168114,4868600
2020-07-20,125.470001,125.839996,124.790001,125.239998,106.835442,4242100
2020-07-21,125.489998,126.639999,124.919998,125.070000,106.690407,5162300
2020-07-22,125.500000,126.400002,124.209999,126.139999,107.603195,5929200
2020-07-23,126.120003,127.180000,125.599998,126.160004,108.299385,6664800
2020-07-24,126.989998,127.769997,125.320000,125.959999,108.127678,6014200
2020-07-27,125.709999,126.639999,125.540001,126.320000,108.436707,6464600
2020-07-28,126.370003,128.460007,126.290001,127.879997,109.775856,7644400
2020-07-29,127.559998,129.240005,127.360001,128.309998,110.144997,6702000
2020-07-30,130.660004,132.029999,129.649994,131.419998,112.814697,10400700
2020-07-31,130.660004,131.210007,129.270004,131.119995,112.557175,8487000
2020-08-03,130.470001,131.919998,130.470001,131.289993,112.703087,7769400
2020-08-04,130.770004,133.929993,130.699997,133.789993,114.849152,7773700
2020-08-05,133.589996,134.649994,133.119995,133.440002,114.548729,5680000
2020-08-06,132.850006,133.369995,132.119995,132.710007,113.922081,3974100
2020-08-07,132.889999,133.639999,132.449997,133.550003,114.643181,4934900
2020-08-10,133.699997,134.440002,133.190002,134.100006,115.115295,5812700
2020-08-11,134.270004,134.740005,132.789993,133.229996,114.368469,5329900
2020-08-12,133.770004,135.970001,133.699997,135.460007,116.282761,5920400
2020-08-13,135.080002,135.869995,134.929993,135.779999,116.557472,4989500
2020-08-14,135.610001,135.639999,134.550003,135.100006,115.973709,5845200
2020-08-17,134.940002,135.699997,134.660004,135.500000,116.317093,5603800
2020-08-18,135.809998,137.520004,135.419998,136.509995,117.184097,8670700
2020-08-19,135.539993,136.320007,135.500000,135.770004,116.548859,6827700
2020-08-20,135.240005,136.979996,135.190002,136.850006,117.475975,4352200
2020-08-21,136.600006,138.100006,135.910004,137.440002,117.982452,5706600
2020-08-24,137.490005,138.779999,137.199997,138.509995,118.900948,7420500
2020-08-25,139.000000,139.149994,137.800003,139.059998,119.373100,4718300
2020-08-26,138.570007,139.320007,138.250000,138.389999,118.797981,4746200
2020-08-27,138.839996,139.690002,138.179993,138.210007,118.643433,6156100
2020-08-28,138.320007,138.910004,136.949997,138.770004,119.124130,4166300
2020-08-31,138.190002,138.729996,137.820007,138.330002,118.746460,5596800
2020-09-01,137.860001,138.220001,137.070007,138.179993,118.617706,5671800
2020-09-02,138.110001,141.440002,137.610001,140.509995,120.617805,8384800
2020-09-03,140.740005,141.699997,137.089996,138.259995,118.686348,7277900
2020-09-04,137.809998,139.190002,136.119995,137.960007,118.428841,7437700
2020-09-08,138.520004,138.639999,135.039993,135.940002,116.694801,6847500
2020-09-09,136.419998,139.559998,136.270004,138.149994,118.591919,6002900
2020-09-10,138.119995,138.720001,136.509995,136.699997,117.347198,5242500
2020-09-11,137.690002,138.660004,137.160004,138.139999,118.583359,4398000
2020-09-14,138.440002,139.580002,138.330002,138.630005,119.003975,4767400
2020-09-15,138.789993,139.770004,138.389999,138.630005,119.003975,4046500
2020-09-16,139.570007,140.169998,137.600006,137.699997,118.205643,6049900
2020-09-17,137.059998,137.880005,136.190002,137.520004,118.051102,4648500
2020-09-18,136.910004,137.929993,136.259995,137.369995,117.922356,10192800
2020-09-21,137.000000,137.470001,134.699997,136.710007,117.355774,7092600
2020-09-22,136.490005,139.029999,136.240005,137.960007,118.428841,4722800
2020-09-23,138.419998,138.419998,136.089996,136.309998,117.012436,6373700
2020-09-24,136.669998,137.149994,135.710007,136.919998,117.536057,5708200
2020-09-25,135.889999,137.990005,135.889999,137.619995,118.136940,4969900
2020-09-28,138.559998,139.940002,137.779999,138.009995,118.471733,5810800
2020-09-29,138.389999,138.419998,136.660004,137.259995,117.827904,4492100
2020-09-30,138.160004,139.850006,137.809998,138.990005,119.312996,8727800
2020-10-01,139.580002,139.990005,138.210007,139.240005,119.527641,5713400
2020-10-02,137.929993,139.119995,136.949997,138.119995,118.566154,6077900
2020-10-05,138.720001,139.649994,138.300003,139.389999,119.656372,6333900
2020-10-06,139.419998,140.770004,138.809998,139.610001,119.845215,6042900
2020-10-07,140.080002,141.389999,139.369995,140.699997,120.780922,4640900
2020-10-08,140.559998,141.929993,140.360001,141.649994,121.596413,4569800
2020-10-09,141.839996,143.639999,141.699997,142.919998,122.686630,6551700
2020-10-12,143.330002,145.330002,143.330002,144.490005,124.034363,5791500
2020-10-13,143.820007,144.839996,143.460007,144.210007,123.794006,4509400
2020-10-14,144.179993,145.100006,143.080002,144.039993,123.648071,3860700
2020-10-15,143.059998,144.389999,142.889999,143.830002,123.467819,4997100
2020-10-16,144.419998,145.869995,143.919998,144.389999,123.948524,6806100
2020-10-19,144.470001,145.389999,141.130005,141.910004,121.819603,6427600
2020-10-20,145.610001,145.690002,141.899994,142.479996,122.308922,7582100
2020-10-21,142.490005,144.339996,142.470001,143.250000,122.969902,5649700
2020-10-22,141.490005,142.750000,141.080002,141.449997,122.098953,4502900
2020-10-23,141.759995,142.880005,141.759995,142.380005,122.901733,4278100
2020-10-26,141.500000,142.050003,140.009995,141.300003,121.969482,5315500
2020-10-27,141.940002,143.339996,141.649994,142.360001,122.884476,6806700
2020-10-28,140.449997,140.940002,137.309998,137.660004,118.827431,8192200
2020-10-29,137.350006,139.089996,135.800003,137.570007,118.749763,5476900
2020-10-30,137.179993,137.990005,134.679993,137.100006,118.344063,6422000
2020-11-02,138.509995,140.000000,137.440002,138.500000,119.552521,6682800
2020-11-03,139.320007,142.660004,139.320007,141.220001,121.900391,6244200
2020-11-04,140.460007,143.000000,140.270004,140.639999,121.399750,5820600
2020-11-05,142.440002,143.529999,141.779999,142.380005,122.901733,5673100
2020-11-06,142.669998,144.070007,142.380005,143.229996,123.635460,4702300
2020-11-09,146.149994,146.919998,137.600006,137.990005,119.112328,12664700
2020-11-10,138.100006,140.619995,137.149994,140.259995,121.071739,7854000
2020-11-11,141.850006,143.000000,140.649994,142.070007,122.634140,5554300
2020-11-12,142.289993,142.550003,141.070007,142.149994,122.703194,5631700
2020-11-13,142.210007,144.479996,141.880005,144.279999,124.541779,6466800
2020-11-16,144.779999,144.779999,141.259995,142.429993,122.944885,7976600
2020-11-17,141.889999,143.470001,141.750000,141.880005,122.470139,6396800
2020-11-18,141.990005,142.100006,139.660004,139.699997,120.588318,6097100
2020-11-19,139.869995,140.119995,138.449997,139.529999,120.441620,5284100
2020-11-20,139.529999,140.350006,138.630005,139.300003,120.243073,4726900
2020-11-23,139.320007,139.949997,137.860001,138.759995,119.776955,4770600
2020-11-24,138.830002,139.839996,138.070007,138.309998,119.388504,7101800
2020-11-25,138.160004,139.389999,138.039993,138.679993,119.707901,8411300
2020-11-27,138.589996,138.889999,137.529999,138.610001,119.647484,4252200
2020-11-30,138.000000,139.199997,136.740005,138.869995,119.871910,11640400
2020-12-01,139.160004,139.539993,138.160004,139.369995,120.303482,7169700
2020-12-02,139.369995,139.940002,137.490005,138.360001,119.431671,6963000
2020-12-03,138.089996,138.350006,135.539993,137.339996,118.551231,8742500
2020-12-04,137.210007,137.860001,135.869995,137.470001,118.663445,6617200
2020-12-07,136.610001,137.740005,136.559998,137.679993,118.844688,6918000
2020-12-08,137.020004,138.779999,136.429993,138.050003,119.164108,6493500
2020-12-09,137.830002,138.039993,136.250000,136.410004,117.748497,6773400
2020-12-10,136.520004,136.919998,135.039993,135.509995,116.971573,6800500
2020-12-11,134.460007,136.800003,134.199997,136.509995,117.834763,6548000
2020-12-14,137.020004,137.929993,135.770004,135.850006,117.265076,6485300
2020-12-15,136.389999,137.539993,136.240005,136.649994,117.955589,5397000
2020-12-16,136.710007,138.270004,136.710007,137.270004,118.490799,5382500
2020-12-17,138.009995,139.119995,137.949997,138.250000,119.336739,7405300
2020-12-18,138.259995,140.070007,137.449997,139.039993,120.018661,19988800
2020-12-21,137.960007,138.429993,136.220001,137.520004,118.706573,6732400
2020-12-22,137.289993,138.070007,136.380005,136.550003,117.869308,5023100
2020-12-23,137.389999,137.550003,136.130005,136.339996,117.688026,6004200
2020-12-24,136.199997,138.130005,136.199997,137.720001,118.879250,2588200
2020-12-28,138.149994,139.389999,137.949997,138.679993,119.707901,3714700
2020-12-29,139.220001,139.940002,138.199997,138.419998,119.483467,5139300
2020-12-30,138.600006,138.919998,137.550003,137.770004,118.922417,3261400
2020-12-31,138.309998,139.289993,137.389999,139.139999,120.104980,4076400
2021-01-04,139.660004,139.860001,136.350006,137.820007,118.965553,8330900
2021-01-05,137.990005,138.919998,136.270004,138.699997,119.725166,6856400
2021-01-06,138.770004,141.039993,138.600006,140.160004,120.985428,10578000
2021-01-07,139.750000,140.130005,138.039993,138.850006,119.854668,7355400
2021-01-08,138.470001,139.059998,137.000000,138.789993,119.802864,7448500
2021-01-11,138.750000,139.440002,137.600006,137.850006,118.991455,7239900
2021-01-12,137.850006,138.250000,136.240005,137.050003,118.300865,6333500
2021-01-13,137.100006,138.070007,137.100006,137.259995,118.482155,6078800
2021-01-14,137.429993,137.649994,135.279999,135.800003,117.221886,6172800
2021-01-15,135.250000,136.199997,134.660004,134.779999,116.341438,7757600
2021-01-19,135.699997,136.360001,133.559998,133.600006,115.322868,9184900
2021-01-20,132.529999,133.800003,131.259995,131.929993,113.881317,12506600
2021-01-21,130.649994,131.990005,130.509995,131.009995,113.769318,8761600
2021-01-22,131.020004,131.470001,129.990005,130.000000,112.892235,7202800
2021-01-25,129.949997,133.000000,129.899994,132.240005,114.837471,9640000
2021-01-26,132.250000,133.470001,131.429993,133.089996,115.575569,5996700
2021-01-27,132.389999,133.100006,127.699997,128.380005,111.485420,10826700
2021-01-28,127.839996,131.649994,127.440002,130.360001,113.204849,8242000
2021-01-29,130.190002,130.289993,128.070007,128.210007,111.337799,8344100
2021-02-01,129.000000,129.660004,128.199997,128.970001,111.997787,6534200
2021-02-02,129.600006,130.720001,128.690002,128.789993,111.841454,6825600
2021-02-03,128.949997,129.199997,127.750000,128.949997,111.980423,7309400
2021-02-04,129.380005,129.460007,128.580002,129.029999,112.049866,6613700
2021-02-05,129.119995,130.100006,129.029999,129.570007,112.518822,5063700
2021-02-08,129.929993,130.100006,128.110001,129.169998,112.171425,7011200
2021-02-09,129.460007,129.940002,128.229996,128.669998,111.737259,5917800
2021-02-10,128.750000,129.160004,127.959999,128.220001,111.346474,8594100
2021-02-11,128.539993,129.330002,128.210007,128.330002,111.442017,6139200
2021-02-12,128.000000,128.130005,126.580002,127.620003,110.825447,8407300
2021-02-16,127.970001,128.169998,126.989998,127.919998,111.085968,8246000
2021-02-17,127.190002,129.490005,127.110001,128.460007,111.554886,8845200
2021-02-18,127.809998,129.850006,127.589996,129.529999,112.484077,6936400
2021-02-19,129.350006,129.440002,127.019997,127.120003,110.391228,8277900
2021-02-22,126.790001,127.239998,126.379997,126.580002,109.922287,6975500
2021-02-23,127.779999,129.929993,127.190002,127.519997,110.738579,10145300
2021-02-24,127.349998,128.240005,126.910004,127.660004,110.860168,7263000
2021-02-25,127.489998,128.990005,126.290001,126.580002,109.922287,7790800
2021-02-26,126.540001,126.930000,121.820000,123.529999,107.273651,17718800
2021-03-01,124.160004,125.489998,124.000000,124.290001,107.933670,7740200
2021-03-02,123.870003,124.860001,123.430000,123.900002,107.594978,10206500
2021-03-03,123.769997,124.199997,122.790001,123.160004,106.952347,7537000
2021-03-04,123.099998,124.769997,121.540001,122.150002,106.075287,10228100
2021-03-05,122.760002,126.330002,122.550003,125.980003,109.401245,10490900
2021-03-08,125.760002,128.899994,125.320000,127.309998,110.556229,9224700
2021-03-09,127.650002,128.919998,126.059998,126.180000,109.574928,8859700
2021-03-10,126.150002,128.419998,125.470001,127.339996,110.582275,9070900
2021-03-11,127.129997,127.849998,126.720001,126.910004,110.208855,6941500
2021-03-12,127.650002,128.820007,127.650002,128.139999,111.276993,6521900
2021-03-15,128.389999,129.039993,127.190002,128.559998,111.641731,7172600
2021-03-16,128.509995,129.979996,128.509995,128.940002,111.971718,6485200
2021-03-17,129.110001,129.839996,128.350006,128.419998,111.520149,6192900
2021-03-18,128.210007,129.039993,127.040001,128.699997,111.763298,6871300
2021-03-19,129.100006,129.740005,127.900002,128.009995,111.164093,20262100
2021-03-22,128.009995,130.889999,128.009995,130.179993,113.048538,8077600
2021-03-23,130.410004,133.289993,129.990005,132.600006,115.150055,9503800
2021-03-24,130.940002,133.139999,130.619995,132.559998,115.115341,8318000
2021-03-25,133.089996,133.619995,132.050003,133.479996,115.914261,7517300
2021-03-26,133.220001,135.610001,132.479996,135.449997,117.625000,10821200
2021-03-29,135.000000,137.600006,135.000000,137.570007,119.466019,11176000
2021-03-30,136.610001,137.000000,135.139999,135.449997,117.625000,8090600
2021-03-31,135.679993,136.750000,135.259995,135.429993,117.607651,9202600
2021-04-01,135.050003,135.479996,133.330002,134.279999,116.608978,9117800
2021-04-05,134.960007,137.250000,134.729996,136.449997,118.493385,8279100
2021-04-06,136.000000,137.020004,135.639999,136.500000,118.536850,6180600
2021-04-07,137.119995,137.330002,136.250000,136.740005,118.745255,10244500
2021-04-08,136.899994,137.630005,136.589996,137.259995,119.196793,6190300
2021-04-09,136.509995,137.270004,135.559998,136.369995,118.423950,5855400
2021-04-12,136.500000,137.039993,135.710007,136.919998,118.901573,6440900
2021-04-13,136.020004,136.389999,134.839996,135.110001,117.329773,9161200
2021-04-14,135.520004,135.789993,134.580002,135.600006,117.755280,7584000
2021-04-15,135.970001,137.759995,135.869995,137.240005,119.179436,7945300
2021-04-16,137.610001,137.899994,136.880005,137.250000,119.188126,7708500
2021-04-19,136.940002,137.080002,135.389999,136.610001,118.632355,9149400
2021-04-20,134.839996,138.589996,133.529999,137.750000,119.622337,10040500
2021-04-21,137.889999,138.570007,136.600006,136.850006,118.840782,8465900
2021-04-22,135.369995,135.789993,134.059998,134.630005,117.660942,7338300
2021-04-23,134.929993,135.080002,133.250000,133.940002,117.057884,6708300
2021-04-26,133.490005,133.759995,131.169998,131.259995,114.715691,9910600
2021-04-27,131.240005,131.889999,130.289993,131.179993,114.645760,8296800
2021-04-28,131.710007,131.850006,130.880005,131.399994,114.838028,6262800
2021-04-29,131.309998,132.990005,131.309998,132.509995,115.808144,6786800
2021-04-30,132.750000,133.669998,132.259995,133.419998,116.603455,9188600
2021-05-03,134.029999,135.679993,134.029999,135.000000,117.984291,8070300
2021-05-04,134.979996,135.830002,134.210007,134.539993,117.582253,9624000
2021-05-05,134.369995,134.970001,133.369995,133.460007,116.638405,8295900
2021-05-06,134.009995,135.369995,133.919998,135.139999,118.106659,9771100
2021-05-07,135.080002,136.029999,134.759995,135.149994,118.115372,6299100
2021-05-10,135.889999,138.419998,135.690002,137.669998,120.317757,8852700
2021-05-11,138.490005,138.789993,136.470001,136.990005,119.723488,10973700
2021-05-12,136.490005,137.000000,135.490005,135.539993,118.456245,8853700
2021-05-13,135.889999,138.529999,135.389999,137.720001,120.361458,8753600
2021-05-14,137.669998,139.100006,137.669998,138.009995,120.614937,5989500
2021-05-17,137.970001,139.070007,137.610001,137.729996,120.370201,7690700
2021-05-18,136.460007,137.830002,136.149994,136.320007,119.137917,9239100
2021-05-19,136.059998,136.830002,135.589996,136.600006,119.382622,9806800
2021-05-20,136.789993,138.710007,136.720001,138.000000,120.606148,8768200
2021-05-21,138.199997,138.940002,137.779999,138.000000,120.606148,10161000
2021-05-24,138.000000,138.800003,137.729996,137.960007,120.571213,6981300
2021-05-25,138.050003,138.479996,136.750000,138.429993,120.982002,8142400
2021-05-26,138.789993,138.860001,137.869995,138.119995,120.711037,8122900
2021-05-27,138.119995,138.279999,134.660004,134.979996,117.966812,33095700
2021-05-28,135.149994,136.130005,134.639999,134.850006,117.853210,10477100
2021-06-01,135.789993,136.000000,132.479996,132.880005,116.131493,9993900
2021-06-02,133.000000,133.630005,132.520004,133.460007,116.638405,8254100
2021-06-03,133.229996,135.910004,133.199997,135.850006,118.727173,11249800
2021-06-04,135.699997,136.619995,135.399994,135.949997,118.814568,6894400
2021-06-07,136.360001,136.839996,135.679993,136.419998,119.225296,8418000
2021-06-08,136.679993,136.750000,134.750000,134.839996,117.844460,6911500
2021-06-09,135.550003,136.440002,134.740005,134.789993,117.800766,6200700
2021-06-10,135.020004,136.350006,134.619995,135.789993,118.674706,6515500
2021-06-11,135.750000,135.869995,133.899994,134.860001,117.861954,10641400
2021-06-14,134.979996,135.029999,133.960007,134.910004,117.905655,6302000
2021-06-15,135.199997,135.639999,134.550003,134.649994,117.678398,5543400
2021-06-16,135.179993,135.580002,132.649994,132.779999,116.044136,8936400
2021-06-17,132.820007,134.160004,132.649994,133.990005,117.101616,7875600
2021-06-18,133.339996,133.350006,131.940002,132.029999,115.388641,13997600
2021-06-21,132.690002,133.259995,132.399994,133.070007,116.297554,8014800
2021-06-22,133.039993,134.020004,132.880005,133.119995,116.341263,6550900
2021-06-23,132.949997,133.360001,132.320007,132.929993,116.175217,5796000
2021-06-24,132.949997,133.309998,132.699997,133.020004,116.253868,6056700
2021-06-25,133.259995,135.539993,132.949997,134.919998,117.914375,24504900
2021-06-28,134.899994,136.160004,134.759995,135.320007,118.263977,6065400
2021-06-29,135.509995,135.830002,133.820007,134.399994,117.459915,5792300
2021-06-30,134.580002,135.289993,134.289993,134.929993,117.923103,5776600
2021-07-01,135.429993,136.139999,134.919998,135.240005,118.194084,5922300
2021-07-02,135.600006,136.639999,135.419998,135.899994,118.770851,5572000
2021-07-06,135.520004,136.300003,135.360001,135.979996,118.840767,6534400
2021-07-07,136.029999,137.589996,136.029999,137.000000,119.732224,5532700
2021-07-08,136.990005,137.399994,135.889999,136.979996,119.714722,7585200
2021-07-09,137.240005,137.649994,136.839996,137.029999,119.758453,5948700
2021-07-12,136.899994,137.470001,136.429993,137.139999,119.854576,6807300
2021-07-13,136.389999,137.570007,136.389999,136.970001,119.705994,5603800
2021-07-14,137.009995,138.229996,136.369995,137.979996,120.588669,5903600
2021-07-15,138.009995,139.259995,137.699997,139.160004,121.619965,7357100
2021-07-16,139.300003,140.779999,139.110001,140.509995,122.799789,9346300
2021-07-19,140.320007,141.869995,138.809998,140.440002,122.738625,9544100
2021-07-20,140.440002,141.979996,139.639999,139.690002,122.083145,8136300
2021-07-21,139.949997,140.199997,138.990005,139.199997,121.654907,6954700
2021-07-22,137.289993,138.330002,136.710007,137.800003,121.188812,6013800
2021-07-23,137.479996,139.979996,137.080002,139.789993,122.938896,7906000
2021-07-26,139.619995,140.820007,139.220001,140.279999,123.369888,5925800
2021-07-27,140.149994,141.619995,140.000000,140.850006,123.871155,7075400
2021-07-28,140.669998,140.669998,138.710007,138.759995,122.033066,8520000
2021-07-29,139.759995,140.179993,138.729996,139.479996,122.666306,5430500
2021-07-30,142.000000,144.539993,141.550003,142.229996,125.084778,14394300
2021-08-02,141.770004,142.429993,140.800003,141.880005,124.776993,7009500
2021-08-03,141.860001,144.210007,141.520004,143.949997,126.597427,8455700
2021-08-04,143.039993,144.089996,142.350006,142.429993,125.260712,6628000
2021-08-05,143.350006,143.550003,141.470001,142.500000,125.322273,5363300
2021-08-06,143.029999,143.119995,141.220001,141.410004,124.363617,6030100
2021-08-09,141.949997,142.589996,141.699997,142.179993,125.040817,4743800
2021-08-10,141.910004,142.509995,141.660004,142.270004,125.119972,5253500
2021-08-11,142.740005,143.240005,142.470001,142.619995,125.427757,4205000
2021-08-12,143.149994,143.149994,142.350006,142.949997,125.718033,4956100
2021-08-13,142.949997,143.990005,142.690002,143.639999,126.324806,4888800
2021-08-16,143.669998,144.690002,143.380005,144.639999,127.204300,6040800
2021-08-17,144.399994,145.600006,143.889999,144.880005,127.415390,7577000
2021-08-18,144.699997,144.880005,143.179993,143.300003,126.025803,7162000
2021-08-19,143.160004,145.279999,143.160004,144.990005,127.512115,5787200
2021-08-20,145.250000,145.979996,144.779999,145.089996,127.600037,5273800
2021-08-23,144.289993,145.339996,144.229996,144.350006,126.949257,4522200
2021-08-24,144.009995,144.149994,142.979996,143.179993,125.920280,4560400
2021-08-25,143.070007,143.130005,142.250000,142.669998,125.471764,3861500
2021-08-26,142.559998,142.710007,141.470001,142.419998,125.251900,4749400
2021-08-27,142.479996,142.770004,141.639999,142.309998,125.155182,4741200
2021-08-30,142.600006,142.990005,142.050003,142.929993,125.700378,3845800
2021-08-31,143.039993,143.529999,142.050003,142.389999,125.225502,9642400
2021-09-01,142.330002,144.190002,142.229996,143.839996,126.500717,6214200
2021-09-02,143.970001,144.729996,143.580002,143.949997,126.597427,5392500
2021-09-03,143.759995,144.369995,143.520004,144.050003,126.685410,5466400
2021-09-07,144.320007,144.500000,143.289993,143.509995,126.210480,6520600
2021-09-08,143.080002,144.940002,143.009995,144.600006,127.169106,6897800
2021-09-09,144.570007,144.880005,143.649994,143.990005,126.632668,6354700
2021-09-10,144.059998,144.460007,143.320007,144.130005,126.755775,5750000
2021-09-13,144.850006,147.229996,144.850006,145.679993,128.118927,9952500
2021-09-14,146.130005,146.360001,144.949997,145.429993,127.899048,5831800
2021-09-15,145.350006,145.770004,144.740005,145.119995,127.626419,6237100
2021-09-16,144.839996,145.190002,142.820007,144.110001,126.738182,6142100
2021-09-17,144.369995,146.279999,144.229996,144.339996,126.940430,18737400
2021-09-20,144.220001,144.850006,141.970001,142.889999,125.665215,10238700
2021-09-21,142.979996,144.529999,142.880005,143.110001,125.858711,6651300
2021-09-22,143.820007,144.350006,142.860001,143.600006,126.289688,6332500
2021-09-23,144.059998,144.690002,143.490005,144.190002,126.808548,5171200
2021-09-24,143.800003,144.449997,143.089996,143.550003,126.245674,5009400
2021-09-27,143.149994,143.169998,141.520004,141.660004,124.583496,5749700
2021-09-28,141.050003,141.369995,139.559998,140.589996,123.642479,7015300
2021-09-29,140.270004,142.679993,140.179993,142.020004,124.900093,5460000
2021-09-30,142.639999,142.740005,139.529999,139.800003,122.947708,6934900
2021-10-01,139.929993,140.229996,138.320007,139.580002,122.754234,5587200
2021-10-04,139.389999,140.399994,137.600006,138.789993,122.059464,5816000
2021-10-05,138.800003,140.520004,138.720001,139.330002,122.534378,6902700
2021-10-06,138.990005,141.259995,138.619995,141.190002,124.170158,5332900
2021-10-07,141.750000,143.029999,141.750000,142.320007,125.163948,5334600
2021-10-08,142.289993,142.619995,141.039993,141.729996,124.645050,6131800
2021-10-11,142.369995,142.770004,141.770004,142.320007,125.163948,5995600
2021-10-12,142.600006,143.039993,141.699997,142.110001,124.979233,6734800
2021-10-13,142.399994,142.759995,141.029999,142.440002,125.269485,5689800
2021-10-14,142.830002,144.309998,142.809998,144.050003,126.685410,6777800
2021-10-15,144.520004,144.869995,143.679993,144.419998,127.010834,6923700
2021-10-18,143.550003,143.699997,142.100006,142.339996,125.181549,9119000
2021-10-19,139.080002,140.820007,138.800003,140.660004,123.704079,9555300
2021-10-20,140.149994,141.960007,139.850006,141.210007,124.187752,7352700
2021-10-21,140.860001,141.160004,139.179993,139.330002,123.294006,6545500
2021-10-22,139.389999,141.009995,139.320007,140.830002,124.621338,5265000
2021-10-25,140.410004,140.919998,139.050003,140.850006,124.639053,5382100
2021-10-26,141.619995,143.179993,141.240005,142.850006,126.408844,6234900
2021-10-27,143.139999,143.679993,141.690002,141.830002,125.506233,9643500
2021-10-28,141.889999,142.880005,141.710007,142.679993,126.258446,4538500
2021-10-29,142.160004,143.479996,142.020004,142.990005,126.532730,6239500
2021-11-01,143.360001,143.800003,142.490005,142.639999,126.223030,5038900
2021-11-02,142.720001,144.580002,142.279999,144.059998,127.479584,9954300
2021-11-03,144.130005,145.110001,143.520004,145.050003,128.355652,7620100
2021-11-04,142.839996,145.389999,142.339996,145.320007,128.594574,6402500
2021-11-05,145.440002,146.369995,144.800003,146.039993,129.231720,6062700
2021-11-08,145.500000,146.100006,144.020004,144.949997,128.267151,5854400
2021-11-09,145.029999,145.830002,144.580002,145.389999,128.656509,4873100
2021-11-10,145.740005,147.309998,145.589996,146.820007,129.921967,7334900
2021-11-11,146.860001,146.970001,146.210007,146.399994,129.550262,4096300
2021-11-12,146.740005,147.080002,145.979996,146.559998,129.691849,5687400
2021-11-15,147.029999,147.750000,146.470001,147.399994,130.435165,5510200
2021-11-16,147.389999,148.589996,147.009995,147.190002,130.249344,7603900
2021-11-17,146.970001,147.779999,146.419998,147.100006,130.169724,4900200
2021-11-18,147.039993,148.080002,146.509995,147.119995,130.187424,5509300
2021-11-19,147.949997,148.229996,146.789993,146.820007,129.921967,6274300
2021-11-22,146.970001,148.940002,146.830002,147.800003,130.789185,6625400
2021-11-23,147.830002,149.500000,147.669998,149.440002,132.240387,7912800
2021-11-24,148.770004,148.880005,147.679993,148.660004,131.550171,5665200
2021-11-26,148.580002,149.720001,147.309998,147.470001,130.497162,6299800
2021-11-29,147.789993,149.660004,146.789993,149.020004,131.868744,7113300
2021-11-30,147.809998,148.539993,144.119995,144.580002,127.939728,11696400
2021-12-01,144.850006,147.869995,144.850006,146.399994,129.550262,8313500
2021-12-02,147.009995,148.460007,146.940002,147.259995,130.311325,9468800
2021-12-03,148.020004,150.000000,147.660004,149.880005,132.629776,11200800
2021-12-06,150.190002,152.389999,150.190002,152.149994,134.638519,11935100
2021-12-07,151.949997,152.580002,151.270004,151.750000,134.284546,7913400
2021-12-08,151.669998,152.660004,150.279999,152.429993,134.886276,8329300
2021-12-09,152.309998,154.190002,151.600006,153.320007,135.673843,8334300
2021-12-10,153.850006,155.800003,153.429993,155.460007,137.567520,7172300
2021-12-13,155.300003,158.330002,154.910004,157.669998,139.523178,8944000
2021-12-14,157.899994,158.630005,156.660004,158.250000,140.036423,8677500
2021-12-15,157.639999,159.639999,157.639999,158.860001,140.576202,9152600
2021-12-16,158.729996,161.320007,158.419998,161.110001,142.567245,10852900
2021-12-17,160.660004,161.720001,157.309998,157.460007,139.337357,24349400
2021-12-20,156.600006,158.460007,156.570007,157.860001,139.691315,9202600
2021-12-21,157.649994,158.149994,156.789993,157.759995,139.602798,6946000
2021-12-22,157.770004,159.580002,157.270004,159.320007,140.983261,6626300
2021-12-23,159.500000,160.919998,159.440002,160.100006,141.673508,5640900
2021-12-27,160.669998,161.990005,160.610001,161.970001,143.328262,4548600
2021-12-28,161.960007,163.380005,161.940002,162.839996,144.098129,5929400
2021-12-29,163.210007,164.979996,163.080002,164.190002,145.292786,5346100
2021-12-30,164.399994,164.589996,162.610001,162.770004,144.036209,5911500
2021-12-31,162.860001,163.729996,162.460007,163.580002,144.752975,5327000
2022-01-03,161.690002,162.940002,159.880005,162.899994,144.151245,9317300
2022-01-04,162.289993,164.389999,162.179993,163.470001,144.655640,9253800
2022-01-05,163.440002,165.320007,163.399994,164.210007,145.310471,9330200
2022-01-06,164.339996,165.199997,162.610001,162.830002,144.089294,7556000
2022-01-07,163.130005,163.529999,161.949997,162.740005,144.009674,6098500
2022-01-10,162.509995,163.119995,160.169998,160.520004,142.045151,8055000
2022-01-11,160.220001,160.220001,156.910004,158.660004,140.399231,11957900
2022-01-12,158.259995,159.360001,157.830002,159.009995,140.708923,7127500
2022-01-13,159.309998,159.449997,157.779999,158.289993,140.071823,6551000
2022-01-14,158.070007,160.490005,157.559998,159.809998,141.416840,10708000
2022-01-18,158.529999,158.529999,156.039993,156.729996,138.691360,10988400
2022-01-19,157.610001,164.190002,156.970001,162.000000,143.354828,14088300
2022-01-20,160.119995,164.330002,160.119995,162.000000,144.128830,10799100
2022-01-21,163.000000,165.350006,162.100006,162.619995,144.680466,10900400
2022-01-24,163.429993,164.119995,158.720001,161.300003,143.506058,14838100
2022-01-25,160.449997,161.300003,157.889999,159.539993,141.940216,9369600
2022-01-26,157.339996,159.570007,156.380005,158.149994,140.703552,10707100
2022-01-27,158.729996,161.350006,158.580002,159.130005,141.575455,9083000
2022-01-28,158.610001,160.949997,157.320007,160.500000,142.794327,9494200
2022-01-31,159.350006,160.649994,158.869995,160.449997,142.749817,8950100
2022-02-01,160.789993,161.300003,157.729996,159.740005,142.118164,6284100
2022-02-02,160.139999,162.839996,159.470001,162.600006,144.662674,7558800
2022-02-03,161.979996,164.979996,161.619995,164.139999,146.032776,10474500
2022-02-04,163.130005,164.490005,161.410004,161.529999,143.710709,8959900
2022-02-07,161.869995,162.259995,159.669998,160.320007,142.634186,6430500
2022-02-08,161.119995,161.270004,159.649994,159.960007,142.313904,5048700
2022-02-09,160.360001,160.639999,159.270004,159.600006,141.993607,8077400
2022-02-10,159.089996,159.500000,156.649994,157.169998,139.831696,7033000
2022-02-11,158.009995,158.580002,155.580002,156.289993,139.048721,9341400
2022-02-14,156.139999,157.059998,153.360001,156.740005,139.449112,9472200
2022-02-15,157.770004,159.320007,156.110001,156.820007,139.520264,6659200
2022-02-16,156.830002,158.779999,156.270004,158.009995,140.579010,9315700
2022-02-17,158.380005,160.380005,157.350006,159.820007,142.189346,7925500
2022-02-18,159.500000,161.059998,158.820007,159.899994,142.260498,8063200
2022-02-22,160.110001,160.880005,156.660004,157.929993,140.507858,8179500
2022-02-23,158.300003,158.600006,155.600006,155.960007,138.755157,6273000
2022-02-24,155.639999,155.979996,150.559998,151.759995,135.018494,13145100
2022-02-25,152.330002,158.940002,152.250000,158.240005,140.783646,8888800
2022-02-28,156.289993,157.190002,153.820007,155.889999,138.692886,8669200
2022-03-01,154.309998,155.399994,152.339996,153.309998,136.397491,8311900
2022-03-02,152.960007,155.080002,152.600006,153.789993,136.824554,6111300
2022-03-03,153.770004,155.860001,153.770004,154.360001,137.331680,7451200
2022-03-04,153.119995,155.350006,152.550003,155.139999,138.025604,8639100
2022-03-07,154.490005,154.520004,151.139999,152.839996,135.979340,8374500
2022-03-08,152.179993,152.949997,146.580002,146.789993,130.596725,9517200
2022-03-09,148.830002,150.470001,147.809998,148.770004,132.358353,7044100
2022-03-10,147.800003,148.279999,143.940002,144.940002,128.950806,9221000
2022-03-11,145.399994,146.160004,143.029999,143.220001,127.420616,7086100
2022-03-14,144.449997,146.039993,143.350006,145.050003,129.048706,7964600
2022-03-15,147.009995,150.539993,146.889999,150.270004,133.692856,9868400
2022-03-16,150.630005,151.789993,148.039993,149.759995,133.239120,6908900
2022-03-17,149.990005,150.470001,148.500000,150.229996,133.657257,6003800
2022-03-18,150.869995,150.869995,148.240005,150.149994,133.586105,15570300
2022-03-21,150.440002,151.419998,149.240005,150.720001,134.093216,6937500
2022-03-22,153.429993,153.600006,150.520004,151.880005,135.125244,7292100
2022-03-23,152.199997,153.009995,150.690002,150.820007,134.182175,5531900
2022-03-24,150.889999,151.559998,150.160004,151.080002,134.413483,4203100
2022-03-25,151.630005,153.919998,151.509995,152.830002,135.970428,5047700
2022-03-28,153.639999,153.899994,152.630005,153.880005,136.904587,4234000
2022-03-29,155.369995,156.470001,154.020004,155.460007,138.310303,5643400
2022-03-30,152.500000,154.429993,151.940002,154.389999,137.358337,5779300
2022-03-31,154.100006,154.339996,152.399994,152.800003,135.943756,7538600
2022-04-01,153.520004,155.460007,152.059998,155.089996,137.981155,5742600
2022-04-04,153.809998,154.350006,151.259995,154.080002,137.082535,5992000
2022-04-05,153.610001,157.369995,153.539993,154.619995,137.562973,7653000
2022-04-06,154.419998,157.289993,153.940002,156.830002,139.529190,8884700
2022-04-07,157.869995,159.389999,156.970001,158.860001,141.335236,6889700
2022-04-08,159.699997,160.529999,158.919998,160.100006,142.438461,6045400
2022-04-11,159.949997,161.210007,158.630005,159.490005,141.895737,6158400
2022-04-12,159.309998,160.630005,158.699997,159.009995,141.468674,7221500
2022-04-13,159.080002,160.410004,158.710007,159.460007,141.869064,5247700
2022-04-14,159.979996,160.300003,158.449997,158.570007,141.077240,7806500
2022-04-18,158.479996,158.979996,156.529999,157.059998,139.733780,6034500
2022-04-19,156.770004,160.029999,156.300003,159.410004,141.824585,7897000
2022-04-20,160.500000,164.479996,160.000000,163.649994,145.596817,10196100
2022-04-21,163.820007,164.899994,162.429993,162.610001,145.483231,9365700
2022-04-22,163.240005,163.520004,160.910004,161.250000,144.266449,9394600
2022-04-25,161.699997,163.289993,159.800003,162.550003,145.429550,6986800
2022-04-26,162.679993,163.639999,159.750000,159.789993,142.960220,7769500
2022-04-27,160.210007,161.449997,159.110001,159.360001,142.575500,6754900
2022-04-28,160.539993,163.710007,159.270004,163.410004,146.198959,9306800
2022-04-29,162.470001,162.949997,160.199997,160.550003,143.640182,10637000
2022-05-02,161.600006,162.000000,156.190002,158.380005,141.698730,10351600
2022-05-03,158.220001,158.990005,155.009995,156.210007,139.757294,10344000
2022-05-04,155.830002,157.550003,155.149994,157.360001,140.786148,7771000
2022-05-05,156.300003,157.289993,153.139999,154.460007,138.191605,8217100
2022-05-06,154.770004,156.240005,153.869995,156.000000,139.569397,7304800
2022-05-09,153.960007,156.759995,152.750000,155.610001,139.220490,8540800
2022-05-10,155.550003,156.619995,153.940002,154.789993,138.486816,7447400
2022-05-11,154.029999,155.899994,152.350006,152.610001,136.536453,7692200
2022-05-12,153.520004,153.610001,149.880005,151.990005,135.981750,9600800
2022-05-13,152.580002,153.729996,150.419998,153.619995,137.440063,5675500
2022-05-16,153.470001,155.899994,152.029999,155.119995,138.782089,5971000
2022-05-17,155.130005,156.750000,153.070007,154.679993,138.388443,6509100
2022-05-18,154.669998,154.759995,144.539993,145.039993,129.763763,9670700
2022-05-19,143.410004,143.419998,140.600006,141.699997,126.775536,9694100
2022-05-20,142.149994,142.449997,139.179993,141.789993,126.856071,7786900
2022-05-23,142.839996,145.630005,142.080002,145.050003,129.772705,7134500
2022-05-24,144.889999,147.940002,144.820007,147.630005,132.080963,7207400
2022-05-25,147.110001,147.139999,143.500000,145.210007,129.915848,8217800
2022-05-26,146.479996,147.380005,145.039993,146.479996,131.052063,5702600
2022-05-27,146.970001,148.720001,146.630005,148.720001,133.056168,6028800
2022-05-31,147.289993,148.990005,146.160004,147.880005,132.304642,12416700
2022-06-01,148.000000,148.119995,144.710007,145.639999,130.300568,7036000
2022-06-02,145.970001,147.259995,142.630005,147.210007,131.705185,6479800
2022-06-03,146.360001,147.210007,145.119995,145.889999,130.524216,4720700
2022-06-06,147.369995,147.639999,144.589996,145.320007,130.014282,4751100
2022-06-07,143.669998,147.179993,143.429993,146.940002,131.463654,4918600
2022-06-08,146.300003,146.429993,144.990005,145.110001,129.826370,4369600
2022-06-09,145.410004,146.889999,142.339996,142.490005,127.482346,4625700
2022-06-10,140.889999,143.149994,139.449997,141.949997,126.999207,6630800
2022-06-13,139.500000,140.490005,137.630005,138.149994,123.599442,8549500
2022-06-14,137.509995,137.580002,132.539993,133.839996,119.743385,9980200
2022-06-15,134.440002,134.899994,129.500000,132.509995,118.553474,12178100
2022-06-16,131.029999,135.070007,130.600006,133.320007,119.278160,9683300
2022-06-17,132.559998,134.259995,131.429993,132.360001,118.419258,17113300
2022-06-21,134.619995,137.000000,133.429993,136.369995,122.006912,9017000
2022-06-22,135.679993,139.690002,135.669998,138.500000,123.912582,8374500
2022-06-23,139.050003,142.479996,138.899994,142.300003,127.312363,6418300
2022-06-24,144.199997,145.240005,143.119995,144.350006,129.146439,19440600
2022-06-27,144.119995,144.759995,142.710007,143.250000,128.162277,5618500
2022-06-28,143.539993,144.089996,140.580002,140.919998,126.077713,6077300
2022-06-29,141.600006,142.860001,141.149994,142.199997,127.222885,5174600
2022-06-30,141.690002,144.440002,141.229996,143.789993,128.645386,7410100
2022-07-01,144.240005,146.250000,143.399994,146.110001,130.721054,5937200
2022-07-05,144.580002,146.100006,142.539993,144.699997,129.459564,5760900
2022-07-06,145.509995,147.490005,144.970001,146.050003,130.667404,5485200
2022-07-07,145.289993,146.190002,144.600006,146.000000,130.622635,6623400
2022-07-08,145.990005,146.809998,144.570007,145.020004,129.745865,4294200
2022-07-11,145.149994,146.580002,144.679993,146.039993,130.658432,5482900
2022-07-12,145.860001,146.919998,144.369995,144.750000,129.504303,5204400
2022-07-13,144.410004,146.960007,144.210007,145.699997,130.354279,5075600
2022-07-14,143.759995,145.529999,143.470001,145.270004,129.969528,4867000
2022-07-15,145.339996,145.699997,144.100006,145.070007,129.790604,6264600
2022-07-18,144.940002,145.089996,143.169998,143.309998,128.215973,6047500
2022-07-19,144.570007,145.009995,143.639999,144.039993,128.869095,5943600
2022-07-20,144.000000,144.220001,140.639999,141.550003,126.641335,8635300
2022-07-21,140.600006,141.360001,138.949997,140.770004,126.761093,8310200
2022-07-22,140.759995,143.169998,140.669998,143.020004,128.787170,5292700
2022-07-25,142.800003,144.419998,142.529999,143.990005,129.660645,5262100
2022-07-26,142.690002,144.490005,141.710007,144.270004,129.912811,5375700
2022-07-27,143.880005,146.210007,143.529999,145.639999,131.146454,5500000
2022-07-28,146.139999,148.610001,145.080002,148.059998,133.325607,7115700
2022-07-29,141.429993,142.500000,138.229996,138.910004,125.086182,18694700
2022-08-01,138.339996,143.940002,138.270004,142.899994,128.679092,12590000
2022-08-02,143.110001,143.720001,141.770004,141.949997,127.823692,7495000
2022-08-03,141.660004,145.270004,140.910004,144.880005,130.462097,6811000
2022-08-04,144.850006,146.460007,144.009995,144.649994,130.254959,6124700
2022-08-05,143.750000,144.839996,142.770004,144.720001,130.318024,4580300
2022-08-08,145.029999,146.470001,144.729996,145.270004,130.813263,4486800
2022-08-09,145.570007,145.940002,144.490005,144.929993,130.507095,3977300
2022-08-10,145.889999,146.500000,145.389999,146.300003,131.740768,4641300
2022-08-11,146.809998,147.289993,144.929993,145.259995,130.804245,5954300
2022-08-12,145.910004,146.729996,144.960007,146.669998,132.073944,5038700
2022-08-15,146.869995,148.770004,146.750000,148.559998,133.775894,6008000
2022-08-16,148.360001,150.600006,148.360001,149.929993,135.009537,7093000
2022-08-17,149.100006,149.750000,148.880005,149.240005,134.388199,4834600
2022-08-18,148.869995,149.990005,148.520004,149.770004,134.865463,3829000
2022-08-19,149.210007,150.630005,148.720001,149.729996,134.829437,6502500
2022-08-22,148.979996,150.130005,148.839996,149.330002,134.469254,6380700
2022-08-23,148.429993,148.440002,145.830002,146.449997,131.875854,5268200
2022-08-24,146.610001,147.259995,145.119995,145.820007,131.308563,5903200
2022-08-25,145.229996,145.779999,144.490005,145.699997,131.200500,5097600
2022-08-26,146.000000,146.529999,142.020004,142.289993,128.129807,6086600
2022-08-29,141.300003,142.690002,141.020004,141.690002,127.589569,5272100
2022-08-30,142.410004,142.410004,139.910004,140.179993,126.229813,5203700
2022-08-31,140.399994,140.880005,137.860001,137.940002,124.212738,8406900
2022-09-01,137.830002,139.759995,136.759995,139.639999,125.743546,7446500
2022-09-02,140.419998,141.149994,136.550003,137.160004,123.510361,7077800
2022-09-06,135.880005,137.940002,135.289993,135.630005,122.132622,8217200
2022-09-07,136.029999,137.759995,136.020004,137.679993,123.978615,6609400
2022-09-08,137.009995,138.490005,136.059998,137.860001,124.140701,7380500
2022-09-09,137.949997,141.089996,137.300003,139.960007,126.031685,6434300
2022-09-12,139.410004,141.800003,139.110001,141.100006,127.058243,5818700
2022-09-13,140.779999,141.429993,137.860001,138.179993,124.428841,6350200
2022-09-14,138.660004,139.660004,137.669998,138.509995,124.725990,6137800
2022-09-15,138.779999,138.889999,136.639999,137.440002,123.762482,5320700
2022-09-16,137.440002,139.059998,137.110001,138.279999,124.518883,9321500
2022-09-19,138.199997,138.460007,137.229996,137.990005,124.257751,6056000
2022-09-20,137.410004,137.970001,136.529999,137.500000,123.816513,5589800
2022-09-21,138.080002,138.199997,135.710007,135.729996,122.222679,6413900
2022-09-22,135.740005,137.070007,135.240005,136.210007,122.654892,5061600
2022-09-23,135.679993,136.500000,133.949997,135.580002,122.087585,6523600
2022-09-26,135.580002,136.820007,134.990005,135.710007,122.204651,7396400
2022-09-27,135.960007,136.940002,131.710007,131.979996,118.845833,7722200
2022-09-28,133.020004,133.020004,131.190002,131.979996,118.845833,10455100
2022-09-29,131.869995,131.869995,128.259995,128.699997,115.892265,7128500
2022-09-30,129.000000,129.039993,126.209999,126.250000,113.686081,9431900
2022-10-03,127.250000,129.100006,126.680000,128.509995,115.721161,8477700
2022-10-04,129.100006,130.869995,128.699997,130.100006,117.152954,7211600
2022-10-05,129.199997,130.089996,128.089996,129.199997,116.342491,5071100
2022-10-06,128.889999,129.059998,126.349998,126.480003,113.893188,5530800
2022-10-07,126.500000,126.580002,123.760002,124.269997,111.903107,6095400
2022-10-10,123.370003,124.250000,122.180000,123.760002,111.443863,6923300
2022-10-11,123.690002,125.699997,123.599998,124.230003,111.867104,5516200
2022-10-12,124.839996,125.809998,124.410004,124.430000,112.047203,6823500
2022-10-13,123.510002,126.750000,122.919998,126.309998,113.740105,6910500
2022-10-14,126.750000,127.019997,124.769997,125.080002,112.632515,5516800
2022-10-17,126.010002,128.279999,125.860001,127.339996,114.667595,6664600
2022-10-18,129.330002,130.070007,127.660004,128.369995,115.595100,7114200
2022-10-19,131.639999,133.000000,129.509995,129.559998,116.666679,9993700
2022-10-20,128.619995,129.770004,126.680000,126.989998,115.163979,8168000
2022-10-21,126.540001,128.949997,126.480003,128.580002,116.605919,6394600
2022-10-24,129.490005,130.440002,128.350006,129.369995,117.322350,6946000
2022-10-25,129.600006,131.179993,128.470001,130.860001,118.673592,6776000
2022-10-26,130.649994,132.570007,130.399994,131.779999,119.507919,6612800
2022-10-27,132.000000,133.119995,131.500000,131.880005,119.598618,6676700
2022-10-28,133.169998,135.509995,132.919998,135.220001,122.627586,6996400
2022-10-31,135.199997,135.669998,134.259995,134.669998,122.128784,8346300
2022-11-01,134.699997,136.279999,133.839996,134.880005,122.319229,6428300
2022-11-02,134.720001,136.539993,132.809998,132.940002,120.559891,7318100
2022-11-03,131.729996,132.639999,130.960007,132.029999,119.734627,5204000
2022-11-04,133.320007,135.000000,132.520004,134.440002,121.920219,5555400
2022-11-07,135.350006,137.190002,135.059998,136.500000,123.788391,6746800
2022-11-08,136.820007,137.520004,135.800003,136.809998,124.069489,5266200
2022-11-09,136.869995,137.970001,136.339996,136.479996,123.770203,5690700
2022-11-10,139.460007,141.630005,138.199997,141.179993,128.032516,8068700
2022-11-11,141.199997,141.630005,139.110001,140.970001,127.842094,7175200
2022-11-14,140.509995,143.559998,140.259995,140.979996,127.851151,8516200
2022-11-15,142.089996,143.199997,139.699997,140.490005,127.406769,7732400
2022-11-16,141.500000,142.910004,140.979996,141.740005,128.540390,6193700
2022-11-17,141.110001,141.690002,139.860001,140.869995,127.751389,5186300
2022-11-18,141.919998,142.759995,141.270004,142.570007,129.293091,5671400
2022-11-21,143.059998,145.190002,142.830002,144.380005,130.934570,6377200
2022-11-22,145.429993,145.789993,144.839996,145.619995,132.059052,5372900
2022-11-23,145.899994,146.630005,145.570007,146.449997,132.811768,4296000
2022-11-25,146.789993,147.199997,146.399994,146.720001,133.056610,2411100
2022-11-28,146.389999,147.339996,146.139999,146.600006,132.947800,6628200
2022-11-29,145.750000,146.059998,144.529999,145.479996,131.932083,5634200
2022-11-30,145.649994,149.160004,145.130005,149.160004,135.269394,12396800
2022-12-01,149.529999,150.360001,148.570007,149.250000,135.351013,6927400
2022-12-02,148.470001,150.770004,148.080002,150.610001,136.584381,4938300
2022-12-05,148.710007,149.669998,148.270004,149.089996,135.205902,5402500
2022-12-06,149.720001,150.080002,148.279999,149.279999,135.378235,6866700
2022-12-07,149.009995,150.429993,149.009995,150.240005,136.248840,6175500
2022-12-08,149.460007,151.380005,149.009995,151.320007,137.228226,5187100
2022-12-09,150.699997,151.949997,150.220001,150.919998,136.865479,5868200
2022-12-12,151.220001,152.559998,151.039993,152.470001,138.271133,6142400
2022-12-13,153.410004,154.229996,150.789993,152.240005,138.062576,7680600
2022-12-14,152.789993,154.440002,152.169998,152.839996,138.606705,7385600
2022-12-15,151.720001,152.000000,149.740005,151.110001,137.037781,7117200
2022-12-16,150.360001,151.070007,149.020004,150.440002,136.430191,19966400
2022-12-19,150.220001,151.380005,149.240005,150.399994,136.393921,5881800
2022-12-20,149.320007,150.899994,149.270004,150.460007,136.448334,5646100
2022-12-21,150.750000,152.630005,150.720001,151.839996,137.699829,5024700
2022-12-22,151.130005,152.410004,150.880005,152.190002,138.017227,5904900
2022-12-23,152.309998,152.919998,151.669998,152.619995,138.407181,3401800
2022-12-27,152.699997,154.320007,152.660004,153.949997,139.613297,4215100
2022-12-28,154.279999,154.649994,151.899994,151.960007,137.808640,4197500
2022-12-29,152.809998,153.240005,152.139999,152.589996,138.379990,3809100
2022-12-30,152.429993,152.679993,150.440002,151.559998,137.445877,4532000
2023-01-03,150.949997,151.710007,149.119995,151.570007,137.454956,6447300
2023-01-04,151.990005,153.389999,151.229996,152.229996,138.053513,7313400
2023-01-05,152.210007,152.479996,150.130005,150.339996,136.339493,5373800
2023-01-06,151.850006,154.460007,151.750000,153.919998,139.586121,7882200
2023-01-09,153.440002,154.800003,152.000000,152.039993,137.881180,5727000
2023-01-10,152.100006,152.699997,150.940002,151.889999,137.745178,4716400
2023-01-11,152.320007,152.559998,149.350006,150.660004,136.629700,8691300
2023-01-12,151.699997,151.729996,149.520004,149.809998,135.858856,7801600
2023-01-13,149.610001,151.050003,149.419998,150.880005,136.829224,5535800
2023-01-17,150.789993,152.130005,150.399994,150.440002,136.430191,9611800
2023-01-18,149.660004,149.929993,146.039993,146.410004,132.775497,10461200
2023-01-19,143.309998,146.220001,142.240005,142.419998,129.967529,12683700
2023-01-20,142.320007,143.149994,140.149994,142.970001,130.469437,8603300
2023-01-23,143.360001,143.699997,140.690002,141.050003,128.717300,7473100
2023-01-24,140.690002,142.380005,139.809998,141.820007,129.419998,6822500
2023-01-25,140.389999,141.750000,138.729996,141.720001,129.328720,6902600
2023-01-26,141.729996,141.740005,140.740005,141.149994,128.808548,5398600
2023-01-27,141.070007,141.360001,139.289993,140.570007,128.279312,6870800
2023-01-30,140.960007,142.119995,140.279999,141.009995,128.680786,6369300
2023-01-31,141.229996,142.470001,140.759995,142.380005,129.931030,9373400
2023-02-01,142.080002,144.100006,141.350006,143.190002,130.670227,7207900
2023-02-02,142.169998,142.710007,141.210007,142.169998,129.739365,6444300
2023-02-03,142.779999,143.380005,141.169998,142.610001,130.140945,5993100
2023-02-06,142.009995,142.639999,141.009995,141.399994,129.036697,6108100
2023-02-07,139.970001,140.789993,138.779999,140.020004,127.777367,6278300
2023-02-08,139.059998,139.539993,138.410004,138.570007,126.454170,7123800
2023-02-09,138.880005,139.330002,137.000000,137.050003,125.067017,6547400
2023-02-10,136.949997,138.300003,135.830002,138.259995,126.171265,8108900
2023-02-13,138.940002,140.449997,138.740005,140.070007,127.823021,5081600
2023-02-14,140.139999,140.240005,138.619995,139.279999,127.102074,5253500
2023-02-15,139.110001,139.320007,138.070007,138.960007,126.810043,5530300
2023-02-16,137.389999,138.199997,136.550003,137.139999,125.149178,7595700
2023-02-17,136.589996,140.039993,136.589996,140.009995,127.768250,8034700
2023-02-21,138.869995,140.889999,138.869995,139.910004,127.677002,6899500
2023-02-22,139.979996,141.580002,139.880005,140.500000,128.215393,6126300
2023-02-23,140.229996,141.139999,139.100006,140.050003,127.804733,5835400
2023-02-24,138.929993,139.429993,138.080002,139.259995,127.083794,5260700
2023-02-27,139.610001,140.470001,138.529999,139.139999,126.974350,5820900
2023-02-28,138.449997,138.589996,137.279999,137.559998,125.532433,6709900
2023-03-01,138.050003,138.330002,136.509995,137.660004,125.623718,7101800
2023-03-02,138.000000,140.429993,137.779999,139.929993,127.695236,5924600
2023-03-03,141.190002,141.240005,139.970001,140.949997,128.626038,5259400
2023-03-06,140.729996,141.139999,139.940002,140.350006,128.078522,4943100
2023-03-07,140.429993,140.619995,137.339996,137.559998,125.532433,5606800
2023-03-08,137.199997,137.690002,136.600006,137.580002,125.550705,5518800
2023-03-09,138.149994,138.559998,136.100006,136.570007,124.629036,4467200
2023-03-10,136.949997,137.990005,136.350006,137.190002,125.194809,5928000
2023-03-13,137.039993,141.320007,137.039993,138.139999,126.061729,8337100
2023-03-14,138.289993,140.110001,137.399994,139.850006,127.622208,9219700
2023-03-15,138.809998,142.149994,138.809998,141.830002,129.429108,8823500
2023-03-16,141.940002,143.119995,141.610001,142.889999,130.396423,7063400
2023-03-17,142.500000,143.389999,141.529999,142.929993,130.432922,16018800
2023-03-20,143.500000,145.399994,143.229996,145.130005,132.440552,8379200
2023-03-21,144.910004,145.229996,142.839996,144.080002,131.482407,7753200
2023-03-22,144.039993,145.750000,143.830002,143.990005,131.400253,5729100
2023-03-23,144.240005,145.119995,143.190002,143.789993,131.217712,5788400
2023-03-24,144.300003,146.759995,144.300003,146.720001,133.891541,6144800
2023-03-27,146.889999,147.419998,145.869995,145.949997,133.188889,5917200
2023-03-28,146.550003,146.820007,145.800003,146.360001,133.563034,4213800
2023-03-29,147.080002,147.289993,146.259995,146.809998,133.973679,4987700
2023-03-30,146.919998,147.539993,146.300003,147.449997,134.557724,4117700
2023-03-31,147.740005,148.690002,147.570007,148.690002,135.689316,7685900
2023-04-03,148.429993,150.070007,147.089996,149.509995,136.437622,5721700
2023-04-04,150.080002,151.710007,150.080002,150.229996,137.094620,6714300
2023-04-05,151.330002,152.350006,151.149994,151.259995,138.034561,6094800
2023-04-06,151.869995,152.960007,151.419998,152.220001,138.910660,5399700
2023-04-10,151.649994,151.669998,149.509995,150.960007,137.760834,4891800
2023-04-11,151.259995,151.440002,150.520004,150.660004,137.487076,6311800
2023-04-12,150.309998,152.410004,149.929993,151.070007,137.861237,6137900
2023-04-13,150.899994,151.869995,149.820007,151.770004,138.500000,5489500
2023-04-14,151.350006,151.589996,150.509995,151.000000,137.797348,4478800
2023-04-17,151.169998,151.470001,150.339996,151.050003,137.842972,4296400
2023-04-18,150.979996,151.589996,150.100006,151.210007,137.988968,4158400
2023-04-19,151.169998,151.899994,150.710007,151.240005,138.016342,3837600
2023-04-20,150.369995,151.360001,150.369995,150.850006,138.522308,5370900
2023-04-21,154.940002,158.110001,154.500000,156.070007,143.315735,14876900
2023-04-24,155.220001,157.250000,155.220001,156.350006,143.572876,8109800
2023-04-25,156.509995,157.940002,155.789993,156.389999,143.609604,8341800
2023-04-26,155.300003,156.000000,154.339996,154.580002,141.947495,4843700
2023-04-27,155.300003,156.610001,155.009995,156.470001,143.683014,4805600
2023-04-28,156.279999,157.369995,155.759995,156.380005,143.600403,5754700
2023-05-01,156.029999,157.399994,155.800003,156.570007,143.774902,3844600
2023-05-02,156.589996,156.929993,155.669998,156.429993,143.646286,5262900
2023-05-03,156.639999,157.570007,155.429993,156.229996,143.462662,5775000
2023-05-04,156.100006,156.600006,155.089996,155.509995,142.801468,4892600
2023-05-05,155.399994,156.309998,154.690002,156.029999,143.278992,3989200
2023-05-08,155.350006,155.729996,154.869995,155.300003,142.608673,4950700
2023-05-09,155.850006,155.979996,153.580002,153.710007,141.148590,4472100
2023-05-10,153.449997,154.320007,152.440002,154.029999,141.442474,4754900
2023-05-11,154.809998,154.889999,153.389999,154.389999,141.772995,3495300
2023-05-12,154.699997,156.050003,154.389999,155.960007,143.214752,5252900
2023-05-15,156.610001,156.750000,154.639999,156.009995,143.260635,5414900
2023-05-16,155.869995,156.919998,154.929993,155.740005,143.012695,5591500
2023-05-17,156.259995,156.559998,153.899994,155.080002,142.406647,4286900
2023-05-18,153.309998,153.649994,151.600006,152.529999,140.065018,6997600
2023-05-19,152.470001,153.320007,151.839996,153.169998,140.652710,4754100
2023-05-22,152.500000,152.600006,148.830002,149.160004,136.970459,7876200
2023-05-23,148.789993,148.880005,147.070007,147.550003,135.492004,6116000
2023-05-24,147.589996,148.199997,146.089996,146.330002,134.371704,5755400
2023-05-25,145.490005,146.210007,144.350006,145.389999,133.508499,6510300
2023-05-26,145.330002,146.009995,144.729996,145.399994,133.517685,4716400
2023-05-30,143.860001,144.039993,142.350006,143.179993,131.479111,5561000
2023-05-31,143.160004,143.979996,141.899994,142.500000,130.854675,19854800
2023-06-01,143.250000,144.119995,142.449997,143.960007,132.195404,6091100
2023-06-02,144.509995,146.679993,144.389999,146.520004,134.546173,6124400
2023-06-05,146.050003,147.850006,145.729996,145.940002,134.013611,4753700
2023-06-06,146.070007,146.309998,143.550003,144.490005,132.682083,4635900
2023-06-07,144.009995,145.119995,143.470001,144.800003,132.966736,6194400
2023-06-08,145.339996,146.649994,144.919998,146.440002,134.472702,4863700
2023-06-09,145.679993,146.779999,144.729996,146.559998,134.582916,5569500
2023-06-12,147.000000,147.009995,144.550003,145.410004,133.526871,5354000
2023-06-13,144.509995,145.679993,144.279999,145.059998,133.205505,5321200
2023-06-14,145.309998,146.889999,144.830002,146.419998,134.454330,5693300
2023-06-15,147.169998,148.970001,146.539993,148.449997,136.318451,5863000
2023-06-16,148.919998,150.089996,148.899994,149.539993,137.319382,11244900
2023-06-20,149.750000,150.279999,148.110001,148.160004,136.052139,5340700
2023-06-21,148.259995,149.600006,147.869995,149.440002,137.227554,4649700
2023-06-22,150.350006,151.100006,149.479996,149.949997,137.695862,6666800
2023-06-23,150.250000,150.529999,147.960007,148.460007,136.327667,13843300
2023-06-26,148.100006,148.970001,146.720001,148.610001,136.465378,4353100
2023-06-27,148.440002,150.169998,148.389999,150.020004,137.760162,5445400
2023-06-28,149.330002,150.300003,147.960007,149.990005,137.732620,6733300
2023-06-29,148.479996,149.699997,147.100006,149.380005,137.172470,7343000
2023-06-30,149.830002,152.070007,149.789993,151.740005,139.339569,7058300
2023-07-03,151.479996,152.529999,150.470001,152.500000,140.037476,3996100
2023-07-05,151.630005,152.460007,151.440002,152.240005,139.798721,8279800
2023-07-06,151.199997,152.190002,150.759995,151.990005,139.569168,7958300
2023-07-07,151.710007,151.919998,148.750000,148.800003,136.639862,9169500
2023-07-10,148.940002,150.320007,148.740005,148.860001,136.694962,5529200
2023-07-11,148.729996,149.050003,146.960007,148.080002,135.978699,5150300
2023-07-12,148.029999,149.399994,147.639999,148.850006,136.685776,6764600
2023-07-13,149.000000,149.520004,148.199997,148.949997,136.777588,5561400
2023-07-14,149.270004,150.630005,148.729996,150.050003,137.787674,6128900
2023-07-17,149.649994,150.160004,148.970001,148.990005,136.814331,4625300
2023-07-18,148.639999,150.479996,148.380005,149.270004,137.071426,5351200
2023-07-19,149.550003,150.820007,148.860001,150.289993,138.008102,6203600
2023-07-20,149.550003,150.750000,148.139999,150.559998,139.127121,6445400
2023-07-21,151.149994,153.669998,150.699997,152.929993,141.317169,9938400
2023-07-24,152.839996,153.949997,152.300003,153.419998,141.769943,5549500
2023-07-25,153.479996,153.860001,152.449997,153.779999,142.102631,5883800
2023-07-26,153.119995,154.839996,152.889999,153.940002,142.250488,7013800
2023-07-27,154.160004,154.600006,151.919998,152.110001,140.559402,7191600
2023-07-28,154.660004,157.479996,154.600006,156.410004,144.532913,9397300
2023-07-31,156.399994,157.679993,155.059998,156.300003,144.431244,7955200
2023-08-01,155.880005,157.169998,155.869995,156.250000,144.385040,5718800
2023-08-02,155.970001,157.729996,155.970001,156.589996,144.699219,5636000
2023-08-03,156.759995,157.699997,156.210007,157.000000,145.078094,5792700
2023-08-04,157.429993,157.729996,155.149994,155.279999,143.488693,4785900
2023-08-07,155.669998,157.149994,155.490005,156.919998,145.004166,4107400
2023-08-08,157.279999,157.630005,156.529999,157.089996,145.161270,4625500
2023-08-09,157.309998,158.089996,156.770004,156.889999,144.976456,4293200
2023-08-10,157.169998,158.380005,155.800003,156.110001,144.255661,4307800
2023-08-11,156.429993,157.460007,155.789993,157.020004,145.096558,3862300
2023-08-14,157.130005,157.529999,155.500000,155.789993,143.959976,4297600
2023-08-15,155.789993,155.970001,154.460007,154.789993,143.035889,6921100
2023-08-16,154.759995,155.729996,152.869995,153.210007,141.575912,6356800
2023-08-17,153.210007,153.559998,151.789993,152.110001,140.559402,6419500
2023-08-18,151.619995,152.889999,151.169998,152.539993,140.956772,5448200
2023-08-21,152.089996,152.779999,151.259995,151.770004,140.245255,4504700
2023-08-22,151.419998,152.149994,150.929993,151.830002,140.300690,4195600
2023-08-23,152.470001,153.479996,152.470001,153.250000,141.612839,4522500
2023-08-24,152.550003,154.679993,152.479996,152.539993,140.956772,4088900
2023-08-25,153.399994,154.080002,152.460007,153.539993,141.880829,3541500
2023-08-28,153.710007,154.369995,153.050003,153.779999,142.102631,3614700
2023-08-29,153.949997,154.039993,152.029999,153.869995,142.185745,4034600
2023-08-30,154.100006,154.869995,153.710007,154.039993,142.342834,3712200
2023-08-31,154.119995,155.160004,153.830002,154.339996,142.620102,5451400
2023-09-01,154.899994,155.279999,153.559998,154.509995,142.777176,4126300
2023-09-05,153.800003,154.850006,152.399994,152.440002,140.864365,5097000
2023-09-06,152.289993,152.449997,151.539993,152.139999,140.587143,3877400
2023-09-07,152.490005,154.190002,152.369995,153.589996,141.927048,4824800
2023-09-08,153.419998,153.460007,152.350006,152.929993,141.317169,3384700
2023-09-11,153.330002,155.100006,153.080002,154.750000,142.998947,4288500
2023-09-12,154.990005,155.149994,151.570007,152.029999,140.485519,4537800
2023-09-13,151.979996,153.589996,151.660004,153.089996,141.465012,4040600
2023-09-14,153.850006,154.919998,153.369995,154.770004,143.017410,4606800
2023-09-15,154.029999,155.320007,153.229996,153.470001,141.816162,10262400
2023-09-18,154.449997,154.479996,153.509995,154.050003,142.352081,3536500
2023-09-19,153.750000,154.059998,151.740005,153.600006,141.936310,4704200
2023-09-20,153.770004,154.779999,153.360001,153.470001,141.816162,5446400
2023-09-21,153.449997,153.710007,152.070007,152.139999,140.587143,5096400
2023-09-22,152.440002,153.339996,151.380005,151.580002,140.069672,6327000
2023-09-25,151.179993,151.279999,150.020004,150.660004,139.219543,5527000
2023-09-26,149.979996,150.360001,148.789993,149.320007,137.981293,6366500
2023-09-27,149.419998,149.699997,146.630005,147.339996,136.151627,5403700
2023-09-28,147.820007,147.979996,145.679993,146.339996,135.227570,6237100
2023-09-29,146.539993,146.770004,144.820007,145.860001,134.784012,6683300
2023-10-02,144.779999,145.600006,143.899994,145.190002,134.164917,5153800
2023-10-03,145.169998,146.490005,145.009995,145.490005,134.442123,4670600
2023-10-04,145.589996,146.309998,144.929993,145.970001,134.885651,4727800
2023-10-05,145.679993,146.089996,143.690002,143.800003,132.880447,5205700
2023-10-06,143.600006,144.559998,141.449997,144.089996,133.148438,7406700
2023-10-09,143.360001,143.970001,141.600006,143.360001,132.473877,5062200
2023-10-10,143.979996,145.220001,143.720001,144.779999,133.786026,5988900
2023-10-11,145.139999,145.559998,142.559998,143.000000,132.141159,5469100
2023-10-12,142.789993,143.929993,141.660004,143.320007,132.436905,5965600
2023-10-13,143.190002,145.029999,143.190002,144.690002,133.702866,7078900
2023-10-16,145.860001,147.059998,145.460007,146.070007,134.978088,6509800
2023-10-17,146.110001,146.820007,145.240005,146.259995,135.153641,6160100
2023-10-18,150.059998,151.300003,148.770004,150.029999,138.637360,10508500
2023-10-19,149.610001,150.279999,147.179993,148.250000,137.857193,8146000
2023-10-20,149.050003,149.880005,147.919998,148.050003,137.671219,7284200
2023-10-23,147.860001,149.500000,147.559998,148.149994,137.764191,5981800
2023-10-24,148.119995,150.070007,148.070007,149.899994,139.391510,6322000
2023-10-25,149.639999,151.190002,149.119995,150.600006,140.042435,6172900
2023-10-26,151.050003,151.380005,149.740005,149.800003,139.298523,7582100
2023-10-27,148.979996,149.949997,146.279999,147.160004,136.843597,8131800
2023-10-30,147.899994,149.550003,147.539993,149.259995,138.796371,5412800
2023-10-31,149.460007,150.259995,148.639999,150.029999,139.512390,6762100
2023-11-01,150.679993,150.679993,149.210007,149.610001,139.121841,5896900
2023-11-02,149.539993,151.649994,148.910004,151.440002,140.823563,5859200
2023-11-03,151.789993,152.289993,149.619995,150.070007,139.549576,6587700
2023-11-06,150.360001,151.250000,150.100006,150.940002,140.358612,6480800
2023-11-07,150.919998,151.250000,150.119995,150.589996,140.033142,6003800
2023-11-08,150.960007,151.199997,149.509995,150.009995,139.493790,4832600
2023-11-09,149.740005,150.350006,149.119995,150.350006,139.809982,6581500
2023-11-10,150.839996,151.440002,149.919998,151.410004,140.795639,5387200
2023-11-13,151.449997,152.899994,151.449997,152.460007,141.772064,6297500
2023-11-14,152.550003,153.500000,151.679993,152.119995,141.455872,7982600
2023-11-15,152.059998,152.389999,150.380005,151.419998,140.804947,7672600
2023-11-16,151.990005,152.889999,151.309998,152.830002,142.116104,7590500
2023-11-17,152.720001,152.839996,150.889999,151.070007,140.479492,8495600
2023-11-20,150.210007,151.029999,149.660004,150.270004,139.735596,6856500
2023-11-21,149.850006,150.009995,148.830002,149.610001,139.121841,7310400
2023-11-22,150.100006,151.479996,150.100006,151.020004,140.433029,4372700
2023-11-24,151.179993,151.740005,151.029999,151.380005,140.767761,2132500
2023-11-27,151.520004,151.639999,150.740005,151.240005,140.637589,6021300
2023-11-28,151.149994,152.770004,151.149994,152.289993,141.613968,6110400
2023-11-29,152.289993,152.449997,150.990005,151.130005,140.535294,5342700
2023-11-30,150.899994,153.630005,150.080002,153.520004,142.757751,9771300
2023-12-01,153.330002,153.490005,152.229996,152.660004,141.958038,5685400
2023-12-04,151.770004,152.529999,151.660004,152.059998,141.400101,6578300
2023-12-05,152.139999,152.610001,146.179993,146.759995,136.471664,11895800
2023-12-06,147.009995,147.160004,145.639999,146.649994,136.369339,7610000
2023-12-07,146.570007,147.100006,146.020004,146.500000,136.229889,6119600
2023-12-08,145.919998,146.240005,144.520004,145.149994,134.974518,6385300
2023-12-11,144.800003,145.869995,144.649994,145.820007,135.597549,8471200
2023-12-12,145.860001,146.229996,145.080002,145.940002,135.709137,6069200
2023-12-13,145.860001,148.649994,145.449997,148.580002,138.164062,9055500
2023-12-14,148.460007,148.550003,144.380005,144.660004,134.518845,10565200
2023-12-15,143.179993,144.250000,142.500000,143.960007,133.867950,14550000
2023-12-18,144.169998,147.490005,144.149994,146.169998,135.923004,8421800
2023-12-19,145.669998,146.339996,145.389999,146.169998,135.923004,5233600
2023-12-20,145.570007,146.070007,143.839996,143.910004,133.821442,7663800
2023-12-21,144.520004,144.789993,143.130005,144.259995,134.146896,6104700
2023-12-22,144.500000,145.630005,144.289993,145.279999,135.095383,4413800
2023-12-26,145.089996,146.169998,144.970001,145.940002,135.709137,3634900
2023-12-27,145.649994,146.309998,145.360001,146.059998,135.820694,4569400
2023-12-28,146.000000,146.009995,145.039993,145.729996,135.513824,5023000
2023-12-29,146.000000,146.960007,145.729996,146.539993,136.267075,5300900
2024-01-02,146.360001,149.410004,146.309998,148.740005,138.312805,7238400
2024-01-03,148.339996,149.199997,147.179993,147.839996,137.475922,7697500
2024-01-04,148.050003,149.270004,147.770004,148.649994,138.229141,7067400
2024-01-05,148.720001,148.869995,146.550003,147.419998,137.085388,5294200
2024-01-08,147.910004,148.919998,147.649994,148.690002,138.266342,8255300
2024-01-09,148.570007,149.399994,148.050003,149.300003,138.833588,9786800
2024-01-10,149.350006,150.000000,149.259995,149.940002,139.428696,8591100
2024-01-11,150.050003,150.800003,149.289993,150.509995,139.958771,6659400
2024-01-12,150.949997,151.300003,149.889999,150.600006,140.042435,5684700
2024-01-16,150.149994,151.500000,148.880005,149.789993,139.289215,8120100
2024-01-17,149.160004,150.600006,149.009995,149.940002,139.428696,6541400
2024-01-18,148.229996,148.399994,146.919998,148.139999,138.624878,6526200
2024-01-19,148.250000,148.619995,147.309998,147.570007,138.091492,7848100
2024-01-22,146.970001,148.210007,146.279999,147.860001,138.362854,11084100
2024-01-23,153.110001,156.399994,152.889999,153.979996,144.089752,19101600
2024-01-24,153.929993,154.229996,152.089996,152.119995,142.349243,11592700
2024-01-25,152.399994,155.660004,152.059998,155.619995,145.624435,10352500
2024-01-26,155.809998,156.160004,155.339996,156.139999,146.111038,8356600
2024-01-29,156.679993,157.330002,155.399994,156.160004,146.129745,8987400
2024-01-30,156.339996,157.919998,155.820007,157.490005,147.374344,7794700
2024-01-31,157.990005,158.500000,156.699997,157.139999,147.046829,8870000
2024-02-01,156.770004,159.300003,156.619995,159.179993,148.955765,7601100
2024-02-02,158.970001,159.600006,157.529999,158.089996,147.935776,7937700
2024-02-05,158.169998,159.000000,157.559998,158.210007,148.048080,6931900
2024-02-06,158.309998,159.070007,157.869995,158.960007,148.749924,6185400
2024-02-07,159.100006,159.830002,158.740005,159.119995,148.899628,7209300
2024-02-08,158.800003,159.100006,157.770004,158.639999,148.450455,6121600
2024-02-09,158.259995,158.339996,156.960007,157.419998,147.308807,5978000
2024-02-12,157.360001,157.610001,155.490005,157.110001,147.018738,5482000
2024-02-13,157.750000,158.970001,155.479996,156.270004,146.232697,6046800
2024-02-14,156.160004,156.160004,154.910004,155.630005,145.633789,5727300
2024-02-15,156.300003,157.419998,156.149994,157.009995,146.925125,6249200
2024-02-16,157.039993,158.449997,156.669998,157.509995,147.393036,6617600
2024-02-20,158.699997,159.789993,158.130005,158.509995,148.328781,6622100
2024-02-21,159.190002,160.399994,159.190002,160.399994,150.097427,7121000
2024-02-22,159.460007,161.089996,158.630005,160.559998,150.247147,6619500
2024-02-23,160.600006,161.740005,160.160004,161.029999,150.686966,5486500
2024-02-26,161.029999,161.169998,160.070007,160.220001,149.928986,4531900
2024-02-27,159.410004,159.800003,158.960007,159.300003,149.068085,3868200
2024-02-28,159.070007,160.119995,158.639999,160.050003,149.769928,3802900
2024-02-29,159.929993,160.110001,158.179993,158.940002,148.731186,8348100
2024-03-01,158.050003,159.029999,157.610001,158.850006,148.646988,4819800
2024-03-04,157.740005,159.759995,157.669998,159.559998,149.311356,3841600
2024-03-05,159.460007,159.990005,158.779999,159.320007,149.086807,4481600
2024-03-06,159.679993,159.990005,158.910004,159.570007,149.320740,5405700
2024-03-07,159.949997,160.910004,159.470001,160.619995,150.303284,4783900
2024-03-08,159.850006,161.250000,158.289993,160.350006,150.050659,5080200
2024-03-11,161.339996,162.619995,160.820007,161.550003,151.173553,5170900
2024-03-12,161.820007,162.520004,161.229996,161.929993,151.529129,4229100
2024-03-13,162.380005,162.729996,161.330002,162.300003,151.875397,5410500
2024-03-14,162.240005,162.619995,161.130005,161.500000,151.126770,5848100
2024-03-15,160.699997,161.500000,160.300003,161.380005,151.014465,10956900
2024-03-18,161.479996,162.720001,161.000000,161.210007,150.855423,6086300
2024-03-19,161.800003,162.169998,161.169998,161.830002,151.435547,6148100
2024-03-20,162.009995,162.399994,161.470001,161.990005,151.585297,4870300
2024-03-21,162.089996,162.460007,161.119995,161.860001,151.463638,5211500
2024-03-22,162.199997,162.410004,161.470001,161.660004,151.276505,6393200
2024-03-25,161.169998,161.660004,159.729996,160.190002,149.900940,7145600
2024-03-26,160.360001,161.139999,160.139999,160.550003,150.237762,5842700
2024-03-27,161.360001,162.740005,161.339996,162.610001,152.165451,6599700
2024-03-28,162.820007,163.139999,161.699997,162.250000,151.828583,7191500
2024-04-01,161.779999,162.070007,159.800003,160.580002,150.265854,5971900
2024-04-02,159.639999,160.710007,159.639999,160.570007,150.256516,6771200
2024-04-03,160.630005,160.880005,155.679993,156.149994,146.120392,9601800
2024-04-04,156.880005,157.080002,155.410004,155.449997,145.465347,6801700
2024-04-05,155.289993,157.059998,154.690002,156.100006,146.073608,5121200
2024-04-08,155.970001,156.699997,155.630005,156.039993,146.017487,5476800
2024-04-09,156.270004,156.750000,155.699997,156.660004,146.597656,4608100
2024-04-10,155.649994,157.580002,155.649994,157.240005,147.140411,7784900
2024-04-11,157.550003,157.600006,155.770004,155.839996,145.830307,8209800
2024-04-12,155.220001,155.970001,154.740005,155.330002,145.353088,6770500
2024-04-15,156.419998,156.820007,155.330002,155.449997,145.465347,5754000
2024-04-16,155.850006,156.940002,155.669998,155.949997,145.933243,6103300
2024-04-17,156.300003,157.119995,155.740005,156.960007,146.878372,6621900
2024-04-18,156.339996,157.630005,155.960007,157.289993,148.137589,7819300
2024-04-19,154.979996,158.179993,153.520004,158.139999,148.938126,12034200
2024-04-22,158.429993,161.289993,157.250000,160.539993,151.198456,8926300
2024-04-23,161.679993,162.100006,160.419998,161.500000,152.102600,7707300
2024-04-24,161.199997,162.860001,159.419998,162.600006,153.138611,7217600
2024-04-25,162.970001,164.320007,162.080002,162.550003,153.091507,7094600
2024-04-26,162.500000,163.320007,160.490005,161.289993,151.904816,5659800
2024-04-29,161.169998,161.789993,160.410004,161.660004,152.253296,4621000
2024-04-30,161.839996,163.350006,161.600006,163.199997,153.703659,8106100
2024-05-01,163.279999,164.240005,162.220001,163.399994,153.892059,7543000
2024-05-02,163.539993,164.490005,162.639999,163.839996,154.306412,5647500
2024-05-03,163.539993,164.710007,162.160004,164.460007,154.890381,5581500
2024-05-06,164.779999,164.979996,163.259995,164.440002,154.871552,5472400
2024-05-07,164.979996,166.039993,164.589996,165.759995,156.114716,6433000
2024-05-08,165.979996,166.369995,164.929993,165.070007,155.464859,4579400
2024-05-09,165.050003,166.330002,165.050003,166.039993,156.378418,4671100
2024-05-10,166.089996,167.360001,165.699997,166.850006,157.141312,4879400
2024-05-13,166.850006,167.649994,165.360001,165.869995,156.218307,5725500
2024-05-14,165.529999,166.070007,163.949997,165.759995,156.114716,6009800
2024-05-15,165.309998,166.679993,165.119995,166.509995,156.821045,5102700
2024-05-16,166.929993,168.339996,166.589996,167.860001,158.092514,6793600
2024-05-17,167.669998,168.000000,166.880005,167.639999,157.885330,4700800
2024-05-20,167.550003,167.880005,166.789993,167.309998,157.574539,3804600
2024-05-21,167.759995,168.539993,167.289993,168.350006,158.554016,5147100
2024-05-22,168.009995,168.429993,167.630005,167.809998,158.045425,4536700
2024-05-23,167.289993,168.110001,165.320007,165.490005,155.860443,4729800
2024-05-24,165.850006,166.309998,165.149994,165.330002,155.709732,3820100
2024-05-28,164.490005,164.759995,162.259995,163.110001,153.618927,6466200
2024-05-29,162.649994,162.740005,161.419998,161.649994,152.243866,4360400
2024-05-30,161.649994,162.699997,161.479996,162.580002,153.119751,4748200
2024-05-31,162.440002,164.770004,161.970001,164.539993,154.965714,10341400
2024-06-03,163.929993,166.240005,163.630005,164.649994,155.069290,5828400
2024-06-04,164.789993,167.119995,164.399994,167.009995,157.291992,6277000
2024-06-05,167.009995,167.009995,164.979996,166.050003,156.387848,5243300
2024-06-06,165.830002,168.580002,165.080002,168.470001,158.667053,6302000
2024-06-07,168.399994,168.970001,166.839996,167.059998,157.339066,4558200
2024-06-10,166.779999,167.720001,166.080002,167.350006,157.612198,4110600
2024-06-11,166.970001,167.500000,166.020004,167.479996,157.734634,3947700
2024-06-12,167.500000,167.639999,164.220001,165.179993,155.568481,5474500
2024-06-13,164.470001,167.000000,164.470001,166.410004,156.726898,4902200
2024-06-14,165.990005,166.929993,165.250000,166.789993,157.084793,3695000
2024-06-17,165.850006,168.710007,165.399994,167.500000,157.753464,6759400
2024-06-18,167.029999,168.649994,166.940002,168.559998,158.751816,5112600
2024-06-20,168.369995,168.779999,166.860001,167.669998,157.913605,8483600
2024-06-21,167.479996,168.880005,167.179993,168.259995,158.469238,14682000
2024-06-24,168.759995,169.410004,167.479996,168.449997,158.648209,7565200
2024-06-25,168.630005,168.910004,165.899994,166.850006,157.141312,7968200
2024-06-26,166.050003,167.809998,165.660004,167.449997,157.706360,5164000
2024-06-27,167.490005,168.100006,165.500000,166.619995,156.924667,5007000
2024-06-28,166.000000,167.240005,164.580002,164.919998,155.323608,9253100
2024-07-01,165.589996,166.210007,162.199997,162.720001,153.251617,7638600
2024-07-02,162.580002,164.039993,161.710007,163.899994,154.362946,5449200
2024-07-03,163.210007,164.210007,162.979996,163.830002,154.297043,2980500
2024-07-05,164.009995,165.630005,163.500000,165.210007,155.596741,6509200
2024-07-08,165.949997,166.669998,165.619995,166.520004,156.830490,5144500
2024-07-09,166.630005,166.759995,165.139999,165.660004,156.020554,4393100
2024-07-10,165.899994,166.919998,165.539993,166.800003,157.094208,5037100
2024-07-11,166.300003,166.630005,164.779999,165.539993,155.907516,5831500
2024-07-12,166.220001,167.639999,166.020004,166.610001,156.915268,4684600
2024-07-15,166.470001,166.619995,164.460007,164.580002,155.003403,5752500
2024-07-16,164.910004,167.070007,164.610001,166.949997,157.235489,6378300
2024-07-17,167.750000,170.169998,167.330002,169.440002,159.580627,7982300
2024-07-18,168.800003,170.919998,168.279999,168.440002,158.638794,5926300
2024-07-19,167.970001,169.039993,167.130005,167.960007,159.138092,6597100
2024-07-22,167.929993,168.699997,167.699997,168.250000,159.412872,6383000
2024-07-23,168.110001,168.419998,166.320007,166.619995,157.868484,4863400
2024-07-24,166.320007,168.279999,165.580002,168.000000,159.175995,5907000
2024-07-25,168.320007,170.089996,166.869995,166.899994,158.133759,7338300
2024-07-26,167.250000,169.320007,167.029999,169.110001,160.227692,5581600
2024-07-29,168.850006,170.539993,168.110001,169.929993,161.004608,6797800
2024-07-30,161.789993,162.380005,158.039993,161.699997,153.206909,15746300
2024-07-31,160.809998,162.860001,159.210007,160.759995,152.316269,9660900
2024-08-01,160.880005,166.309998,160.679993,165.690002,156.987305,12532700
2024-08-02,167.440002,170.350006,165.149994,170.080002,161.146744,11899000
2024-08-05,170.880005,170.880005,166.669998,168.059998,159.232834,10338800
2024-08-06,167.899994,170.330002,167.850006,168.089996,159.261246,7454900
2024-08-07,168.570007,171.720001,168.009995,170.020004,161.089905,8385500
2024-08-08,169.419998,171.559998,169.000000,170.869995,161.895248,6386900
2024-08-09,170.119995,171.259995,169.649994,170.539993,161.582581,5377300
2024-08-12,169.399994,169.649994,166.199997,166.809998,158.048492,7208100
2024-08-13,167.339996,167.800003,166.460007,167.289993,158.503265,3770000
2024-08-14,166.500000,169.470001,165.820007,168.800003,159.933975,5476600
2024-08-15,169.460007,169.679993,166.750000,167.919998,159.100204,9491400
2024-08-16,167.820007,168.350006,166.800003,167.889999,159.071793,5640800
2024-08-19,168.179993,169.240005,168.169998,168.419998,159.573929,3885300
2024-08-20,168.770004,170.559998,168.110001,170.410004,161.459412,4513600
2024-08-21,170.190002,171.889999,169.600006,170.160004,161.222549,4082000
2024-08-22,170.880005,171.240005,169.139999,170.149994,161.213058,4097300
2024-08-23,170.050003,170.110001,168.250000,169.169998,160.284531,4771300
2024-08-26,168.699997,170.970001,168.699997,170.350006,161.402573,6472400
2024-08-27,170.830002,171.100006,169.080002,169.250000,160.360352,4456400
2024-08-28,169.419998,171.199997,168.580002,169.059998,160.180313,5644800
2024-08-29,169.750000,170.600006,168.940002,170.029999,161.099350,4413200
2024-08-30,170.160004,171.880005,169.690002,171.539993,162.530029,7301600
2024-09-03,171.029999,175.000000,170.990005,174.520004,165.353561,10101400
2024-09-04,173.630005,176.000000,173.630005,175.899994,166.661057,7517500
2024-09-05,175.990005,176.550003,174.669998,175.470001,166.253647,6061900
2024-09-06,175.759995,177.039993,175.339996,175.589996,166.367355,5785700
2024-09-09,175.539993,176.839996,174.660004,176.059998,166.812637,6450200
2024-09-10,175.910004,177.940002,175.910004,177.789993,168.451767,6396300
2024-09-11,176.600006,177.000000,173.630005,173.919998,164.785065,6828200
2024-09-12,173.899994,174.610001,172.440002,173.470001,164.358704,4838900
2024-09-13,173.369995,174.539993,172.800003,174.080002,164.936676,3918000
2024-09-16,174.710007,177.309998,174.320007,177.240005,167.930695,6892300
2024-09-17,176.630005,176.970001,175.360001,175.880005,166.642120,4757100
2024-09-18,175.050003,175.899994,172.570007,173.919998,164.785065,5102900
2024-09-19,172.880005,173.160004,170.380005,171.539993,162.530029,8692000
2024-09-20,171.509995,174.539993,171.500000,174.220001,165.069305,28647500
2024-09-23,174.009995,175.190002,172.589996,173.770004,164.642960,10265000
2024-09-24,172.880005,174.500000,172.619995,173.240005,164.140762,5422400
2024-09-25,174.070007,174.679993,172.059998,172.259995,163.212250,8916500
2024-09-26,171.500000,174.610001,171.360001,173.210007,164.112350,4957200
2024-09-27,173.009995,174.449997,172.580002,173.550003,164.434494,4599500
2024-09-30,173.729996,174.000000,172.710007,173.199997,164.102890,6296600
2024-10-01,173.240005,174.000000,172.199997,173.039993,163.951294,7130600
2024-10-02,172.009995,172.449997,171.080002,171.919998,162.890121,6212700
2024-10-03,171.369995,171.369995,169.770004,170.119995,161.184616,4794300
2024-10-04,168.850006,170.089996,168.259995,168.880005,160.009796,6002800
2024-10-07,169.160004,169.580002,166.869995,167.119995,158.342224,6325300
2024-10-08,166.850006,168.589996,166.270004,168.160004,159.327591,7473000
2024-10-09,168.380005,169.809998,168.000000,169.270004,160.379303,8758800
2024-10-10,168.800003,169.789993,168.369995,168.949997,160.076096,6932300
2024-10-11,169.460007,171.410004,168.970001,171.089996,162.103683,7036500
2024-10-14,171.020004,172.839996,170.740005,172.509995,163.449112,5909000
2024-10-15,172.889999,174.910004,172.820007,173.570007,164.453430,7172200
2024-10-16,171.880005,172.589996,170.889999,172.380005,163.325943,6117000
2024-10-17,172.179993,173.679993,171.759995,172.279999,163.231201,7045600
2024-10-18,170.300003,172.210007,168.460007,171.279999,163.237869,8372500
2024-10-21,170.979996,171.479996,168.449997,169.539993,161.579559,5522500
2024-10-22,168.570007,170.729996,168.570007,169.699997,161.732040,7511400
2024-10-23,169.550003,170.169998,168.729996,169.580002,161.617691,4837800
2024-10-24,169.419998,169.960007,168.929993,169.619995,161.655807,5861200
2024-10-25,168.919998,169.399994,168.039993,168.220001,160.321548,4877900
2024-10-28,169.279999,169.660004,168.380005,169.300003,161.350830,5753800
2024-10-29,168.860001,168.860001,166.830002,167.169998,159.320831,5681000
2024-10-30,167.089996,167.320007,165.960007,166.160004,158.358276,5518100
2024-10-31,165.759995,167.039993,165.089996,165.179993,157.424286,6056500
2024-11-01,165.309998,166.350006,164.990005,165.100006,157.348038,5454800
2024-11-04,165.720001,166.270004,164.580002,165.080002,157.328979,5130200
2024-11-05,164.330002,166.320007,164.330002,165.759995,157.977036,4397400
2024-11-06,165.610001,166.039993,159.809998,161.050003,153.488205,11473700
2024-11-07,161.960007,163.949997,161.479996,163.410004,155.737396,9056700
2024-11-08,164.020004,167.750000,163.929993,167.710007,159.835480,7506200
2024-11-11,167.000000,168.520004,165.779999,166.029999,158.234375,6364400
2024-11-12,166.139999,167.059998,165.570007,165.839996,158.053284,6507500
2024-11-13,166.059998,166.800003,165.679993,166.580002,158.758545,5412300
2024-11-14,166.710007,168.039993,166.509995,167.080002,159.235077,7444300
2024-11-15,167.940002,170.570007,166.880005,169.539993,161.579559,9939400
2024-11-18,169.110001,171.449997,168.830002,170.750000,162.732742,6681000
2024-11-19,170.690002,171.169998,169.660004,170.759995,162.742279,5683700
2024-11-20,170.009995,171.070007,169.509995,170.889999,162.866196,7081100
2024-11-21,171.660004,173.509995,170.220001,172.750000,164.638870,6240400
2024-11-22,174.149994,177.399994,173.880005,176.279999,168.003113,10609800
2024-11-25,177.479996,178.820007,176.899994,177.389999,169.060959,19357000
2024-11-26,177.199997,179.460007,177.199997,179.309998,170.890823,6276700
2024-11-27,180.000000,180.429993,178.729996,179.360001,170.938477,5522900
2024-11-29,178.699997,179.630005,178.279999,179.259995,170.843201,3823700
2024-12-02,179.119995,180.160004,178.009995,179.699997,171.262512,5728200
2024-12-03,178.770004,179.619995,175.199997,175.419998,167.183472,8127300
2024-12-04,174.169998,175.149994,173.460007,175.110001,166.888031,6823500
2024-12-05,174.860001,176.460007,174.449997,176.029999,167.764832,5022200
2024-12-06,175.369995,176.740005,173.750000,173.820007,165.658615,5741200
2024-12-09,173.639999,173.759995,170.429993,170.789993,162.770859,7164300
2024-12-10,170.419998,172.929993,169.929993,172.279999,164.190918,6219900
2024-12-11,173.009995,173.389999,170.399994,170.630005,162.618393,5237500
2024-12-12,171.429993,171.820007,170.020004,170.850006,162.828064,4072800
2024-12-13,170.770004,171.789993,170.119995,171.059998,163.028198,3884500
2024-12-16,171.449997,172.779999,171.100006,171.139999,163.104431,5943600
2024-12-17,170.669998,171.949997,170.020004,170.330002,162.332474,6069200
2024-12-18,169.759995,170.559998,169.020004,169.080002,161.141190,7517100
2024-12-19,169.009995,170.100006,167.350006,169.190002,161.246017,8585200
2024-12-20,168.869995,169.869995,167.500000,168.059998,160.169037,21999300
2024-12-23,168.059998,168.679993,166.360001,168.110001,160.216721,6983900
2024-12-24,167.619995,169.179993,167.419998,168.940002,161.007736,2460800
2024-12-26,168.309998,170.300003,168.070007,170.160004,162.170471,3629400
2024-12-27,169.419998,170.759995,169.259995,169.529999,161.570038,4367900
2024-12-30,168.669998,168.979996,166.710007,167.089996,159.244614,4354500
2024-12-31,167.360001,168.080002,166.589996,167.649994,159.778320,3957600
2025-01-02,168.089996,168.710007,165.910004,165.979996,158.186722,5401700
2025-01-03,166.250000,166.500000,164.250000,165.130005,157.376617,5256600
2025-01-06,162.809998,163.500000,160.440002,160.600006,153.059326,8731700
2025-01-07,161.460007,162.610001,160.740005,161.300003,153.726486,8447400
2025-01-08,160.990005,162.399994,160.570007,162.100006,154.488892,4974800
2025-01-10,160.149994,161.210007,157.470001,158.559998,151.115112,8501500
2025-01-13,159.350006,160.089996,158.410004,158.839996,151.381973,6772200
2025-01-14,158.850006,160.070007,158.309998,159.740005,152.239685,5982200
2025-01-15,160.589996,161.149994,159.339996,159.649994,152.153946,8059200
2025-01-16,159.619995,160.580002,159.139999,160.500000,152.964035,5774400
2025-01-17,159.740005,161.750000,159.600006,161.130005,153.564423,7262700
2025-01-21,160.960007,162.350006,160.960007,161.720001,154.126724,13914700
2025-01-22,167.100006,168.139999,164.440002,164.740005,157.004959,14356700
2025-01-23,163.880005,166.479996,163.320007,166.149994,158.348740,7614300
2025-01-24,165.910004,165.910004,163.199997,164.119995,157.367828,6199800
2025-01-27,166.720001,169.940002,166.110001,169.660004,162.679886,9170800
2025-01-28,168.910004,169.589996,166.110001,166.190002,159.352646,6716300
2025-01-29,166.720001,167.289993,165.880005,166.229996,159.391006,4850300
2025-01-30,167.479996,167.600006,165.929993,167.410004,160.522476,4136500
2025-01-31,166.000000,166.619995,165.210007,165.990005,159.160889,5464700
2025-02-03,165.470001,169.380005,165.229996,168.759995,161.816910,8668600
2025-02-04,169.289993,169.289993,166.279999,168.130005,161.212845,6410900
2025-02-05,168.089996,169.139999,166.610001,169.009995,162.056641,7536800
2025-02-06,169.369995,169.929993,168.029999,168.880005,161.931976,4957900
2025-02-07,169.089996,169.119995,167.869995,167.970001,161.059418,4535600
2025-02-10,167.690002,168.479996,166.399994,167.529999,160.637527,7062900
2025-02-11,167.690002,169.570007,166.500000,169.429993,162.459351,5438100
2025-02-12,168.350006,170.080002,167.970001,169.580002,162.603180,6037400
2025-02-13,169.630005,171.380005,169.139999,171.020004,163.983963,6328300
2025-02-14,169.789993,170.000000,162.300003,162.889999,156.188416,13179500
2025-02-18,163.350006,165.759995,162.199997,165.429993,158.623917,7075300
2025-02-19,166.100006,166.869995,165.240005,166.490005,159.640335,7910700
2025-02-20,163.149994,167.779999,162.800003,167.210007,160.330704,6162600
2025-02-21,167.440002,170.550003,165.919998,170.229996,163.226456,9813700
2025-02-24,170.220001,172.979996,169.789993,170.539993,163.523682,8564100
2025-02-25,171.279999,173.949997,170.800003,172.649994,165.546860,7314900
2025-02-26,172.279999,172.649994,170.649994,171.300003,164.252426,5519000
2025-02-27,170.850006,173.089996,170.630005,171.970001,164.894867,5467000
2025-02-28,173.580002,174.649994,171.850006,173.839996,166.687927,10240100
2025-03-03,173.580002,176.289993,173.509995,175.589996,168.365936,7615300
2025-03-04,176.750000,179.990005,172.910004,173.179993,166.055084,12117600
2025-03-05,173.380005,175.869995,173.020004,174.610001,167.426239,6989100
2025-03-06,174.889999,175.839996,172.839996,174.660004,167.474182,6702500
2025-03-07,174.089996,178.889999,174.050003,175.949997,168.711121,9566700
2025-03-10,176.759995,179.990005,175.830002,176.259995,169.008362,11047000
2025-03-11,175.830002,175.990005,172.320007,173.119995,165.997528,11032300
2025-03-12,169.699997,171.830002,167.770004,168.369995,161.442963,10158800
2025-03-13,167.699997,169.289993,167.279999,168.589996,161.653915,6609000
2025-03-14,167.789993,168.589996,166.619995,167.970001,161.059418,6790500
2025-03-17,168.369995,171.089996,168.130005,169.759995,162.775772,9931700
2025-03-18,170.070007,170.259995,167.580002,167.710007,160.810135,6099900
2025-03-19,167.869995,168.750000,167.110001,168.570007,161.634781,7569200
2025-03-20,168.889999,169.210007,166.029999,167.550003,160.656738,8789200
2025-03-21,167.139999,168.139999,164.119995,166.690002,159.832108,16027300
2025-03-24,166.429993,166.869995,165.360001,165.649994,158.834869,6102100
2025-03-25,165.300003,165.369995,162.199997,162.850006,156.150085,8366700
2025-03-26,163.350006,166.820007,162.990005,166.580002,159.726608,7756000
2025-03-27,167.869995,169.029999,166.619995,168.710007,161.768997,6211700
2025-03-28,169.380005,169.710007,167.619995,168.029999,161.116959,5479100
2025-03-31,168.100006,171.139999,168.100006,170.419998,163.408630,11520100
2025-04-01,170.570007,171.050003,169.059998,170.559998,163.542877,7021100
2025-04-02,170.070007,170.880005,168.309998,169.500000,162.526474,6274500
2025-04-03,174.229996,174.800003,170.729996,172.389999,165.297577,9393300
2025-04-04,171.770004,173.600006,163.470001,163.750000,157.013046,13454200
2025-04-07,163.660004,164.699997,159.190002,160.229996,153.637848,15708000
2025-04-08,162.309998,163.279999,156.710007,158.389999,151.873550,11541100
2025-04-09,157.360001,164.679993,156.690002,162.320007,155.641861,10670200
2025-04-10,162.899994,165.070007,160.750000,163.559998,156.830856,10581600
2025-04-11,163.369995,168.020004,162.619995,166.910004,160.043045,8602800
2025-04-14,167.039993,170.110001,165.779999,169.130005,162.171692,9877300
2025-04-15,169.139999,170.160004,168.279999,168.470001,161.538849,8765000
2025-04-16,169.289993,169.679993,165.789993,166.389999,159.544449,5897500
2025-04-17,167.529999,171.649994,167.350006,170.630005,163.609985,7227100
2025-04-21,169.889999,169.949997,164.279999,165.750000,159.921432,8062400
2025-04-22,165.860001,168.770004,164.539993,167.880005,161.976532,7907400
2025-04-23,166.399994,166.610001,163.110001,165.729996,159.902130,9309200
2025-04-24,160.500000,160.960007,156.580002,159.529999,153.920151,20077700
2025-04-25,159.880005,161.800003,157.770004,161.020004,155.357773,12892800
2025-04-28,161.039993,162.559998,160.389999,161.850006,156.158569,8127000
2025-04-29,161.289993,162.389999,159.199997,162.259995,156.554138,8266200
2025-04-30,162.449997,163.160004,159.949997,162.570007,156.853256,12475500
2025-05-01,160.660004,161.350006,159.050003,159.979996,154.354340,6792800
2025-05-02,160.929993,161.809998,159.899994,160.520004,154.875336,5750200
2025-05-05,160.889999,160.910004,158.020004,158.830002,153.244766,7576200
2025-05-06,158.039993,159.710007,157.649994,159.250000,153.649979,7703800
2025-05-07,159.020004,160.050003,158.539993,159.289993,153.688583,6430000
2025-05-08,158.380005,160.000000,158.009995,158.649994,153.071106,7230800
2025-05-09,158.020004,159.130005,157.410004,157.660004,152.115906,6453200
2025-05-12,157.429993,161.050003,156.690002,160.899994,155.241989,7378400
2025-05-13,160.020004,160.720001,157.360001,158.729996,153.148270,7780800
2025-05-14,158.119995,159.160004,157.570007,158.020004,152.463242,5988900
2025-05-15,159.589996,162.910004,158.699997,162.410004,156.698868,8727300
2025-05-16,162.649994,163.429993,161.850006,163.279999,157.538284,7100800
2025-05-19,163.470001,165.149994,163.410004,164.770004,158.975891,8119900
2025-05-20,164.610001,166.000000,164.600006,165.639999,159.815292,5576600
2025-05-21,164.820007,166.369995,164.619995,165.429993,159.612686,6424200
2025-05-22,164.440002,166.199997,164.020004,165.029999,159.226730,6245600
2025-05-23,164.830002,166.220001,163.479996,165.860001,160.027557,5349800
2025-05-27,165.270004,167.979996,165.270004,167.759995,161.860748,11423800
2025-05-28,167.649994,168.839996,167.059998,167.360001,161.474808,5385900
2025-05-29,166.740005,168.990005,166.440002,168.559998,162.632629,4842500
2025-05-30,168.750000,170.990005,168.600006,169.889999,163.915833,12587500
2025-06-02,169.020004,169.039993,166.229996,167.779999,161.880051,7574400
2025-06-03,166.779999,167.410004,165.899994,166.850006,160.982758,6223000
2025-06-04,166.690002,168.050003,165.919998,165.949997,160.114395,4939000
2025-06-05,165.429993,165.440002,162.509995,162.800003,157.075165,10351800
2025-06-06,163.289993,165.240005,163.279999,164.020004,158.252258,5697700
2025-06-09,163.389999,164.020004,162.070007,162.559998,156.843597,6544200
2025-06-10,162.690002,163.509995,161.919998,162.839996,157.113739,7680000
2025-06-11,162.630005,162.770004,161.690002,162.110001,156.409439,5960100
2025-06-12,161.970001,163.309998,161.679993,163.179993,157.441772,6509900
2025-06-13,162.759995,163.029999,159.910004,160.279999,154.643768,7104500
2025-06-16,160.880005,161.949997,160.009995,160.880005,155.222687,6332000
2025-06-17,160.059998,160.369995,158.309998,158.520004,152.945663,6809700
2025-06-18,158.550003,158.649994,157.660004,158.020004,152.463242,7211200
2025-06-20,158.029999,159.339996,157.850006,159.080002,153.485977,16173400
2025-06-23,159.070007,161.190002,159.000000,161.029999,155.367416,6588200
2025-06-24,161.179993,161.740005,159.649994,160.360001,154.720963,7470100
2025-06-25,159.820007,160.339996,158.710007,158.970001,153.379852,5933700
2025-06-26,159.550003,159.559998,157.169998,158.630005,153.051819,7410400
2025-06-27,158.679993,160.130005,158.289993,159.860001,154.238541,19257000
2025-06-30,159.259995,159.899994,158.130005,159.320007,153.717545,11238200
2025-07-01,159.880005,162.529999,159.380005,161.220001,155.550705,10664900
2025-07-02,161.139999,161.350006,159.860001,161.199997,155.531418,8848700
2025-07-03,161.789993,162.020004,159.789993,160.830002,155.174438,6999600
2025-07-07,160.889999,161.179993,159.289993,160.500000,154.856049,7225700
2025-07-08,159.520004,159.779999,157.440002,157.889999,152.337830,12034800
2025-07-09,158.100006,158.199997,155.949997,157.520004,151.980820,18770900
2025-07-10,157.759995,159.610001,157.039993,158.490005,152.916733,7200500
2025-07-11,158.050003,158.050003,156.440002,157.050003,151.527390,8053800
2025-07-14,155.580002,155.800003,152.860001,153.759995,148.353043,11491700
2025-07-15,153.559998,154.050003,151.899994,152.679993,147.311035,9142600
2025-07-16,152.740005,153.759995,152.270004,153.729996,148.324112,8479000
2025-07-17,154.039993,155.750000,153.880005,155.619995,150.147644,8320000
2025-07-18,153.779999,155.570007,153.630005,155.100006,150.669327,7337300
2025-07-21,155.070007,155.940002,154.889999,155.029999,150.601303,6328400
2025-07-22,154.919998,158.369995,154.899994,158.320007,153.797348,8187000
2025-07-23,158.220001,158.880005,157.679993,158.279999,153.758469,4804800
2025-07-24,158.869995,159.020004,158.050003,158.809998,154.273315,7027400
2025-07-25,157.339996,158.440002,157.020004,158.300003,153.777893,5799900
2025-07-28,157.630005,158.089996,156.229996,157.110001,152.621887,7885000
2025-07-29,158.649994,158.649994,154.839996,156.610001,152.136154,11466100
2025-07-30,157.000000,157.000000,152.050003,152.880005,148.512741,8162900
2025-07-31,151.800003,152.000000,149.910004,150.470001,146.171570,11845400
2025-08-01,151.779999,153.490005,150.520004,150.649994,146.346436,8594200
2025-08-04,150.250000,151.460007,150.020004,150.759995,146.453293,7679400
2025-08-05,150.710007,152.080002,150.320007,150.509995,146.210419,6670100
2025-08-06,150.860001,153.479996,150.210007,152.860001,148.493286,7376200
2025-08-07,153.119995,154.009995,152.699997,153.490005,149.105286,6719000
2025-08-08,152.770004,153.789993,152.570007,153.509995,149.124725,5811000
2025-08-11,153.539993,155.389999,153.309998,154.979996,150.552734,7331700
2025-08-12,155.059998,155.539993,154.309998,155.089996,150.659576,6938000
2025-08-13,155.210007,157.009995,154.949997,155.410004,150.970459,5812400
2025-08-14,154.639999,154.699997,153.270004,153.740005,149.348160,6343700
2025-08-15,154.470001,155.600006,154.210007,154.360001,149.950439,7121700
2025-08-18,154.419998,156.919998,154.169998,155.720001,151.271606,8274500
2025-08-19,155.729996,158.699997,155.669998,158.399994,153.875031,7868100
2025-08-20,158.580002,161.029999,158.410004,159.509995,154.953323,7840400
2025-08-21,157.929993,159.059998,157.179993,158.729996,154.195587,6417500
2025-08-22,159.380005,160.679993,158.309998,158.669998,154.137329,5797300
2025-08-25,158.389999,158.699997,155.889999,156.149994,151.689301,4692500
2025-08-26,155.919998,156.699997,155.339996,155.970001,151.514465,6338000
2025-08-27,156.149994,157.130005,155.789993,156.960007,152.476181,4551200
2025-08-28,157.000000,157.009995,155.029999,155.649994,151.203583,5857400
2025-08-29,156.089996,157.559998,155.649994,157.039993,152.553879,5318200
2025-09-02,157.360001,158.860001,156.979996,157.990005,153.476761,6432800
2025-09-03,157.649994,158.639999,156.500000,158.169998,153.651611,6592500
2025-09-04,158.520004,159.750000,157.809998,159.190002,154.642487,6934900
2025-09-05,158.550003,160.559998,158.410004,160.020004,155.448761,6436200
2025-09-08,159.610001,160.270004,158.250000,159.009995,154.467606,7178400
2025-09-09,158.610001,159.869995,158.199997,159.460007,154.904770,4984900
2025-09-10,158.600006,158.940002,155.889999,157.350006,152.855042,6205500
2025-09-11,157.720001,159.350006,157.389999,158.630005,154.098480,5819500
2025-09-12,157.929993,159.130005,157.779999,157.899994,153.389313,5957000
2025-09-15,157.880005,158.520004,156.199997,156.830002,152.349884,5995000
2025-09-16,157.139999,158.389999,156.889999,158.050003,153.535049,6559600
2025-09-17,158.429993,161.669998,158.429993,160.330002,155.749893,6764200
2025-09-18,158.149994,159.020004,157.160004,157.320007,152.825912,7651500
2025-09-19,157.610001,157.619995,155.970001,156.039993,151.582443,17224800
2025-09-22,156.080002,156.080002,153.050003,153.070007,148.697311,8712900
2025-09-23,153.199997,153.289993,150.970001,152.500000,148.143585,8853400
2025-09-24,152.050003,153.630005,151.789993,152.419998,148.065872,6483300
2025-09-25,153.229996,153.880005,151.779999,152.149994,147.803589,7511400
2025-09-26,152.229996,152.679993,151.529999,152.500000,148.143585,5721100
2025-09-29,152.419998,153.720001,151.789993,153.529999,149.144150,8139700
2025-09-30,153.460007,154.380005,152.839996,153.649994,149.260727,7762600
2025-10-01,153.699997,153.889999,151.410004,153.179993,148.804153,7566000
2025-10-02,152.720001,152.800003,151.630005,152.050003,147.706436,6892100
2025-10-03,152.000000,153.429993,152.000000,152.270004,147.920166,5212600
2025-10-06,151.500000,152.320007,150.399994,150.410004,146.113281,6737000
2025-10-07,150.759995,153.169998,150.050003,152.539993,148.182434,6844400
2025-10-08,152.789993,152.789993,150.630005,150.690002,146.385284,5254700
2025-10-09,150.740005,150.869995,149.580002,150.580002,146.278427,6134500
2025-10-10,150.940002,151.509995,149.449997,149.690002,145.413864,7374000
2025-10-13,149.000000,149.429993,146.970001,147.490005,143.276718,7511100
2025-10-14,147.570007,149.250000,147.080002,149.160004,144.899002,8585300
2025-10-15,148.529999,149.410004,147.270004,147.419998,143.208694,10003100
2025-10-16,148.009995,150.399994,147.919998,149.600006,145.326431,8809700
2025-10-17,150.570007,152.029999,150.429993,151.399994,147.074997,8612900
2025-10-20,151.589996,152.389999,151.300003,151.960007,147.619019,5601300
2025-10-21,151.960007,152.279999,150.869995,151.619995,147.288712,6013400
2025-10-22,151.300003,153.460007,150.789993,152.199997,147.852142,6394400
2025-10-23,152.350006,153.300003,150.580002,152.210007,147.861877,8205400
2025-10-24,156.399994,157.399994,151.529999,152.490005,149.169754,11968500
2025-10-27,151.610001,151.759995,150.130005,151.740005,148.436081,7775300
2025-10-28,151.119995,153.169998,150.619995,151.369995,148.074142,5819300
2025-10-29,150.660004,150.970001,148.470001,148.770004,145.530746,7405500
2025-10-30,149.470001,150.800003,149.339996,149.580002,146.323120,6760700
2025-10-31,148.710007,151.100006,148.529999,150.369995,147.095917,7930300
2025-11-03,150.100006,150.220001,147.770004,148.020004,144.797089,8946400
2025-11-04,148.600006,149.500000,146.250000,147.169998,143.965591,9295400
2025-11-05,146.869995,147.419998,145.649994,145.789993,142.615631,11199900
2025-11-06,145.880005,146.679993,144.460007,146.130005,142.948242,10024500
2025-11-07,146.949997,147.940002,146.000000,146.979996,143.779709,8500100
2025-11-10,146.380005,146.619995,144.089996,145.500000,142.331955,10208100
2025-11-11,145.960007,148.649994,145.669998,148.539993,145.305740,7332500
2025-11-12,148.529999,149.149994,147.509995,148.009995,144.787292,7851100
2025-11-13,148.179993,149.000000,147.639999,147.960007,144.738388,7566800
2025-11-14,149.100006,149.380005,147.610001,147.669998,144.454697,9150800
2025-11-17,147.750000,147.979996,145.009995,145.820007,142.644989,9902300
2025-11-18,146.330002,147.389999,145.509995,146.990005,143.789520,10735200
2025-11-19,146.960007,147.539993,145.860001,146.990005,143.789520,6367000
2025-11-20,146.639999,148.660004,146.130005,148.190002,144.963379,9021300
2025-11-21,148.380005,151.500000,148.300003,150.919998,147.633942,12018000
2025-11-24,150.100006,150.410004,146.539993,146.979996,143.779709,13846900
2025-11-25,147.320007,148.649994,147.220001,148.490005,145.256851,10477700
2025-11-26,147.919998,148.970001,147.610001,148.250000,145.022064,9238500
2025-11-28,147.800003,148.710007,147.179993,148.160004,144.934036,4707200
2025-12-01,148.100006,148.889999,147.350006,147.440002,144.229721,8240700
2025-12-02,145.289993,146.190002,142.509995,145.860001,142.684128,16376800
2025-12-03,145.919998,148.289993,145.860001,146.710007,143.515625,9125300
2025-12-04,146.669998,147.419998,144.500000,145.360001,142.195007,10479300
2025-12-05,145.160004,145.630005,143.250000,143.449997,140.326584,12791700
2025-12-08,142.910004,142.910004,138.139999,138.339996,135.327835,17507500
2025-12-09,139.190002,140.880005,139.000000,139.630005,136.589752,10375700
2025-12-10,139.649994,141.279999,139.539993,139.820007,136.775635,13650400
2025-12-11,141.000000,141.839996,140.360001,140.759995,137.695160,11798000
2025-12-12,141.000000,143.110001,140.839996,142.839996,139.729874,10268800
2025-12-15,143.270004,145.320007,143.199997,145.130005,141.970001,13877700
2025-12-16,146.100006,146.539993,144.649994,145.210007,142.048279,10251700
2025-12-17,146.690002,148.449997,146.449997,147.809998,144.591660,9833300
2025-12-18,146.619995,147.500000,145.350006,145.520004,142.351517,12239900
2025-12-19,145.509995,146.050003,143.940002,144.460007,141.314621,19345600
2025-12-22,143.710007,144.399994,142.419998,142.690002,139.583130,11731400
2025-12-23,142.490005,143.729996,142.080002,143.179993,140.062469,9541600
2025-12-24,142.899994,144.740005,142.830002,144.490005,141.343948,3259200
2025-12-26,144.309998,145.639999,144.309998,144.740005,141.588516,4711500
2025-12-29,144.800003,145.070007,143.949997,144.570007,141.422226,7662100
2025-12-30,144.289993,144.460007,143.570007,144.050003,140.913528,6006400
2025-12-31,144.000000,144.139999,143.229996,143.309998,140.189636,5293200
2026-01-02,143.110001,143.339996,141.240005,141.789993,138.702728,8946100
2026-01-05,141.100006,141.350006,139.600006,140.369995,137.313644,12297300
2026-01-06,140.389999,141.419998,139.509995,139.910004,136.863663,10421800
2026-01-07,139.800003,139.800003,137.619995,138.039993,135.034378,14369100
2026-01-08,137.889999,141.779999,137.820007,141.529999,138.448380,9297100
2026-01-09,141.699997,142.330002,140.830002,141.869995,138.780975,9528500
2026-01-12,142.279999,143.880005,141.710007,143.460007,140.336395,12812000
2026-01-13,144.000000,144.339996,142.970001,144.240005,141.099396,15549200
2026-01-14,144.679993,146.899994,144.369995,146.350006,143.163437,13475000
2026-01-15,145.679993,146.350006,144.350006,144.630005,141.480911,10102800
2026-01-16,143.759995,144.729996,143.660004,144.529999,141.383072,11729300
2026-01-20,144.460007,147.000000,144.119995,147.000000,143.799301,12901400
2026-01-21,147.059998,147.369995,144.970001,146.059998,142.879745,14126800
2026-01-22,148.080002,150.910004,147.500000,149.929993,146.665482,18501900
2026-01-23,150.839996,151.649994,149.800003,150.149994,147.923553,14562600
2026-01-26,150.119995,150.880005,148.520004,149.490005,147.273346,12655700
2026-01-27,148.070007,149.639999,147.929993,148.339996,146.140396,9546000
2026-01-28,148.000000,148.710007,146.789993,147.339996,145.155212,7465800
2026-01-29,147.289993,150.130005,147.110001,149.899994,147.677261,11035600
2026-01-30,150.429993,151.970001,149.149994,151.770004,149.519547,12651400
2026-02-02,152.419998,153.729996,151.250000,153.190002,150.918488,10554900
2026-02-03,152.589996,156.529999,152.199997,155.320007,153.016907,12424700
2026-02-04,156.130005,158.369995,155.759995,156.869995,154.543915,12178500
2026-02-05,158.839996,159.649994,156.119995,158.610001,156.258118,13077700
2026-02-06,158.240005,159.990005,158.009995,159.169998,156.809814,10441700
2026-02-09,158.759995,159.279999,156.020004,157.330002,154.997101,11439900
2026-02-10,157.529999,160.149994,156.720001,159.080002,156.721161,9910100
2026-02-11,158.639999,161.139999,158.190002,160.000000,157.627518,10217300
2026-02-12,160.020004,163.139999,159.649994,161.210007,158.819565,13512900
2026-02-13,161.740005,162.570007,159.710007,160.070007,157.696487,13998900
2026-02-17,159.949997,162.169998,158.880005,159.550003,157.184174,13319100
2026-02-18,158.979996,158.979996,155.770004,156.860001,154.534073,14434300
2026-02-19,156.830002,159.960007,156.830002,158.559998,156.208862,10724600
2026-02-20,159.130005,161.059998,158.160004,160.779999,158.395935,11508100
2026-02-23,160.320007,165.360001,160.300003,165.169998,162.720840,14772400
2026-02-24,164.899994,166.869995,163.940002,165.279999,162.829224,9709500
2026-02-25,164.539993,165.000000,162.100006,163.389999,160.967239,7878500
2026-02-26,164.220001,164.500000,162.860001,163.750000,161.321899,7028600
2026-02-27,164.039993,167.250000,163.690002,167.199997,164.720734,14878500
2026-03-02,165.289993,166.550003,163.449997,163.509995,161.085449,9095500
2026-03-03,162.190002,162.190002,158.619995,159.720001,157.351669,10161000
2026-03-04,159.440002,159.610001,157.309998,158.300003,155.952713,8752700
2026-03-05,156.940002,157.100006,153.770004,153.990005,151.706619,10060300
2026-03-06,153.660004,154.429993,151.889999,153.630005,151.351959,8187900
2026-03-09,153.149994,156.229996,152.899994,155.220001,152.918381,12494900
2026-03-10,155.490005,157.149994,153.600006,156.009995,153.696655,7756800
2026-03-11,155.229996,155.380005,151.429993,153.320007,151.046570,8855100
2026-03-12,152.210007,153.050003,150.330002,150.500000,148.268372,8489300
2026-03-13,151.369995,152.550003,150.179993,150.649994,148.416138,7298900
2026-03-16,151.860001,152.639999,150.649994,152.119995,149.864349,6944000
2026-03-17,153.009995,153.460007,151.199997,151.479996,149.233841,6147700
2026-03-18,149.309998,149.619995,146.460007,146.710007,144.534576,10059300
2026-03-19,146.220001,147.380005,144.789993,144.839996,142.692291,10340300
2026-03-20,144.990005,145.820007,144.250000,144.279999,142.140594,60620900
2026-03-23,146.149994,146.149994,143.479996,143.990005,141.854904,10315600
2026-03-24,143.330002,145.229996,142.229996,143.160004,141.037216,8567600
2026-03-25,143.740005,144.100006,142.229996,143.919998,141.785934,8418100
2026-03-26,143.690002,144.570007,142.240005,142.419998,140.308182,6443200
2026-03-27,142.720001,144.080002,142.009995,142.710007,140.593887,11558300
2026-03-30,143.039993,145.570007,142.570007,144.720001,142.574081,11616300
2026-03-31,144.820007,144.919998,142.279999,144.440002,142.298233,10407500
2026-04-01,143.919998,144.970001,143.210007,144.089996,141.953430,8061700
2026-04-02,144.089996,144.210007,142.580002,143.119995,140.997803,5941700
2026-04-06,143.009995,143.669998,141.919998,142.770004,140.653000,6823100
2026-04-07,142.520004,142.770004,140.740005,141.300003,139.204788,7207500
2026-04-08,143.149994,145.110001,141.869995,144.899994,142.751404,10849700
2026-04-09,144.389999,146.940002,143.000000,146.660004,144.485321,6794800
2026-04-10,146.889999,146.889999,144.759995,145.160004,143.007553,9790300
2026-04-13,145.000000,145.089996,142.630005,143.580002,141.450974,7121400
2026-04-14,143.240005,144.720001,142.770004,144.380005,142.239136,6621600
2026-04-15,144.360001,144.399994,142.259995,143.380005,141.253952,7698200
2026-04-16,143.199997,144.289993,142.660004,143.110001,140.987961,6947100
2026-04-17,143.410004,147.589996,143.160004,146.929993,144.751312,10886000
2026-04-20,146.059998,146.660004,143.589996,144.490005,142.347488,8084700
2026-04-21,144.619995,144.619995,142.320007,142.320007,140.209671,11197200
2026-04-22,142.500000,143.300003,142.220001,142.850006,140.731812,7236300
2026-04-23,143.399994,146.229996,143.399994,145.710007,143.549408,11288800
2026-04-24,152.009995,152.419998,147.619995,148.179993,147.082031,13786200
2026-04-27,147.419998,149.699997,147.419998,148.399994,147.300400,9166400
2026-04-28,150.029999,151.190002,148.429993,149.169998,148.064697,7965700
2026-04-29,148.300003,148.750000,145.889999,146.460007,145.374786,9002400
2026-04-30,147.089996,147.720001,145.949997,147.089996,146.000107,9491700
2026-05-01,147.869995,149.279999,146.460007,147.259995,146.168839,6814800
2026-05-04,146.059998,146.059998,143.270004,143.419998,142.357300,9642800
2026-05-05,143.380005,145.899994,142.179993,144.899994,143.826324,7664300
2026-05-06,146.399994,148.949997,145.940002,147.899994,146.804108,9399500
2026-05-07,147.990005,147.990005,146.020004,146.059998,144.977737,9545800
2026-05-08,146.550003,147.520004,146.210007,146.419998,145.335068,5741000
2026-05-11,145.789993,145.949997,141.970001,143.360001,142.297745,7489500
2026-05-12,144.350006,145.860001,142.860001,143.910004,142.843674,9051200
2026-05-13,143.149994,144.669998,141.660004,142.240005,141.186050,6685900
2026-05-14,143.179993,144.279999,142.630005,142.710007,141.652573,9636200
2026-05-15,143.399994,143.399994,141.199997,141.570007,140.521011,6989400
2026-05-18,142.100006,144.429993,141.630005,142.389999,141.334930,7731200
2026-05-19,142.470001,143.710007,140.850006,141.300003,140.253006,8355800
2026-05-20,141.449997,143.220001,140.619995,142.440002,141.384567,8375600
2026-05-21,141.880005,143.720001,140.089996,143.399994,142.337448,6297300
2026-05-22,143.869995,144.639999,143.529999,144.440002,143.369751,4616700
2026-05-26,144.509995,145.610001,142.529999,142.960007,141.900711,8157200
2026-05-27,143.460007,148.539993,143.460007,147.490005,146.397156,10048900
2026-05-28,146.699997,146.699997,145.009995,145.910004,144.828857,10196700
2026-05-29,145.520004,145.639999,143.199997,143.559998,142.496262,12355800
2026-06-01,141.520004,141.820007,138.860001,140.279999,139.240570,11093800
2026-06-02,140.119995,141.119995,139.029999,140.820007,139.776581,9599500
2026-06-03,140.929993,142.449997,140.000000,140.190002,139.151245,9351000
2026-06-04,142.699997,143.139999,139.889999,140.779999,139.736862,8194000
2026-06-05,142.220001,148.229996,141.800003,146.539993,145.454178,10963200
2026-06-08,145.789993,146.550003,145.020004,145.100006,144.024857,7200700
2026-06-09,144.669998,149.479996,144.529999,148.669998,147.568405,8259300
2026-06-10,149.910004,150.429993,148.380005,149.050003,147.945587,7345900
2026-06-11,148.699997,149.619995,147.770004,148.339996,147.240845,6684700
2026-06-12,149.380005,150.199997,148.300003,149.610001,148.501434,6832000
2026-06-15,148.759995,151.500000,148.759995,150.460007,149.345139,9158900
2026-06-16,151.509995,153.020004,150.550003,152.490005,151.360107,8518900
2026-06-17,152.380005,152.940002,149.770004,150.559998,149.444397,7055800
2026-06-18,150.869995,152.289993,150.179993,150.380005,149.265732,17076100
2026-06-22,150.110001,150.889999,147.570007,147.679993,146.585724,10533000
2026-06-23,149.660004,151.369995,149.369995,150.860001,149.742172,7259600
2026-06-24,151.990005,153.350006,150.919998,152.039993,150.913422,8618500
2026-06-25,151.570007,152.289993,147.820007,148.500000,147.399658,11197200
2026-06-26,150.339996,150.880005,148.419998,149.020004,147.915817,16724600
2026-06-29,148.729996,149.050003,147.039993,148.449997,147.350021,10387700
2026-06-30,147.529999,147.529999,144.169998,146.639999,145.553436,9353800
2026-07-01,146.529999,147.500000,145.550003,147.429993,146.337585,9571700
2026-07-02,148.580002,151.669998,147.740005,151.410004,150.288101,9256000
2026-07-06,150.679993,151.220001,146.960007,149.309998,148.203659,8323100
2026-07-07,152.660004,153.490005,150.610001,152.750000,151.618164,8061400
2026-07-08,150.960007,151.070007,148.350006,148.399994,147.300400,14272300
2026-07-09,146.770004,147.660004,145.600006,146.850006,145.761887,7748000
2026-07-10,147.100006,148.589996,146.710007,147.039993,145.950470,12473000
2026-07-13,148.080002,150.050003,147.110001,148.369995,147.270615,7816100
2026-07-14,148.369995,148.750000,145.589996,146.080002,144.997589,7668100
2026-07-15,145.279999,148.589996,144.660004,148.050003,146.953003,6180000
2026-07-16,149.490005,151.520004,148.179993,151.500000,150.377426,6485400
2026-07-17,152.860001,154.320007,149.309998,149.979996,148.868683,8917400
2026-07-20,149.559998,150.100006,148.429993,149.130005,148.024994,5788300
2026-07-21,147.860001,148.410004,146.880005,148.100006,147.002625,7027600
2026-07-22,149.500000,150.460007,148.820007,149.130005,148.024994,5371200
2026-07-23,146.139999,147.610001,145.589996,146.970001,145.880997,6499200
2026-07-24,146.449997,147.990005,145.399994,147.410004,147.410004,6620700
2026-07-27,147.850006,150.250000,147.850006,148.630005,148.630005,7301800
2026-07-28,151.500000,153.679993,148.520004,148.880005,148.880005,12848800
2026-07-29,141.380005,146.380005,140.199997,146.100006,146.100006,14616800
2026-07-30,143.759995,144.449997,142.250000,143.960007,143.960007,9571100
2026-07-31,143.509995,144.699997,141.460007,144.490005,144.490005,9152600
2026-08-03,145.850006,147.149994,144.259995,144.970001,144.970001,8843600
2026-08-04,144.039993,148.250000,143.789993,148.009995,148.009995,7362300
2026-08-05,147.850006,147.850006,144.660004,146.800003,146.800003,9753300
2026-08-06,147.820007,148.500000,145.449997,146.970001,146.970001,8766700
2026-08-07,144.899994,146.000000,143.880005,145.789993,145.789993,7565500
2026-08-10,144.729996,146.460007,144.149994,146.440002,146.440002,7386500
2026-08-11,145.410004,145.710007,143.929993,145.210007,145.210007,7936700
2026-08-12,144.050003,144.940002,143.789993,144.080002,144.080002,7195000
2026-08-13,144.589996,145.800003,144.000000,144.259995,144.259995,7491300
2026-08-14,144.330002,144.910004,143.419998,144.550003,144.550003,7249600
2026-08-17,143.639999,143.970001,142.479996,143.119995,143.119995,9867500
2026-08-18,143.279999,144.419998,142.679993,143.449997,143.449997,12746100
2026-08-19,144.300003,146.229996,143.619995,144.380005,144.380005,13948500
2026-08-20,144.470001,144.919998,142.559998,142.970001,142.970001,15794100
2026-08-21,143.020004,145.270004,142.139999,144.679993,144.679993,9785200
2026-08-24,145.240005,146.800003,145.000000,146.600006,146.600006,7061800
2026-08-25,145.729996,146.119995,144.949997,145.399994,145.399994,9125700
2026-08-26,145.279999,145.929993,144.500000,145.000000,145.000000,8249100
2026-08-27,143.699997,144.149994,142.710007,143.139999,143.139999,7817200
2026-08-28,143.250000,144.399994,143.009995,143.779999,143.779999,5868900
2026-08-31,143.440002,145.899994,142.500000,145.119995,145.119995,12097900
2026-09-01,145.759995,148.360001,145.089996,146.210007,146.210007,8503800
2026-09-02,146.419998,148.320007,145.789993,147.639999,147.639999,7431100
2026-09-03,147.679993,148.220001,146.500000,146.919998,146.919998,6105800
2026-09-04,146.470001,147.149994,145.820007,146.440002,146.440002,5588200
2026-09-08,145.600006,146.160004,144.300003,145.580002,145.580002,8325100
2026-09-09,144.160004,144.160004,142.339996,142.639999,142.639999,9260540
