date,open,high,low,close,adj_close,volume
2012-01-03,85.970001,86.669998,85.900002,86.000000,48.559521,20906800
2012-01-04,85.790001,86.150002,85.099998,86.019997,48.570827,16130900
2012-01-05,85.639999,85.949997,84.919998,85.760002,48.424015,17452800
2012-01-06,85.919998,86.000000,85.110001,85.120003,48.062641,15942100
2012-01-09,85.000000,85.639999,84.970001,85.500000,48.277199,11664200
2012-01-10,86.070000,86.209999,85.379997,85.720001,48.401428,13080800
2012-01-11,85.099998,85.400002,84.470001,85.080002,48.040039,14831400
2012-01-12,84.389999,84.919998,83.940002,84.739998,47.848057,17357200
2012-01-13,84.160004,84.919998,83.820000,84.879997,47.927132,15551600
2012-01-17,85.750000,86.129997,85.400002,85.690002,48.384476,15627900
2012-01-18,85.300003,86.500000,84.959999,86.449997,48.813610,16754200
2012-01-19,86.339996,87.239998,85.769997,87.029999,49.141117,16383500
2012-01-20,87.080002,87.489998,86.720001,87.489998,49.400856,19220300
2012-01-23,87.500000,87.940002,87.029999,87.470001,49.389549,15348400
2012-01-24,87.080002,87.220001,86.660004,87.180000,49.225811,12363800
2012-01-25,86.769997,87.379997,85.809998,87.220001,49.248394,18202300
2012-01-26,87.639999,87.709999,86.510002,86.769997,48.994320,15658200
2012-01-27,86.239998,86.500000,85.769997,85.830002,48.463535,15976700
2012-01-30,85.269997,85.500000,84.589996,85.489998,48.271557,17867000
2012-01-31,84.919998,85.339996,83.459999,83.739998,47.283417,27225800
2012-02-01,84.230003,84.559998,83.379997,83.970001,47.413296,22266100
2012-02-02,84.279999,84.339996,83.190002,83.529999,47.164841,18020500
2012-02-03,84.239998,85.000000,84.050003,84.919998,47.949715,16145400
2012-02-06,84.870003,85.849998,84.489998,85.750000,48.418365,15000900
2012-02-07,85.220001,86.440002,84.940002,86.339996,48.751503,15818400
2012-02-08,85.830002,86.220001,84.730003,85.320000,48.439243,14762600
2012-02-09,85.330002,85.690002,84.669998,84.879997,48.189449,17073400
2012-02-10,84.019997,84.099998,83.349998,83.800003,47.576286,15328900
2012-02-13,84.339996,84.599998,83.889999,84.419998,47.928280,11473700
2012-02-14,84.419998,84.709999,83.849998,84.669998,48.070229,12961900
2012-02-15,84.860001,84.919998,83.910004,84.120003,47.757957,13911600
2012-02-16,84.449997,85.620003,84.080002,85.410004,48.490341,14769600
2012-02-17,86.070000,86.120003,84.919998,85.620003,48.609562,16597200
2012-02-21,86.040001,86.779999,86.040001,86.570000,49.148907,15481300
2012-02-22,86.839996,87.250000,86.650002,86.919998,49.347626,11983200
2012-02-23,86.580002,87.169998,86.470001,87.019997,49.404381,12404600
2012-02-24,87.370003,87.470001,87.010002,87.339996,49.586067,10767100
2012-02-27,87.150002,87.830002,86.779999,87.230003,49.523640,13323500
2012-02-28,87.230003,87.440002,86.550003,87.139999,49.472523,14317600
2012-02-29,87.449997,87.489998,86.209999,86.500000,49.109173,18293200
2012-03-01,86.470001,87.180000,86.410004,86.830002,49.296524,12638500
2012-03-02,86.660004,86.750000,85.849998,86.330002,49.012665,11343400
2012-03-05,86.169998,87.089996,85.910004,87.010002,49.398720,12803100
2012-03-06,86.239998,86.480003,85.419998,85.860001,48.745823,16507900
2012-03-07,86.010002,86.120003,85.190002,85.830002,48.728798,14767700
2012-03-08,85.000000,85.470001,84.629997,84.830002,48.161057,19032000
2012-03-09,85.059998,85.129997,84.050003,84.300003,47.860146,17042500
2012-03-12,84.500000,85.750000,84.129997,85.550003,48.569843,19014000
2012-03-13,85.889999,86.930000,85.610001,86.860001,49.313557,16853300
2012-03-14,86.589996,86.830002,85.739998,86.019997,48.836674,16187300
2012-03-15,85.889999,86.199997,85.250000,86.089996,48.876396,14523600
2012-03-16,86.199997,86.889999,85.919998,86.440002,49.075115,30991300
2012-03-19,86.080002,87.180000,86.029999,86.989998,49.387379,10770400
2012-03-20,86.459999,87.099998,86.320000,86.599998,49.165947,13613800
2012-03-21,86.589996,86.589996,85.769997,86.010002,48.830990,14212400
2012-03-22,85.480003,85.940002,85.099998,85.330002,48.444931,13884400
2012-03-23,85.360001,85.980003,85.019997,85.550003,48.569843,12557700
2012-03-26,86.180000,87.250000,86.070000,87.029999,49.410091,17336800
2012-03-27,87.139999,87.250000,86.540001,86.620003,49.177307,12509200
2012-03-28,86.360001,86.480003,85.139999,85.860001,48.745823,16155300
2012-03-29,85.320000,86.129997,84.910004,86.080002,48.870708,13199700
2012-03-30,86.480003,86.760002,86.089996,86.730003,49.239750,12968300
2012-04-02,86.599998,87.669998,86.309998,87.070000,49.432777,13853300
2012-04-03,86.750000,86.779999,85.000000,85.830002,48.728798,17714900
2012-04-04,85.300003,85.360001,84.489998,84.980003,48.246223,17112800
2012-04-05,84.559998,85.379997,84.349998,84.820000,48.155361,11954700
2012-04-09,83.980003,84.360001,83.680000,83.879997,47.621704,11027000
2012-04-10,83.750000,83.750000,81.879997,82.169998,46.650879,19993700
2012-04-11,83.110001,83.349998,82.150002,82.699997,46.951771,15856200
2012-04-12,82.650002,83.730003,82.360001,83.599998,47.462746,15266200
2012-04-13,82.970001,83.690002,82.860001,82.949997,47.093689,13856500
2012-04-16,83.239998,84.389999,83.129997,84.010002,47.695492,17526100
2012-04-17,84.650002,85.599998,84.570000,85.449997,48.513054,14208000
2012-04-18,85.059998,86.050003,85.019997,85.750000,48.683392,12997500
2012-04-19,85.510002,85.919998,84.980003,85.279999,48.416531,15973800
2012-04-20,85.550003,85.919998,85.029999,85.300003,48.427902,17216600
2012-04-23,84.529999,85.930000,84.389999,85.690002,48.649296,15197200
2012-04-24,85.639999,86.389999,85.639999,86.309998,49.001293,11632500
2012-04-25,86.650002,87.180000,85.720001,86.849998,49.307888,18476800
2012-04-26,85.279999,86.199997,85.150002,86.070000,48.865032,17262400
2012-04-27,86.500000,86.690002,85.959999,86.080002,48.870708,11372900
2012-04-30,85.959999,86.800003,85.870003,86.339996,49.018333,11735400
2012-05-01,86.459999,87.519997,86.129997,87.040001,49.415745,13816900
2012-05-02,86.559998,86.650002,85.830002,86.199997,48.938866,11108700
2012-05-03,86.360001,86.389999,85.309998,85.650002,48.626602,9998600
2012-05-04,85.110001,85.309998,84.400002,84.570000,48.013447,15055500
2012-05-07,84.290001,84.790001,84.099998,84.480003,47.962357,12018100
2012-05-08,83.750000,84.260002,82.919998,84.019997,47.701191,19602400
2012-05-09,83.040001,84.070000,82.879997,83.309998,47.298100,17424000
2012-05-10,83.370003,83.589996,82.550003,82.839996,47.355255,13234600
2012-05-11,82.690002,83.790001,82.540001,83.099998,47.503899,12061700
2012-05-14,82.269997,82.459999,81.959999,82.120003,46.943676,12675900
2012-05-15,82.000000,82.730003,81.529999,81.790001,46.755032,15757400
2012-05-16,81.959999,83.150002,81.790001,82.169998,46.972263,15034500
2012-05-17,82.150002,82.610001,81.680000,81.910004,46.823612,17698200
2012-05-18,82.370003,82.720001,81.029999,81.470001,46.572102,21747200
2012-05-21,81.419998,82.129997,81.070000,82.040001,46.897964,13730400
2012-05-22,82.139999,82.839996,81.519997,81.949997,46.846504,13790000
2012-05-23,81.790001,82.080002,79.959999,82.040001,46.897964,17582200
2012-05-24,82.290001,82.779999,81.709999,82.610001,47.223789,14113600
2012-05-25,82.860001,82.959999,81.680000,82.080002,46.920807,12756500
2012-05-29,82.639999,82.639999,81.320000,81.930000,46.835068,15931100
2012-05-30,81.080002,81.379997,79.589996,79.790001,45.611725,19593100
2012-05-31,79.879997,80.139999,78.410004,78.629997,44.948624,38954600
2012-06-01,77.870003,78.559998,77.470001,77.919998,44.542759,22870900
2012-06-04,78.089996,78.250000,77.199997,77.830002,44.491325,17711200
2012-06-05,77.589996,78.290001,77.129997,77.599998,44.359829,17715600
2012-06-06,78.370003,80.239998,78.080002,80.180000,45.834671,23880900
2012-06-07,80.980003,81.230003,80.349998,80.690002,46.126225,18409400
2012-06-08,80.080002,80.919998,79.459999,80.839996,46.211960,18150000
2012-06-11,81.620003,81.849998,80.169998,80.269997,45.886131,18031800
2012-06-12,80.739998,81.510002,80.620003,81.260002,46.452049,14162100
2012-06-13,80.940002,81.639999,80.279999,80.629997,46.091915,15098100
2012-06-14,80.860001,82.500000,80.730003,82.129997,46.949398,16942300
2012-06-15,82.570000,83.449997,82.220001,83.220001,47.572495,27342800
2012-06-18,82.510002,83.180000,82.349998,83.110001,47.509613,13885100
2012-06-19,83.730003,84.629997,83.309998,84.480003,48.292763,21053300
2012-06-20,84.400002,85.389999,84.059998,84.970001,48.572891,23274300
2012-06-21,85.040001,85.370003,82.050003,82.110001,46.937950,33751900
2012-06-22,82.680000,83.220001,82.110001,82.110001,46.937950,84747800
2012-06-25,81.220001,81.430000,79.779999,81.239998,46.440624,28761600
2012-06-26,81.510002,82.970001,81.209999,82.400002,47.103729,22853700
2012-06-27,82.809998,83.660004,82.709999,83.199997,47.561047,15301400
2012-06-28,82.660004,83.459999,82.019997,83.099998,47.503899,19140300
2012-06-29,84.779999,85.699997,84.459999,85.570000,48.915874,24906300
2012-07-02,85.440002,85.470001,84.540001,85.339996,48.784363,14447800
2012-07-03,85.690002,86.279999,85.620003,86.279999,49.321709,9787700
2012-07-05,85.330002,86.040001,85.150002,85.570000,48.915874,10797100
2012-07-06,84.260002,85.040001,84.199997,84.800003,48.475693,13259400
2012-07-09,84.519997,84.550003,83.019997,83.650002,47.818298,22361600
2012-07-10,84.080002,84.389999,82.830002,83.110001,47.509613,14106100
2012-07-11,83.480003,84.680000,83.239998,84.379997,48.235592,18337600
2012-07-12,83.410004,84.550003,83.320000,84.120003,48.086967,15566400
2012-07-13,84.449997,85.570000,84.260002,85.470001,48.858692,13642000
2012-07-16,84.830002,85.419998,84.660004,85.050003,48.618599,11269200
2012-07-17,85.180000,85.820000,84.099998,85.730003,49.007324,14059400
2012-07-18,85.339996,86.220001,85.070000,86.209999,49.281712,14203500
2012-07-19,86.019997,86.379997,85.620003,86.209999,49.281712,14902300
2012-07-20,85.870003,86.150002,85.269997,85.949997,49.133083,16838300
2012-07-23,84.800003,85.459999,84.330002,85.209999,48.710072,13597800
2012-07-24,85.209999,85.260002,83.500000,84.580002,48.349926,13948300
2012-07-25,85.139999,85.550003,84.660004,85.239998,48.727234,16566000
2012-07-26,85.559998,86.699997,85.260002,86.519997,49.458916,19149300
2012-07-27,86.589996,87.849998,85.500000,87.449997,49.990555,24079300
2012-07-30,87.279999,87.830002,87.080002,87.559998,50.053436,11183500
2012-07-31,87.370003,87.660004,86.790001,86.849998,49.647583,12212200
2012-08-01,87.019997,87.449997,86.180000,86.910004,49.681858,14312300
2012-08-02,86.099998,86.750000,85.500000,85.879997,49.093075,14530100
2012-08-03,87.070000,87.889999,86.800003,87.550003,50.047726,13982500
2012-08-06,87.550003,87.879997,87.370003,87.449997,49.990555,9626400
2012-08-07,87.879997,88.000000,87.680000,87.919998,50.259212,12399800
2012-08-08,87.750000,88.500000,87.680000,88.279999,50.465038,12864500
2012-08-09,87.839996,88.480003,87.510002,88.199997,50.746956,12213700
2012-08-10,87.669998,88.489998,87.150002,88.440002,50.885048,11149000
2012-08-13,88.099998,88.239998,87.769997,88.139999,50.712425,8716300
2012-08-14,88.169998,88.639999,87.900002,88.199997,50.746956,8675700
2012-08-15,88.190002,88.669998,87.910004,88.000000,50.631878,8510100
2012-08-16,88.190002,88.870003,87.959999,88.669998,51.017372,11311300
2012-08-17,88.889999,88.910004,88.160004,88.400002,50.862030,11177700
2012-08-20,88.070000,88.220001,87.629997,87.949997,50.603104,8813700
2012-08-21,88.139999,88.410004,87.260002,87.459999,50.321186,10767100
2012-08-22,87.199997,87.910004,87.019997,87.730003,50.476528,10160400
2012-08-23,87.790001,87.790001,86.980003,87.309998,50.234863,9666300
2012-08-24,87.160004,88.300003,86.930000,88.050003,50.660648,9762300
2012-08-27,88.070000,88.199997,87.610001,87.739998,50.482285,8252100
2012-08-28,87.570000,88.400002,87.419998,88.099998,50.689407,9646800
2012-08-29,88.070000,88.190002,87.739998,87.900002,50.574348,8377300
2012-08-30,87.379997,87.730003,87.019997,87.199997,50.171608,8915800
2012-08-31,87.610001,87.849998,87.139999,87.300003,50.229122,14178800
2012-09-04,87.330002,87.459999,86.519997,87.120003,50.125557,10602900
2012-09-05,87.519997,87.650002,87.059998,87.330002,50.246384,10113100
2012-09-06,87.889999,89.250000,87.849998,88.989998,51.201488,15713500
2012-09-07,89.269997,90.000000,89.269997,89.919998,51.736576,15623900
2012-09-10,89.820000,90.000000,89.400002,89.480003,51.483402,10750700
2012-09-11,89.750000,89.949997,89.550003,89.620003,51.563965,9349400
2012-09-12,89.629997,89.900002,89.410004,89.550003,51.523682,9982900
2012-09-13,89.709999,91.559998,89.430000,91.230003,52.490307,19870900
2012-09-14,91.500000,92.400002,91.250000,92.300003,53.105938,21388800
2012-09-17,91.919998,92.500000,91.550003,91.910004,52.881550,11893700
2012-09-18,91.430000,92.220001,91.400002,91.650002,52.731956,10950100
2012-09-19,91.480003,91.750000,90.570000,90.570000,52.110554,16302100
2012-09-20,90.139999,91.690002,90.089996,91.519997,52.657162,12238400
2012-09-21,92.029999,92.230003,91.639999,91.919998,52.887314,19599100
2012-09-24,91.309998,92.209999,91.300003,91.879997,52.864265,11023700
2012-09-25,92.110001,92.570000,91.540001,91.739998,52.783730,14035800
2012-09-26,91.720001,92.040001,91.099998,91.230003,52.490307,11616500
2012-09-27,91.830002,92.250000,91.190002,91.800003,52.818249,10632700
2012-09-28,91.480003,91.650002,90.930000,91.449997,52.616867,12507600
2012-10-01,91.790001,92.500000,91.599998,91.800003,52.818249,10343500
2012-10-02,92.120003,92.180000,91.279999,91.720001,52.772224,9507800
2012-10-03,91.650002,91.809998,91.169998,91.699997,52.760712,10328100
2012-10-04,92.080002,92.540001,91.910004,92.220001,53.059906,11507100
2012-10-05,92.589996,93.000000,92.230003,92.550003,53.249783,9890100
2012-10-08,92.150002,92.870003,92.040001,92.680000,53.324574,8765200
2012-10-09,92.830002,93.360001,92.110001,92.129997,53.008102,13799200
2012-10-10,91.800003,92.019997,90.669998,91.029999,52.375225,15332500
2012-10-11,91.570000,91.879997,91.169998,91.169998,52.455784,9789900
2012-10-12,91.510002,91.720001,90.510002,91.029999,52.375225,9943700
2012-10-15,91.349998,91.690002,90.540001,91.510002,52.651382,10651100
2012-10-16,91.889999,92.480003,91.800003,92.379997,53.151955,9069300
2012-10-17,92.620003,93.540001,92.610001,93.389999,53.733082,10759100
2012-10-18,92.970001,93.570000,92.970001,93.480003,53.784851,11815500
2012-10-19,93.570000,93.669998,91.750000,92.150002,53.019608,15928100
2012-10-22,91.669998,92.260002,91.080002,92.190002,53.042652,11445400
2012-10-23,91.129997,91.379997,90.010002,90.180000,51.886158,14085500
2012-10-24,90.459999,90.620003,89.769997,89.879997,51.713577,11332500
2012-10-25,90.629997,90.800003,89.680000,90.430000,52.030006,10387200
2012-10-26,90.559998,91.070000,90.010002,90.620003,52.139317,11583000
2012-10-31,91.029999,91.410004,90.110001,91.169998,52.455784,14848500
2012-11-01,90.250000,91.669998,90.199997,91.599998,52.703163,15771900
2012-11-02,91.760002,91.940002,90.059998,90.269997,51.937939,12742400
2012-11-05,90.040001,90.809998,89.699997,90.629997,52.145092,11222600
2012-11-06,90.860001,92.050003,90.730003,91.610001,52.708935,12026500
2012-11-07,90.239998,90.239998,87.699997,88.180000,51.053093,19423500
2012-11-08,88.269997,88.430000,87.029999,87.070000,50.410454,13743000
2012-11-09,86.610001,87.949997,86.610001,87.209999,50.491508,13407000
2012-11-12,87.269997,87.690002,86.949997,87.320000,50.555183,9004300
2012-11-13,86.750000,87.989998,86.440002,86.470001,50.063072,12260300
2012-11-14,86.750000,87.110001,85.879997,86.070000,49.831470,14524100
2012-11-15,86.089996,86.559998,85.370003,86.139999,49.872005,13783600
2012-11-16,86.139999,86.709999,85.059998,86.449997,50.051483,17405200
2012-11-19,87.400002,88.199997,87.089996,87.669998,50.757809,12911000
2012-11-20,87.510002,87.879997,86.769997,87.500000,50.659405,10288100
2012-11-21,87.809998,88.019997,87.480003,88.010002,50.954674,13905300
2012-11-23,88.250000,89.089996,88.010002,89.089996,51.579948,11931000
2012-11-26,88.320000,88.629997,88.029999,88.620003,51.307846,16423600
2012-11-27,88.400002,88.540001,87.239998,87.349998,50.572559,11841600
2012-11-28,86.529999,88.190002,86.279999,88.099998,51.006771,15959900
2012-11-29,88.370003,88.690002,87.629997,88.120003,51.018391,11579100
2012-11-30,88.070000,88.400002,87.820000,88.139999,51.029907,15522100
2012-12-03,88.550003,88.580002,87.470001,87.610001,50.723103,10937300
2012-12-04,87.379997,87.970001,87.190002,87.190002,50.479931,11980000
2012-12-05,87.269997,88.269997,87.099998,87.730003,50.792572,12717800
2012-12-06,87.760002,88.059998,87.239998,88.000000,50.948872,12077000
2012-12-07,88.169998,88.639999,87.769997,88.599998,51.296246,10603100
2012-12-10,88.580002,88.949997,88.239998,88.410004,51.186272,11549400
2012-12-11,88.610001,89.489998,88.400002,88.989998,51.522057,12634600
2012-12-12,89.089996,90.370003,88.910004,89.449997,51.788376,14729500
2012-12-13,89.160004,89.449997,88.269997,88.580002,51.284672,12290300
2012-12-14,88.000000,88.449997,87.919998,88.080002,50.995190,13363600
2012-12-17,88.360001,88.940002,88.099998,88.870003,51.452591,15672500
2012-12-18,88.750000,89.739998,88.559998,89.559998,51.852062,15396600
2012-12-19,89.540001,89.610001,88.379997,88.440002,51.203621,15092500
2012-12-20,88.379997,88.940002,87.980003,88.889999,51.464153,15789000
2012-12-21,87.660004,88.599998,87.010002,87.230003,50.503082,33057000
2012-12-24,87.129997,87.320000,86.800003,86.919998,50.323589,6385200
2012-12-26,87.209999,87.680000,86.570000,87.070000,50.410454,10737800
2012-12-27,87.050003,87.239998,85.750000,86.860001,50.288853,14258500
2012-12-28,86.099998,86.290001,85.070000,85.099998,49.269871,13358700
2012-12-31,85.040001,86.660004,84.699997,86.550003,50.109379,19810800
2013-01-02,87.790001,88.720001,87.239998,88.709999,51.359959,16143700
2013-01-03,88.459999,88.889999,88.160004,88.550003,51.267311,13268200
2013-01-04,88.500000,89.089996,88.370003,88.959999,51.504696,11427900
2013-01-07,88.309998,88.489998,87.570000,87.930000,50.908348,11799800
2013-01-08,87.820000,88.480003,87.290001,88.480003,51.226776,14226400
2013-01-09,88.400002,88.540001,87.750000,88.139999,51.029907,10892200
2013-01-10,88.750000,89.480003,88.370003,89.099998,51.585743,13099600
2013-01-11,88.970001,89.709999,88.860001,89.610001,51.881001,11645600
2013-01-14,89.459999,89.750000,89.320000,89.580002,51.863640,9606700
2013-01-15,89.180000,89.610001,89.000000,89.529999,51.834702,9195400
2013-01-16,89.160004,89.480003,89.070000,89.470001,51.799973,9645000
2013-01-17,89.760002,90.940002,89.599998,90.199997,52.222622,13400300
2013-01-18,90.089996,90.830002,89.830002,90.800003,52.570000,17196000
2013-01-22,90.269997,90.940002,90.209999,90.919998,52.639473,11897500
2013-01-23,90.500000,90.879997,90.419998,90.699997,52.512074,10906800
2013-01-24,90.879997,91.720001,90.750000,91.349998,52.888420,11100000
2013-01-25,91.570000,91.800003,91.129997,91.730003,53.108421,11090600
2013-01-28,91.669998,91.669998,90.769997,91.110001,52.749451,11617500
2013-01-29,91.209999,91.930000,91.199997,91.760002,53.125797,11700600
2013-01-30,91.169998,91.720001,90.379997,90.669998,52.494732,15645400
2013-01-31,90.690002,91.209999,89.739998,89.970001,52.089443,15991500
2013-02-01,90.440002,90.500000,89.360001,90.040001,52.129963,15699200
2013-02-04,89.410004,89.620003,88.839996,89.150002,51.614681,13347300
2013-02-05,89.879997,90.190002,89.419998,89.739998,51.956280,11679700
2013-02-06,89.370003,89.889999,89.160004,89.790001,51.985241,11768700
2013-02-07,89.209999,89.220001,87.610001,88.250000,51.420048,13463300
2013-02-08,88.500000,88.800003,88.110001,88.610001,51.629799,11412300
2013-02-11,88.349998,88.510002,87.970001,88.279999,51.437515,8764700
2013-02-12,88.250000,88.620003,87.919998,88.459999,51.542416,9752100
2013-02-13,88.459999,88.769997,88.239998,88.669998,51.664783,8940300
2013-02-14,88.339996,88.809998,88.059998,88.519997,51.577347,13238900
2013-02-15,88.570000,88.610001,87.800003,88.360001,51.484142,15696900
2013-02-19,88.540001,89.410004,88.379997,89.320000,52.043491,12158900
2013-02-20,89.139999,89.820000,88.900002,88.970001,51.839554,13936400
2013-02-21,88.790001,89.019997,88.360001,88.589996,51.618153,10939800
2013-02-22,89.019997,89.279999,88.400002,89.199997,51.973560,10260200
2013-02-25,89.879997,90.190002,87.699997,87.699997,51.099571,15302900
2013-02-26,88.500000,88.980003,87.760002,88.510002,51.571560,15073200
2013-02-27,88.500000,89.650002,88.309998,89.529999,52.165859,11195200
2013-02-28,89.669998,89.809998,89.029999,89.550003,52.177517,14552000
2013-03-01,89.070000,89.680000,88.919998,89.430000,52.107594,11301600
2013-03-04,89.129997,89.250000,88.459999,88.949997,51.827911,10994000
2013-03-05,89.480003,90.150002,89.290001,89.610001,52.212440,13072600
2013-03-06,89.599998,89.949997,89.050003,89.559998,52.183338,13234400
2013-03-07,89.629997,89.760002,88.680000,88.709999,51.688061,12905300
2013-03-08,89.010002,89.230003,88.349998,88.970001,51.839554,11896300
2013-03-11,89.010002,89.550003,88.540001,89.160004,51.950260,12454800
2013-03-12,89.449997,89.910004,89.010002,89.160004,51.950260,11470000
2013-03-13,89.019997,89.500000,88.830002,89.260002,52.008530,10539900
2013-03-14,89.410004,89.910004,89.410004,89.830002,52.340652,13775500
2013-03-15,89.199997,89.610001,88.790001,89.370003,52.072632,29240100
2013-03-18,88.739998,89.389999,88.550003,88.769997,51.723026,11553700
2013-03-19,88.889999,89.089996,88.019997,88.580002,51.612328,11987900
2013-03-20,88.949997,89.209999,88.300003,88.629997,51.641449,11319000
2013-03-21,88.120003,88.639999,87.900002,88.169998,51.373451,13447500
2013-03-22,88.400002,89.290001,88.320000,89.290001,52.026016,10786600
2013-03-25,89.500000,89.900002,88.660004,89.019997,51.868687,12900800
2013-03-26,89.410004,90.300003,89.360001,90.129997,52.515461,12329600
2013-03-27,89.559998,90.739998,89.470001,90.580002,52.777641,12350800
2013-03-28,90.639999,90.980003,89.989998,90.110001,52.503796,17485200
2013-04-01,90.129997,90.989998,89.980003,90.769997,52.888351,9414200
2013-04-02,90.589996,90.919998,90.279999,90.580002,52.777641,9991800
2013-04-03,90.650002,90.830002,89.860001,89.930000,52.398914,12197100
2013-04-04,90.099998,90.330002,89.220001,89.769997,52.305691,11582000
2013-04-05,88.610001,89.209999,88.400002,89.010002,51.862869,12771600
2013-04-08,89.110001,89.110001,88.150002,88.599998,51.623966,11013900
2013-04-09,88.690002,89.339996,88.589996,88.769997,51.723026,10753400
2013-04-10,88.449997,89.160004,88.199997,88.680000,51.670605,14823700
2013-04-11,88.949997,89.269997,88.230003,89.220001,51.985241,14979900
2013-04-12,88.879997,89.190002,88.410004,88.989998,51.851208,11505100
2013-04-15,88.290001,88.669998,86.269997,86.489998,50.394558,19626200
2013-04-16,87.190002,87.230003,86.089996,86.610001,50.464481,14578800
2013-04-17,86.209999,86.379997,85.019997,86.080002,50.155663,17341200
2013-04-18,86.279999,87.080002,85.779999,86.620003,50.470310,14730400
2013-04-19,87.269997,87.489998,86.430000,87.449997,50.953899,18393300
2013-04-22,87.610001,88.320000,87.290001,88.089996,51.326801,11262000
2013-04-23,88.389999,89.489998,87.940002,89.300003,52.031857,15567700
2013-04-24,89.449997,89.889999,89.349998,89.430000,52.107594,13028800
2013-04-25,88.889999,88.900002,87.650002,88.070000,51.315174,16328700
2013-04-26,87.809998,88.279999,87.599998,88.000000,51.274387,10791800
2013-04-29,88.260002,88.830002,88.010002,88.209999,51.396744,11093000
2013-04-30,88.260002,88.989998,87.760002,88.989998,51.851208,14572600
2013-05-01,88.519997,88.839996,87.480003,87.510002,50.988888,11616500
2013-05-02,87.980003,88.839996,87.739998,88.629997,51.641449,11330100
2013-05-03,89.000000,90.190002,88.919998,90.019997,52.451366,13036600
2013-05-06,90.250000,90.879997,89.930000,90.580002,52.777641,10613400
2013-05-07,90.620003,91.150002,90.139999,91.150002,53.109772,11088900
2013-05-08,91.050003,91.849998,91.029999,91.699997,53.430214,13638300
2013-05-09,91.139999,91.559998,90.690002,91.029999,53.406757,13771900
2013-05-10,90.870003,90.949997,89.790001,90.139999,52.884605,10975400
2013-05-13,89.800003,90.139999,89.430000,90.099998,52.861137,9810100
2013-05-14,90.150002,91.190002,90.019997,91.110001,53.453697,9890300
2013-05-15,90.639999,91.320000,90.410004,91.239998,53.529949,10399400
2013-05-16,90.800003,91.290001,90.500000,90.699997,53.213150,10469600
2013-05-17,91.070000,91.879997,90.529999,91.760002,53.835033,12721300
2013-05-20,91.610001,92.690002,91.459999,92.519997,54.280949,12417700
2013-05-21,92.669998,93.430000,92.379997,92.800003,54.445210,12519900
2013-05-22,92.830002,93.500000,91.809998,92.190002,54.087326,19253300
2013-05-23,91.559998,92.360001,91.360001,91.790001,53.852669,15357300
2013-05-24,91.379997,91.769997,91.000000,91.529999,53.700111,12771900
2013-05-28,92.940002,93.180000,91.760002,92.379997,54.198795,15197800
2013-05-29,91.760002,92.419998,91.589996,92.080002,54.022789,11563200
2013-05-30,91.970001,92.680000,91.599998,92.089996,54.028675,9734700
2013-05-31,91.949997,92.370003,90.459999,90.470001,53.078220,17917400
2013-06-03,90.529999,91.510002,90.480003,91.459999,53.659035,14177500
2013-06-04,91.180000,91.489998,90.220001,90.790001,53.265976,12481300
2013-06-05,90.680000,91.120003,89.610001,89.650002,52.597122,12888000
2013-06-06,89.449997,90.230003,89.000000,90.230003,52.937420,15393300
2013-06-07,90.889999,91.500000,90.489998,91.449997,53.653187,12504700
2013-06-10,91.930000,91.940002,90.870003,91.120003,53.459568,10372300
2013-06-11,90.379997,91.040001,90.230003,90.459999,53.072350,10739400
2013-06-12,91.129997,91.320000,89.589996,89.739998,52.649948,10864500
2013-06-13,89.629997,91.709999,89.610001,91.330002,53.582775,13501300
2013-06-14,91.160004,91.300003,90.290001,90.580002,53.142742,12158400
2013-06-17,90.970001,91.769997,90.769997,91.510002,53.688366,12026400
2013-06-18,91.360001,92.059998,91.260002,91.930000,53.934795,10678200
2013-06-19,91.790001,92.269997,91.000000,91.000000,53.389156,14189500
2013-06-20,90.239998,90.519997,88.790001,89.050003,52.245110,21077700
2013-06-21,89.760002,90.139999,88.849998,89.480003,52.497383,25493800
2013-06-24,88.949997,89.500000,88.019997,88.480003,51.910690,17653000
2013-06-25,89.580002,89.620003,88.480003,89.110001,52.280319,15790100
2013-06-26,89.419998,89.970001,88.730003,89.800003,52.685131,14446000
2013-06-27,90.239998,90.669998,90.029999,90.040001,52.825932,12348000
2013-06-28,89.849998,90.750000,89.559998,90.349998,53.007797,22984200
2013-07-01,90.389999,91.129997,89.959999,90.300003,52.978481,13182200
2013-07-02,90.370003,91.099998,90.120003,90.639999,53.177937,12320700
2013-07-03,90.629997,90.870003,90.139999,90.690002,53.207283,5674000
2013-07-05,91.099998,91.610001,90.570000,91.570000,53.723572,8917900
2013-07-08,91.959999,92.529999,91.900002,92.250000,54.122536,12086700
2013-07-09,92.639999,93.440002,92.250000,93.339996,54.762012,12940000
2013-07-10,93.279999,93.389999,92.379997,92.820000,54.456947,12430000
2013-07-11,93.800003,93.809998,93.040001,93.269997,54.720955,16184700
2013-07-12,93.250000,93.449997,92.720001,93.400002,54.797226,11370300
2013-07-15,93.190002,93.500000,93.089996,93.250000,54.709232,8256200
2013-07-16,93.190002,93.470001,92.769997,93.300003,54.738564,11413500
2013-07-17,93.559998,93.739998,93.139999,93.459999,54.832428,9393300
2013-07-18,93.800003,94.839996,93.709999,94.379997,55.372189,10555400
2013-07-19,94.690002,95.250000,94.410004,95.169998,55.835686,14431700
2013-07-22,94.870003,95.199997,94.779999,94.830002,55.636204,9530400
2013-07-23,94.860001,95.489998,94.839996,95.199997,55.853279,7377400
2013-07-24,95.309998,95.309998,94.419998,94.989998,55.730072,8222800
2013-07-25,94.690002,95.309998,94.419998,94.970001,55.718323,10059800
2013-07-26,94.769997,94.860001,93.839996,94.790001,55.612732,9721000
2013-07-29,94.510002,94.519997,93.610001,94.029999,55.166851,8844700
2013-07-30,94.220001,94.330002,93.459999,93.809998,55.037773,10470700
2013-07-31,93.930000,94.599998,93.379997,93.750000,55.002556,14400800
2013-08-01,92.690002,93.099998,91.250000,92.730003,54.404133,23117700
2013-08-02,92.459999,92.529999,91.339996,91.949997,53.946514,14408600
2013-08-05,91.419998,91.760002,91.010002,91.589996,53.735310,12625900
2013-08-06,91.330002,91.910004,91.279999,91.470001,53.664906,11689200
2013-08-07,91.180000,91.550003,91.129997,91.339996,53.588638,8163800
2013-08-08,91.930000,91.970001,91.279999,91.779999,53.846790,11529500
2013-08-09,91.199997,91.360001,90.430000,90.720001,53.592766,9467800
2013-08-12,90.430000,90.430000,89.690002,89.889999,53.102440,10133700
2013-08-13,89.849998,89.919998,89.139999,89.400002,52.812996,10892700
2013-08-14,89.339996,89.480003,88.900002,88.949997,52.547127,9797300
2013-08-15,88.660004,88.870003,88.059998,88.160004,52.080456,11273400
2013-08-16,88.010002,88.489998,87.650002,87.910004,51.932762,11872500
2013-08-19,87.820000,87.870003,86.779999,86.919998,51.347923,11745600
2013-08-20,87.129997,87.870003,86.830002,86.830002,51.294743,16498800
2013-08-21,86.949997,87.349998,86.389999,86.419998,51.052540,12766900
2013-08-22,86.580002,87.419998,86.449997,86.980003,51.383377,10199900
2013-08-23,87.150002,87.690002,86.760002,87.519997,51.702366,9206400
2013-08-26,87.500000,87.699997,86.820000,87.089996,51.448330,10654700
2013-08-27,86.620003,87.489998,86.580002,86.820000,51.288841,13960200
2013-08-28,87.279999,88.989998,87.279999,88.839996,52.482143,17738800
2013-08-29,88.629997,88.629997,87.230003,87.269997,51.554688,11407800
2013-08-30,87.389999,87.550003,86.790001,87.160004,51.489677,12480400
2013-09-03,87.699997,88.000000,86.830002,87.150002,51.483803,10546700
2013-09-04,87.010002,87.980003,86.900002,87.760002,51.844154,9822300
2013-09-05,88.059998,88.300003,87.330002,87.349998,51.601944,11740100
2013-09-06,87.489998,87.730003,86.800003,87.250000,51.542858,12950600
2013-09-09,87.339996,88.190002,87.309998,88.040001,52.009552,9297000
2013-09-10,88.400002,88.400002,87.279999,87.820000,51.879593,11823100
2013-09-11,87.879997,88.849998,87.879997,88.839996,52.482143,11201200
2013-09-12,88.589996,88.800003,87.860001,87.980003,51.974106,10917200
2013-09-13,88.150002,88.879997,88.150002,88.400002,52.222221,8254200
2013-09-16,88.879997,89.180000,88.489998,88.669998,52.381729,9421300
2013-09-17,88.709999,89.349998,88.650002,88.940002,52.541229,8941200
2013-09-18,88.910004,89.870003,88.370003,89.580002,52.919338,15134700
2013-09-19,89.639999,89.739998,88.980003,89.279999,52.742088,11757500
2013-09-20,89.529999,89.750000,88.589996,88.660004,52.375828,20651100
2013-09-23,88.290001,88.910004,87.639999,87.750000,51.838253,12227700
2013-09-24,87.589996,88.070000,87.279999,87.360001,51.607857,12129200
2013-09-25,87.589996,87.599998,86.930000,87.139999,51.477886,13577400
2013-09-26,87.400002,87.449997,86.809998,87.070000,51.436535,9787100
2013-09-27,86.849998,87.010002,86.610001,86.900002,51.336098,10867100
2013-09-30,86.059998,86.699997,85.610001,86.040001,50.828079,17486100
2013-10-01,85.989998,86.339996,85.779999,86.000000,50.804424,11885100
2013-10-02,85.750000,86.110001,85.279999,86.080002,50.851688,11841400
2013-10-03,86.040001,86.050003,85.339996,85.500000,50.509041,13923400
2013-10-04,86.309998,86.419998,85.680000,86.320000,50.993473,11325500
2013-10-07,85.570000,86.290001,85.269997,85.900002,50.745346,10985800
2013-10-08,85.860001,85.949997,85.470001,85.510002,50.514957,15335700
2013-10-09,85.349998,85.589996,84.830002,85.160004,50.308208,13575100
2013-10-10,85.519997,86.040001,84.790001,86.040001,50.828079,17532400
2013-10-11,85.900002,86.949997,85.500000,86.949997,51.365627,12661800
2013-10-14,86.510002,87.739998,86.510002,87.599998,51.749619,9742100
2013-10-15,87.470001,87.580002,86.639999,86.790001,51.271114,12018000
2013-10-16,87.480003,87.860001,86.720001,87.309998,51.578312,11668100
2013-10-17,87.129997,87.500000,87.010002,87.480003,51.678745,10438200
2013-10-18,87.690002,87.739998,87.300003,87.550003,51.720100,12425100
2013-10-21,87.500000,87.650002,86.839996,87.230003,51.531067,10730900
2013-10-22,87.290001,88.150002,87.129997,87.980003,51.974106,12710600
2013-10-23,87.519997,87.650002,86.949997,87.610001,51.755535,11449100
2013-10-24,87.980003,88.730003,87.970001,88.419998,52.234032,12288900
2013-10-25,88.230003,88.650002,87.820000,87.970001,51.968235,11382000
2013-10-28,87.830002,88.459999,87.610001,88.230003,52.121807,9921900
2013-10-29,88.449997,89.029999,88.440002,88.930000,52.535336,10340000
2013-10-30,88.970001,89.480003,88.690002,88.809998,52.464417,14305900
2013-10-31,89.449997,90.959999,89.199997,89.620003,52.942924,19185200
2013-11-01,89.739998,90.040001,88.269997,89.820000,53.061085,19023500
2013-11-04,90.000000,92.269997,90.000000,92.099998,54.408016,20591600
2013-11-05,91.339996,93.250000,91.239998,91.989998,54.343010,21122500
2013-11-06,92.419998,93.279999,92.120003,93.220001,55.069633,13464600
2013-11-07,92.639999,92.980003,91.760002,91.959999,54.694920,16572100
2013-11-08,91.800003,92.820000,91.480003,92.730003,55.152916,12330100
2013-11-11,92.849998,93.230003,92.500000,92.959999,55.289700,7924700
2013-11-12,92.669998,93.320000,92.500000,92.669998,55.117222,10727300
2013-11-13,92.220001,92.739998,92.070000,92.589996,55.069641,9280000
2013-11-14,92.680000,93.419998,92.680000,93.220001,55.444336,7909200
2013-11-15,94.150002,95.290001,94.029999,95.269997,56.663605,18374500
2013-11-18,95.980003,96.000000,95.059998,95.449997,56.770660,14243700
2013-11-19,95.400002,95.790001,95.160004,95.419998,56.752819,12697300
2013-11-20,95.750000,95.949997,94.370003,94.680000,56.312710,10455400
2013-11-21,94.849998,95.389999,94.629997,94.690002,56.318653,9128400
2013-11-22,94.959999,95.070000,94.290001,95.010002,56.508984,8534700
2013-11-25,95.209999,95.750000,94.830002,95.089996,56.556538,10515100
2013-11-26,94.750000,94.809998,94.150002,94.269997,56.068836,11857900
2013-11-27,94.360001,94.419998,93.480003,93.800003,55.789299,8828100
2013-11-29,93.650002,94.220001,93.300003,93.480003,55.598972,6770500
2013-12-02,93.269997,94.040001,92.919998,93.519997,55.622765,9310500
2013-12-03,93.599998,94.480003,93.230003,94.389999,56.140217,12599500
2013-12-04,94.190002,94.900002,93.919998,94.669998,56.306755,13074000
2013-12-05,94.070000,94.650002,93.919998,94.129997,55.985596,10586000
2013-12-06,94.970001,95.709999,94.589996,95.650002,56.889645,12063400
2013-12-09,95.949997,96.250000,95.599998,95.839996,57.002613,15516700
2013-12-10,95.900002,95.980003,95.389999,95.709999,56.925304,9868100
2013-12-11,95.379997,95.540001,94.160004,94.260002,56.062908,12811800
2013-12-12,94.500000,95.879997,94.279999,95.360001,56.717167,15562600
2013-12-13,95.129997,95.919998,94.660004,95.309998,56.687405,10629500
2013-12-16,96.279999,98.879997,96.129997,97.220001,57.823402,23226000
2013-12-17,97.019997,97.129997,96.029999,96.750000,57.543877,14920900
2013-12-18,97.430000,99.949997,97.010002,99.540001,59.203281,21331300
2013-12-19,99.500000,99.599998,99.000000,99.430000,59.137871,12905900
2013-12-20,99.389999,99.599998,98.599998,98.680000,58.691765,23331000
2013-12-23,99.000000,99.290001,98.389999,98.510002,58.590649,10127600
2013-12-24,98.330002,99.440002,98.330002,99.220001,59.012943,4168300
2013-12-26,99.419998,101.029999,99.379997,100.900002,60.012192,9531200
2013-12-27,101.239998,101.739998,100.989998,101.510002,60.374958,10209000
2013-12-30,101.529999,101.550003,100.309998,100.309998,59.661243,9007900
2013-12-31,100.489998,101.389999,100.430000,101.199997,60.190598,8509600
2014-01-02,100.599998,100.760002,99.389999,99.750000,59.328201,11028100
2014-01-03,99.769997,100.169998,99.139999,99.510002,59.185432,9295600
2014-01-06,99.940002,100.139999,98.889999,99.660004,59.274639,11848500
2014-01-07,99.610001,101.220001,99.419998,101.070000,60.113274,11187000
2014-01-08,101.190002,101.190002,100.150002,100.739998,59.917004,11180400
2014-01-09,100.199997,100.389999,99.029999,99.760002,59.334148,11674300
2014-01-10,99.989998,100.629997,99.120003,100.519997,59.786171,10535400
2014-01-13,99.910004,100.099998,98.269997,98.550003,58.614471,12110900
2014-01-14,98.800003,99.269997,98.650002,99.120003,58.953472,9265000
2014-01-15,99.160004,99.349998,98.629997,98.779999,58.751244,9425500
2014-01-16,98.790001,99.040001,98.250000,98.940002,58.846439,9421700
2014-01-17,99.180000,100.339996,98.669998,99.160004,58.977253,15998000
2014-01-21,98.570000,98.889999,98.040001,98.500000,58.584702,13847300
2014-01-22,98.879997,98.949997,97.839996,97.879997,58.215961,11642800
2014-01-23,97.250000,97.389999,96.010002,96.970001,57.674717,15393200
2014-01-24,96.180000,96.250000,94.820000,94.849998,56.413788,14584300
2014-01-27,95.080002,95.580002,94.750000,94.919998,56.455448,12474600
2014-01-28,95.349998,95.919998,94.769997,95.650002,56.889645,10773600
2014-01-29,94.930000,96.199997,94.650002,95.110001,56.568451,13191500
2014-01-30,94.000000,94.949997,93.059998,93.989998,55.902306,14628400
2014-01-31,92.849998,93.279999,91.699997,92.160004,54.813877,17361400
2014-02-03,91.919998,92.309998,89.639999,90.050003,53.558922,20377900
2014-02-04,90.370003,90.639999,89.389999,90.019997,53.541069,17414400
2014-02-05,90.309998,90.610001,89.379997,89.580002,53.279381,16393600
2014-02-06,89.510002,90.180000,89.250000,89.800003,53.788521,13646100
2014-02-07,90.120003,90.629997,89.750000,90.580002,54.255695,12573800
2014-02-10,90.449997,90.529999,89.360001,89.519997,53.620785,12237700
2014-02-11,89.559998,91.000000,89.400002,90.839996,54.411438,13422800
2014-02-12,91.010002,91.860001,90.639999,91.080002,54.555187,10752400
2014-02-13,90.589996,91.650002,90.400002,91.430000,54.764847,9775300
2014-02-14,91.809998,94.430000,91.599998,94.110001,56.370144,18260400
2014-02-18,94.070000,94.720001,93.360001,94.070000,56.346157,12979300
2014-02-19,93.800003,95.290001,93.800003,93.949997,56.274273,12227800
2014-02-20,93.849998,95.769997,93.750000,95.370003,57.124844,14424300
2014-02-21,95.480003,95.580002,94.940002,95.029999,56.921192,11282200
2014-02-24,95.610001,97.250000,95.410004,96.440002,57.765755,16012500
2014-02-25,96.540001,96.970001,95.959999,96.309998,57.687893,10663000
2014-02-26,96.559998,96.860001,95.529999,95.790001,57.376431,9087600
2014-02-27,95.580002,96.050003,95.160004,95.839996,57.406357,9101200
2014-02-28,95.959999,96.830002,95.779999,96.269997,57.663925,12651400
2014-03-03,95.760002,96.540001,94.830002,95.500000,57.202721,11896700
2014-03-04,96.589996,96.860001,95.870003,96.519997,57.813660,12566100
2014-03-05,95.199997,95.290001,93.400002,93.800003,56.184429,19829600
2014-03-06,93.669998,93.940002,93.269997,93.760002,56.160480,12610400
2014-03-07,94.370003,95.059998,93.989998,94.989998,56.897236,12659100
2014-03-10,95.150002,95.550003,94.660004,95.500000,57.202721,9964500
2014-03-11,95.360001,95.589996,93.519997,94.010002,56.310230,12143600
2014-03-12,93.639999,94.470001,93.550003,94.209999,56.430012,9705400
2014-03-13,94.440002,94.570000,93.330002,93.639999,56.088623,9872500
2014-03-14,93.580002,94.220001,93.290001,93.470001,55.986801,11723300
2014-03-17,93.949997,94.529999,93.750000,94.320000,56.495918,8676100
2014-03-18,94.410004,95.250000,94.070000,94.709999,56.729519,8757300
2014-03-19,94.650002,95.300003,93.129997,93.730003,56.142502,9914700
2014-03-20,93.440002,94.739998,93.010002,94.580002,56.651646,10405000
2014-03-21,95.099998,95.989998,94.309998,94.309998,56.489925,24479800
2014-03-24,94.760002,95.099998,94.480003,94.639999,56.687572,9539800
2014-03-25,95.099998,95.820000,94.800003,94.910004,56.849323,9796600
2014-03-26,95.559998,95.580002,94.410004,94.699997,56.723522,11033300
2014-03-27,94.610001,96.500000,94.059998,96.239998,57.645950,15427500
2014-03-28,96.470001,97.970001,96.470001,97.699997,58.520473,12321800
2014-03-31,98.489998,98.849998,97.320000,97.680000,58.508484,12375200
2014-04-01,97.650002,97.930000,97.279999,97.730003,58.538445,9475300
2014-04-02,97.529999,98.059998,97.180000,97.949997,58.670200,9551000
2014-04-03,97.830002,98.540001,97.559998,97.930000,58.658237,10113000
2014-04-04,98.300003,98.709999,97.279999,97.360001,58.316795,12496100
2014-04-07,97.250000,97.529999,96.750000,96.779999,57.969425,10120700
2014-04-08,97.010002,97.879997,96.750000,97.449997,58.370720,10243000
2014-04-09,97.750000,97.790001,96.629997,97.330002,58.298862,10463900
2014-04-10,96.980003,97.779999,96.239998,96.779999,57.969425,13443400
2014-04-11,96.510002,97.440002,96.279999,96.720001,57.933456,13352500
2014-04-14,97.489998,98.059998,96.739998,97.860001,58.616299,9610200
2014-04-15,97.580002,98.699997,97.070000,98.680000,59.107471,12961600
2014-04-16,99.050003,100.099998,98.970001,99.940002,59.862209,12508100
2014-04-17,99.690002,100.970001,99.690002,100.419998,60.149693,15435700
2014-04-21,100.029999,100.930000,99.889999,100.930000,60.455173,8002100
2014-04-22,100.529999,100.860001,100.220001,100.370003,60.119743,8212100
2014-04-23,100.589996,100.949997,100.330002,100.500000,60.197617,8686000
2014-04-24,100.480003,100.599998,99.860001,100.010002,59.904125,9057800
2014-04-25,99.989998,100.570000,99.930000,100.410004,60.143734,10391500
2014-04-28,100.720001,101.459999,100.309998,101.169998,60.598934,12710800
2014-04-29,101.570000,102.570000,101.230003,101.449997,60.766674,10094600
2014-04-30,101.129997,102.410004,100.709999,102.410004,61.341679,13966700
2014-05-01,101.959999,102.389999,101.199997,101.410004,60.742676,11161700
2014-05-02,101.279999,102.910004,100.980003,102.010002,61.102089,11168100
2014-05-05,101.690002,103.129997,101.580002,102.910004,61.641178,7614200
2014-05-06,102.599998,103.300003,102.410004,102.669998,61.497417,9669800
2014-05-07,103.120003,103.449997,102.790001,103.110001,61.760933,11007400
2014-05-08,103.089996,103.290001,102.169998,102.320000,61.287769,8922500
2014-05-09,101.709999,102.180000,101.260002,101.949997,61.480740,8948800
2014-05-12,102.330002,102.349998,101.529999,102.230003,61.649570,8830500
2014-05-13,102.180000,102.709999,101.940002,102.360001,61.727982,7528800
2014-05-14,102.360001,102.680000,102.110001,102.290001,61.685768,6999200
2014-05-15,102.000000,102.419998,100.330002,100.779999,60.775188,13658700
2014-05-16,100.589996,101.000000,100.320000,100.739998,60.751045,10369200
2014-05-19,100.419998,101.110001,100.419998,100.870003,60.829445,5851400
2014-05-20,100.690002,101.080002,100.449997,100.669998,60.708828,6134100
2014-05-21,100.849998,102.220001,100.720001,102.029999,61.528984,7747900
2014-05-22,101.809998,101.970001,101.470001,101.500000,61.209366,5304300
2014-05-23,101.550003,101.930000,101.269997,101.320000,61.100807,5410900
2014-05-27,101.610001,101.900002,100.930000,101.360001,61.124966,8359700
2014-05-28,101.230003,102.070000,101.050003,101.059998,60.944016,7586700
2014-05-29,101.540001,101.650002,101.019997,101.269997,61.070671,6113700
2014-05-30,100.800003,101.150002,100.370003,100.529999,60.624401,11499000
2014-06-02,100.529999,100.879997,99.669998,99.940002,60.268616,7761300
2014-06-03,99.589996,100.690002,99.589996,100.389999,60.539970,9384200
2014-06-04,100.209999,100.459999,99.959999,100.040001,60.328915,7148800
2014-06-05,100.099998,100.830002,99.959999,100.550003,60.636486,12296100
2014-06-06,100.610001,101.629997,100.599998,101.599998,61.269676,9340900
2014-06-09,101.449997,101.959999,101.190002,101.519997,61.221439,6404800
2014-06-10,101.480003,101.730003,101.000000,101.459999,61.185257,7917500
2014-06-11,101.190002,102.330002,101.000000,101.949997,61.480740,10270300
2014-06-12,102.459999,102.949997,101.570000,101.660004,61.305862,11421000
2014-06-13,101.930000,102.660004,101.629997,102.650002,61.902859,8240300
2014-06-16,102.570000,103.250000,102.169998,102.919998,62.065693,8977600
2014-06-17,102.580002,102.589996,101.449997,102.419998,61.764164,9355400
2014-06-18,102.570000,102.949997,102.059998,102.730003,61.951122,9575100
2014-06-19,102.610001,102.839996,101.680000,102.629997,61.890800,11105600
2014-06-20,103.279999,104.059998,102.940002,103.830002,62.614479,17674400
2014-06-23,104.110001,104.610001,103.879997,104.379997,62.946129,8553700
2014-06-24,104.180000,104.470001,102.470001,102.730003,61.951122,9708400
2014-06-25,102.339996,102.620003,101.529999,102.139999,61.595325,10714800
2014-06-26,101.940002,102.379997,100.849998,102.029999,61.528984,8424200
2014-06-27,101.669998,101.790001,100.660004,101.209999,61.034492,15147400
2014-06-30,101.209999,101.269997,100.519997,100.680000,60.714867,9454800
2014-07-01,101.150002,101.589996,100.790001,101.360001,61.124966,8399600
2014-07-02,101.150002,101.639999,101.040001,101.570000,61.251575,6954400
2014-07-03,101.949997,103.269997,101.680000,102.589996,61.866676,6922600
2014-07-07,102.330002,102.650002,102.019997,102.650002,61.902859,7979600
2014-07-08,102.330002,103.230003,102.169998,102.830002,62.011417,9613600
2014-07-09,102.959999,103.690002,102.809998,103.550003,62.445625,7655300
2014-07-10,102.879997,103.070000,102.040001,102.570000,61.854614,8533700
2014-07-11,102.400002,102.500000,101.320000,101.739998,61.354095,7680800
2014-07-14,102.169998,103.080002,102.160004,102.680000,61.920967,8253100
2014-07-15,102.529999,102.599998,101.739998,102.389999,61.746071,8755800
2014-07-16,102.559998,103.790001,102.540001,103.769997,62.578285,8870200
2014-07-17,103.379997,103.889999,102.290001,102.309998,61.697819,8145700
2014-07-18,102.690002,102.959999,101.860001,102.730003,61.951122,8208300
2014-07-21,102.360001,103.190002,102.059998,103.080002,62.162189,6632400
2014-07-22,103.639999,104.190002,103.500000,103.540001,62.439579,7426300
2014-07-23,103.639999,104.449997,103.529999,104.250000,62.867771,7007200
2014-07-24,104.419998,104.720001,103.949997,104.279999,62.885849,7943000
2014-07-25,103.930000,103.989998,102.959999,103.180000,62.222481,7775500
2014-07-28,103.290001,104.519997,102.830002,104.370003,62.940128,9197800
2014-07-29,104.209999,104.760002,103.519997,103.550003,62.445625,8055400
2014-07-30,103.730003,104.150002,102.570000,103.250000,62.264709,11072100
2014-07-31,101.980003,101.980003,98.930000,98.940002,59.665554,18291800
2014-08-01,98.620003,99.550003,98.180000,98.800003,59.581131,14915000
2014-08-04,98.739998,100.430000,98.309998,100.129997,60.383202,12148200
2014-08-05,99.480003,99.540001,97.779999,98.199997,59.219307,13069400
2014-08-06,98.199997,99.650002,98.199997,98.980003,59.689693,9911300
2014-08-07,99.769997,99.839996,97.629997,98.269997,59.261517,10017100
2014-08-08,98.809998,99.790001,98.320000,99.739998,60.147987,11199300
2014-08-11,99.279999,99.419998,98.540001,98.730003,59.953690,8589600
2014-08-12,98.209999,98.690002,97.820000,98.489998,59.807934,9583700
2014-08-13,98.820000,99.309998,98.480003,99.089996,60.172283,7645800
2014-08-14,99.099998,99.279999,98.599998,99.089996,60.172283,6547300
2014-08-15,99.239998,99.430000,98.139999,99.029999,60.135868,9226900
2014-08-18,99.279999,99.529999,99.099998,99.519997,60.433388,7135400
2014-08-19,99.500000,99.949997,99.430000,99.489998,60.415207,8888100
2014-08-20,99.550003,99.900002,99.040001,99.699997,60.542690,6751800
2014-08-21,99.800003,100.070000,99.260002,99.279999,60.287666,6826200
2014-08-22,98.889999,98.980003,98.080002,98.500000,59.814011,8095000
2014-08-25,98.809998,98.900002,98.500000,98.750000,59.965832,7569800
2014-08-26,99.120003,100.309998,99.019997,99.639999,60.506283,8536500
2014-08-27,99.779999,99.959999,99.089996,99.529999,60.439468,5848700
2014-08-28,99.040001,99.739998,99.010002,99.570000,60.463772,6072700
2014-08-29,99.379997,99.669998,98.720001,99.459999,60.396988,8873700
2014-09-02,99.430000,99.589996,97.809998,98.489998,59.807934,8957100
2014-09-03,98.860001,99.589996,98.860001,99.110001,60.184444,8475100
2014-09-04,99.000000,99.449997,97.970001,98.360001,59.728996,9662900
2014-09-05,98.739998,99.300003,98.110001,99.260002,60.275532,9476900
2014-09-08,98.919998,98.919998,97.449997,97.769997,59.370728,10080100
2014-09-09,97.690002,98.029999,96.959999,97.389999,59.139965,9756400
2014-09-10,97.360001,97.529999,95.830002,96.809998,58.787746,12113700
2014-09-11,96.320000,97.120003,95.820000,97.029999,58.921356,10181100
2014-09-12,96.529999,96.589996,95.629997,95.779999,58.162296,10257500
2014-09-15,95.730003,96.400002,95.400002,96.290001,58.472004,10689400
2014-09-16,96.230003,98.050003,96.019997,97.430000,59.164246,11574100
2014-09-17,97.910004,97.930000,96.800003,97.080002,58.951740,8774200
2014-09-18,97.150002,97.320000,96.480003,96.610001,58.666302,8636600
2014-09-19,97.080002,97.559998,96.870003,97.120003,58.976036,18178100
2014-09-22,96.900002,97.000000,96.269997,96.540001,58.623806,8816900
2014-09-23,96.279999,97.160004,96.029999,96.029999,58.314106,10300700
2014-09-24,95.870003,96.250000,94.839996,95.820000,58.186600,12200000
2014-09-25,95.660004,95.889999,94.199997,94.250000,57.233185,12854200
2014-09-26,94.330002,95.760002,93.800003,95.430000,57.949783,11256800
2014-09-29,94.709999,94.779999,93.800003,94.430000,57.342514,14015000
2014-09-30,94.110001,94.809998,93.620003,94.050003,57.111786,15576500
2014-10-01,94.110001,94.540001,92.720001,92.860001,56.389137,14028600
2014-10-02,92.389999,93.900002,92.059998,93.300003,56.656326,13756500
2014-10-03,93.599998,94.110001,92.580002,93.919998,57.032799,11563000
2014-10-06,94.010002,95.330002,93.910004,94.519997,57.397144,10595400
2014-10-07,94.269997,95.190002,93.330002,93.370003,56.698833,10787900
2014-10-08,93.419998,94.830002,92.419998,94.610001,57.451828,15583700
2014-10-09,94.050003,94.489998,91.629997,91.820000,55.757607,17915600
2014-10-10,92.440002,93.269997,90.900002,91.599998,55.623989,18173100
2014-10-13,91.320000,92.529999,90.760002,90.839996,55.162491,14451100
2014-10-14,91.489998,92.230003,90.059998,90.550003,54.986389,23120500
2014-10-15,89.000000,90.610001,86.910004,90.220001,54.785984,24703500
2014-10-16,88.580002,91.269997,88.180000,90.599998,55.016750,25212600
2014-10-17,91.129997,92.250000,90.500000,91.209999,55.387188,18189200
2014-10-20,90.629997,91.889999,90.629997,91.769997,55.727230,10821700
2014-10-21,92.860001,94.029999,92.360001,93.650002,56.868870,15757000
2014-10-22,93.959999,94.589996,92.980003,93.129997,56.553074,12733600
2014-10-23,94.309998,94.980003,93.870003,94.110001,57.148182,11345100
2014-10-24,94.190002,94.529999,93.220001,94.489998,57.378925,9734100
2014-10-27,93.849998,93.849998,92.769997,93.709999,56.905289,11387700
2014-10-28,94.440002,95.199997,93.930000,95.099998,57.749363,12564100
2014-10-29,95.419998,95.980003,93.620003,94.589996,57.439674,12409100
2014-10-30,93.870003,94.669998,93.220001,94.449997,57.354660,9767900
2014-10-31,94.989998,96.889999,94.309998,96.709999,58.727055,17493700
2014-11-03,96.559998,97.099998,94.800003,95.260002,57.846523,13410000
2014-11-04,94.500000,94.889999,93.889999,94.519997,57.397144,13498500
2014-11-05,95.360001,95.769997,94.650002,95.070000,57.731144,12480000
2014-11-06,95.180000,96.419998,94.279999,96.260002,58.453796,14731400
2014-11-07,95.800003,97.160004,95.720001,96.589996,59.077652,13233500
2014-11-10,96.870003,97.099998,96.070000,96.279999,58.888050,9087600
2014-11-11,95.779999,96.510002,95.610001,96.410004,58.967571,7990000
2014-11-12,95.900002,96.400002,95.110001,95.379997,58.337563,11592800
2014-11-13,94.959999,95.209999,93.830002,94.660004,57.897202,12355400
2014-11-14,94.870003,95.110001,94.650002,95.089996,58.160206,9352500
2014-11-17,94.849998,95.139999,94.190002,95.110001,58.172436,8704400
2014-11-18,95.080002,95.750000,94.529999,94.870003,58.025639,9263200
2014-11-19,95.080002,95.739998,94.129997,95.610001,58.478249,8333200
2014-11-20,95.370003,95.900002,95.260002,95.820000,58.606701,8422400
2014-11-21,97.199997,97.199997,96.099998,96.809998,59.212193,12374900
2014-11-24,96.339996,96.800003,95.250000,95.720001,58.545525,10172400
2014-11-25,96.010002,96.029999,94.370003,94.779999,57.970589,13747400
2014-11-26,94.639999,95.129997,94.360001,94.480003,57.787117,9822100
2014-11-28,91.500000,91.849998,90.110001,90.540001,55.377266,19556700
2014-12-01,90.360001,92.870003,90.279999,92.349998,56.484322,27584200
2014-12-02,92.320000,94.669998,92.010002,94.190002,57.609726,20885300
2014-12-03,94.669998,95.330002,94.000000,94.949997,58.074562,16220400
2014-12-04,94.129997,94.610001,93.070000,94.370003,57.719803,12868600
2014-12-05,93.949997,94.589996,93.349998,93.820000,57.383415,11831900
2014-12-08,92.900002,93.129997,91.370003,91.699997,56.086754,15735900
2014-12-09,91.230003,92.059998,90.760002,91.379997,55.891037,15883800
2014-12-10,90.720001,90.730003,88.199997,88.669998,54.233501,22279400
2014-12-11,88.860001,91.540001,88.849998,89.199997,54.557674,21522200
2014-12-12,88.709999,89.000000,86.599998,86.599998,52.967430,24568300
2014-12-15,87.529999,88.599998,86.500000,86.900002,53.150921,21373600
2014-12-16,86.379997,89.199997,86.190002,86.410004,52.851227,26372400
2014-12-17,87.239998,89.900002,87.150002,89.019997,54.447594,23323000
2014-12-18,90.370003,91.160004,88.400002,91.160004,55.756481,22882700
2014-12-19,90.209999,93.639999,89.610001,93.639999,57.273319,38469000
2014-12-22,92.959999,93.669998,92.449997,93.330002,57.083725,17871800
2014-12-23,93.519997,95.180000,93.050003,94.589996,57.854382,13706500
2014-12-24,94.220001,94.250000,92.980003,93.779999,57.358955,6875700
2014-12-26,93.989998,94.430000,92.620003,93.209999,57.010323,10585000
2014-12-29,93.330002,93.860001,92.889999,93.070000,56.924686,9892100
2014-12-30,92.769997,93.389999,92.510002,93.019997,56.894104,8743400
2014-12-31,92.419998,93.129997,92.059998,92.449997,56.545483,11337200
2015-01-02,92.250000,93.050003,91.809998,92.830002,56.777908,10220400
2015-01-05,92.099998,92.400002,89.500000,90.290001,55.224335,18502400
2015-01-06,90.239998,91.410004,89.019997,89.809998,54.930767,16670700
2015-01-07,90.650002,91.480003,90.000000,90.720001,55.487373,13590700
2015-01-08,91.250000,92.269997,91.000000,92.230003,56.410931,15487500
2015-01-09,92.300003,92.779999,91.370003,92.099998,56.331406,14488400
2015-01-12,91.239998,91.339996,89.820000,90.330002,55.248833,15176300
2015-01-13,90.879997,91.430000,89.110001,90.000000,55.046989,17469000
2015-01-14,88.949997,89.889999,87.260002,89.739998,54.887959,23272100
2015-01-15,90.430000,90.660004,88.510002,88.959999,54.410877,18759600
2015-01-16,88.980003,91.190002,88.980003,91.120003,55.732018,17713100
2015-01-20,91.139999,91.779999,90.379997,91.089996,55.713654,16761000
2015-01-21,91.739998,91.989998,91.010002,91.870003,56.190746,14276400
2015-01-22,92.309998,92.970001,91.320000,92.870003,56.802372,13559000
2015-01-23,92.279999,92.480003,90.790001,90.889999,55.591328,14706300
2015-01-26,90.610001,91.940002,90.470001,91.760002,56.123451,10672500
2015-01-27,91.239998,91.599998,90.599998,90.949997,55.628033,12301500
2015-01-28,90.879997,90.930000,87.820000,87.949997,53.793144,17829700
2015-01-29,88.220001,88.260002,86.029999,87.580002,53.566826,22683000
2015-01-30,87.160004,88.419998,86.250000,87.419998,53.468960,22679900
2015-02-02,87.849998,89.589996,87.500000,89.580002,54.790108,20306300
2015-02-03,90.900002,92.330002,90.809998,92.250000,56.423164,21900900
2015-02-04,91.639999,92.269997,90.510002,91.459999,55.939968,19632200
2015-02-05,92.389999,92.540001,91.699997,92.360001,56.490444,12809000
2015-02-06,92.099998,92.279999,90.959999,91.500000,56.385674,12331200
2015-02-09,91.400002,92.290001,91.239998,91.559998,56.422657,11360700
2015-02-10,91.739998,91.739998,90.300003,91.010002,56.083706,12952900
2015-02-11,90.019997,90.830002,89.790001,90.599998,55.831066,12240600
2015-02-12,91.459999,92.660004,91.019997,92.370003,56.921803,14843000
2015-02-13,92.699997,93.449997,92.279999,93.370003,57.538021,12061000
2015-02-17,92.750000,93.070000,92.290001,93.050003,57.340847,11758700
2015-02-18,91.989998,91.989998,90.389999,91.010002,56.083706,19177900
2015-02-19,89.639999,90.419998,88.580002,89.440002,55.116226,19350600
2015-02-20,89.400002,89.940002,88.849998,89.919998,55.412022,15959900
2015-02-23,89.260002,89.550003,88.739998,89.010002,54.851246,12771800
2015-02-24,89.330002,89.779999,89.129997,89.419998,55.103897,9990700
2015-02-25,89.570000,89.699997,89.080002,89.599998,55.214836,9925700
2015-02-26,89.129997,89.180000,88.080002,88.650002,54.629398,13984000
2015-02-27,88.889999,89.279999,88.339996,88.540001,54.561615,13090600
2015-03-02,88.339996,88.519997,87.349998,88.040001,54.253490,13793700
2015-03-03,87.930000,88.019997,87.129997,87.620003,53.994678,13493800
2015-03-04,87.959999,87.959999,86.930000,87.180000,53.723534,13467600
2015-03-05,87.070000,87.190002,86.519997,86.739998,53.452396,12527600
2015-03-06,86.410004,86.599998,85.320000,85.629997,52.768379,16070500
2015-03-09,86.120003,86.379997,85.120003,85.160004,52.478722,14503800
2015-03-10,84.820000,85.529999,84.239998,84.260002,51.924129,17195500
2015-03-11,84.930000,84.930000,84.000000,84.019997,51.776218,13004700
2015-03-12,84.430000,84.720001,84.059998,84.220001,51.899467,10792900
2015-03-13,83.900002,84.180000,82.680000,83.870003,51.683784,16799900
2015-03-16,83.709999,84.860001,83.269997,84.760002,52.232254,13516200
2015-03-17,84.540001,84.849998,84.019997,84.080002,51.813194,12979700
2015-03-18,83.540001,86.370003,83.430000,86.070000,53.039516,18745700
2015-03-19,85.190002,85.500000,84.330002,84.410004,52.016560,12738500
2015-03-20,84.669998,85.400002,84.389999,84.540001,52.096664,36083500
2015-03-23,85.019997,85.779999,85.010002,85.430000,52.645138,17450700
2015-03-24,85.300003,85.779999,84.500000,84.519997,52.084335,10174300
2015-03-25,85.050003,85.570000,84.769997,84.860001,52.293858,11934700
2015-03-26,85.300003,85.570000,84.089996,84.320000,51.961098,14400700
2015-03-27,84.040001,84.050003,83.330002,83.580002,51.505074,11579300
2015-03-30,84.269997,85.820000,84.250000,85.629997,52.768379,15653200
2015-03-31,84.849998,85.339996,84.459999,85.000000,52.380142,13354000
2015-04-01,85.699997,86.000000,84.260002,84.459999,52.047367,14522300
2015-04-02,84.089996,84.940002,83.849998,84.300003,51.948788,11297400
2015-04-06,85.150002,85.639999,84.199997,85.129997,52.460258,10916400
2015-04-07,85.010002,86.169998,84.760002,85.750000,52.842319,11836100
2015-04-08,85.800003,85.900002,84.019997,84.059998,51.800884,16257100
2015-04-09,84.000000,84.730003,83.809998,84.650002,52.164467,13281800
2015-04-10,85.370003,86.040001,84.769997,85.559998,52.725246,13372400
2015-04-13,85.919998,86.250000,85.239998,85.339996,52.589645,9880500
2015-04-14,85.599998,87.480003,85.529999,86.629997,53.384583,15693800
2015-04-15,87.139999,88.529999,87.139999,88.080002,54.278175,15332800
2015-04-16,87.879997,88.160004,87.110001,87.730003,54.062492,9570800
2015-04-17,87.139999,87.360001,86.160004,86.930000,53.569466,14430100
2015-04-20,87.129997,88.099998,87.080002,87.239998,53.760509,11593600
2015-04-21,87.379997,87.620003,86.690002,86.879997,53.538666,10100500
2015-04-22,87.040001,87.800003,86.339996,87.459999,53.896084,8663600
2015-04-23,87.360001,88.379997,87.309998,87.540001,53.945366,9866100
2015-04-24,87.190002,87.360001,86.660004,86.970001,53.594128,8405700
2015-04-27,87.410004,87.599998,86.760002,87.010002,53.618782,10534600
2015-04-28,87.220001,87.860001,87.040001,87.800003,54.105614,9633800
2015-04-29,87.500000,88.070000,86.959999,87.870003,54.148739,12534100
2015-04-30,88.669998,88.669998,87.220001,87.370003,53.840622,13947700
2015-05-01,87.849998,88.949997,87.699997,88.849998,54.752640,12257100
2015-05-04,89.419998,89.879997,88.949997,89.110001,54.912876,10343700
2015-05-05,89.970001,90.089996,88.519997,88.610001,54.604748,11895000
2015-05-06,89.650002,89.959999,87.790001,88.190002,54.345947,11273500
2015-05-07,88.000000,88.099998,86.919998,87.599998,53.982346,9992500
2015-05-08,88.470001,89.070000,87.820000,88.989998,54.838921,11390300
2015-05-11,88.529999,88.570000,86.650002,86.779999,53.919357,11997800
2015-05-12,86.889999,87.459999,86.419998,87.019997,54.068481,9788900
2015-05-13,87.279999,87.730003,86.400002,86.559998,53.782658,8629400
2015-05-14,86.930000,87.339996,86.750000,86.970001,54.037395,8791300
2015-05-15,86.800003,87.620003,86.599998,87.349998,54.273525,8422200
2015-05-18,87.309998,87.459999,86.779999,86.849998,53.962837,6395400
2015-05-19,86.470001,87.209999,86.209999,86.989998,54.049831,9777100
2015-05-20,87.389999,87.400002,86.910004,87.129997,54.136826,7276600
2015-05-21,87.279999,87.440002,86.959999,87.209999,54.186535,8357400
2015-05-22,86.989998,87.099998,86.500000,86.519997,53.757790,7598400
2015-05-26,86.040001,86.370003,85.029999,85.349998,53.030838,11289000
2015-05-27,85.300003,85.889999,84.769997,85.110001,52.881729,10778300
2015-05-28,85.110001,85.570000,84.820000,85.110001,52.881729,8038900
2015-05-29,85.099998,85.580002,84.879997,85.199997,52.937649,14631300
2015-06-01,85.250000,85.470001,84.800003,85.129997,52.894138,9077500
2015-06-02,85.120003,85.589996,84.910004,85.139999,52.900352,9328300
2015-06-03,85.230003,85.839996,84.860001,84.949997,52.782303,8179500
2015-06-04,84.699997,84.889999,83.779999,84.220001,52.328716,12607300
2015-06-05,84.129997,85.000000,83.980003,84.279999,52.366013,11388500
2015-06-08,84.180000,85.209999,83.930000,84.849998,52.720158,12244700
2015-06-09,85.290001,85.430000,84.489998,84.580002,52.552406,8105500
2015-06-10,85.839996,85.970001,85.000000,85.209999,52.943863,10147000
2015-06-11,85.300003,85.699997,84.889999,85.089996,52.869282,7759300
2015-06-12,84.580002,84.680000,83.860001,84.019997,52.204464,8347300
2015-06-15,83.529999,83.980003,83.190002,83.720001,52.018074,9563900
2015-06-16,83.809998,84.750000,83.400002,84.680000,52.614555,9100100
2015-06-17,85.029999,85.129997,84.410004,84.730003,52.645622,9090200
2015-06-18,84.800003,85.959999,84.720001,85.480003,53.111614,10247800
2015-06-19,84.919998,85.480003,84.919998,85.209999,52.943863,16129600
2015-06-22,85.389999,85.599998,84.970001,85.169998,52.919014,9465100
2015-06-23,85.220001,85.279999,84.589996,85.070000,52.856853,10223900
2015-06-24,84.889999,85.339996,84.660004,84.680000,52.614555,11800100
2015-06-25,84.849998,84.849998,83.930000,83.930000,52.148533,10259400
2015-06-26,83.830002,84.099998,83.489998,83.860001,52.105049,19023300
2015-06-29,83.050003,83.449997,82.800003,82.820000,51.458858,11739200
2015-06-30,83.739998,84.900002,82.800003,83.199997,51.694973,14981100
2015-07-01,83.279999,83.529999,82.110001,82.370003,51.179264,13529100
2015-07-02,82.790001,83.279999,82.550003,83.139999,51.657684,9188000
2015-07-06,82.419998,83.059998,82.120003,82.529999,51.278671,11694400
2015-07-07,82.190002,83.230003,81.489998,82.870003,51.489941,15641500
2015-07-08,82.250000,82.980003,81.910004,81.970001,50.930737,10057000
2015-07-09,82.870003,83.150002,81.580002,81.599998,50.700832,11980500
2015-07-10,82.089996,82.489998,81.720001,82.220001,51.086079,8628700
2015-07-13,82.110001,82.610001,82.070000,82.419998,51.210350,8026700
2015-07-14,82.379997,83.320000,82.260002,83.110001,51.639057,9310200
2015-07-15,82.610001,83.419998,82.400002,82.760002,51.421577,9289200
2015-07-16,83.180000,83.480003,82.800003,82.910004,51.514809,8267600
2015-07-17,82.510002,82.839996,81.790001,82.610001,51.328392,12156000
2015-07-20,82.150002,82.410004,81.599998,81.760002,50.800228,12957100
2015-07-21,81.930000,82.430000,81.430000,81.660004,50.738117,8677100
2015-07-22,82.349998,82.470001,81.580002,81.790001,50.818886,13181500
2015-07-23,81.730003,81.970001,80.970001,81.139999,50.415028,10496100
2015-07-24,81.160004,81.160004,79.720001,79.940002,49.669418,14888500
2015-07-27,79.230003,80.129997,78.970001,79.260002,49.246910,14996100
2015-07-28,79.699997,82.669998,79.570000,82.480003,51.247627,19777300
2015-07-29,82.180000,83.199997,81.910004,83.139999,51.657684,13913800
2015-07-30,83.180000,83.320000,82.419998,83.010002,51.576923,11139900
2015-07-31,81.669998,81.669998,78.930000,79.209999,49.215847,26232700
2015-08-03,78.699997,78.930000,77.629997,78.059998,48.501316,15767700
2015-08-04,77.879997,78.610001,76.930000,77.169998,47.948318,18874400
2015-08-05,77.870003,78.230003,76.900002,77.169998,47.948318,16544400
2015-08-06,76.940002,78.260002,76.910004,78.089996,48.519947,13005200
2015-08-07,77.550003,77.970001,76.620003,76.830002,47.737080,12187600
2015-08-10,77.089996,78.750000,77.089996,78.750000,48.930046,14876000
2015-08-11,77.010002,78.070000,76.330002,77.489998,48.597649,14486400
2015-08-12,77.440002,78.870003,76.959999,78.790001,49.412945,16492400
2015-08-13,78.320000,79.290001,78.269997,78.650002,49.325138,13154100
2015-08-14,78.639999,79.279999,78.250000,78.360001,49.143261,9129300
2015-08-17,77.930000,79.180000,77.449997,78.769997,49.400398,9365400
2015-08-18,78.529999,78.669998,77.580002,77.900002,48.854794,9815300
2015-08-19,77.510002,77.580002,75.930000,76.230003,47.807438,17010100
2015-08-20,76.000000,76.180000,74.570000,74.570000,46.766376,17811200
2015-08-21,74.099998,74.889999,72.070000,72.129997,45.236137,25488800
2015-08-24,67.989998,71.379997,66.550003,68.720001,43.097561,35531200
2015-08-25,71.309998,71.440002,68.199997,68.709999,43.091297,30409700
2015-08-26,70.629997,72.750000,69.150002,72.500000,45.468189,34436000
2015-08-27,73.800003,74.889999,73.010002,74.849998,46.941975,24571000
2015-08-28,74.709999,75.980003,74.410004,75.070000,47.079948,18997300
2015-08-31,74.279999,75.550003,73.300003,75.239998,47.186562,19570100
2015-09-01,73.300003,73.349998,71.510002,72.080002,45.204784,24092900
2015-09-02,73.059998,73.239998,72.000000,73.230003,45.925999,16936900
2015-09-03,73.639999,74.910004,73.339996,73.790001,46.277199,13451900
2015-09-04,72.930000,73.139999,72.250000,72.459999,45.443096,14902500
2015-09-08,73.720001,73.720001,72.970001,73.500000,46.095337,13626900
2015-09-09,74.370003,74.680000,71.849998,72.000000,45.154602,17246200
2015-09-10,72.809998,72.980003,71.800003,72.519997,45.480728,12353900
2015-09-11,72.400002,72.720001,72.010002,72.690002,45.587341,12172300
2015-09-14,72.309998,72.580002,71.760002,72.489998,45.461918,10738500
2015-09-15,72.440002,73.309998,72.410004,72.860001,45.693974,11979800
2015-09-16,73.510002,74.699997,73.370003,74.300003,46.597065,15214200
2015-09-17,74.410004,75.470001,73.849998,74.459999,46.697392,15603000
2015-09-18,73.260002,73.559998,72.120003,72.680000,45.581085,23180200
2015-09-21,73.099998,73.610001,72.730003,73.389999,46.026337,10853000
2015-09-22,72.349998,73.519997,72.019997,72.739998,45.618698,14245200
2015-09-23,72.870003,73.199997,72.290001,72.300003,45.342754,13784800
2015-09-24,72.000000,73.150002,71.720001,72.730003,45.612427,14584200
2015-09-25,73.290001,73.529999,72.760002,73.230003,45.925999,15175300
2015-09-28,72.620003,73.459999,72.400002,72.599998,45.530884,14571900
2015-09-29,72.650002,73.190002,72.139999,72.970001,45.762943,13754400
2015-09-30,73.400002,74.349998,73.330002,74.349998,46.628384,18176500
2015-10-01,75.199997,75.580002,73.300003,74.059998,46.446529,14397800
2015-10-02,73.389999,75.900002,73.029999,75.879997,47.587944,18811300
2015-10-05,76.650002,77.150002,75.790001,76.809998,48.171185,18486700
2015-10-06,76.959999,78.559998,76.260002,77.889999,48.848503,18757900
2015-10-07,78.970001,79.290001,77.529999,79.199997,49.670078,18666300
2015-10-08,79.309998,80.110001,78.540001,80.029999,50.190594,14344700
2015-10-09,80.050003,80.169998,78.620003,79.260002,49.707710,17384700
2015-10-12,79.589996,79.589996,78.720001,79.300003,49.732780,9931800
2015-10-13,78.720001,79.550003,78.489998,79.160004,49.644985,12326600
2015-10-14,78.970001,80.480003,78.779999,80.160004,50.272133,14486000
2015-10-15,80.190002,81.529999,79.900002,81.480003,51.099983,13640900
2015-10-16,82.260002,82.500000,81.449997,82.480003,51.727097,14304400
2015-10-19,82.010002,82.169998,80.760002,80.989998,50.792656,14155800
2015-10-20,80.550003,81.059998,80.199997,80.830002,50.692322,12340100
2015-10-21,80.860001,81.150002,80.110001,80.209999,50.303467,10274900
2015-10-22,80.680000,82.959999,80.660004,82.889999,51.984234,14823500
2015-10-23,82.410004,83.000000,81.889999,82.980003,52.040695,13215700
2015-10-26,82.519997,82.730003,81.169998,81.220001,50.936901,12576400
2015-10-27,80.570000,81.160004,79.730003,81.089996,50.855381,13579400
2015-10-28,81.309998,82.580002,80.930000,82.279999,51.601685,12473000
2015-10-29,81.790001,83.220001,81.790001,82.230003,51.570320,10341200
2015-10-30,82.470001,83.879997,81.260002,82.739998,51.890186,18758600
2015-11-02,82.300003,85.930000,82.089996,85.279999,53.483128,21266500
2015-11-03,85.660004,87.440002,85.580002,86.849998,54.467758,20115900
2015-11-04,86.769997,87.080002,85.699997,85.980003,53.922127,14245400
2015-11-05,85.550003,86.230003,84.500000,84.809998,53.188377,12291100
2015-11-06,83.930000,84.470001,83.220001,84.470001,52.975136,12491700
2015-11-09,83.559998,83.599998,81.800003,81.949997,51.842773,13551200
2015-11-10,81.930000,82.610001,81.860001,82.349998,52.095814,14238000
2015-11-11,82.419998,82.559998,81.400002,81.620003,51.634007,9598000
2015-11-12,80.570000,81.279999,79.320000,79.410004,50.235920,16050600
2015-11-13,79.279999,79.580002,77.940002,78.099998,49.407185,17527300
2015-11-16,77.940002,80.989998,77.910004,80.900002,51.178513,14548100
2015-11-17,80.709999,80.879997,79.629997,79.959999,50.583858,10011700
2015-11-18,79.889999,80.900002,79.589996,80.739998,51.077293,10884600
2015-11-19,80.510002,80.779999,80.040001,80.300003,50.798954,9453300
2015-11-20,80.570000,80.940002,79.650002,79.790001,50.476311,10144400
2015-11-23,79.599998,80.709999,79.059998,80.279999,50.786293,11868400
2015-11-24,80.349998,82.349998,80.199997,81.879997,51.798485,15055500
2015-11-25,81.300003,82.169998,81.099998,81.250000,51.399921,8980400
2015-11-27,80.580002,81.260002,80.459999,81.230003,51.387283,4156600
2015-11-30,81.419998,82.650002,81.250000,81.660004,51.659290,17729200
2015-12-01,81.760002,82.129997,81.269997,81.889999,51.804810,13917000
2015-12-02,81.309998,81.639999,79.419998,79.550003,50.324482,16300000
2015-12-03,79.720001,79.849998,78.019997,78.410004,49.603306,14870300
2015-12-04,77.349998,78.980003,77.029999,78.860001,49.887978,20156400
2015-12-07,77.330002,77.500000,75.750000,76.800003,48.584808,17676100
2015-12-08,75.269997,76.349998,73.790001,74.629997,47.212017,24217600
2015-12-09,74.839996,77.190002,74.730003,75.629997,47.844635,22036300
2015-12-10,75.800003,77.500000,75.519997,75.690002,47.882595,20142400
2015-12-11,74.820000,75.540001,74.339996,74.339996,47.028564,20473100
2015-12-14,74.300003,76.220001,74.089996,76.029999,48.097675,21976500
2015-12-15,77.430000,79.599998,77.330002,79.430000,50.248566,24366800
2015-12-16,79.040001,79.610001,78.000000,79.150002,50.071445,17233900
2015-12-17,79.019997,79.230003,77.949997,77.959999,49.318630,17362900
2015-12-18,77.570000,78.779999,77.059998,77.279999,48.888439,28836000
2015-12-21,77.790001,78.099998,76.650002,77.260002,48.875790,14460500
2015-12-22,77.699997,77.900002,77.209999,77.650002,49.122528,13855800
2015-12-23,78.680000,80.220001,78.320000,80.190002,50.729366,15184200
2015-12-24,80.269997,80.269997,79.120003,79.330002,50.185314,5848300
2015-12-28,78.120003,78.860001,77.910004,78.739998,49.812065,9715800
2015-12-29,79.989998,80.080002,78.839996,79.160004,50.077759,8839000
2015-12-30,78.320000,78.989998,77.970001,78.110001,49.413517,9314600
2015-12-31,77.510002,78.440002,77.430000,77.949997,49.312294,10285500
2016-01-04,77.500000,77.940002,76.459999,77.459999,49.002323,20400100
2016-01-05,77.190002,78.139999,76.919998,78.120003,49.419838,11993500
2016-01-06,76.639999,77.639999,76.589996,77.470001,49.008659,18826900
2016-01-07,76.059998,77.989998,75.900002,76.230003,48.224190,21263800
2016-01-08,76.349998,76.650002,74.500000,74.690002,47.249969,19033600
2016-01-11,75.010002,75.120003,72.559998,73.690002,46.617363,21353000
2016-01-12,74.120003,75.419998,73.150002,75.199997,47.572620,21864100
2016-01-13,75.849998,77.059998,74.940002,75.650002,47.857285,26052700
2016-01-14,76.209999,79.919998,75.800003,79.120003,50.052464,33806700
2016-01-15,76.330002,78.169998,76.300003,77.580002,49.078232,28342100
2016-01-19,77.930000,78.239998,75.190002,76.400002,48.331738,22684500
2016-01-20,75.070000,75.720001,71.550003,73.180000,46.294724,33300800
2016-01-21,73.160004,74.989998,72.610001,74.099998,46.876732,22265600
2016-01-22,76.419998,76.769997,74.720001,76.570000,48.439301,22530300
2016-01-25,75.750000,76.339996,73.900002,73.980003,46.800816,17086600
2016-01-26,74.769997,76.769997,74.250000,76.699997,48.521538,18724700
2016-01-27,76.000000,77.470001,74.720001,75.290001,47.629547,18106100
2016-01-28,77.349998,77.660004,75.620003,76.989998,48.705006,16157700
2016-01-29,76.730003,77.849998,76.250000,77.849998,49.249035,25161900
2016-02-01,76.660004,76.790001,75.440002,76.290001,48.262169,16754200
2016-02-02,74.190002,75.620003,73.550003,74.589996,47.186718,21404200
2016-02-03,75.529999,78.529999,74.260002,78.480003,49.647591,25873700
2016-02-04,78.580002,80.000000,77.559998,79.830002,50.501621,23658700
2016-02-05,79.400002,80.099998,78.570000,80.080002,50.659775,26719900
2016-02-08,79.300003,81.779999,78.910004,81.160004,51.342991,26601200
2016-02-09,79.980003,80.669998,78.690002,80.080002,51.119560,18418100
2016-02-10,79.769997,81.449997,79.279999,79.349998,50.653568,16610900
2016-02-11,78.339996,80.150002,77.580002,79.599998,50.813152,19331600
2016-02-12,80.080002,81.070000,79.809998,81.029999,51.725998,16767200
2016-02-16,81.699997,81.849998,80.279999,81.220001,51.847294,15912200
2016-02-17,81.650002,82.779999,81.160004,82.000000,52.345200,17006700
2016-02-18,82.900002,83.059998,81.860001,82.449997,52.632473,14873700
2016-02-19,82.190002,82.550003,80.910004,82.500000,52.664375,13615900
2016-02-22,82.500000,83.440002,82.199997,82.389999,52.594193,14595200
2016-02-23,81.989998,82.370003,80.879997,81.230003,51.853687,11041600
2016-02-24,79.910004,81.769997,79.669998,81.519997,52.038795,13777500
2016-02-25,81.559998,82.070000,80.019997,82.010002,52.351593,13706400
2016-02-26,82.889999,83.080002,81.690002,81.750000,52.185623,14343300
2016-02-29,81.879997,82.400002,80.050003,80.150002,51.164249,18903600
2016-03-01,80.559998,81.769997,80.320000,81.279999,51.885605,15730600
2016-03-02,80.949997,82.720001,80.309998,82.699997,52.792072,14094400
2016-03-03,82.660004,82.720001,81.540001,82.400002,52.600559,13216200
2016-03-04,82.660004,82.970001,81.760002,82.290001,52.530350,18402700
2016-03-07,82.309998,84.459999,82.209999,84.459999,53.915585,18945600
2016-03-08,84.000000,84.209999,82.480003,82.629997,52.747368,14003900
2016-03-09,83.220001,83.849998,82.239998,82.400002,52.600559,14139300
2016-03-10,82.419998,82.660004,80.930000,82.180000,52.460106,15898300
2016-03-11,83.220001,83.529999,82.010002,82.190002,52.466492,15370200
2016-03-14,81.480003,82.639999,81.019997,82.410004,52.606956,13344600
2016-03-15,81.599998,82.849998,81.519997,82.820000,52.868668,9213000
2016-03-16,83.019997,83.160004,81.940002,82.870003,52.900589,11492100
2016-03-17,83.680000,84.680000,82.720001,84.099998,53.685768,13673900
2016-03-18,84.589996,84.599998,83.250000,84.199997,53.749599,19637000
2016-03-21,83.839996,84.139999,83.500000,83.620003,53.379364,8385400
2016-03-22,83.080002,84.860001,83.010002,84.120003,53.698502,13005100
2016-03-23,83.860001,84.300003,83.519997,83.750000,53.462334,12748900
2016-03-24,82.940002,84.029999,82.930000,83.980003,53.609161,9368300
2016-03-28,84.029999,84.360001,83.699997,84.220001,53.762360,7490400
2016-03-29,83.669998,84.610001,83.160004,84.529999,53.960236,9977900
2016-03-30,85.029999,85.050003,84.000000,84.519997,53.953869,10807000
2016-03-31,84.070000,85.099998,83.589996,83.589996,53.360184,13896900
2016-04-01,82.400002,83.389999,82.389999,82.959999,52.958050,12235300
2016-04-04,83.059998,83.900002,82.779999,83.160004,53.085716,8050200
2016-04-05,82.610001,83.129997,81.989998,82.209999,52.479267,10446800
2016-04-06,82.690002,83.459999,82.300003,83.309998,53.181477,9320200
2016-04-07,82.760002,83.169998,82.050003,82.370003,52.581402,8267100
2016-04-08,83.300003,83.449997,82.849998,83.209999,53.117615,9376200
2016-04-11,83.330002,84.239998,83.279999,83.320000,53.187843,9925000
2016-04-12,83.690002,84.629997,83.370003,84.349998,53.845352,9986100
2016-04-13,84.500000,84.910004,84.040001,84.830002,54.151760,9235700
2016-04-14,85.000000,85.900002,84.760002,85.430000,54.534767,10625800
2016-04-15,85.300003,85.660004,84.779999,84.970001,54.241116,11280200
2016-04-18,84.970001,85.860001,83.860001,85.779999,54.758213,9097000
2016-04-19,85.849998,86.309998,85.220001,86.209999,55.032700,10354500
2016-04-20,86.230003,87.440002,85.970001,86.800003,55.409344,15247100
2016-04-21,86.589996,87.839996,86.570000,86.790001,55.402931,12075300
2016-04-22,87.239998,87.639999,86.820000,87.529999,55.875317,9150800
2016-04-25,87.089996,87.400002,86.349998,87.330002,55.747673,8076400
2016-04-26,87.750000,87.940002,87.059998,87.629997,55.939148,9425900
2016-04-27,87.949997,88.720001,87.330002,88.459999,56.468998,10463500
2016-04-28,87.860001,88.779999,87.500000,88.029999,56.194481,11276200
2016-04-29,88.680000,89.779999,87.739998,88.400002,56.430706,17885900
2016-05-02,88.239998,89.480003,88.080002,89.129997,56.896683,10273700
2016-05-03,88.400002,88.629997,87.360001,88.110001,56.245567,10137400
2016-05-04,88.300003,88.739998,87.599998,87.940002,56.137051,10601100
2016-05-05,88.760002,88.970001,87.620003,88.040001,56.200893,8721100
2016-05-06,87.459999,88.680000,87.459999,88.510002,56.500912,7968400
2016-05-09,88.599998,88.760002,87.230003,88.570000,56.539207,11159500
2016-05-10,88.900002,90.000000,88.820000,89.989998,57.445675,12509100
2016-05-11,89.160004,89.680000,88.720001,88.809998,57.168880,11660200
2016-05-12,89.800003,89.930000,89.150002,89.669998,57.722481,10720500
2016-05-13,89.279999,89.660004,88.510002,88.660004,57.072323,9721100
2016-05-16,89.199997,89.669998,89.000000,89.570000,57.658115,8638700
2016-05-17,89.269997,89.910004,89.160004,89.529999,57.632359,9835600
2016-05-18,89.800003,90.000000,88.650002,89.349998,57.516506,9680300
2016-05-19,88.610001,90.160004,88.449997,90.110001,58.005718,14397900
2016-05-20,90.389999,90.400002,89.379997,89.739998,57.767551,13191900
2016-05-23,89.000000,89.900002,88.820000,89.599998,57.677414,11766100
2016-05-24,89.889999,90.400002,89.550003,89.669998,57.722481,10056600
2016-05-25,89.849998,90.370003,89.589996,90.260002,58.102287,9578400
2016-05-26,90.250000,90.459999,89.269997,89.800003,57.806152,7867900
2016-05-27,89.400002,90.050003,89.320000,90.010002,57.941349,7505900
2016-05-31,90.000000,90.199997,88.730003,89.019997,57.304066,13178800
2016-06-01,88.430000,89.449997,88.129997,89.239998,57.445686,7994800
2016-06-02,88.209999,88.529999,87.610001,88.529999,56.988651,9837500
2016-06-03,88.440002,88.830002,88.029999,88.370003,56.885662,9367100
2016-06-06,88.870003,89.500000,88.690002,89.339996,57.510048,8573000
2016-06-07,89.750000,90.919998,89.709999,90.709999,58.391941,12889100
2016-06-08,91.029999,91.300003,90.529999,90.790001,58.443462,9983000
2016-06-09,90.180000,91.029999,90.110001,90.669998,58.366219,8974300
2016-06-10,90.400002,90.919998,89.779999,89.980003,57.922024,10353800
2016-06-13,89.919998,91.430000,89.699997,90.589996,58.314705,11370000
2016-06-14,90.449997,90.870003,89.849998,90.430000,58.211712,10161000
2016-06-15,90.230003,90.900002,90.000000,90.160004,58.037903,10655800
2016-06-16,89.699997,91.389999,89.110001,91.220001,58.720245,12824800
2016-06-17,91.489998,91.589996,90.190002,90.720001,58.398388,17483200
2016-06-20,91.290001,91.589996,91.070000,91.120003,58.655876,9388500
2016-06-21,90.720001,91.639999,90.250000,91.529999,58.919804,8557500
2016-06-22,91.839996,91.930000,91.010002,91.169998,58.688053,8785400
2016-06-23,91.930000,92.070000,91.190002,91.800003,59.093609,9464500
2016-06-24,89.879997,90.800003,89.150002,89.389999,57.542255,20010500
2016-06-27,88.900002,89.099998,88.110001,88.860001,57.201084,14169400
2016-06-28,89.730003,90.930000,89.519997,90.910004,58.520687,13254300
2016-06-29,91.410004,92.699997,91.120003,92.459999,59.518471,13920600
2016-06-30,92.330002,93.830002,92.300003,93.739998,60.342426,14073700
2016-07-01,93.360001,93.980003,93.070000,93.839996,60.406803,9946300
2016-07-05,93.120003,93.599998,92.250000,93.019997,59.878944,10744100
2016-07-06,93.349998,94.120003,92.440002,94.089996,60.567715,13144400
2016-07-07,94.339996,94.489998,92.349998,92.959999,59.840328,12240700
2016-07-08,93.389999,93.779999,92.919998,93.540001,60.213680,9807600
2016-07-11,93.750000,94.410004,93.650002,93.889999,60.438980,8335700
2016-07-12,94.669998,94.949997,94.089996,94.949997,61.121326,9870800
2016-07-13,94.650002,94.919998,94.110001,94.879997,61.076263,9458200
2016-07-14,95.050003,95.529999,94.620003,94.949997,61.121326,9293500
2016-07-15,95.440002,95.550003,94.639999,95.120003,61.230766,10334500
2016-07-18,94.919998,95.150002,94.400002,94.820000,61.037647,9865900
2016-07-19,94.760002,94.940002,94.199997,94.470001,60.812351,5901800
2016-07-20,94.250000,94.419998,93.800003,93.930000,60.464737,7383800
2016-07-21,93.889999,94.260002,93.459999,93.849998,60.413235,6854600
2016-07-22,94.110001,94.290001,93.720001,94.010002,60.516239,7139700
2016-07-25,93.470001,93.620003,91.760002,92.199997,59.351070,10845900
2016-07-26,91.629997,92.029999,91.110001,91.529999,58.919804,12143500
2016-07-27,91.510002,91.809998,90.629997,90.910004,58.520687,10037900
2016-07-28,90.540001,90.730003,89.610001,90.199997,58.063660,12439200
2016-07-29,87.610001,89.010002,86.120003,88.949997,57.259007,23928100
2016-08-01,88.080002,88.150002,85.589996,85.860001,55.269894,22908400
2016-08-02,86.449997,87.320000,85.580002,87.040001,56.029499,18919200
2016-08-03,87.010002,87.489998,86.599998,87.489998,56.319157,14632900
2016-08-04,87.500000,87.650002,87.029999,87.480003,56.312721,13451400
2016-08-05,87.730003,87.830002,87.150002,87.559998,56.364212,9617300
2016-08-08,88.050003,88.889999,88.029999,88.589996,57.027245,10492700
2016-08-09,88.620003,88.760002,88.180000,88.699997,57.098080,9654600
2016-08-10,87.779999,87.919998,86.010002,86.410004,56.098282,12714800
2016-08-11,86.690002,87.269997,86.260002,86.720001,56.299534,11616000
2016-08-12,86.959999,87.980003,86.900002,87.849998,57.033154,9986900
2016-08-15,88.419998,88.500000,87.639999,87.809998,57.007164,6432600
2016-08-16,87.830002,88.180000,87.370003,87.919998,57.078579,6817900
2016-08-17,87.919998,88.180000,87.660004,88.110001,57.201950,7104600
2016-08-18,88.379997,88.940002,88.120003,88.910004,57.721310,10342700
2016-08-19,88.629997,88.739998,87.790001,87.800003,57.000675,8615300
2016-08-22,87.309998,88.099998,86.849998,87.989998,57.124046,8235400
2016-08-23,87.839996,88.019997,87.559998,87.720001,56.948746,6514800
2016-08-24,87.500000,88.160004,87.349998,88.019997,57.143509,7985400
2016-08-25,88.019997,88.029999,87.239998,87.459999,56.779949,6935300
2016-08-26,87.629997,88.110001,87.000000,87.269997,56.656593,6474400
2016-08-29,87.040001,87.919998,87.040001,87.839996,57.026646,7027200
2016-08-30,87.870003,88.250000,87.370003,87.519997,56.818905,6441100
2016-08-31,87.139999,87.209999,86.220001,87.139999,56.572227,12491400
2016-09-01,86.720001,86.839996,86.089996,86.839996,56.377441,8434700
2016-09-02,87.419998,87.580002,86.930000,87.419998,56.753986,7099600
2016-09-06,87.839996,88.639999,87.660004,88.570000,57.500599,9851200
2016-09-07,88.650002,88.669998,87.970001,88.239998,57.286324,7470400
2016-09-08,88.550003,89.370003,88.040001,89.050003,57.812202,9579500
2016-09-09,88.660004,88.660004,86.800003,86.839996,56.377441,12820200
2016-09-12,86.779999,87.709999,86.629997,87.290001,56.669594,10889000
2016-09-13,86.459999,86.470001,85.080002,85.209999,55.319256,13214300
2016-09-14,85.040001,85.830002,84.269997,84.599998,54.923203,13957000
2016-09-15,84.669998,85.650002,84.519997,85.080002,55.234844,9062600
2016-09-16,84.510002,85.050003,83.559998,84.029999,54.553143,21538400
2016-09-19,84.580002,84.620003,83.809998,83.830002,54.423325,7929100
2016-09-20,83.730003,83.949997,82.540001,82.540001,53.585831,17522000
2016-09-21,82.820000,83.620003,82.309998,83.300003,54.079235,15055900
2016-09-22,84.279999,84.550003,83.379997,83.540001,54.235050,10738500
2016-09-23,82.680000,84.309998,82.589996,83.449997,54.176613,12667100
2016-09-26,83.519997,84.500000,82.930000,83.059998,53.923412,10860300
2016-09-27,82.589996,83.339996,82.290001,83.239998,54.040291,9595000
2016-09-28,83.459999,87.230003,83.339996,86.900002,56.416401,28117900
2016-09-29,86.970001,87.199997,85.680000,86.459999,56.130737,19082900
2016-09-30,86.839996,87.809998,86.650002,87.279999,56.663101,15961500
2016-10-03,86.940002,87.199997,86.540001,87.050003,56.513794,7111200
2016-10-04,87.379997,87.500000,86.070000,86.250000,55.994415,8222000
2016-10-05,86.830002,87.169998,86.699997,87.000000,56.481323,8796200
2016-10-06,87.250000,87.470001,86.440002,87.040001,56.507298,7718300
2016-10-07,86.949997,87.400002,86.419998,86.739998,56.312519,6614900
2016-10-10,87.540001,88.669998,87.510002,88.440002,57.416176,10060000
2016-10-11,88.080002,88.190002,87.300003,87.739998,56.961735,9309000
2016-10-12,87.220001,87.720001,86.669998,87.129997,56.565716,8172600
2016-10-13,86.349998,86.870003,85.430000,86.559998,56.195652,9890300
2016-10-14,87.190002,87.540001,86.480003,86.540001,56.182686,7991700
2016-10-17,86.480003,86.790001,86.070000,86.540001,56.182686,7263100
2016-10-18,87.169998,87.330002,86.379997,86.769997,56.331993,5429300
2016-10-19,87.190002,87.849998,86.879997,87.169998,56.591686,9373400
2016-10-20,86.790001,87.500000,86.599998,87.209999,56.617657,6866900
2016-10-21,86.419998,86.820000,85.699997,86.620003,56.234623,10736200
2016-10-24,86.739998,87.320000,86.070000,86.910004,56.422882,8354900
2016-10-25,86.669998,87.650002,86.599998,86.720001,56.299534,6835900
2016-10-26,86.250000,87.449997,85.949997,87.089996,56.539742,8488100
2016-10-27,87.279999,87.660004,86.800003,86.919998,56.429386,9071100
2016-10-28,85.279999,86.360001,84.139999,84.779999,55.040066,19072200
2016-10-31,83.879997,84.400002,82.989998,83.320000,54.092224,16663800
2016-11-01,83.500000,83.919998,83.269997,83.650002,54.306458,13050600
2016-11-02,83.300003,83.879997,82.940002,83.449997,54.176613,11226100
2016-11-03,83.680000,83.879997,83.050003,83.660004,54.312954,8836500
2016-11-04,83.629997,84.330002,82.760002,83.570000,54.254517,13877100
2016-11-07,84.489998,85.470001,84.400002,85.449997,55.475056,13576200
2016-11-08,84.730003,85.830002,84.489998,85.309998,55.874577,9735200
2016-11-09,84.050003,86.709999,83.660004,86.250000,56.490231,15901300
2016-11-10,85.910004,87.989998,85.660004,87.050003,57.014198,14106100
2016-11-11,86.529999,86.730003,84.889999,85.669998,56.110352,13812200
2016-11-14,85.300003,85.650002,84.330002,85.279999,55.854927,12607500
2016-11-15,85.769997,87.059998,85.769997,86.820000,56.863564,12883500
2016-11-16,86.739998,86.779999,85.580002,85.750000,56.162750,8201200
2016-11-17,86.440002,86.879997,85.019997,85.230003,55.822159,8200500
2016-11-18,85.209999,85.650002,84.830002,85.279999,55.854927,8457800
2016-11-21,86.440002,86.690002,86.139999,86.489998,56.647427,8861500
2016-11-22,86.690002,87.239998,85.970001,86.680000,56.771873,9390200
2016-11-23,86.540001,87.080002,86.309998,86.919998,56.929047,5996300
2016-11-25,86.709999,87.139999,86.540001,87.120003,57.060051,5042300
2016-11-28,86.949997,87.129997,86.370003,86.470001,56.634335,7449600
2016-11-29,85.419998,86.080002,85.080002,85.900002,56.260998,9181100
2016-11-30,87.599998,88.190002,87.199997,87.300003,57.177940,22696200
2016-12-01,87.980003,88.500000,87.239998,87.239998,57.138653,13005600
2016-12-02,87.190002,87.989998,86.599998,87.040001,57.007656,9706600
2016-12-05,87.389999,87.820000,86.919998,87.480003,57.295853,11741100
2016-12-06,87.269997,87.870003,86.699997,87.559998,57.348221,11293600
2016-12-07,87.629997,88.150002,87.199997,88.070000,57.682266,11182600
2016-12-08,88.050003,88.849998,87.650002,88.320000,57.846001,9086700
2016-12-09,88.639999,89.000000,88.180000,89.000000,58.291378,8021700
2016-12-12,90.139999,91.500000,90.139999,90.980003,59.588192,15545400
2016-12-13,91.889999,93.220001,91.169998,92.580002,60.636112,18829300
2016-12-14,92.260002,92.269997,90.169998,90.580002,59.326218,16325400
2016-12-15,90.099998,90.980003,89.760002,90.889999,59.529247,11155100
2016-12-16,91.519997,91.669998,90.639999,91.180000,59.719177,20560400
2016-12-19,91.379997,91.540001,90.199997,90.419998,59.221416,9674400
2016-12-20,90.510002,90.849998,90.290001,90.430000,59.227962,7221000
2016-12-21,90.680000,90.900002,90.180000,90.279999,59.129723,7308000
2016-12-22,90.019997,90.900002,90.019997,90.870003,59.516144,8003100
2016-12-23,90.889999,90.959999,90.519997,90.709999,59.411339,4266500
2016-12-27,90.830002,91.110001,90.580002,90.750000,59.437531,4960600
2016-12-28,90.680000,91.110001,90.260002,90.300003,59.142815,6745900
2016-12-29,90.099998,90.599998,90.029999,90.349998,59.175560,6684700
2016-12-30,90.029999,90.699997,90.010002,90.260002,59.116627,9117800
2017-01-03,90.940002,91.339996,90.150002,90.889999,59.529247,10360600
2017-01-04,91.120003,91.150002,89.750000,89.889999,58.874271,9434200
2017-01-05,90.190002,90.300003,88.440002,88.550003,57.996628,14443200
2017-01-06,88.790001,88.980003,87.820000,88.500000,57.963905,16518100
2017-01-09,88.220001,88.220001,86.550003,87.040001,57.007656,13762300
2017-01-10,87.169998,87.309998,85.910004,85.930000,56.280643,13283100
2017-01-11,85.900002,86.949997,85.860001,86.809998,56.857002,11183700
2017-01-12,87.269997,87.379997,86.070000,86.339996,56.549183,10407000
2017-01-13,86.269997,86.680000,86.169998,86.349998,56.555729,8415600
2017-01-17,86.580002,87.389999,86.250000,87.360001,57.217224,13237300
2017-01-18,87.059998,87.410004,86.050003,86.279999,56.509869,11831700
2017-01-19,85.970001,86.099998,84.589996,84.730003,55.494709,16382900
2017-01-20,85.440002,85.959999,85.050003,85.889999,56.254452,18739700
2017-01-23,85.680000,85.879997,84.750000,84.970001,55.651886,11433900
2017-01-24,84.980003,85.470001,84.830002,85.089996,55.730476,11858100
2017-01-25,85.339996,85.879997,85.250000,85.339996,55.894203,9578500
2017-01-26,85.690002,85.830002,85.120003,85.599998,56.064507,8779400
2017-01-27,85.300003,85.750000,85.040001,85.510002,56.005573,10947900
2017-01-30,85.419998,85.449997,84.180000,84.860001,55.579830,12789200
2017-01-31,85.040001,85.070000,83.129997,83.889999,54.944527,19128100
2017-02-01,84.000000,84.160004,82.540001,82.940002,54.322327,15111800
2017-02-02,83.209999,83.529999,82.550003,83.449997,54.656342,12200100
2017-02-03,83.699997,83.720001,82.900002,83.540001,54.715294,12746300
2017-02-06,83.550003,83.650002,82.930000,83.309998,54.564655,9938200
2017-02-07,83.230003,83.620003,82.449997,82.769997,54.210972,11705200
2017-02-08,81.989998,82.120003,81.169998,81.480003,53.854057,14006300
2017-02-09,81.480003,82.050003,81.480003,81.839996,54.092014,9603000
2017-02-10,82.260002,82.769997,82.129997,82.519997,54.541451,8739800
2017-02-13,82.769997,83.180000,82.349998,83.000000,54.858692,9071600
2017-02-14,82.910004,83.099998,82.059998,82.820000,54.739731,11370500
2017-02-15,82.639999,83.180000,82.459999,83.160004,54.964462,11768500
2017-02-16,83.120003,83.419998,82.169998,82.300003,54.396034,10615000
2017-02-17,82.089996,82.190002,81.440002,81.760002,54.039120,15646000
2017-02-21,82.120003,82.150002,81.300003,81.889999,54.125038,16419600
2017-02-22,81.650002,81.699997,80.870003,80.930000,53.490536,12917400
2017-02-23,81.419998,82.220001,81.029999,81.779999,54.052345,13847000
2017-02-24,81.599998,81.800003,80.760002,81.080002,53.589676,11338700
2017-02-27,81.129997,81.709999,80.809998,81.540001,53.893730,13465900
2017-02-28,81.529999,81.989998,81.050003,81.320000,53.748318,16834200
2017-03-01,81.699997,83.330002,81.699997,83.019997,54.871929,17482100
2017-03-02,82.800003,84.250000,82.790001,83.300003,55.056992,14170300
2017-03-03,83.300003,83.599998,82.260002,82.459999,54.501808,12190400
2017-03-06,82.440002,82.900002,82.330002,82.830002,54.746334,9617200
2017-03-07,83.110001,83.290001,82.139999,82.519997,54.541451,12711500
2017-03-08,82.349998,82.379997,81.010002,81.029999,53.556622,16817700
2017-03-09,80.639999,81.720001,80.309998,81.669998,53.979641,14721800
2017-03-10,82.440002,82.470001,81.160004,81.610001,53.939980,11355200
2017-03-13,81.500000,81.940002,81.050003,81.419998,53.814396,9571400
2017-03-14,81.000000,81.230003,80.440002,80.989998,53.530216,11335700
2017-03-15,81.349998,82.059998,81.050003,82.000000,54.197758,11970300
2017-03-16,82.029999,82.199997,81.669998,82.070000,54.244019,9923800
2017-03-17,82.029999,82.260002,81.820000,82.000000,54.197758,18834100
2017-03-20,81.720001,82.040001,81.440002,82.000000,54.197758,7700300
2017-03-21,82.160004,82.349998,81.599998,81.830002,54.085396,13387700
2017-03-22,81.959999,82.089996,81.430000,81.760002,54.039120,11168400
2017-03-23,81.629997,82.220001,81.459999,81.860001,54.105221,8928000
2017-03-24,82.029999,82.029999,81.150002,81.230003,53.688835,9128500
2017-03-27,80.820000,81.430000,80.790001,81.250000,53.702045,8481200
2017-03-28,81.320000,82.019997,80.959999,81.839996,54.092014,11028600
2017-03-29,81.690002,82.279999,81.550003,82.019997,54.210972,8495500
2017-03-30,82.029999,83.870003,81.940002,83.699997,55.321339,44704900
2017-03-31,83.260002,83.309998,81.860001,82.010002,54.204357,21750400
2017-04-03,82.019997,82.309998,81.349998,82.070000,54.244019,11438700
2017-04-04,82.099998,82.419998,81.330002,82.370003,54.442318,9270900
2017-04-05,82.849998,83.550003,82.470001,82.529999,54.548058,13809100
2017-04-06,82.750000,83.209999,82.459999,83.010002,54.865303,9554900
2017-04-07,83.239998,83.360001,82.680000,82.760002,54.700100,8909600
2017-04-10,83.120003,83.470001,82.919998,83.129997,54.944626,8885300
2017-04-11,83.080002,83.169998,82.419998,82.839996,54.752956,8576500
2017-04-12,82.860001,83.349998,82.699997,82.970001,54.838902,9516100
2017-04-13,82.720001,82.730003,81.570000,81.690002,53.992867,8667900
2017-04-17,81.849998,81.970001,81.440002,81.580002,53.920158,9577200
2017-04-18,81.320000,81.820000,81.029999,81.050003,53.569870,8821400
2017-04-19,81.169998,81.510002,80.300003,80.489998,53.199715,10764400
2017-04-20,80.949997,81.739998,80.699997,81.010002,53.543438,11649100
2017-04-21,80.930000,81.000000,80.470001,80.690002,53.331913,9816700
2017-04-24,81.279999,81.400002,80.809998,81.110001,53.609512,8729700
2017-04-25,81.430000,81.930000,81.279999,81.730003,54.019295,10733800
2017-04-26,81.519997,82.330002,81.389999,81.400002,53.801193,9445900
2017-04-27,81.070000,81.300003,80.940002,81.260002,53.708660,12385300
2017-04-28,82.459999,82.489998,81.559998,81.650002,53.966412,12072200
2017-05-01,81.510002,82.209999,81.480003,82.059998,54.237392,8664100
2017-05-02,82.139999,82.589996,81.900002,82.050003,54.230801,9102900
2017-05-03,81.970001,83.070000,81.910004,82.699997,54.660423,10289000
2017-05-04,82.290001,82.360001,81.400002,81.639999,53.959816,16164500
2017-05-05,81.629997,82.239998,81.610001,82.019997,54.210972,10213000
2017-05-08,82.000000,82.940002,82.000000,82.889999,54.786003,8097100
2017-05-09,82.959999,83.000000,82.160004,82.309998,54.402634,8647100
2017-05-10,82.120003,82.370003,81.650002,81.910004,54.649502,9520300
2017-05-11,82.589996,82.709999,82.099998,82.610001,55.116547,10047300
2017-05-12,82.389999,82.709999,82.250000,82.550003,55.076504,7480200
2017-05-15,83.000000,83.180000,82.650002,82.800003,55.243313,10881500
2017-05-16,82.900002,83.230003,82.449997,82.550003,55.076504,9574200
2017-05-17,82.550003,83.040001,81.959999,81.989998,54.702885,11151100
2017-05-18,81.769997,82.150002,81.419998,81.750000,54.542759,9905800
2017-05-19,82.000000,82.089996,81.690002,81.930000,54.662842,13028500
2017-05-22,82.110001,82.330002,81.930000,82.290001,54.903046,9218700
2017-05-23,82.320000,82.889999,82.239998,82.580002,55.096519,6857200
2017-05-24,82.419998,82.540001,82.010002,82.290001,54.903046,8136000
2017-05-25,82.330002,82.709999,81.519997,81.750000,54.542759,12370900
2017-05-26,81.610001,81.800003,80.830002,81.550003,54.409321,8227100
2017-05-30,81.279999,81.339996,81.040001,81.099998,54.109070,8973600
2017-05-31,80.940002,80.949997,80.470001,80.500000,53.708759,13572300
2017-06-01,80.370003,80.900002,80.190002,80.699997,53.842205,9884100
2017-06-02,80.589996,80.680000,79.260002,79.500000,53.041576,21687300
2017-06-05,79.440002,80.389999,79.400002,80.120003,53.455250,11527100
2017-06-06,80.300003,81.320000,80.220001,81.209999,54.182472,12208600
2017-06-07,81.050003,81.400002,80.339996,80.910004,53.982327,13096500
2017-06-08,80.910004,81.080002,80.489998,80.620003,53.788841,11720700
2017-06-09,81.150002,82.139999,80.690002,82.129997,54.796284,13553900
2017-06-12,82.129997,83.690002,82.129997,82.930000,55.330029,18172900
2017-06-13,82.849998,83.269997,82.570000,82.959999,55.350071,12175500
2017-06-14,82.809998,82.820000,81.559998,82.070000,54.756268,13714000
2017-06-15,81.779999,82.400002,81.580002,82.260002,54.883045,11862600
2017-06-16,82.610001,83.540001,82.199997,83.489998,55.703674,39726100
2017-06-19,83.489998,83.489998,82.550003,82.760002,55.216629,10445700
2017-06-20,82.070000,82.470001,81.410004,82.309998,54.916389,13232600
2017-06-21,82.040001,82.629997,81.139999,81.440002,54.335926,11422300
2017-06-22,81.449997,81.580002,80.900002,81.080002,54.095745,8139900
2017-06-23,80.849998,81.690002,80.760002,81.610001,54.449348,10611200
2017-06-26,81.570000,81.750000,80.910004,81.239998,54.202492,7718700
2017-06-27,81.449997,81.730003,81.110001,81.110001,54.115749,9221600
2017-06-28,81.410004,81.760002,81.190002,81.529999,54.395973,9189700
2017-06-29,81.370003,81.839996,80.410004,80.699997,53.842205,20525100
2017-06-30,81.080002,81.239998,80.699997,80.730003,53.862228,14000600
2017-07-03,80.790001,82.489998,80.720001,82.099998,54.776291,8422300
2017-07-05,81.680000,81.680000,80.519997,80.849998,53.942284,9830800
2017-07-06,80.860001,81.080002,80.089996,80.120003,53.455250,9822400
2017-07-07,80.199997,80.599998,79.809998,80.220001,53.521954,10777800
2017-07-10,80.000000,80.410004,79.959999,80.160004,53.481930,6338300
2017-07-11,80.330002,80.750000,80.040001,80.599998,53.775501,9681100
2017-07-12,81.190002,81.519997,80.750000,80.959999,54.015686,7974000
2017-07-13,80.970001,81.089996,80.730003,80.970001,54.022362,5582300
2017-07-14,81.000000,81.410004,80.769997,81.279999,54.229187,7497200
2017-07-17,81.000000,81.430000,80.830002,80.860001,53.948959,7914700
2017-07-18,81.019997,81.080002,80.410004,80.599998,53.775501,8046100
2017-07-19,80.440002,80.870003,80.269997,80.849998,53.942284,9393200
2017-07-20,80.970001,81.489998,80.750000,80.860001,53.948959,9681000
2017-07-21,80.650002,80.839996,80.000000,80.120003,53.455250,12268600
2017-07-24,80.059998,80.220001,79.760002,79.870003,53.288445,9403000
2017-07-25,80.769997,81.050003,80.269997,80.269997,53.555336,11465300
2017-07-26,80.580002,80.900002,80.199997,80.370003,53.622044,10465100
2017-07-27,80.239998,80.879997,79.900002,80.830002,53.928947,11149700
2017-07-28,79.650002,79.919998,78.269997,79.599998,53.108299,22800800
2017-07-31,79.830002,80.389999,79.599998,80.040001,53.401855,12820200
2017-08-01,80.160004,80.540001,79.970001,80.169998,53.488617,10421200
2017-08-02,79.900002,80.639999,79.800003,80.599998,53.775501,10410100
2017-08-03,80.339996,80.820000,80.300003,80.489998,53.702091,10136700
2017-08-04,80.440002,80.559998,80.050003,80.209999,53.515285,8292200
2017-08-07,80.169998,80.169998,79.860001,80.160004,53.481930,7893800
2017-08-08,80.019997,80.220001,79.830002,79.959999,53.348476,9028400
2017-08-09,80.250000,80.349998,79.779999,80.209999,53.515285,8087100
2017-08-10,79.760002,79.779999,78.910004,78.970001,53.198673,12580300
2017-08-11,79.209999,79.250000,78.199997,78.209999,52.686699,10192400
2017-08-14,78.620003,78.790001,78.120003,78.230003,52.700176,8862500
2017-08-15,78.120003,78.250000,77.680000,78.040001,52.572182,10350900
2017-08-16,78.040001,78.169998,77.309998,77.470001,52.188183,9117100
2017-08-17,77.260002,77.279999,76.209999,76.260002,51.373074,13400400
2017-08-18,76.180000,77.110001,76.050003,76.639999,51.629047,14324300
2017-08-21,76.470001,76.620003,76.080002,76.379997,51.453888,10084900
2017-08-22,76.550003,77.330002,76.529999,76.739998,51.696415,9503600
2017-08-23,76.699997,77.010002,76.470001,76.610001,51.608826,7054300
2017-08-24,76.500000,76.650002,76.199997,76.330002,51.420212,8678300
2017-08-25,76.559998,77.129997,76.430000,76.720001,51.682953,6844900
2017-08-28,76.900002,76.940002,76.260002,76.470001,51.514530,8229700
2017-08-29,76.209999,76.489998,76.080002,76.449997,51.501049,7060400
2017-08-30,76.239998,76.449997,76.059998,76.099998,51.265266,8218000
2017-08-31,76.269997,76.489998,76.050003,76.330002,51.420212,15641700
2017-09-01,76.370003,76.849998,76.320000,76.570000,51.581905,7361100
2017-09-05,76.639999,77.360001,76.610001,77.180000,51.992825,12784800
2017-09-06,77.889999,79.220001,77.580002,78.779999,53.070671,18574400
2017-09-07,79.019997,79.330002,78.610001,79.029999,53.239079,9836400
2017-09-08,79.010002,79.040001,78.629997,78.820000,53.097618,8436000
2017-09-11,79.410004,79.419998,78.900002,79.250000,53.387295,12955800
2017-09-12,79.400002,79.690002,79.239998,79.500000,53.555706,7644400
2017-09-13,79.500000,79.769997,79.379997,79.769997,53.737598,8369700
2017-09-14,79.849998,80.230003,79.769997,80.089996,53.953171,9072600
2017-09-15,80.120003,80.209999,79.550003,80.070000,53.939705,16043700
2017-09-18,79.790001,80.139999,79.699997,80.089996,53.953171,8594400
2017-09-19,80.059998,80.389999,79.989998,80.220001,54.040733,9277100
2017-09-20,80.279999,80.660004,80.260002,80.550003,54.263058,10606900
2017-09-21,80.489998,80.529999,79.760002,79.889999,53.818436,11984200
2017-09-22,79.720001,80.300003,79.669998,79.919998,53.838642,10205800
2017-09-25,80.029999,81.000000,79.980003,80.980003,54.552711,10496600
2017-09-26,80.709999,81.000000,80.559998,80.889999,54.492092,8755100
2017-09-27,80.889999,81.449997,80.790001,81.430000,54.855873,9724500
2017-09-28,81.629997,82.449997,81.559998,82.190002,55.367825,15581700
2017-09-29,81.940002,82.059998,81.580002,81.980003,55.226372,9944000
2017-10-02,81.300003,81.820000,81.250000,81.629997,54.990585,6777900
2017-10-03,81.410004,81.970001,81.300003,81.760002,55.078167,6082000
2017-10-04,81.800003,81.870003,81.449997,81.790001,55.098377,6357100
2017-10-05,81.720001,82.239998,81.589996,82.019997,55.253300,7375900
2017-10-06,81.769997,81.889999,81.360001,81.709999,55.044506,6070600
2017-10-09,81.839996,82.180000,81.760002,82.029999,55.260059,7489900
2017-10-10,82.339996,82.739998,82.089996,82.260002,55.415005,7218500
2017-10-11,82.160004,82.739998,82.139999,82.599998,55.644032,7023700
2017-10-12,82.309998,82.500000,82.169998,82.430000,55.529518,6647500
2017-10-13,82.730003,83.080002,82.360001,82.410004,55.516033,7180000
2017-10-16,82.699997,82.949997,82.540001,82.809998,55.785496,5734000
2017-10-17,82.629997,82.970001,82.540001,82.959999,55.886562,6444100
2017-10-18,82.959999,83.389999,82.540001,82.760002,55.751835,6367100
2017-10-19,82.349998,83.050003,82.330002,82.739998,55.738342,7945500
2017-10-20,82.849998,83.129997,82.620003,83.110001,55.987621,9574100
2017-10-23,83.150002,83.760002,83.040001,83.239998,56.075184,9829900
2017-10-24,83.550003,83.809998,83.309998,83.470001,56.230137,7551200
2017-10-25,83.449997,83.730003,82.949997,83.169998,56.028023,9153300
2017-10-26,83.370003,83.650002,83.110001,83.470001,56.230137,9154500
2017-10-27,83.000000,84.239998,82.010002,83.709999,56.391796,14866200
2017-10-30,83.709999,83.949997,83.410004,83.540001,56.277294,7811100
2017-10-31,83.650002,83.680000,83.169998,83.349998,56.149300,9754200
2017-11-01,83.389999,83.940002,83.260002,83.870003,56.499584,9430000
2017-11-02,83.599998,83.709999,82.910004,83.529999,56.270546,7775500
2017-11-03,83.419998,83.639999,83.160004,83.180000,56.034767,6903500
2017-11-06,83.300003,83.870003,83.059998,83.750000,56.418743,9276700
2017-11-07,83.739998,83.820000,83.029999,83.580002,56.304230,8471800
2017-11-08,83.360001,83.500000,82.860001,83.470001,56.230137,8691600
2017-11-09,83.300003,84.139999,83.080002,83.970001,56.566978,10528800
2017-11-10,83.010002,83.080002,82.419998,82.940002,56.390182,8693700
2017-11-13,82.650002,83.089996,82.599998,82.889999,56.356197,6720400
2017-11-14,82.419998,82.750000,82.089996,82.239998,55.914261,9251700
2017-11-15,81.750000,82.089996,81.150002,81.209999,55.213978,9663600
2017-11-16,80.440002,80.849998,80.150002,80.559998,54.772045,10527200
2017-11-17,80.320000,80.660004,80.160004,80.239998,54.554474,9536400
2017-11-20,80.230003,80.639999,80.010002,80.550003,54.765255,8468600
2017-11-21,80.690002,81.250000,80.639999,80.870003,54.982815,8838400
2017-11-22,81.160004,81.410004,81.050003,81.099998,55.139183,7941600
2017-11-24,81.440002,81.699997,81.220001,81.419998,55.356754,3851300
2017-11-27,81.320000,81.400002,81.019997,81.110001,55.145966,9127500
2017-11-28,81.410004,82.000000,81.309998,81.669998,55.526703,9794600
2017-11-29,81.650002,82.309998,81.480003,82.269997,55.934647,9725000
2017-11-30,82.449997,83.400002,82.410004,83.290001,56.628132,18592700
2017-12-01,83.440002,84.129997,82.410004,83.459999,56.743721,13779300
2017-12-04,83.209999,84.180000,83.000000,83.570000,56.818504,12597700
2017-12-05,83.410004,83.769997,82.709999,82.889999,56.356197,9357200
2017-12-06,82.849998,83.199997,82.209999,82.279999,55.941452,13398900
2017-12-07,82.400002,82.620003,82.169998,82.550003,56.125011,11359600
2017-12-08,82.489998,82.900002,82.260002,82.660004,56.199814,11988600
2017-12-11,83.040001,83.250000,82.739998,83.029999,56.451385,8760700
2017-12-12,82.889999,83.379997,82.699997,82.760002,56.267818,11307000
2017-12-13,82.610001,83.300003,82.480003,83.120003,56.512566,10172700
2017-12-14,83.029999,83.330002,82.889999,82.900002,56.362995,9492400
2017-12-15,83.160004,83.279999,82.870003,83.029999,56.451385,26582300
2017-12-18,83.180000,83.669998,82.910004,82.940002,56.390182,9363500
2017-12-19,83.029999,83.169998,82.330002,82.440002,56.050243,10285100
2017-12-20,82.599998,83.139999,82.519997,82.870003,56.342587,10620300
2017-12-21,83.349998,84.269997,82.959999,83.849998,57.008873,13578100
2017-12-22,83.879997,84.019997,83.599998,83.970001,57.090469,10161400
2017-12-26,83.959999,84.360001,83.900002,83.980003,57.097286,4777200
2017-12-27,83.989998,84.099998,83.739998,83.900002,57.042885,7000600
2017-12-28,83.980003,84.050003,83.800003,84.019997,57.124458,7495300
2017-12-29,84.000000,84.199997,83.639999,83.639999,56.866108,8523400
2018-01-02,83.820000,85.199997,83.660004,85.029999,57.811161,11469300
2018-01-03,85.160004,86.970001,84.820000,86.699997,58.946564,13957700
2018-01-04,86.790001,87.220001,86.430000,86.820000,59.028168,10863000
2018-01-05,86.750000,86.879997,85.709999,86.750000,58.980572,11047600
2018-01-08,86.699997,87.150002,86.599998,87.139999,59.245739,10927100
2018-01-09,86.940002,87.150002,86.650002,86.769997,58.994171,8131600
2018-01-10,87.000000,87.190002,85.980003,86.080002,58.525051,10822300
2018-01-11,86.360001,87.370003,85.930000,86.930000,59.102943,14366000
2018-01-12,87.199997,87.989998,87.180000,87.519997,59.504066,9834500
2018-01-16,87.739998,87.760002,86.599998,86.970001,59.130131,10882800
2018-01-17,87.199997,88.209999,86.930000,88.000000,59.830429,10546000
2018-01-18,87.769997,88.190002,87.339996,87.430000,59.442905,9223700
2018-01-19,87.570000,87.760002,86.610001,87.150002,59.252518,13090000
2018-01-22,87.169998,88.290001,87.050003,88.250000,60.000404,10270400
2018-01-23,88.250000,88.459999,87.739998,88.300003,60.034409,10281800
2018-01-24,88.489998,88.919998,88.010002,88.529999,60.190781,10316100
2018-01-25,88.550003,88.870003,88.199997,88.370003,60.081997,11271900
2018-01-26,88.639999,89.000000,88.470001,89.000000,60.510345,10514400
2018-01-29,88.589996,89.300003,87.949997,88.010002,59.837219,9315700
2018-01-30,87.540001,88.379997,86.779999,86.779999,59.000973,12408000
2018-01-31,86.559998,87.470001,86.330002,87.300003,59.354511,14404700
2018-02-01,87.500000,89.250000,87.349998,89.070000,60.557892,17971000
2018-02-02,85.129997,86.010002,83.000000,84.529999,57.471199,29822100
2018-02-05,83.279999,83.989998,78.129997,79.720001,54.200928,30452700
2018-02-06,78.510002,80.349998,76.900002,78.349998,53.269478,36262800
2018-02-07,78.440002,79.410004,76.919998,76.940002,52.310841,21994500
2018-02-08,77.440002,77.580002,76.029999,76.070000,51.719315,25650800
2018-02-09,76.250000,76.480003,73.900002,75.779999,52.049011,29491600
2018-02-12,77.050003,77.620003,75.839996,76.419998,52.488605,19340400
2018-02-13,76.099998,76.750000,75.730003,76.300003,52.406174,11926600
2018-02-14,75.790001,76.660004,75.169998,76.459999,52.516071,17188400
2018-02-15,76.620003,76.699997,75.449997,76.209999,52.344357,14432400
2018-02-16,76.150002,77.120003,75.849998,76.540001,52.571018,13722400
2018-02-20,76.470001,77.470001,75.459999,75.750000,52.028400,13387300
2018-02-21,75.820000,76.440002,74.870003,74.889999,51.437740,11715000
2018-02-22,75.300003,76.839996,75.190002,75.860001,52.103962,14020200
2018-02-23,76.089996,77.620003,75.949997,77.529999,53.250988,13378800
2018-02-26,77.739998,78.930000,77.559998,78.839996,54.150742,16940400
2018-02-27,79.000000,79.870003,77.500000,77.500000,53.230381,14629500
2018-02-28,78.160004,78.250000,75.699997,75.739998,52.021549,17087800
2018-03-01,75.529999,76.680000,74.860001,75.199997,51.650642,15696700
2018-03-02,74.889999,75.870003,74.480003,75.550003,51.891029,15630300
2018-03-05,75.230003,76.559998,75.120003,76.269997,52.385548,14891000
2018-03-06,76.669998,76.980003,75.860001,76.180000,52.323765,10754300
2018-03-07,75.000000,75.239998,73.559998,74.260002,51.005005,27255500
2018-03-08,74.500000,74.769997,73.690002,74.120003,50.908855,19299800
2018-03-09,74.820000,75.059998,74.209999,74.559998,51.211060,19714100
2018-03-12,74.870003,75.580002,74.690002,75.239998,51.678104,14226700
2018-03-13,75.330002,75.820000,74.250000,74.529999,51.190456,13739700
2018-03-14,74.639999,74.790001,73.529999,73.599998,50.551693,14820700
2018-03-15,74.349998,75.000000,74.099998,74.419998,51.114918,15640600
2018-03-16,74.360001,75.120003,74.360001,75.120003,51.595703,32109700
2018-03-19,75.000000,75.010002,73.860001,74.150002,50.929466,12744800
2018-03-20,74.220001,74.699997,73.949997,73.989998,50.819565,13003200
2018-03-21,74.230003,75.639999,73.980003,75.040001,51.540749,15418500
2018-03-22,74.419998,74.699997,73.389999,73.500000,50.483025,17737000
2018-03-23,73.809998,74.209999,72.669998,72.889999,50.064030,20157300
2018-03-26,73.650002,74.150002,72.750000,74.000000,50.826431,15032700
2018-03-27,74.000000,74.889999,73.279999,73.699997,50.620365,15821900
2018-03-28,73.739998,74.010002,72.779999,72.809998,50.009079,18163900
2018-03-29,73.330002,74.889999,73.260002,74.610001,51.245399,14882900
2018-04-02,74.269997,74.400002,72.160004,73.220001,50.290688,17891100
2018-04-03,73.449997,75.139999,73.099998,75.019997,51.526997,15999200
2018-04-04,74.050003,75.059998,73.440002,74.870003,51.423985,13122200
2018-04-05,75.059998,76.320000,75.019997,76.019997,52.213856,14200000
2018-04-06,75.639999,76.120003,74.220001,74.870003,51.423985,14299600
2018-04-09,75.220001,75.790001,74.800003,74.870003,51.423985,11103100
2018-04-10,76.080002,77.769997,76.059998,77.070000,52.935028,19006100
2018-04-11,77.110001,78.040001,76.750000,77.430000,53.182297,13734000
2018-04-12,77.860001,78.139999,77.010002,77.220001,53.038067,13270400
2018-04-13,77.800003,78.190002,77.599998,77.839996,53.463913,10925000
2018-04-16,78.120003,79.080002,77.709999,78.540001,53.944698,10743600
2018-04-17,78.540001,78.760002,78.040001,78.330002,53.800457,10478100
2018-04-18,79.040001,79.760002,78.940002,79.220001,54.411743,12061400
2018-04-19,79.320000,79.820000,78.809998,79.419998,54.549129,11291500
2018-04-20,79.320000,79.400002,78.330002,79.000000,54.260639,12072200
2018-04-23,78.919998,79.599998,78.750000,79.570000,54.652145,11729800
2018-04-24,79.800003,79.930000,77.970001,78.349998,53.814178,14102000
2018-04-25,78.199997,79.620003,77.489998,79.500000,54.604073,13867500
2018-04-26,79.599998,80.900002,79.529999,80.860001,55.538174,14554400
2018-04-27,76.949997,78.650002,76.480003,77.790001,53.429558,16346800
2018-04-30,77.910004,78.559998,77.739998,77.750000,53.402088,15028800
2018-05-01,77.260002,77.260002,75.980003,76.949997,52.852604,16231000
2018-05-02,76.449997,77.230003,76.300003,76.800003,52.749588,13883700
2018-05-03,76.389999,76.610001,75.400002,76.540001,52.571018,12243100
2018-05-04,76.129997,77.220001,75.940002,76.900002,52.818291,9887200
2018-05-07,77.739998,79.080002,77.400002,77.739998,53.395206,15071500
2018-05-08,77.800003,78.160004,76.370003,78.089996,53.635628,17430400
2018-05-09,78.980003,80.239998,78.949997,79.930000,54.899414,17142100
2018-05-10,80.639999,81.790001,80.500000,81.720001,56.128864,17710300
2018-05-11,81.180000,81.970001,80.910004,81.279999,56.392506,14751000
2018-05-14,81.699997,82.320000,81.610001,81.830002,56.774113,11852100
2018-05-15,81.849998,82.029999,81.400002,81.790001,56.746349,12595700
2018-05-16,81.760002,82.050003,81.169998,82.019997,56.905910,9570000
2018-05-17,82.199997,82.279999,81.440002,81.879997,56.808792,11224100
2018-05-18,81.550003,81.800003,81.260002,81.300003,56.406399,10030900
2018-05-21,81.730003,82.349998,81.519997,82.279999,57.086319,8822400
2018-05-22,82.440002,82.650002,81.349998,81.639999,56.642258,10753400
2018-05-23,80.949997,82.230003,80.570000,82.150002,56.996128,15140900
2018-05-24,81.349998,81.360001,79.949997,80.269997,55.691757,13360500
2018-05-25,79.279999,79.330002,78.089996,78.709999,54.609409,14562000
2018-05-29,78.150002,78.730003,77.529999,78.419998,54.408222,14644800
2018-05-30,79.250000,81.660004,79.220001,81.500000,56.545128,16627500
2018-05-31,80.809998,81.550003,80.690002,81.239998,56.364754,15803100
2018-06-01,81.870003,82.349998,81.550003,81.830002,56.774113,9906100
2018-06-04,82.050003,82.529999,80.809998,80.970001,56.177437,10954700
2018-06-05,80.589996,81.650002,80.410004,80.680000,55.976219,12059300
2018-06-06,81.480003,82.089996,80.870003,82.059998,56.933674,11603300
2018-06-07,82.730003,83.290001,82.559998,82.879997,57.502586,13502500
2018-06-08,83.110001,83.660004,82.500000,83.599998,58.002159,14350400
2018-06-11,83.720001,83.790001,82.930000,83.099998,57.655231,10831600
2018-06-12,83.110001,83.750000,82.320000,82.419998,57.183453,12351800
2018-06-13,82.440002,82.599998,81.470001,81.510002,56.552078,12049300
2018-06-14,81.940002,82.300003,81.500000,81.889999,56.815731,11477300
2018-06-15,81.720001,81.820000,80.510002,80.660004,55.962368,23797500
2018-06-18,80.400002,81.379997,80.300003,80.820000,56.073353,9192600
2018-06-19,79.889999,80.959999,79.709999,80.699997,55.990097,8759700
2018-06-20,80.849998,81.129997,80.269997,80.449997,55.816639,8917700
2018-06-21,80.019997,80.379997,79.330002,79.690002,55.289360,10990700
2018-06-22,81.160004,81.940002,80.919998,81.379997,56.461895,16012200
2018-06-25,80.779999,81.239998,79.300003,79.739998,55.324047,10557200
2018-06-26,80.150002,81.010002,79.970001,80.639999,55.948479,10382800
2018-06-27,81.059998,82.480003,81.059998,81.709999,56.690842,12725900
2018-06-28,81.730003,82.070000,81.029999,81.970001,56.871231,9390700
2018-06-29,82.449997,83.540001,82.290001,82.730003,57.398514,17323200
2018-07-02,81.889999,82.129997,81.320000,81.760002,56.725536,9998300
2018-07-03,82.580002,83.449997,82.080002,82.239998,57.058571,7197300
2018-07-05,82.589996,82.769997,82.050003,82.309998,57.107113,9035700
2018-07-06,81.959999,82.699997,81.660004,82.330002,57.121010,7637100
2018-07-09,82.809998,83.129997,82.559998,82.900002,57.516476,7158600
2018-07-10,83.699997,84.120003,83.510002,83.660004,58.043762,8806200
2018-07-11,83.029999,83.529999,82.029999,82.589996,57.301388,10405300
2018-07-12,83.010002,83.239998,82.309998,82.690002,57.370777,9762200
2018-07-13,82.680000,83.750000,82.559998,83.309998,57.800938,8720000
2018-07-16,82.519997,82.790001,82.000000,82.489998,57.232014,8306900
2018-07-17,82.260002,82.750000,82.040001,82.309998,57.107113,7373300
2018-07-18,81.800003,82.320000,81.489998,82.220001,57.044693,8711900
2018-07-19,82.199997,82.620003,81.720001,82.010002,56.898998,8659100
2018-07-20,81.720001,81.930000,81.250000,81.400002,56.475750,9196300
2018-07-23,81.949997,82.000000,81.180000,81.400002,56.475750,8425900
2018-07-24,81.519997,83.019997,81.480003,83.010002,57.592793,11121000
2018-07-25,83.010002,83.739998,82.510002,83.589996,57.995205,9523600
2018-07-26,83.830002,84.400002,83.370003,84.239998,58.446163,13210100
2018-07-27,80.970001,82.379997,80.809998,81.919998,56.836529,18220800
2018-07-30,82.129997,82.129997,80.709999,81.739998,56.711662,11282800
2018-07-31,81.639999,82.150002,81.440002,81.510002,56.552078,11716800
2018-08-01,80.889999,80.930000,80.220001,80.389999,55.775032,8936300
2018-08-02,79.889999,80.260002,79.449997,79.910004,55.442009,8364300
2018-08-03,79.970001,80.300003,79.629997,80.199997,55.643196,7811100
2018-08-06,80.250000,80.430000,79.739998,80.180000,55.629330,10041800
2018-08-07,80.910004,81.589996,80.309998,81.269997,56.385551,10698100
2018-08-08,81.019997,81.230003,80.349998,80.730003,56.010914,7275000
2018-08-09,80.730003,80.910004,80.110001,80.320000,55.726448,9828500
2018-08-10,79.510002,79.519997,78.860001,79.419998,55.670380,12954300
2018-08-13,79.449997,79.750000,78.430000,78.559998,55.067539,10308500
2018-08-14,78.989998,79.070000,78.080002,78.309998,54.892307,8005900
2018-08-15,77.779999,77.900002,76.510002,76.940002,53.931992,16307800
2018-08-16,77.279999,78.099998,77.199997,78.000000,54.675018,11519900
2018-08-17,78.339996,78.489998,77.800003,78.260002,54.857265,10178400
2018-08-20,78.260002,79.000000,78.169998,78.809998,55.242779,8152100
2018-08-21,79.050003,79.580002,78.669998,78.830002,55.256794,9192200
2018-08-22,79.110001,80.050003,79.019997,79.959999,56.048908,10098200
2018-08-23,79.559998,79.629997,78.900002,79.080002,55.432041,7203900
2018-08-24,79.519997,80.050003,79.419998,79.620003,55.810566,6545200
2018-08-27,79.910004,80.470001,79.860001,80.400002,56.357319,6671900
2018-08-28,80.580002,80.820000,80.199997,80.279999,56.273209,8823400
2018-08-29,80.440002,81.040001,80.099998,80.860001,56.679764,8004800
2018-08-30,80.449997,80.779999,80.120003,80.510002,56.434444,7450900
2018-08-31,80.239998,80.459999,79.769997,80.169998,56.196095,10700000
2018-09-04,80.410004,80.690002,79.809998,80.290001,56.280209,8855000
2018-09-05,79.900002,81.430000,79.599998,81.360001,57.030235,13878400
2018-09-06,81.110001,81.639999,80.339996,80.459999,56.399376,13320600
2018-09-07,80.150002,81.930000,79.820000,81.830002,57.359707,16417800
2018-09-10,82.239998,82.739998,81.660004,81.709999,57.275578,10817900
2018-09-11,81.959999,83.190002,81.629997,82.860001,58.081696,11891900
2018-09-12,83.250000,83.779999,82.870003,83.129997,58.270939,11556300
2018-09-13,83.150002,83.250000,82.010002,82.320000,57.703156,11162700
2018-09-14,82.419998,83.150002,82.269997,82.919998,58.123753,9442600
2018-09-17,83.000000,83.610001,82.989998,83.410004,58.467213,8403300
2018-09-18,83.900002,84.129997,83.449997,83.629997,58.621429,9219900
2018-09-19,83.639999,84.769997,83.639999,84.629997,59.322395,10413600
2018-09-20,84.860001,85.339996,84.540001,84.820000,59.455570,11198200
2018-09-21,85.010002,85.430000,84.519997,85.169998,59.700893,26639400
2018-09-24,85.790001,87.089996,85.720001,86.599998,60.703297,13549500
2018-09-25,87.029999,87.360001,86.370003,86.500000,60.633183,12200700
2018-09-26,86.019997,86.500000,85.690002,85.779999,60.128490,10275500
2018-09-27,86.089996,86.379997,85.589996,85.769997,60.121475,7895400
2018-09-28,85.250000,85.930000,84.989998,85.019997,59.595757,9884900
2018-10-01,85.349998,86.029999,85.260002,85.809998,60.149517,8566900
2018-10-02,85.800003,86.669998,85.620003,86.459999,60.605148,8453100
2018-10-03,86.510002,86.889999,85.980003,86.150002,60.387848,10206700
2018-10-04,85.500000,86.080002,85.250000,85.580002,59.988289,10204600
2018-10-05,85.309998,85.699997,84.930000,85.339996,59.820061,9217400
2018-10-08,84.790001,86.309998,84.650002,86.129997,60.373814,13242400
2018-10-09,86.379997,86.879997,85.739998,86.510002,60.640198,10177900
2018-10-10,86.730003,86.820000,84.500000,84.519997,59.245285,16573400
2018-10-11,83.940002,84.169998,81.169998,81.599998,57.198483,20320100
2018-10-12,82.129997,82.239998,80.269997,81.379997,57.044270,15216300
2018-10-15,81.379997,81.739998,80.820000,80.820000,56.651730,10558800
2018-10-16,80.510002,81.269997,80.010002,81.199997,56.918083,9781800
2018-10-17,80.940002,81.519997,80.339996,81.500000,57.128361,12247700
2018-10-18,81.199997,82.470001,81.199997,81.849998,57.373714,17448600
2018-10-19,81.660004,82.459999,81.510002,81.970001,57.457832,12098700
2018-10-22,82.000000,82.180000,80.639999,81.150002,56.883045,9474100
2018-10-23,80.059998,80.459999,78.720001,79.839996,55.964787,15465100
2018-10-24,80.129997,80.260002,77.550003,77.620003,54.408653,16085700
2018-10-25,78.489998,79.050003,77.739998,78.309998,54.892307,12315500
2018-10-26,77.870003,78.410004,76.959999,77.529999,54.345562,18160100
2018-10-29,78.070000,78.430000,76.220001,77.050003,54.009094,15707000
2018-10-30,77.620003,79.029999,77.419998,78.779999,55.221760,17758200
2018-10-31,79.339996,80.349998,78.900002,79.680000,55.852634,16629100
2018-11-01,79.830002,80.750000,79.300003,80.669998,56.546558,14159300
2018-11-02,81.760002,82.449997,80.230003,81.949997,57.443817,19350400
2018-11-05,82.500000,82.870003,81.440002,81.639999,57.226524,15815000
2018-11-06,81.739998,82.099998,81.349998,81.989998,57.471855,9063200
2018-11-07,82.209999,83.139999,81.660004,83.029999,58.200844,12699800
2018-11-08,83.129997,83.750000,81.540001,81.709999,57.275578,16865500
2018-11-09,80.260002,81.400002,79.690002,80.870003,57.261436,15070100
2018-11-12,81.660004,81.730003,79.730003,79.830002,56.525047,11906600
2018-11-13,79.800003,79.849998,77.639999,78.000000,55.229271,15530200
2018-11-14,78.860001,79.089996,76.750000,77.389999,54.797344,18552100
2018-11-15,76.669998,78.190002,75.910004,78.190002,55.363808,18976000
2018-11-16,78.370003,79.190002,78.099998,78.959999,55.909004,13704900
2018-11-19,78.459999,79.360001,78.430000,79.220001,56.093113,9430800
2018-11-20,78.419998,78.900002,76.370003,76.970001,54.499954,15533700
2018-11-21,77.430000,78.379997,77.260002,77.559998,54.917717,9685300
2018-11-23,76.050003,76.199997,74.699997,75.489998,53.452019,10875400
2018-11-26,76.239998,77.320000,76.120003,76.980003,54.507050,13741100
2018-11-27,76.570000,77.449997,76.400002,77.050003,54.556595,10344500
2018-11-28,77.040001,78.449997,76.839996,78.449997,55.547897,11482100
2018-11-29,78.220001,79.529999,78.190002,79.059998,55.979820,10255200
2018-11-30,78.449997,79.599998,78.320000,79.500000,56.291367,14040100
2018-12-03,80.239998,81.459999,80.139999,81.220001,57.509258,19415100
2018-12-04,81.379997,81.949997,79.349998,79.430000,56.241806,18540700
2018-12-06,78.000000,78.440002,76.919998,78.389999,55.505409,23218100
2018-12-07,79.389999,80.360001,77.330002,77.639999,54.974354,16224700
2018-12-10,77.860001,77.860001,74.800003,76.540001,54.195477,17946200
2018-12-11,77.699997,77.800003,75.680000,76.680000,54.294628,15742400
2018-12-12,78.040001,78.199997,76.019997,76.019997,53.827293,14559800
2018-12-13,76.029999,77.220001,75.949997,76.980003,54.507050,13749700
2018-12-14,76.720001,76.870003,75.089996,75.580002,53.515743,12669300
2018-12-17,75.260002,75.599998,73.480003,74.040001,52.425327,15464100
2018-12-18,73.629997,73.860001,71.620003,72.000000,50.980854,18681200
2018-12-19,72.449997,73.269997,70.300003,70.779999,50.117012,21679600
2018-12-20,70.089996,70.660004,68.050003,68.629997,48.594673,28723700
2018-12-21,68.139999,70.370003,67.669998,68.120003,48.233570,47287300
2018-12-24,66.870003,67.529999,65.440002,65.510002,46.385509,14262800
2018-12-26,66.180000,68.660004,64.650002,68.639999,48.601753,24887700
2018-12-27,67.739998,68.940002,66.080002,68.940002,48.814190,22077000
2018-12-28,69.180000,69.580002,67.820000,68.169998,48.268959,19710600
2018-12-31,68.320000,69.150002,67.660004,68.190002,48.283131,15807000
2019-01-02,67.349998,69.870003,67.260002,69.690002,49.345238,16727200
2019-01-03,70.000000,70.250000,68.360001,68.620003,48.587593,13866100
2019-01-04,69.639999,71.269997,69.360001,71.150002,50.378994,16043600
2019-01-07,71.250000,72.099998,70.739998,71.519997,50.640987,10844200
2019-01-08,72.540001,72.589996,71.940002,72.040001,51.009190,11439000
2019-01-09,72.599998,72.599998,71.650002,72.419998,51.278252,13473500
2019-01-10,72.070000,72.080002,71.120003,72.050003,51.016270,13151100
2019-01-11,71.849998,71.889999,71.070000,71.720001,50.782608,9790100
2019-01-14,71.209999,71.779999,71.120003,71.629997,50.718876,11012400
2019-01-15,71.949997,72.360001,71.320000,71.669998,50.747196,10298300
2019-01-16,71.419998,72.379997,71.309998,71.639999,50.725956,12595600
2019-01-17,71.190002,72.339996,70.900002,72.129997,51.072914,10141700
2019-01-18,73.269997,73.290001,72.129997,72.989998,51.681847,15759200
2019-01-22,72.389999,72.709999,71.680000,71.889999,50.902973,15035600
2019-01-23,72.010002,72.300003,70.930000,71.300003,50.485210,13187200
2019-01-24,71.099998,71.970001,70.639999,71.400002,50.556030,11272500
2019-01-25,72.070000,72.269997,71.540001,71.720001,50.782608,8996200
2019-01-28,71.019997,71.279999,70.370003,71.239998,50.442719,13678400
2019-01-29,71.699997,72.190002,71.480003,71.510002,50.633915,10513200
2019-01-30,71.769997,72.570000,71.510002,72.290001,51.186203,11524700
2019-01-31,72.290001,73.489998,72.019997,73.279999,51.887173,19876700
2019-02-01,74.919998,76.489998,74.320000,75.919998,53.756493,22968700
2019-02-04,75.760002,75.760002,74.400002,74.820000,52.977623,15483800
2019-02-05,75.180000,75.639999,75.010002,75.589996,53.522835,12786700
2019-02-06,75.580002,75.769997,75.129997,75.260002,53.289169,10866900
2019-02-07,74.949997,75.190002,73.900002,74.680000,52.878483,14418900
2019-02-08,73.760002,74.070000,72.730003,73.980003,52.964405,11959500
2019-02-11,73.879997,74.220001,73.400002,74.099998,53.050312,10434800
2019-02-12,75.080002,75.449997,74.820000,75.400002,53.981007,12599200
2019-02-13,75.580002,76.540001,75.510002,76.250000,54.589542,13214600
2019-02-14,76.260002,76.650002,75.709999,76.269997,54.603863,12772900
2019-02-15,76.940002,77.760002,76.750000,77.709999,55.634796,14330300
2019-02-19,77.559998,78.480003,77.449997,78.230003,56.007103,13551500
2019-02-20,78.300003,78.809998,78.000000,78.529999,56.221874,12633100
2019-02-21,78.209999,78.660004,77.610001,77.820000,55.713558,10266000
2019-02-22,78.709999,78.949997,77.620003,78.419998,56.143108,9519300
2019-02-25,78.430000,78.849998,78.199997,78.500000,56.200394,9274400
2019-02-26,78.680000,79.129997,78.389999,78.660004,56.314945,10990600
2019-02-27,78.879997,79.750000,78.660004,79.470001,56.894836,12398200
2019-02-28,79.449997,79.750000,78.709999,79.029999,56.579845,14597900
2019-03-01,79.379997,80.000000,79.029999,80.000000,57.274292,15419400
2019-03-04,80.239998,80.550003,79.010002,80.309998,57.496212,18089900
2019-03-05,80.120003,80.400002,79.750000,80.190002,57.410324,13745500
2019-03-06,78.849998,79.379997,77.860001,79.279999,56.758820,18633600
2019-03-07,79.550003,80.260002,79.320000,80.160004,57.388836,16541700
2019-03-08,78.889999,79.320000,78.250000,79.010002,56.565536,16211300
2019-03-11,79.980003,80.290001,79.650002,79.779999,57.116783,11060900
2019-03-12,80.110001,80.580002,79.889999,80.000000,57.274292,11320000
2019-03-13,80.589996,80.760002,80.199997,80.709999,57.782597,10260200
2019-03-14,80.800003,80.910004,80.349998,80.440002,57.589306,9976700
2019-03-15,80.180000,80.550003,80.099998,80.150002,57.381676,25316400
2019-03-18,80.440002,81.250000,80.440002,81.080002,58.047493,9840600
2019-03-19,81.580002,82.000000,80.639999,80.870003,57.897152,13936500
2019-03-20,80.750000,81.919998,80.559998,81.320000,58.219307,13133600
2019-03-21,80.809998,81.889999,80.800003,81.790001,58.555805,10117000
2019-03-22,81.230003,81.440002,80.300003,80.480003,57.617947,12497700
2019-03-25,80.000000,80.440002,79.589996,79.919998,57.217003,11320400
2019-03-26,80.330002,81.269997,80.180000,80.959999,57.961586,9472800
2019-03-27,80.970001,81.309998,79.820000,80.339996,57.517700,7258700
2019-03-28,80.029999,80.790001,80.019997,80.739998,57.804062,7412300
2019-03-29,81.330002,81.480003,80.480003,80.800003,57.847019,10889200
2019-04-01,81.230003,81.779999,81.080002,81.730003,58.512836,10816400
2019-04-02,81.750000,81.949997,81.110001,81.379997,58.262257,7646000
2019-04-03,81.769997,81.769997,80.610001,80.900002,57.918629,8562900
2019-04-04,81.120003,82.080002,80.769997,82.050003,58.741936,9360600
2019-04-05,82.150002,82.529999,81.949997,82.489998,59.056938,10059100
2019-04-08,82.669998,83.199997,82.589996,83.000000,59.422077,9108200
2019-04-09,82.519997,82.580002,81.739998,81.930000,58.656029,8561600
2019-04-10,81.919998,82.080002,81.410004,81.559998,58.391125,10324300
2019-04-11,81.540001,82.070000,81.019997,81.949997,58.670353,9115100
2019-04-12,82.809998,82.809998,80.580002,80.919998,57.932934,16638700
2019-04-15,80.889999,81.059998,80.519997,80.650002,57.739647,8536100
2019-04-16,80.809998,81.349998,80.690002,81.199997,58.133385,7005700
2019-04-17,81.550003,81.699997,81.080002,81.430000,58.298050,8311400
2019-04-18,81.559998,81.830002,81.070000,81.129997,58.083279,9493900
2019-04-22,81.870003,83.220001,81.639999,82.900002,59.350460,10770600
2019-04-23,83.190002,83.489998,82.680000,83.379997,59.694122,10595100
2019-04-24,83.010002,83.080002,81.730003,81.760002,58.534321,11684000
2019-04-25,81.650002,82.839996,81.400002,82.220001,58.863644,11135000
2019-04-26,80.269997,80.629997,79.559998,80.489998,57.625103,18053500
2019-04-29,80.120003,80.379997,79.660004,79.970001,57.252815,10023700
2019-04-30,80.370003,80.529999,79.930000,80.279999,57.474743,13721500
2019-05-01,79.940002,80.260002,78.620003,78.669998,56.322105,13909800
2019-05-02,78.279999,78.500000,77.239998,77.290001,55.334133,15360400
2019-05-03,77.790001,78.209999,77.440002,77.470001,55.462982,12180700
2019-05-06,76.919998,77.660004,76.709999,77.129997,55.219574,13367100
2019-05-07,76.500000,76.790001,75.769997,76.720001,54.926041,13498800
2019-05-08,76.540001,77.290001,76.419998,76.839996,55.011932,11352900
2019-05-09,76.349998,76.879997,75.959999,76.769997,54.961842,13221600
2019-05-10,76.180000,76.790001,75.169998,76.559998,55.439774,11056000
2019-05-13,75.650002,76.230003,75.360001,75.709999,54.824242,12176100
2019-05-14,76.129997,76.800003,75.760002,75.809998,54.896656,10548400
2019-05-15,75.570000,76.550003,75.209999,76.370003,55.302174,8918000
2019-05-16,76.400002,76.949997,76.220001,76.360001,55.294937,8105200
2019-05-17,75.650002,76.300003,75.589996,75.910004,54.969082,9279400
2019-05-20,76.050003,76.360001,75.669998,75.900002,54.961842,7154300
2019-05-21,76.269997,76.459999,75.930000,76.250000,55.215286,8489900
2019-05-22,76.019997,76.220001,75.389999,75.559998,54.715618,7858300
2019-05-23,74.769997,74.800003,73.040001,73.790001,53.433910,14657200
2019-05-24,74.139999,74.250000,73.440002,74.099998,53.658398,7056400
2019-05-28,74.239998,74.250000,72.489998,72.610001,52.579422,14912900
2019-05-29,71.889999,72.430000,71.620003,72.160004,52.253574,13645200
2019-05-30,72.019997,72.129997,71.529999,71.970001,52.115986,9362100
2019-05-31,71.190002,71.550003,70.629997,70.769997,51.247017,13983300
2019-06-03,71.089996,72.010002,70.970001,71.879997,52.050808,11831000
2019-06-04,72.449997,73.660004,72.169998,73.589996,53.289070,10423000
2019-06-05,73.639999,73.639999,72.580002,72.980003,52.847374,10617800
2019-06-06,73.709999,74.620003,73.589996,74.309998,53.810459,11738900
2019-06-07,74.510002,74.959999,74.430000,74.580002,54.005966,9095500
2019-06-10,75.190002,75.330002,74.449997,74.910004,54.244942,7760400
2019-06-11,75.510002,75.809998,74.820000,74.839996,54.194256,9415100
2019-06-12,74.480003,74.610001,73.809998,74.029999,53.607697,7920800
2019-06-13,74.699997,75.169998,74.379997,74.680000,54.078384,8986400
2019-06-14,74.680000,74.809998,74.230003,74.349998,53.839432,8575900
2019-06-17,74.160004,75.190002,74.040001,75.089996,54.375282,9355700
2019-06-18,75.419998,76.220001,75.349998,75.739998,54.845978,10091500
2019-06-19,75.400002,75.849998,75.169998,75.320000,54.541847,9757400
2019-06-20,76.239998,76.970001,76.080002,76.610001,55.475975,16229700
2019-06-21,77.139999,77.760002,76.870003,77.690002,56.258026,23108100
2019-06-24,77.529999,77.760002,76.809998,76.949997,55.722176,10011800
2019-06-25,77.080002,77.220001,76.190002,76.269997,55.229755,9740000
2019-06-26,76.680000,77.129997,76.470001,76.599998,55.468742,11365500
2019-06-27,76.589996,76.750000,75.760002,75.820000,54.903908,8147800
2019-06-28,76.190002,76.730003,75.940002,76.629997,55.490456,14781300
2019-07-01,77.129997,77.930000,76.290001,76.559998,55.439774,11437900
2019-07-02,76.139999,76.269997,75.410004,75.720001,54.831482,10475400
2019-07-03,75.820000,76.500000,75.629997,76.440002,55.352879,5246100
2019-07-05,76.190002,76.349998,75.589996,76.129997,55.128365,6880800
2019-07-08,76.139999,76.699997,75.919998,76.480003,55.381828,7876100
2019-07-09,76.449997,76.769997,75.730003,76.430000,55.345634,7863000
2019-07-10,76.800003,77.629997,76.739998,77.510002,56.127701,8077400
2019-07-11,77.410004,77.610001,77.050003,77.570000,56.171143,6404000
2019-07-12,77.750000,77.879997,77.500000,77.629997,56.214592,6139000
2019-07-15,77.629997,77.739998,76.889999,77.080002,55.816319,7116400
2019-07-16,76.919998,77.070000,75.790001,75.930000,54.983566,10197400
2019-07-17,75.739998,75.959999,75.349998,75.480003,54.657711,7419300
2019-07-18,75.029999,75.269997,74.180000,74.839996,54.194256,11424500
2019-07-19,74.900002,75.250000,74.540001,74.989998,54.302876,11243100
2019-07-22,75.239998,75.300003,74.500000,75.070000,54.360794,8368800
2019-07-23,75.150002,75.769997,74.750000,75.370003,54.578053,8551200
2019-07-24,75.389999,76.050003,74.849998,75.360001,54.570801,8260200
2019-07-25,75.779999,75.779999,74.800003,74.930000,54.259415,9083900
2019-07-26,74.870003,75.080002,74.599998,74.809998,54.172543,7677300
2019-07-29,74.879997,75.379997,74.699997,75.339996,54.556309,7091900
2019-07-30,75.059998,75.559998,74.889999,75.349998,54.563557,6961200
2019-07-31,75.040001,75.660004,74.260002,74.360001,53.846676,13104600
2019-08-01,73.739998,74.269997,72.269997,72.459999,52.470798,17132800
2019-08-02,72.610001,73.260002,71.180000,71.750000,51.956669,21376700
2019-08-05,70.779999,70.919998,69.610001,70.279999,50.892204,19080900
2019-08-06,70.290001,71.010002,70.279999,70.959999,51.384605,12282400
2019-08-07,69.860001,70.879997,69.400002,70.500000,51.051498,15231100
2019-08-08,70.849998,72.410004,70.620003,72.379997,52.412865,14304100
2019-08-09,72.129997,72.250000,70.470001,70.839996,51.297707,13686600
2019-08-12,70.059998,70.160004,69.330002,69.629997,51.048443,9542600
2019-08-13,69.269997,70.620003,68.919998,70.489998,51.678959,12403300
2019-08-14,69.070000,69.089996,67.650002,67.650002,49.596836,18114400
2019-08-15,67.459999,67.559998,66.529999,67.250000,49.303585,12874400
2019-08-16,67.779999,68.459999,67.269997,68.300003,50.073372,12649000
2019-08-19,68.970001,69.650002,68.860001,69.449997,50.916473,10032800
2019-08-20,69.300003,69.300003,68.709999,69.029999,50.608559,9743500
2019-08-21,69.959999,69.980003,69.370003,69.720001,51.114429,10134200
2019-08-22,69.910004,69.959999,69.250000,69.570000,51.004452,8972000
2019-08-23,68.820000,69.529999,67.029999,67.489998,49.479542,15371900
2019-08-26,68.120003,68.260002,67.529999,67.849998,49.743462,7343900
2019-08-27,68.129997,68.440002,66.970001,67.190002,49.259594,9490900
2019-08-28,67.529999,67.980003,67.160004,67.680000,49.618813,9647400
2019-08-29,68.300003,68.669998,68.089996,68.430000,50.168697,9004100
2019-08-30,68.610001,69.080002,68.059998,68.480003,50.205345,9180800
2019-09-03,67.889999,68.680000,67.629997,68.559998,50.263985,9849700
2019-09-04,69.500000,69.610001,69.089996,69.290001,50.799187,6959200
2019-09-05,69.839996,70.550003,69.699997,70.269997,51.517651,9901500
2019-09-06,70.349998,70.949997,70.120003,70.930000,52.001530,10418500
2019-09-09,71.160004,72.070000,70.980003,71.489998,52.412083,12840200
2019-09-10,72.139999,72.849998,71.620003,72.070000,52.837303,13810800
2019-09-11,72.779999,72.839996,71.550003,71.930000,52.734661,10525700
2019-09-12,70.980003,72.160004,70.699997,71.980003,52.771317,9100700
2019-09-13,72.260002,72.720001,72.059998,72.639999,53.255192,7337200
2019-09-16,75.040001,75.180000,73.599998,73.730003,54.054344,19830200
2019-09-17,73.820000,74.080002,72.629997,73.169998,53.643764,14452200
2019-09-18,72.650002,72.970001,72.330002,72.820000,53.387157,7292200
2019-09-19,72.970001,73.190002,72.190002,72.330002,53.027920,8050200
2019-09-20,72.489998,72.500000,71.860001,72.080002,52.844635,19736600
2019-09-23,71.519997,72.360001,71.459999,72.129997,52.881294,7495200
2019-09-24,71.809998,71.870003,70.820000,71.139999,52.155487,13307100
2019-09-25,70.980003,71.470001,70.820000,71.349998,52.309437,8035200
2019-09-26,71.220001,71.349998,70.680000,70.970001,52.030853,8420200
2019-09-27,70.699997,71.669998,70.629997,71.480003,52.404758,8224000
2019-09-30,71.239998,71.449997,70.580002,70.610001,51.766918,9768900
2019-10-01,70.830002,70.910004,68.910004,68.949997,50.549900,10279100
2019-10-02,68.269997,68.589996,67.010002,67.150002,49.230255,14503700
2019-10-03,67.000000,68.000000,66.309998,67.980003,49.838779,10788400
2019-10-04,68.110001,69.070000,67.820000,68.970001,50.564564,10534800
2019-10-07,68.699997,69.029999,68.019997,68.019997,49.868092,10993000
2019-10-08,67.540001,67.919998,66.639999,66.699997,48.900345,9748700
2019-10-09,67.300003,67.699997,67.199997,67.440002,49.442879,8580900
2019-10-10,67.430000,68.360001,67.379997,68.250000,50.036713,7100100
2019-10-11,68.980003,69.489998,68.889999,68.980003,50.571903,10101900
2019-10-14,68.599998,69.370003,68.589996,69.180000,50.718536,6234600
2019-10-15,69.059998,70.000000,69.010002,69.419998,50.894485,6645700
2019-10-16,69.209999,69.529999,68.209999,68.230003,50.022041,9765800
2019-10-17,68.480003,68.879997,68.080002,68.139999,49.956070,9757200
2019-10-18,67.870003,68.150002,67.610001,67.610001,49.567501,13472700
2019-10-21,67.820000,68.769997,67.820000,68.739998,50.395947,10199300
2019-10-22,68.779999,69.760002,68.650002,69.089996,50.652557,9536000
2019-10-23,68.959999,69.760002,68.779999,69.750000,51.136425,8641800
2019-10-24,69.959999,70.050003,69.019997,69.089996,50.652557,9003600
2019-10-25,68.900002,69.480003,68.900002,69.250000,50.769859,7607200
2019-10-28,69.459999,69.669998,68.580002,68.639999,50.322639,11209600
2019-10-29,68.480003,69.029999,68.239998,68.440002,50.176014,13894400
2019-10-30,68.370003,68.370003,67.269997,67.720001,49.648159,12840600
2019-10-31,67.459999,67.720001,67.139999,67.570000,49.538181,16169100
2019-11-01,68.389999,69.610001,68.309998,69.599998,51.026455,14108700
2019-11-04,70.070000,71.870003,69.940002,71.669998,52.544060,15858200
2019-11-05,72.040001,73.120003,71.849998,73.089996,53.585110,14930400
2019-11-06,72.730003,72.870003,71.199997,71.489998,52.412083,13996500
2019-11-07,72.029999,73.029999,72.000000,73.010002,53.526466,13073800
2019-11-08,71.610001,71.800003,70.660004,70.769997,52.509930,12106000
2019-11-11,70.209999,70.610001,69.970001,70.339996,52.190895,8674000
2019-11-12,70.269997,70.410004,68.980003,69.370003,51.471169,13918600
2019-11-13,69.019997,69.150002,68.599998,68.800003,51.048241,11773700
2019-11-14,68.860001,68.970001,68.180000,68.500000,50.825638,11279800
2019-11-15,68.709999,69.300003,68.669998,69.190002,51.337616,11252800
2019-11-18,68.699997,68.820000,68.300003,68.519997,50.840488,10095600
2019-11-19,68.400002,68.559998,67.779999,67.820000,50.321095,12605500
2019-11-20,67.669998,68.540001,67.320000,68.029999,50.476917,16930700
2019-11-21,68.019997,69.750000,67.919998,69.669998,51.693771,14080900
2019-11-22,69.709999,70.180000,69.330002,69.370003,51.471169,12143600
2019-11-25,69.370003,69.440002,68.709999,68.910004,51.129848,10670000
2019-11-26,68.919998,69.040001,68.440002,68.739998,51.003716,15457000
2019-11-27,68.760002,69.089996,68.410004,68.699997,50.974045,8393900
2019-11-29,68.330002,68.529999,68.000000,68.129997,50.551113,7980800
2019-12-02,68.500000,68.879997,68.370003,68.419998,50.766285,11116900
2019-12-03,68.000000,68.250000,67.519997,67.879997,50.365612,12245800
2019-12-04,68.250000,68.760002,68.139999,68.650002,50.936943,11049700
2019-12-05,68.889999,68.970001,68.209999,68.410004,50.758865,13109000
2019-12-06,68.760002,69.870003,68.760002,69.510002,51.575062,13710800
2019-12-09,69.080002,69.970001,69.019997,69.660004,51.686352,12397700
2019-12-10,69.660004,70.150002,68.699997,69.059998,51.241146,14281800
2019-12-11,68.739998,69.760002,68.669998,68.959999,51.166958,13748400
2019-12-12,68.959999,70.379997,68.900002,70.339996,52.190895,17068500
2019-12-13,70.480003,70.540001,69.120003,69.230003,51.367302,12274500
2019-12-16,69.699997,70.250000,69.699997,70.000000,51.938614,15208700
2019-12-17,69.980003,70.379997,69.309998,69.680000,51.701172,14450700
2019-12-18,69.629997,70.290001,69.279999,69.870003,51.842152,13652300
2019-12-19,69.989998,70.050003,69.239998,69.389999,51.486012,13273200
2019-12-20,69.860001,70.230003,69.389999,69.940002,51.894108,35092000
2019-12-23,69.860001,70.300003,69.529999,70.290001,52.153786,14172500
2019-12-24,70.349998,70.500000,69.910004,70.019997,51.953449,3979400
2019-12-26,70.190002,70.500000,70.010002,70.129997,52.035080,8840200
2019-12-27,70.199997,70.309998,69.879997,69.889999,51.856983,10516100
2019-12-30,70.089996,70.440002,69.400002,69.480003,51.552784,12689400
2019-12-31,69.019997,69.800003,69.010002,69.779999,51.775375,13151800
2020-01-02,70.239998,71.019997,70.239998,70.900002,52.606400,12456400
2020-01-03,71.339996,71.370003,70.160004,70.330002,52.183487,17386900
2020-01-06,70.320000,71.360001,70.230003,70.870003,52.584129,20081900
2020-01-07,70.500000,70.519997,69.510002,70.290001,52.153786,17387700
2020-01-08,70.110001,70.290001,69.169998,69.230003,51.367302,15137700
2020-01-09,69.139999,69.900002,68.629997,69.760002,51.760548,14811800
2020-01-10,69.930000,69.959999,69.120003,69.139999,51.300522,11995600
2020-01-13,69.199997,69.870003,69.110001,69.800003,51.790222,9953900
2020-01-14,69.379997,69.580002,68.889999,69.199997,51.345024,16261000
2020-01-15,69.199997,69.589996,68.889999,69.089996,51.263416,11390300
2020-01-16,69.300003,69.580002,68.800003,68.820000,51.063080,13340300
2020-01-17,68.750000,69.080002,68.290001,68.559998,50.870159,18144100
2020-01-21,68.379997,68.419998,67.510002,67.580002,50.143032,17982600
2020-01-22,67.559998,67.699997,67.000000,67.190002,49.853661,17033100
2020-01-23,66.709999,66.930000,66.050003,66.769997,49.542023,19605900
2020-01-24,66.540001,66.680000,66.040001,66.320000,49.208134,18238600
2020-01-27,65.419998,65.730003,64.699997,64.739998,48.035797,21231000
2020-01-28,65.110001,65.199997,64.629997,64.650002,47.969017,19664700
2020-01-29,65.029999,65.129997,63.900002,64.110001,47.568348,14202800
2020-01-30,63.779999,64.879997,63.430000,64.790001,48.072910,18544700
2020-01-31,63.200001,63.200001,61.860001,62.119999,46.091812,34282900
2020-02-03,61.380001,61.419998,60.369999,60.730000,45.060459,27389300
2020-02-04,61.450001,61.910000,59.889999,59.970001,44.496552,31922100
2020-02-05,60.750000,62.930000,60.599998,62.730000,46.544415,32099200
2020-02-06,62.930000,63.009998,61.779999,61.880001,45.913738,16055400
2020-02-07,61.410000,61.660000,61.060001,61.470001,45.609520,15112500
2020-02-10,60.480000,60.520000,59.619999,59.959999,45.127831,20934500
2020-02-11,60.580002,60.889999,60.169998,60.529999,45.556843,14908700
2020-02-12,61.340000,61.529999,60.560001,61.270000,46.113796,17862100
2020-02-13,61.060001,61.419998,60.560001,60.930000,45.857891,16949400
2020-02-14,61.150002,61.160000,60.279999,60.650002,45.647152,10855300
2020-02-18,60.150002,60.389999,59.450001,59.880001,45.067627,18948500
2020-02-19,60.110001,60.619999,59.830002,60.340000,45.413849,12804900
2020-02-20,60.230000,60.540001,59.720001,59.860001,45.052589,14817200
2020-02-21,59.509998,59.509998,58.790001,59.130001,44.503159,20315700
2020-02-24,57.619999,57.799999,56.360001,56.360001,42.418365,32096600
2020-02-25,56.750000,56.750000,53.970001,54.200001,40.792675,36414500
2020-02-26,54.549999,54.820000,52.930000,53.009998,39.897038,29801000
2020-02-27,51.709999,52.439999,49.799999,49.820000,37.496140,48141300
2020-02-28,48.770000,51.439999,48.009998,51.439999,38.715412,62446700
2020-03-02,52.590000,53.889999,51.130001,53.880001,40.551838,38127600
2020-03-03,53.950001,54.150002,50.980000,51.299999,38.610050,50580700
2020-03-04,52.230000,52.480000,51.119999,52.419998,39.452988,24079600
2020-03-05,50.419998,50.700001,49.040001,50.110001,37.714409,40788200
2020-03-06,48.840000,49.009998,47.200001,47.689999,35.893036,55640500
2020-03-09,41.709999,44.570000,40.799999,41.860001,31.505184,72896300
2020-03-10,46.169998,46.259998,41.450001,43.410000,32.671768,60445900
2020-03-11,42.389999,43.480000,41.750000,41.980000,31.595499,51986100
2020-03-12,39.900002,40.650002,37.000000,37.180000,27.982876,65725300
2020-03-13,40.009998,40.139999,35.000000,38.119999,28.690342,79891500
2020-03-16,34.400002,37.880001,33.250000,34.490002,25.958290,48924700
2020-03-17,35.209999,37.380001,34.200001,36.810001,27.704395,41204400
2020-03-18,34.549999,36.709999,31.230000,33.119999,24.927189,54036400
2020-03-19,33.730000,34.900002,32.349998,34.430000,25.913134,49412400
2020-03-20,34.840000,35.180000,31.559999,32.740002,24.641186,76534600
2020-03-23,32.529999,32.700001,30.110001,31.450001,23.670290,56952500
2020-03-24,34.419998,36.169998,33.330002,35.439999,26.673294,61835600
2020-03-25,36.509998,38.590000,35.180000,37.290001,28.065657,56607700
2020-03-26,37.500000,39.560001,36.720001,38.820000,29.217196,46722000
2020-03-27,37.130001,37.680000,36.200001,36.950001,27.809769,51558600
2020-03-30,36.230000,38.150002,35.860001,37.500000,28.223709,45835000
2020-03-31,38.340000,39.450001,37.369999,37.970001,28.577454,41491600
2020-04-01,36.860001,38.700001,36.340000,37.529999,28.246300,36045900
2020-04-02,38.740002,41.959999,37.900002,40.400002,30.406366,62000200
2020-04-03,41.450001,42.180000,38.520000,39.209999,29.510714,48425700
2020-04-06,39.880001,40.830002,39.230000,40.470001,30.459036,41301900
2020-04-07,42.900002,43.320000,41.160000,41.240002,31.038559,48921800
2020-04-08,41.950001,44.040001,41.470001,43.849998,33.002930,33355600
2020-04-09,45.459999,46.709999,41.740002,43.130001,32.461037,60107300
2020-04-13,44.450001,44.689999,41.970001,42.759998,32.182560,29651900
2020-04-14,43.000000,43.750000,41.910000,42.430000,31.934200,30769000
2020-04-15,41.000000,41.060001,39.380001,40.480000,30.466562,33125000
2020-04-16,40.480000,40.480000,38.930000,39.150002,29.465565,30934000
2020-04-17,39.880001,43.320000,39.869999,43.220001,32.528770,40829100
2020-04-20,40.750000,42.740002,40.540001,41.180000,30.993406,39260800
2020-04-21,40.400002,42.130001,39.630001,40.959999,30.827820,44381600
2020-04-22,42.599998,42.930000,41.860001,42.130001,31.708405,27074200
2020-04-23,43.130001,44.660000,42.810001,43.450001,32.701885,35271000
2020-04-24,44.400002,44.889999,43.130001,43.730000,32.912605,28653800
2020-04-27,43.590000,44.320000,42.230000,43.939999,33.070660,28274400
2020-04-28,44.369999,45.389999,44.110001,44.970001,33.845886,26545100
2020-04-29,46.259998,47.599998,46.160000,47.459999,35.719929,29502500
2020-04-30,47.680000,47.680000,45.770000,46.470001,34.974834,37076300
2020-05-01,45.630001,46.389999,43.000000,43.139999,32.468567,35399300
2020-05-04,42.509998,44.939999,42.220001,44.880001,33.778137,27465600
2020-05-05,46.259998,47.150002,44.660000,44.830002,33.740513,29276200
2020-05-06,44.930000,45.270000,43.900002,43.990002,33.108303,22659000
2020-05-07,44.959999,45.270000,43.970001,44.240002,33.296448,22160300
2020-05-08,45.310001,46.220001,44.980000,46.180000,34.756557,19977400
2020-05-11,46.110001,46.200001,45.509998,45.740002,34.425404,22258000
2020-05-12,45.419998,45.669998,44.119999,44.119999,33.849983,25439100
2020-05-13,43.740002,43.869999,41.599998,41.930000,32.169769,30827900
2020-05-14,41.070000,42.549999,40.200001,42.299999,32.453636,24856500
2020-05-15,42.380001,43.009998,41.849998,42.000000,32.223473,22445600
2020-05-18,44.400002,45.580002,44.060001,45.340000,34.786003,32026100
2020-05-19,45.549999,46.630001,43.930000,43.939999,33.711880,21771600
2020-05-20,44.619999,45.580002,44.570000,45.369999,34.809021,19352400
2020-05-21,45.439999,45.790001,44.389999,44.560001,34.187561,19130700
2020-05-22,44.049999,44.669998,43.450001,44.599998,34.218258,15406400
2020-05-26,45.740002,46.299999,45.470001,45.910000,35.223328,20356500
2020-05-27,46.660000,47.139999,45.410000,46.240002,35.476505,20788300
2020-05-28,46.430000,46.459999,44.930000,45.040001,34.555836,19698000
2020-05-29,44.820000,45.689999,44.369999,45.470001,34.885750,25874700
2020-06-01,45.320000,46.450001,44.799999,46.279999,35.507198,19031000
2020-06-02,46.860001,47.450001,46.750000,47.310001,36.297443,22319000
2020-06-03,48.000000,49.400002,47.950001,49.240002,37.778179,23418000
2020-06-04,48.880001,49.150002,48.160000,49.099998,37.670769,18731400
2020-06-05,51.650002,53.450001,51.599998,53.080002,40.724339,41328900
2020-06-08,54.720001,55.360001,53.459999,54.740002,41.997929,33579400
2020-06-09,52.880001,53.970001,52.450001,53.520000,41.061913,27276900
2020-06-10,53.500000,53.500000,50.599998,50.650002,38.859966,31156800
2020-06-11,47.529999,48.840000,46.099998,46.180000,35.430466,39183000
2020-06-12,48.040001,48.619999,45.910000,47.169998,36.190025,30978100
2020-06-15,45.349998,47.759998,44.750000,47.139999,36.167000,27929300
2020-06-16,49.570000,49.750000,47.240002,48.200001,36.980267,26203400
2020-06-17,48.000000,48.130001,46.599998,46.630001,35.775719,19279400
2020-06-18,46.110001,47.330002,45.770000,46.919998,35.998219,21478700
2020-06-19,48.220001,48.259998,45.980000,45.980000,35.277031,48899900
2020-06-22,45.689999,46.439999,45.400002,46.419998,35.614605,17565400
2020-06-23,46.900002,47.220001,46.500000,46.700001,35.829426,18916600
2020-06-24,45.910000,45.959999,44.250000,44.500000,34.141541,27626900
2020-06-25,44.049999,45.240002,43.689999,45.169998,34.655571,19353600
2020-06-26,44.880001,44.939999,43.500000,43.619999,33.466381,31518600
2020-06-29,43.810001,44.580002,43.540001,44.320000,34.003437,17052100
2020-06-30,43.430000,44.970001,43.160000,44.720001,34.310329,22153600
2020-07-01,44.490002,45.380001,43.669998,43.709999,33.535416,17290100
2020-07-02,44.619999,45.189999,43.930000,44.080002,33.819294,18216600
2020-07-06,44.669998,45.080002,43.840000,44.389999,34.057140,22692000
2020-07-07,43.900002,44.000000,43.110001,43.240002,33.174824,17407600
2020-07-08,43.150002,43.930000,42.840000,43.139999,33.098110,18291400
2020-07-09,42.900002,43.099998,41.290001,41.360001,31.732447,25882000
2020-07-10,41.119999,42.709999,41.099998,42.650002,32.722164,18951000
2020-07-13,42.980000,43.290001,42.230000,42.660000,32.729828,20028300
2020-07-14,42.529999,44.189999,42.259998,44.070000,33.811626,21444100
2020-07-15,45.029999,45.090000,44.209999,44.630001,34.241272,17332400
2020-07-16,44.310001,44.810001,43.790001,44.279999,33.972740,14673700
2020-07-17,44.330002,44.689999,43.389999,43.520000,33.389660,17958900
2020-07-20,43.209999,43.509998,42.480000,42.500000,32.607079,18553900
2020-07-21,43.150002,45.189999,43.110001,44.650002,34.256611,28821800
2020-07-22,44.150002,44.150002,43.369999,43.610001,33.458702,21345400
2020-07-23,43.400002,43.820000,43.020000,43.700001,33.527752,17934400
2020-07-24,43.880001,44.419998,43.189999,43.430000,33.320602,16415300
2020-07-27,43.230000,44.090000,42.970001,44.070000,33.811626,18547900
2020-07-28,43.910000,44.250000,43.459999,43.549999,33.412674,19190500
2020-07-29,43.709999,44.090000,43.340000,44.029999,33.780949,14143200
2020-07-30,43.130001,43.180000,41.830002,41.869999,32.123734,29901100
2020-07-31,41.160000,42.169998,40.910000,42.080002,32.284855,32116200
2020-08-03,42.049999,42.500000,41.470001,42.250000,32.415279,23033600
2020-08-04,42.340000,43.599998,42.240002,43.470001,33.351284,17724000
2020-08-05,44.150002,44.310001,43.529999,43.849998,33.642834,17175100
2020-08-06,43.400002,43.900002,43.250000,43.639999,33.481716,14434900
2020-08-07,43.230000,43.520000,42.810001,43.439999,33.328270,18757900
2020-08-10,43.990002,44.599998,43.599998,44.509998,34.149216,24367800
2020-08-11,45.500000,46.419998,44.730000,44.970001,34.502132,28987500
2020-08-12,44.459999,44.939999,43.630001,44.090000,34.494308,22503200
2020-08-13,43.500000,43.869999,42.919998,43.009998,33.649349,17338700
2020-08-14,42.599998,43.279999,42.410000,43.200001,33.798004,13595700
2020-08-17,43.169998,43.169998,42.470001,42.639999,33.359882,15554600
2020-08-18,42.590000,43.189999,42.290001,42.430000,33.195591,13014000
2020-08-19,42.349998,42.660000,41.869999,41.959999,32.827877,14473100
2020-08-20,41.689999,41.889999,41.299999,41.320000,32.327171,15678500
2020-08-21,41.299999,41.340000,40.709999,41.009998,32.084633,25517700
2020-08-24,41.279999,42.509998,41.090000,42.220001,33.031284,18208900
2020-08-25,41.660000,42.070000,40.700001,40.880001,31.982927,31285600
2020-08-26,40.639999,40.840000,40.000000,40.009998,31.302273,26795000
2020-08-27,40.000000,40.299999,39.310001,39.740002,31.091038,32034300
2020-08-28,39.840000,40.919998,39.759998,40.689999,31.834276,33477100
2020-08-31,40.639999,40.720001,39.900002,39.939999,31.247503,25259600
2020-09-01,39.750000,39.750000,39.049999,39.430000,30.848501,22464100
2020-09-02,39.230000,39.720001,38.950001,39.189999,30.660740,26413400
2020-09-03,39.200001,40.029999,38.880001,39.110001,30.598150,28817200
2020-09-04,39.459999,39.790001,38.650002,39.080002,30.574678,24632500
2020-09-08,38.250000,38.680000,37.349998,38.180000,29.870552,38496400
2020-09-09,38.349998,38.840000,37.919998,37.950001,29.690615,25886100
2020-09-10,38.270000,38.369999,36.900002,37.000000,28.947367,34381200
2020-09-11,37.130001,37.310001,36.490002,36.900002,28.869131,26838600
2020-09-14,36.910000,37.009998,36.490002,36.660000,28.681366,26129900
2020-09-15,36.799999,37.380001,36.209999,36.270000,28.376240,23724200
2020-09-16,36.459999,38.150002,36.270000,37.810001,29.581078,30890900
2020-09-17,37.349998,37.980000,36.970001,37.799999,29.573254,24696200
2020-09-18,37.529999,37.820000,36.700001,37.189999,29.096020,46853800
2020-09-21,36.430000,36.709999,35.680000,36.430000,28.501421,35351800
2020-09-22,36.459999,36.840000,35.470001,35.529999,27.797297,27303200
2020-09-23,35.650002,35.790001,34.349998,34.389999,26.905405,31251400
2020-09-24,34.400002,34.820000,33.759998,34.320000,26.850637,26796000
2020-09-25,34.000000,34.939999,33.880001,34.639999,27.100994,23486000
2020-09-28,35.139999,35.900002,35.099998,35.310001,27.625168,23396500
2020-09-29,35.000000,35.110001,33.990002,34.279999,26.819340,20770500
2020-09-30,34.639999,34.919998,34.130001,34.330002,26.858465,22223700
2020-10-01,33.790001,34.099998,32.939999,33.130001,25.919630,36890200
2020-10-02,32.250000,33.349998,32.209999,32.980000,25.802273,32694300
2020-10-05,33.320000,33.750000,33.169998,33.740002,26.396873,22965200
2020-10-06,34.119999,34.419998,33.310001,33.389999,26.123037,26731800
2020-10-07,33.639999,33.740002,33.209999,33.500000,26.209099,23779300
2020-10-08,33.880001,35.340000,33.759998,35.259998,27.586056,34413700
2020-10-09,35.680000,35.950001,34.650002,34.740002,27.179230,29228600
2020-10-12,34.540001,34.730000,34.230000,34.630001,27.093168,17912800
2020-10-13,34.730000,34.869999,34.099998,34.220001,26.772398,20995100
2020-10-14,34.060001,34.830002,34.029999,34.150002,26.717632,17743000
2020-10-15,33.700001,34.459999,33.270000,34.450001,26.952345,23251600
2020-10-16,34.369999,34.639999,33.880001,34.099998,26.678524,22627200
2020-10-19,34.099998,34.369999,33.389999,33.419998,26.146515,23645800
2020-10-20,33.660000,33.930000,33.330002,33.700001,26.365576,23040600
2020-10-21,33.509998,33.619999,33.139999,33.160000,25.943100,28619300
2020-10-22,33.180000,34.959999,33.020000,34.860001,27.273109,31831500
2020-10-23,34.970001,35.080002,33.860001,34.160000,26.725460,27429100
2020-10-26,33.610001,33.770000,32.950001,33.349998,26.091749,30888700
2020-10-27,33.150002,33.200001,32.700001,32.820000,25.677094,27100700
2020-10-28,32.099998,32.380001,31.520000,31.570000,24.699144,42136400
2020-10-29,31.410000,33.130001,31.110001,32.970001,25.794449,38622800
2020-10-30,32.410000,33.139999,32.009998,32.619999,25.520622,47885700
2020-11-02,33.139999,34.459999,32.570000,33.990002,26.592459,40130300
2020-11-03,34.490002,34.490002,33.130001,33.410000,26.138691,36773000
2020-11-04,33.270000,34.139999,32.529999,33.230000,25.997864,35410100
2020-11-05,33.369999,33.919998,33.139999,33.169998,25.950918,30824100
2020-11-06,33.099998,33.660000,32.619999,32.779999,25.645803,33985600
2020-11-09,36.419998,38.009998,36.060001,36.930000,28.892601,76879400
2020-11-10,37.049999,37.430000,35.980000,36.860001,29.533598,49055400
2020-11-11,37.090000,37.119999,36.189999,36.480000,29.229116,34124500
2020-11-12,35.860001,36.290001,34.869999,35.230000,28.227571,30933700
2020-11-13,35.400002,36.250000,35.380001,36.080002,28.908627,29241500
2020-11-16,37.590000,38.169998,37.099998,38.160000,30.575193,38596800
2020-11-17,37.810001,38.709999,37.380001,38.669998,30.983829,26521100
2020-11-18,39.020000,39.130001,37.200001,37.209999,29.814022,31068000
2020-11-19,36.860001,37.500000,36.560001,37.400002,29.966257,26954400
2020-11-20,37.349998,37.410000,36.779999,36.939999,29.597691,18351000
2020-11-23,37.500000,39.430000,37.279999,39.360001,31.536680,29367600
2020-11-24,40.509998,42.080002,40.220001,41.980000,33.635910,46979300
2020-11-25,41.669998,41.709999,40.650002,40.810001,32.698486,28178200
2020-11-27,40.700001,40.939999,39.869999,40.189999,32.201714,14971900
2020-11-30,39.799999,39.880001,37.970001,38.130001,30.551151,45614300
2020-12-01,38.959999,39.650002,38.470001,38.500000,30.847620,32472900
2020-12-02,38.389999,40.419998,38.340000,39.939999,32.001396,29369500
2020-12-03,40.070000,40.639999,39.730000,40.209999,32.217735,27038900
2020-12-04,40.770000,41.759998,40.650002,41.680000,33.395550,28723600
2020-12-07,41.419998,41.540001,40.669998,40.900002,32.770584,24899400
2020-12-08,40.529999,42.590000,40.439999,42.240002,33.844242,32573800
2020-12-09,42.709999,43.730000,42.380001,42.799999,34.292942,37824800
2020-12-10,43.200001,44.470001,42.759998,44.009998,35.262428,38058700
2020-12-11,43.700001,43.930000,43.209999,43.799999,35.094170,25478800
2020-12-14,44.340000,44.459999,42.180000,42.220001,33.828220,30595000
2020-12-15,42.439999,43.220001,42.060001,43.040001,34.485226,27138400
2020-12-16,43.750000,44.110001,42.959999,43.700001,35.014042,34273000
2020-12-17,44.000000,44.040001,43.400002,43.480000,34.837780,21204600
2020-12-18,43.270000,43.779999,42.419998,42.730000,34.236851,46596800
2020-12-21,41.110001,42.080002,40.529999,41.950001,33.611885,27869500
2020-12-22,41.580002,41.900002,41.230000,41.240002,33.043011,21792900
2020-12-23,41.509998,42.389999,41.459999,41.770000,33.467667,19085900
2020-12-24,41.650002,41.849998,41.380001,41.599998,33.331444,8039000
2020-12-28,41.689999,42.549999,41.520000,41.740002,33.443630,23877500
2020-12-29,42.040001,42.119999,41.200001,41.270000,33.067047,20287700
2020-12-30,41.330002,42.419998,41.270000,41.599998,33.331444,23807300
2020-12-31,41.470001,41.680000,40.970001,41.220001,33.026981,22786500
2021-01-04,41.450001,42.250000,41.000000,41.500000,33.251331,27764700
2021-01-05,41.840000,44.799999,41.830002,43.500000,34.853802,44035100
2021-01-06,44.410000,45.099998,43.700001,44.610001,35.743179,36484800
2021-01-07,45.000000,45.570000,44.529999,44.959999,36.023609,29528100
2021-01-08,45.200001,45.820000,44.950001,45.459999,36.424225,28628200
2021-01-11,45.040001,47.139999,44.750000,46.840000,37.529934,38246200
2021-01-12,47.459999,48.169998,46.910000,47.880001,38.363220,36915100
2021-01-13,48.529999,48.709999,47.689999,48.419998,38.795887,29000300
2021-01-14,48.500000,51.080002,48.500000,50.310001,40.310226,35474800
2021-01-15,48.910000,49.080002,47.290001,47.889999,38.371231,42411300
2021-01-19,48.450001,49.439999,48.349998,48.840000,39.132404,24932600
2021-01-20,49.110001,49.740002,48.990002,49.529999,39.685249,22342400
2021-01-21,49.330002,49.389999,47.680000,48.110001,38.547497,29044500
2021-01-22,47.009998,47.639999,46.639999,47.430000,38.002659,23264800
2021-01-25,46.900002,47.049999,46.160000,46.900002,37.578014,26395800
2021-01-26,47.259998,47.860001,45.849998,45.869999,36.752739,23976800
2021-01-27,45.000000,46.660000,44.529999,45.349998,36.336086,32410300
2021-01-28,45.939999,46.590000,45.689999,46.060001,36.904968,24967200
2021-01-29,45.549999,46.040001,44.509998,44.840000,35.927467,38961100
2021-02-01,45.580002,45.580002,44.290001,44.919998,35.991554,24412400
2021-02-02,45.810001,46.990002,45.279999,45.630001,36.560436,31940400
2021-02-03,45.630001,47.669998,45.419998,47.419998,37.994644,28459300
2021-02-04,47.880001,48.380001,47.250000,48.330002,38.723782,25280300
2021-02-05,49.180000,50.119999,49.040001,49.950001,40.021774,34980100
2021-02-08,50.919998,52.360001,50.709999,52.099998,41.744442,36998700
2021-02-09,50.669998,50.959999,49.770000,50.630001,41.255543,28977000
2021-02-10,50.630001,51.419998,50.389999,51.119999,41.654800,25723800
2021-02-11,50.889999,50.930000,48.779999,49.840000,40.611809,26972200
2021-02-12,49.430000,50.709999,49.410000,50.520000,41.165897,19756700
2021-02-16,51.959999,52.529999,51.619999,52.040001,42.404461,28060100
2021-02-17,52.349998,53.270000,51.799999,52.849998,43.064487,25509700
2021-02-18,52.810001,52.939999,51.860001,52.020000,42.388165,20627600
2021-02-19,52.110001,52.560001,51.919998,52.369999,42.673363,22607200
2021-02-22,52.590000,54.810001,52.590000,54.299999,44.246002,36435100
2021-02-23,54.980000,55.259998,53.740002,55.049999,44.857140,33527900
2021-02-24,55.189999,57.000000,54.869999,56.700001,46.201630,28728600
2021-02-25,56.980000,57.250000,55.349998,55.759998,45.435677,29670900
2021-02-26,54.410000,55.060001,53.119999,54.369999,44.303047,35291000
2021-03-01,56.470001,57.610001,56.130001,56.400002,45.957172,36998300
2021-03-02,56.650002,56.959999,56.020000,56.070000,45.688278,30302600
2021-03-03,56.419998,57.959999,55.880001,56.520000,46.054966,35358900
2021-03-04,57.119999,59.470001,57.099998,58.709999,47.839462,52137500
2021-03-05,59.830002,61.049999,59.110001,60.930000,49.648422,51429800
2021-03-08,61.580002,61.610001,59.820000,60.869999,49.599537,38154600
2021-03-09,60.610001,61.389999,59.470001,59.930000,48.833580,35645900
2021-03-10,60.520000,61.919998,60.029999,61.770000,50.332893,31579100
2021-03-11,61.779999,62.549999,61.259998,61.310001,49.958057,24802600
2021-03-12,61.549999,62.369999,61.500000,61.970001,50.495857,20422700
2021-03-15,61.490002,61.860001,59.869999,60.389999,49.208405,31243600
2021-03-16,59.540001,59.660000,58.439999,59.110001,48.165409,30624800
2021-03-17,58.689999,59.730000,58.619999,59.369999,48.377254,25575500
2021-03-18,58.810001,58.970001,56.520000,56.810001,46.291264,38622800
2021-03-19,56.709999,57.470001,55.810001,56.490002,46.030518,84439400
2021-03-22,56.500000,56.860001,55.900002,55.910000,45.557907,29315100
2021-03-23,54.939999,56.290001,54.450001,55.220001,44.995667,33493300
2021-03-24,56.080002,57.279999,56.080002,56.340000,45.908283,29781800
2021-03-25,55.209999,56.500000,54.500000,56.180000,45.777912,31495900
2021-03-26,57.299999,57.779999,56.520000,57.709999,47.024624,34226500
2021-03-29,57.340000,57.820000,56.740002,57.400002,46.772034,21144400
2021-03-30,56.860001,57.360001,56.490002,56.689999,46.193485,20303400
2021-03-31,56.349998,56.630001,55.799999,55.830002,45.492714,23686500
2021-04-01,56.320000,57.450001,56.139999,57.389999,46.763870,23194500
2021-04-05,57.299999,57.320000,56.139999,56.500000,46.038670,23264800
2021-04-06,56.840000,57.540001,56.259998,56.340000,45.908283,18926300
2021-04-07,56.389999,56.770000,56.240002,56.590000,46.112000,22385000
2021-04-08,55.930000,56.080002,55.320000,56.000000,45.631233,21999300
2021-04-09,56.000000,56.439999,55.529999,55.869999,45.525311,20020700
2021-04-12,56.759998,56.790001,55.310001,55.500000,45.223816,20238800
2021-04-13,55.299999,55.980000,55.090000,55.709999,45.394932,19370600
2021-04-14,56.410000,58.009998,56.250000,57.320000,46.706833,28051100
2021-04-15,57.419998,57.419998,56.779999,56.980000,46.429783,23250300
2021-04-16,57.360001,57.680000,56.439999,56.660000,46.169041,22752000
2021-04-19,56.750000,57.139999,55.959999,56.480000,46.022362,21123300
2021-04-20,56.470001,56.470001,54.779999,55.290001,45.052700,21782100
2021-04-21,54.500000,56.130001,54.299999,56.000000,45.631233,16625600
2021-04-22,55.990002,55.990002,55.020000,55.270000,45.036404,21600100
2021-04-23,55.270000,55.939999,55.180000,55.570000,45.280869,15337900
2021-04-26,55.470001,56.290001,55.439999,55.680000,45.370495,16083800
2021-04-27,56.009998,56.630001,55.810001,56.410000,45.965328,19278600
2021-04-28,56.910000,58.459999,56.790001,58.110001,47.350552,24729800
2021-04-29,58.919998,59.480000,58.150002,58.939999,48.026878,27318400
2021-04-30,58.330002,58.889999,57.160000,57.240002,46.641651,30518400
2021-05-03,57.980000,58.990002,57.740002,58.820000,47.929108,20509600
2021-05-04,59.000000,59.500000,58.509998,59.189999,48.230591,23522200
2021-05-05,59.770000,61.049999,59.400002,60.970001,49.681015,31526200
2021-05-06,60.860001,61.639999,60.029999,61.549999,50.153625,26836800
2021-05-07,61.070000,62.470001,60.849998,62.430000,50.870682,33610600
2021-05-10,63.240002,64.019997,62.529999,62.580002,50.992905,31956600
2021-05-11,61.630001,62.389999,60.389999,60.590000,49.371376,34563800
2021-05-12,60.009998,61.680000,59.750000,60.040001,49.635937,34426500
2021-05-13,59.000000,60.450001,58.750000,59.299999,49.024147,24268200
2021-05-14,59.930000,60.880001,59.930000,60.770000,50.239426,20735400
2021-05-17,60.540001,62.250000,60.430000,62.189999,51.413353,25282500
2021-05-18,62.000000,62.299999,60.400002,60.430000,49.958332,25170800
2021-05-19,59.099998,59.860001,58.419998,58.980000,48.759609,28889800
2021-05-20,58.950001,59.150002,58.240002,58.840000,48.643860,20692500
2021-05-21,59.419998,59.830002,58.849998,58.919998,48.710007,20792700
2021-05-24,59.080002,59.799999,58.689999,59.610001,49.280437,18400300
2021-05-25,59.500000,59.540001,58.119999,58.259998,48.164383,25616100
2021-05-26,58.250000,59.119999,57.900002,58.939999,48.726536,21698700
2021-05-27,59.230000,59.700001,58.020000,58.560001,48.412380,33556000
2021-05-28,58.730000,58.799999,58.110001,58.369999,48.255318,19246800
2021-06-01,59.450001,60.700001,59.450001,60.459999,49.983150,28474200
2021-06-02,60.750000,61.310001,60.169998,60.939999,50.379967,22978300
2021-06-03,60.549999,61.410000,60.349998,61.180000,50.578373,20272800
2021-06-04,61.459999,61.700001,60.779999,61.450001,50.801598,20427800
2021-06-07,61.330002,61.730000,61.020000,61.049999,50.470894,15477900
2021-06-08,61.500000,62.480000,60.669998,62.130001,51.363758,28953400
2021-06-09,62.669998,63.419998,62.189999,62.650002,51.793655,29133000
2021-06-10,63.610001,63.980000,62.250000,62.750000,51.876316,27488700
2021-06-11,63.009998,63.189999,62.139999,62.169998,51.396820,17631700
2021-06-14,62.299999,62.779999,61.570000,62.070000,51.314152,16997200
2021-06-15,62.480000,64.400002,62.349998,64.330002,53.182529,30717100
2021-06-16,64.320000,64.800003,63.560001,64.099998,52.992374,24803200
2021-06-17,63.860001,64.459999,61.270000,61.990002,51.248024,28491800
2021-06-18,61.000000,61.549999,60.240002,60.400002,49.933540,39590700
2021-06-21,60.930000,62.700001,60.900002,62.590000,51.744049,33145400
2021-06-22,62.849998,64.010002,62.230000,63.790001,52.736103,25140400
2021-06-23,64.050003,64.699997,63.580002,64.260002,53.124653,20701600
2021-06-24,64.150002,64.559998,63.810001,64.519997,53.339603,19568400
2021-06-25,64.610001,64.930000,64.360001,64.660004,53.455349,18438300
2021-06-28,64.559998,64.559998,62.750000,63.009998,52.091267,20570000
2021-06-29,63.209999,63.770000,62.590000,62.619999,51.768856,19579300
2021-06-30,62.700001,63.230000,62.450001,63.080002,52.149136,17875500
2021-07-01,64.330002,64.419998,62.770000,63.259998,52.297947,22530300
2021-07-02,63.009998,63.320000,62.419998,63.169998,52.223537,14555300
2021-07-06,62.750000,62.759998,60.900002,61.369999,50.735451,22110800
2021-07-07,61.180000,61.810001,59.619999,60.410000,49.941807,21671400
2021-07-08,59.450001,60.709999,59.310001,60.139999,49.718590,18935900
2021-07-09,60.700001,61.450001,60.240002,61.230000,50.619713,20086000
2021-07-12,60.419998,61.500000,60.160000,61.169998,50.570103,21809400
2021-07-13,61.000000,61.509998,60.509998,60.880001,50.330364,17147300
2021-07-14,61.169998,61.730000,59.360001,59.529999,49.214298,21573600
2021-07-15,59.169998,59.700001,58.770000,58.950001,48.734810,15851100
2021-07-16,59.180000,59.259998,57.150002,57.320000,47.387260,27049500
2021-07-19,55.639999,56.200001,54.599998,55.349998,45.758633,37969100
2021-07-20,55.500000,56.599998,55.029999,55.959999,46.262936,26756100
2021-07-21,56.860001,58.299999,56.830002,57.759998,47.751007,20908700
2021-07-22,57.730000,57.740002,56.660000,57.110001,47.213657,13493800
2021-07-23,57.290001,57.290001,56.470001,57.040001,47.155781,14088200
2021-07-26,57.160000,58.650002,57.000000,58.480000,48.346249,18387600
2021-07-27,58.009998,58.009998,57.209999,57.830002,47.808891,16861400
2021-07-28,58.000000,58.630001,57.619999,58.220001,48.131298,16855300
2021-07-29,59.000000,59.330002,58.560001,58.930000,48.718269,18607800
2021-07-30,58.880001,58.880001,57.320000,57.570000,47.593941,28652800
2021-08-02,57.549999,59.060001,57.400002,57.580002,47.602207,20873800
2021-08-03,57.570000,58.410000,56.930000,58.200001,48.114773,18208200
2021-08-04,57.189999,57.880001,56.810001,56.840000,46.990437,20868300
2021-08-05,57.130001,57.700001,56.830002,57.200001,47.288059,15180200
2021-08-06,57.660000,58.070000,57.529999,57.860001,47.833687,14888500
2021-08-09,57.130001,57.520000,56.830002,57.200001,47.288059,17828200
2021-08-10,57.419998,58.360001,57.299999,58.180000,48.098232,16340200
2021-08-11,58.189999,58.500000,57.720001,58.349998,48.238770,18278600
2021-08-12,57.400002,57.790001,56.869999,57.349998,48.129677,19225500
2021-08-13,57.029999,57.070000,56.299999,56.770000,47.642921,20063000
2021-08-16,56.020000,56.090000,55.270000,55.939999,46.946369,16959500
2021-08-17,55.500000,56.299999,55.000000,55.560001,46.627464,16243700
2021-08-18,55.419998,55.810001,54.310001,54.389999,45.645569,21890500
2021-08-19,53.470001,53.709999,52.099998,52.730000,44.252449,30923500
2021-08-20,52.270000,53.139999,52.110001,52.740002,44.260841,16918300
2021-08-23,53.950001,55.060001,53.950001,54.910000,46.081970,21632600
2021-08-24,55.290001,55.849998,55.009998,55.360001,46.459618,17915600
2021-08-25,55.240002,55.770000,54.869999,55.459999,46.543541,13270300
2021-08-26,55.200001,55.540001,54.630001,54.709999,45.914116,11842600
2021-08-27,55.400002,56.209999,55.400002,55.770000,46.803699,15822500
2021-08-30,56.240002,56.340000,55.119999,55.160000,46.291763,14086100
2021-08-31,54.930000,55.310001,54.459999,54.520000,45.754665,27104100
2021-09-01,54.490002,54.759998,53.599998,53.770000,45.125244,21644100
2021-09-02,54.290001,55.639999,54.270000,55.080002,46.224632,23293300
2021-09-03,55.119999,55.320000,54.599998,54.869999,46.048389,13840000
2021-09-07,54.669998,55.270000,54.470001,54.549999,45.779839,14354400
2021-09-08,54.790001,55.180000,54.009998,54.049999,45.360222,18756700
2021-09-09,53.619999,55.000000,53.299999,54.090000,45.393787,19110800
2021-09-10,55.189999,55.230000,53.950001,53.980000,45.301487,15123700
2021-09-13,54.650002,55.930000,54.619999,55.369999,46.468006,22052300
2021-09-14,55.689999,55.770000,54.410000,54.580002,45.805019,19940300
2021-09-15,55.369999,56.529999,55.310001,56.419998,47.349201,23240900
2021-09-16,56.459999,56.459999,55.500000,55.820000,46.845657,17907200
2021-09-17,55.340000,56.750000,55.099998,55.160000,46.291763,30000400
2021-09-20,53.779999,54.169998,52.959999,53.689999,45.058105,27555100
2021-09-21,54.369999,54.509998,53.250000,53.639999,45.016140,19696800
2021-09-22,54.430000,55.910000,54.369999,55.209999,46.333736,25690600
2021-09-23,55.419998,57.240002,55.279999,57.080002,47.903088,23069400
2021-09-24,56.700001,57.820000,56.680000,57.590000,48.331085,22328600
2021-09-27,58.849998,59.799999,58.820000,59.299999,49.766163,32972200
2021-09-28,59.900002,60.480000,59.509998,59.919998,50.286488,37619300
2021-09-29,59.840000,60.189999,59.049999,59.880001,50.252922,23422800
2021-09-30,60.119999,60.169998,58.810001,58.820000,49.363346,31289600
2021-10-01,59.410000,60.990002,59.410000,60.930000,51.134113,24407300
2021-10-04,61.320000,62.070000,60.950001,61.720001,51.797108,33946700
2021-10-05,62.520000,62.700001,61.020000,61.619999,51.713181,29641600
2021-10-06,60.470001,61.119999,59.750000,60.490002,50.764854,25284900
2021-10-07,60.610001,61.080002,60.139999,60.660000,50.907528,19513600
2021-10-08,61.250000,62.419998,61.250000,62.180000,52.183155,22186900
2021-10-11,63.029999,63.060001,61.500000,61.560001,51.662823,22121500
2021-10-12,61.570000,61.980000,60.849998,61.240002,51.394276,20198600
2021-10-13,60.779999,61.389999,60.209999,61.070000,51.251602,14991700
2021-10-14,61.709999,62.220001,61.169998,62.000000,52.032085,18594500
2021-10-15,62.730000,63.070000,62.439999,62.590000,52.527229,16092600
2021-10-18,63.090000,63.139999,62.270000,62.560001,52.502056,18282800
2021-10-19,62.869999,63.610001,62.669998,63.500000,53.290928,18933200
2021-10-20,62.889999,63.869999,62.720001,63.849998,53.584652,14305200
2021-10-21,63.470001,63.639999,62.349998,62.689999,52.611149,16564600
2021-10-22,62.770000,63.220001,62.349998,63.119999,52.972015,14266800
2021-10-25,63.720001,64.419998,63.580002,64.349998,54.004265,17939800
2021-10-26,64.489998,65.940002,64.360001,65.839996,55.254719,25585100
2021-10-27,65.160004,65.250000,63.980000,64.129997,53.819633,21764500
2021-10-28,63.820000,64.470001,63.630001,64.309998,53.970699,16626400
2021-10-29,65.050003,65.360001,64.330002,64.470001,54.104977,23966300
2021-11-01,65.070000,66.080002,65.019997,65.629997,55.078480,19656400
2021-11-02,65.029999,65.449997,64.660004,64.820000,54.398701,16300000
2021-11-03,64.040001,64.449997,63.660000,63.930000,53.651794,17372800
2021-11-04,64.680000,64.889999,63.830002,64.410004,54.054623,17720100
2021-11-05,65.050003,65.330002,64.559998,65.019997,54.566559,18565100
2021-11-08,65.550003,66.379997,65.379997,65.720001,55.154015,17696000
2021-11-09,65.769997,66.370003,65.309998,66.360001,55.691116,18781300
2021-11-10,65.320000,65.650002,63.770000,64.190002,54.593975,20177200
2021-11-11,64.190002,64.830002,64.019997,64.309998,54.696022,13319300
2021-11-12,63.959999,64.370003,63.580002,63.820000,54.279282,18158900
2021-11-15,63.759998,64.769997,63.220001,64.370003,54.747059,18849200
2021-11-16,64.339996,65.370003,64.339996,65.019997,55.299889,17028700
2021-11-17,64.379997,65.239998,64.180000,64.309998,54.696022,15497000
2021-11-18,64.160004,64.529999,63.110001,63.610001,54.100670,16948200
2021-11-19,61.889999,62.029999,60.410000,60.669998,51.600174,32035500
2021-11-22,60.320000,62.540001,60.320000,61.509998,52.314617,21994400
2021-11-23,62.189999,63.380001,61.919998,63.130001,53.692440,21185900
2021-11-24,62.580002,63.849998,62.580002,63.480000,53.990108,15869700
2021-11-26,60.520000,61.419998,59.540001,61.250000,52.093475,24979600
2021-11-29,62.570000,63.139999,61.290001,61.590000,52.382648,18946400
2021-11-30,60.459999,61.189999,59.660000,59.840000,50.894257,34979800
2021-12-01,60.900002,62.029999,59.750000,59.790001,50.851734,30630600
2021-12-02,59.740002,61.580002,59.139999,61.279999,52.118992,29216000
2021-12-03,61.919998,62.230000,60.349998,60.889999,51.787300,22014700
2021-12-06,61.720001,62.160000,61.419998,61.580002,52.374149,19210500
2021-12-07,62.340000,63.029999,62.099998,62.270000,52.960995,19800400
2021-12-08,62.610001,63.189999,62.340000,62.450001,53.114086,18214400
2021-12-09,62.049999,62.770000,61.810001,62.610001,53.250164,16910300
2021-12-10,63.270000,63.349998,62.230000,63.009998,53.590366,17942400
2021-12-13,62.470001,62.720001,61.349998,61.630001,52.416668,17793700
2021-12-14,61.259998,62.470001,61.220001,61.540001,52.340126,22551100
2021-12-15,61.189999,61.500000,60.009998,61.270000,52.110489,19961900
2021-12-16,61.439999,62.450001,61.299999,61.369999,52.195538,21187800
2021-12-17,60.950001,61.279999,59.689999,60.029999,51.055851,44338100
2021-12-20,58.790001,59.250000,57.959999,59.160000,50.315926,21819300
2021-12-21,59.750000,60.680000,59.720001,60.500000,51.455597,19798900
2021-12-22,60.340000,61.369999,59.970001,60.990002,51.872345,14058300
2021-12-23,61.169998,61.840000,61.000000,61.020000,51.897858,13543300
2021-12-27,60.930000,61.950001,60.419998,61.889999,52.637806,12593700
2021-12-28,61.910000,62.310001,61.400002,61.689999,52.467701,12781000
2021-12-29,61.480000,61.599998,60.919998,61.150002,52.008434,12733600
2021-12-30,61.220001,61.599998,60.770000,60.790001,51.702240,11940300
2021-12-31,60.740002,61.470001,60.700001,61.189999,52.042446,14072000
2022-01-03,61.240002,63.599998,61.209999,63.540001,54.041134,24282400
2022-01-04,64.129997,66.190002,64.099998,65.930000,56.073845,38584000
2022-01-05,66.500000,67.610001,66.480003,66.750000,56.771263,34033300
2022-01-06,68.000000,68.480003,67.070000,68.320000,58.106552,30668500
2022-01-07,68.519997,69.180000,67.980003,68.879997,58.582840,23985400
2022-01-10,68.970001,69.169998,67.949997,68.470001,58.234127,22760300
2022-01-11,68.889999,71.400002,68.580002,71.349998,60.683578,32936100
2022-01-12,71.139999,71.809998,70.639999,71.139999,60.504974,23045100
2022-01-13,71.120003,71.580002,70.309998,70.629997,60.071213,21043200
2022-01-14,70.650002,72.150002,70.599998,71.870003,61.125847,23012900
2022-01-18,72.820000,73.879997,72.010002,73.080002,62.154964,32841200
2022-01-19,73.750000,73.860001,72.550003,73.110001,62.180470,26431600
2022-01-20,72.500000,74.370003,72.260002,73.269997,62.316559,26774600
2022-01-21,73.180000,73.180000,71.040001,72.169998,61.380981,35995200
2022-01-24,70.879997,73.080002,69.809998,72.790001,61.908318,41507000
2022-01-25,72.589996,75.239998,71.389999,74.930000,63.728386,39278400
2022-01-26,75.430000,76.000000,73.489998,74.169998,63.082005,35252400
2022-01-27,75.459999,76.010002,73.989998,75.120003,63.890003,29174700
2022-01-28,74.970001,75.620003,73.949997,75.279999,64.026070,30595700
2022-01-31,74.970001,76.419998,74.269997,75.959999,64.604408,36085500
2022-02-01,76.449997,81.510002,76.269997,80.830002,68.746391,61033100
2022-02-02,80.059998,80.809998,79.150002,80.620003,68.567772,30299300
2022-02-03,80.089996,80.309998,79.019997,79.680000,67.768288,28529400
2022-02-04,80.870003,82.529999,80.870003,81.410004,69.239677,32197500
2022-02-07,81.139999,83.080002,80.639999,82.389999,70.073158,34949200
2022-02-08,82.269997,82.500000,79.919998,80.260002,68.261597,34356300
2022-02-09,79.580002,80.029999,78.709999,79.000000,67.934807,40106100
2022-02-10,78.720001,79.680000,77.790001,78.239998,67.281258,28527700
2022-02-11,78.620003,80.320000,78.230003,80.209999,68.975319,42002100
2022-02-14,79.580002,79.839996,77.050003,78.980003,67.917633,34652800
2022-02-15,76.900002,78.190002,76.419998,77.989998,67.066277,25075100
2022-02-16,78.790001,79.730003,78.040001,78.349998,67.375847,21733800
2022-02-17,78.480003,79.120003,77.949997,78.230003,67.272652,23738800
2022-02-18,77.160004,78.169998,76.889999,77.360001,66.524529,23394800
2022-02-22,79.669998,79.790001,75.309998,76.459999,65.750587,35947800
2022-02-23,76.459999,77.470001,76.129997,76.769997,66.017151,25385000
2022-02-24,79.000000,79.029999,74.029999,75.800003,65.183037,46199900
2022-02-25,76.690002,77.989998,76.260002,77.839996,66.937286,28310300
2022-02-28,76.510002,78.930000,76.199997,78.419998,67.436043,32204600
2022-03-01,78.769997,80.650002,78.330002,79.169998,68.081009,40002300
2022-03-02,80.599998,82.150002,79.820000,80.529999,69.250526,44321400
2022-03-03,79.860001,81.769997,79.629997,81.040001,69.689095,30196600
2022-03-04,81.050003,84.279999,80.660004,84.089996,72.311890,42802200
2022-03-07,84.919998,87.230003,83.900002,87.120003,74.917480,55207900
2022-03-08,89.050003,91.510002,85.430000,87.779999,75.485039,72082300
2022-03-09,84.029999,86.570000,81.599998,82.790001,71.193970,65466700
2022-03-10,84.010002,85.680000,82.900002,85.360001,73.404007,44644200
2022-03-11,84.070000,86.230003,83.970001,84.919998,73.025650,35303400
2022-03-14,83.059998,83.449997,80.500000,81.879997,70.411430,37462600
2022-03-15,78.820000,79.169998,76.370003,77.220001,66.404137,47957900
2022-03-16,77.809998,78.620003,76.250000,76.930000,66.154747,37812300
2022-03-17,78.180000,79.150002,77.070000,78.980003,67.917633,34041900
2022-03-18,79.059998,79.389999,78.099998,78.669998,67.651039,41461500
2022-03-21,80.120003,82.519997,79.739998,82.199997,70.686607,33089300
2022-03-22,81.629997,82.199997,80.790001,81.839996,70.377022,23132200
2022-03-23,83.339996,84.269997,83.050003,83.129997,71.486336,27716300
2022-03-24,83.459999,84.650002,82.750000,83.379997,71.701317,19871600
2022-03-25,82.919998,85.489998,82.790001,85.199997,73.266403,22398300
2022-03-28,83.169998,83.309998,82.019997,82.809998,71.211166,21552400
2022-03-29,80.809998,82.489998,79.760002,82.370003,70.832802,27036300
2022-03-30,83.059998,84.010002,82.709999,83.779999,72.045288,22079000
2022-03-31,82.870003,84.400002,82.550003,82.589996,71.021980,27861500
2022-04-01,81.989998,84.139999,81.989998,83.120003,71.477753,18671100
2022-04-04,83.559998,83.660004,82.050003,83.160004,71.512154,20869400
2022-04-05,83.500000,85.070000,82.559998,82.730003,71.142380,21753100
2022-04-06,83.419998,84.699997,82.940002,83.650002,71.933533,24768200
2022-04-07,83.830002,85.440002,82.709999,85.050003,73.137405,26122000
2022-04-08,85.169998,87.209999,85.169998,86.839996,74.676682,24866500
2022-04-11,85.779999,85.930000,83.500000,83.849998,72.105492,21800100
2022-04-12,85.709999,86.820000,85.379997,85.599998,73.610390,22444200
2022-04-13,86.610001,87.110001,85.190002,86.809998,74.650894,19306800
2022-04-14,86.669998,88.459999,86.230003,87.830002,75.528038,24566400
2022-04-18,88.500000,88.889999,87.750000,88.550003,76.147186,19032300
2022-04-19,88.010002,88.660004,87.269997,87.760002,75.467850,20382600
2022-04-20,87.970001,88.500000,87.300003,87.959999,75.639839,20689400
2022-04-21,88.949997,89.800003,86.790001,87.029999,74.840096,29010900
2022-04-22,86.660004,88.120003,85.000000,85.129997,73.206215,23591600
2022-04-25,82.370003,82.660004,79.290001,82.260002,70.738205,37698300
2022-04-26,82.730003,84.720001,82.180000,82.290001,70.764015,28941500
2022-04-27,83.389999,85.480003,82.279999,84.639999,72.784859,32773000
2022-04-28,84.879997,88.139999,84.070000,87.199997,74.986267,33683800
2022-04-29,88.139999,88.139999,84.699997,85.250000,73.309402,34656500
2022-05-02,85.010002,87.040001,84.629997,86.410004,74.306953,36335200
2022-05-03,86.260002,88.779999,86.120003,88.190002,75.837624,33908100
2022-05-04,89.500000,91.879997,88.910004,91.699997,78.855980,46188400
2022-05-05,92.040001,92.050003,88.389999,90.309998,77.660683,41013400
2022-05-06,90.980003,91.820000,89.349998,91.690002,78.847389,29619300
2022-05-09,89.440002,89.559998,84.019997,84.459999,72.630058,45851600
2022-05-10,85.639999,86.889999,83.519997,85.019997,73.111610,34483200
2022-05-11,86.430000,88.940002,86.279999,86.790001,74.633705,33020600
2022-05-12,85.949997,86.379997,83.400002,86.300003,74.972519,29491500
2022-05-13,87.360001,88.949997,86.349998,88.860001,77.196495,25798400
2022-05-16,88.980003,91.980003,88.970001,90.949997,79.012177,26101200
2022-05-17,91.730003,92.449997,91.120003,92.110001,80.019905,23120700
2022-05-18,92.510002,92.919998,89.830002,90.650002,78.751556,25451200
2022-05-19,89.000000,92.300003,89.000000,91.139999,79.177231,24387400
2022-05-20,91.930000,93.589996,90.400002,91.860001,79.802727,28795000
2022-05-23,92.660004,94.769997,92.550003,93.889999,81.566269,27239300
2022-05-24,92.820000,94.790001,92.320000,94.400002,82.009346,24293300
2022-05-25,94.580002,96.529999,94.470001,96.300003,83.659935,29947800
2022-05-26,96.599998,97.430000,96.199997,96.639999,83.955315,24314800
2022-05-27,95.949997,97.930000,95.300003,97.589996,84.780609,25588800
2022-05-31,98.559998,99.779999,95.709999,96.000000,83.399323,44888100
2022-06-01,97.019997,98.709999,96.620003,97.839996,84.997795,25815400
2022-06-02,97.290001,98.099998,96.790001,97.669998,84.850113,19089100
2022-06-03,97.900002,99.660004,97.900002,99.089996,86.083740,21038200
2022-06-06,99.180000,99.779999,98.669998,98.839996,85.866547,20682100
2022-06-07,99.699997,103.430000,99.489998,103.370003,89.801964,37810200
2022-06-08,103.489998,105.570000,102.980003,104.589996,90.861816,31613200
2022-06-09,103.419998,104.570000,102.160004,102.330002,88.898460,26607000
2022-06-10,101.940002,103.349998,99.790001,100.459999,87.273911,30950500
2022-06-13,97.519997,97.769997,93.919998,95.849998,83.269028,33421000
2022-06-14,97.410004,98.669998,95.269997,96.099998,83.486206,31264000
2022-06-15,95.989998,96.570000,93.269997,94.889999,82.435020,29620800
2022-06-16,92.410004,93.129997,90.279999,91.389999,79.394409,35696700
2022-06-17,90.959999,91.349998,85.660004,86.120003,74.816147,64610200
2022-06-21,88.580002,92.529999,88.519997,91.480003,79.472603,35951500
2022-06-22,87.540001,89.760002,87.529999,87.860001,76.327759,29727200
2022-06-23,88.660004,89.050003,83.519997,85.209999,74.025589,35757200
2022-06-24,86.949997,88.400002,85.809998,86.900002,75.493767,26639000
2022-06-27,87.809998,90.040001,87.669998,89.029999,77.344185,25478700
2022-06-28,91.120003,93.239998,90.349998,91.500000,79.489975,33096900
2022-06-29,92.980003,93.199997,87.760002,88.120003,76.553635,25400900
2022-06-30,86.139999,87.599998,84.669998,85.639999,74.399147,39948100
2022-07-01,86.739998,87.879997,84.709999,87.550003,76.058456,26327900
2022-07-05,86.339996,86.699997,83.010002,84.809998,73.678078,34591100
2022-07-06,83.760002,85.230003,81.010002,83.279999,72.348915,33375700
2022-07-07,85.379997,86.760002,85.300003,85.940002,74.659782,23817400
2022-07-08,86.949997,87.300003,84.930000,86.080002,74.781387,17673800
2022-07-11,85.169998,86.120003,84.360001,85.639999,74.399147,15603800
2022-07-12,83.779999,85.050003,82.860001,84.500000,73.408791,21013000
2022-07-13,83.379997,86.309998,83.300003,84.839996,73.704155,19928600
2022-07-14,81.849998,83.309998,80.690002,83.139999,72.227280,26343000
2022-07-15,84.800003,84.879997,82.900002,84.540001,73.443527,17243700
2022-07-18,86.580002,87.940002,85.750000,86.099998,74.798767,19395800
2022-07-19,86.419998,88.519997,86.250000,88.269997,76.683922,18248900
2022-07-20,87.580002,89.650002,87.250000,89.239998,77.526627,16584400
2022-07-21,86.930000,87.800003,85.209999,87.750000,76.232193,21375700
2022-07-22,87.550003,88.470001,86.629997,87.080002,75.650131,15479500
2022-07-25,88.160004,90.129997,87.419998,89.980003,78.169495,17536400
2022-07-26,91.129997,91.279999,89.000000,89.629997,77.865433,15141200
2022-07-27,90.279999,92.000000,89.400002,91.570000,79.550797,18047000
2022-07-28,92.180000,93.250000,91.010002,92.639999,80.480347,20353100
2022-07-29,94.449997,97.519997,94.099998,96.930000,84.207268,29825800
2022-08-01,94.790001,95.349998,93.230003,94.480003,82.078835,20793200
2022-08-02,94.690002,95.199997,93.820000,94.070000,81.722656,16722500
2022-08-03,94.419998,94.419998,90.790001,91.019997,79.072968,23580800
2022-08-04,90.309998,90.339996,86.430000,87.190002,75.745705,31821500
2022-08-05,86.360001,89.690002,86.279999,88.449997,76.840324,17408000
2022-08-08,88.610001,89.599998,88.220001,88.949997,77.274689,14458500
2022-08-09,90.050003,91.610001,89.949997,90.589996,78.699425,19083400
2022-08-10,90.680000,91.790001,89.190002,91.449997,79.446548,18302000
2022-08-11,91.839996,94.300003,91.440002,93.190002,81.744766,18797900
2022-08-12,92.480003,94.019997,92.110001,94.000000,82.455292,15058200
2022-08-15,90.529999,92.730003,89.660004,92.320000,80.981606,20755200
2022-08-16,92.029999,92.889999,91.290001,91.459999,80.227242,14038200
2022-08-17,91.269997,93.209999,90.919998,92.199997,80.876343,13678000
2022-08-18,93.150002,95.309998,93.089996,94.379997,82.788612,17770400
2022-08-19,94.160004,95.199997,93.800003,94.080002,82.525459,16128600
2022-08-22,93.419998,94.489998,91.860001,94.010002,82.464050,16019900
2022-08-23,95.550003,98.410004,95.449997,98.000000,85.964020,23764700
2022-08-24,98.010002,98.970001,97.360001,98.580002,86.472778,17050300
2022-08-25,98.919998,99.860001,98.099998,99.089996,86.920151,15305700
2022-08-26,98.769997,99.910004,97.419998,97.870003,85.849960,15531400
2022-08-29,98.180000,101.559998,98.139999,100.120003,87.823639,23059200
2022-08-30,98.360001,98.620003,95.820000,96.309998,84.481575,17086800
2022-08-31,94.029999,96.839996,93.589996,95.589996,83.850006,18340900
2022-09-01,94.419998,95.070000,92.290001,93.870003,82.341248,16423000
2022-09-02,96.349998,96.790001,95.110001,95.589996,83.850006,18206800
2022-09-06,96.160004,96.589996,94.510002,94.949997,83.288605,19201500
2022-09-07,93.190002,94.589996,92.300003,94.139999,82.578094,16274700
2022-09-08,94.660004,95.419998,93.720001,94.910004,83.253517,18759200
2022-09-09,96.519997,97.000000,95.320000,96.500000,84.648239,17158000
2022-09-12,97.650002,99.190002,96.879997,97.610001,85.621925,16118900
2022-09-13,96.610001,97.779999,94.910004,95.330002,83.621941,18229100
2022-09-14,96.190002,98.559998,96.150002,97.669998,85.674538,22655700
2022-09-15,96.220001,96.540001,94.050003,94.830002,83.183357,21092300
2022-09-16,95.070000,95.339996,92.000000,93.209999,81.762314,37874700
2022-09-19,91.010002,93.489998,91.000000,93.199997,81.753525,15342100
2022-09-20,92.730003,92.930000,91.639999,92.440002,81.086884,14712500
2022-09-21,93.570000,93.879997,90.870003,90.949997,79.779877,17332400
2022-09-22,92.199997,92.660004,90.519997,90.570000,79.446533,16139400
2022-09-23,87.500000,87.500000,84.849998,85.750000,75.218513,27738800
2022-09-26,84.900002,86.220001,83.889999,83.980003,73.665916,22043400
2022-09-27,85.610001,86.959999,84.809998,85.739998,75.209740,17307300
2022-09-28,86.120003,89.300003,85.919998,88.860001,77.946556,19543300
2022-09-29,88.180000,89.360001,87.129997,88.680000,77.788658,17896000
2022-09-30,88.169998,89.040001,87.309998,87.309998,76.586937,21357600
2022-10-03,90.040001,92.360001,89.720001,91.919998,80.630737,23881300
2022-10-04,93.239998,95.360001,92.709999,95.269997,83.569313,22133700
2022-10-05,95.750000,99.989998,95.660004,99.120003,86.946465,34857700
2022-10-06,98.470001,102.180000,98.330002,102.059998,89.525391,29124700
2022-10-07,102.190002,103.320000,100.180000,101.029999,88.621880,24507600
2022-10-10,101.489998,102.029999,98.720001,98.839996,86.700844,16786100
2022-10-11,97.220001,99.760002,96.750000,98.000000,85.964020,17804100
2022-10-12,97.500000,98.910004,97.230003,98.430000,86.341194,12635800
2022-10-13,97.550003,102.449997,97.400002,101.870003,89.358734,22019100
2022-10-14,101.120003,102.239998,99.040001,99.190002,87.007874,15222000
2022-10-17,101.070000,101.970001,100.500000,100.620003,88.262253,14283200
2022-10-18,101.540001,102.349998,99.230003,100.800003,88.420143,14065400
2022-10-19,101.250000,103.989998,101.230003,103.790001,91.042915,20921700
2022-10-20,104.320000,105.000000,103.410004,103.930000,91.165718,17649000
2022-10-21,104.449997,106.400002,103.910004,105.860001,92.858681,22814100
2022-10-24,105.660004,107.680000,105.120003,106.599998,93.507812,17024200
2022-10-25,106.410004,107.330002,105.070000,105.879997,92.876221,15719800
2022-10-26,106.260002,107.830002,106.000000,107.139999,93.981468,17383800
2022-10-27,108.410004,109.580002,107.419998,107.550003,94.341118,18214000
2022-10-28,109.459999,111.209999,108.120003,110.699997,97.104256,28169400
2022-10-31,109.500000,112.910004,109.440002,110.809998,97.200752,26401800
2022-11-01,112.370003,112.570000,110.650002,111.910004,98.165634,22213100
2022-11-02,111.580002,112.099998,109.309998,109.610001,96.148132,20654200
2022-11-03,108.580002,111.820000,108.309998,111.099998,97.455124,17103700
2022-11-04,113.000000,113.500000,110.800003,112.309998,98.516518,17541500
2022-11-07,112.410004,113.989998,112.129997,113.639999,99.683174,16008000
2022-11-08,113.480003,114.660004,112.599998,114.000000,99.998962,14661000
2022-11-09,113.099998,113.279999,108.570000,108.900002,95.525330,19522800
2022-11-10,110.190002,110.699997,107.570000,110.500000,96.928818,20146700
2022-11-11,112.580002,114.500000,112.489998,113.949997,99.955086,20518900
2022-11-14,112.629997,114.639999,112.489998,113.370003,100.246895,20858300
2022-11-15,113.800003,114.529999,112.870003,114.129997,100.918930,19373800
2022-11-16,113.440002,114.260002,111.860001,112.910004,99.840157,13591000
2022-11-17,111.290001,113.199997,110.750000,113.059998,99.972786,12425900
2022-11-18,110.900002,112.480003,109.610001,112.080002,99.106224,15415000
2022-11-21,109.989998,111.199997,107.480003,110.970001,98.124710,20973000
2022-11-22,112.209999,114.470001,111.430000,114.180000,100.963142,17719100
2022-11-23,112.320000,113.949997,112.099998,113.610001,100.459122,11546700
2022-11-25,113.879997,114.610001,113.059998,113.209999,100.105415,7136000
2022-11-28,110.660004,111.459999,109.620003,109.809998,97.098991,23015500
2022-11-29,110.610001,111.800003,109.790001,110.540001,97.744476,14453200
2022-11-30,111.540001,111.900002,109.779999,111.339996,98.451874,23158100
2022-12-01,111.639999,112.070000,110.180000,110.800003,97.974396,14398300
2022-12-02,109.510002,111.709999,109.199997,109.860001,97.143204,15248400
2022-12-05,110.699997,111.360001,105.940002,106.849998,94.481613,19287700
2022-12-06,105.900002,107.040001,103.150002,103.879997,91.855408,21197000
2022-12-07,103.779999,104.849998,102.370003,103.650002,91.652031,20061700
2022-12-08,106.279999,106.800003,103.709999,104.419998,92.332909,21128800
2022-12-09,104.589996,105.949997,103.300003,103.540001,91.554756,21298200
2022-12-12,103.830002,106.239998,103.589996,106.089996,93.809578,20413200
2022-12-13,107.800003,108.540001,107.019997,107.250000,94.835327,24305300
2022-12-14,107.989998,108.300003,105.750000,106.459999,94.136757,17597300
2022-12-15,105.330002,106.169998,103.699997,105.440002,93.234848,15365100
2022-12-16,103.690002,105.580002,103.129997,104.699997,92.580482,54596600
2022-12-19,105.260002,106.199997,104.379997,105.169998,92.996094,13611100
2022-12-20,105.169998,107.510002,105.070000,106.690002,94.340134,14680000
2022-12-21,108.290001,108.589996,107.160004,108.059998,95.551552,13565400
2022-12-22,107.889999,108.190002,104.099998,105.879997,93.623901,13213000
2022-12-23,106.949997,108.739998,106.900002,108.680000,96.099792,11539400
2022-12-27,109.269997,110.470001,108.830002,110.190002,97.434998,11962100
2022-12-28,109.910004,110.000000,107.900002,108.379997,95.834526,10702100
2022-12-29,107.989998,109.720001,107.989998,109.199997,96.559593,10534000
2022-12-30,108.610001,110.500000,108.610001,110.300003,97.532265,11799600
2023-01-03,109.779999,110.019997,105.489998,106.510002,94.180969,15146200
2023-01-04,104.800003,107.160004,104.760002,106.820000,94.455086,18058400
2023-01-05,106.339996,109.949997,106.309998,109.209999,96.568428,15946600
2023-01-06,110.080002,111.989998,109.669998,110.529999,97.735626,16348100
2023-01-09,111.639999,111.639999,107.809998,108.470001,95.914101,17964600
2023-01-10,109.790001,110.330002,108.010002,110.089996,97.346581,15104600
2023-01-11,110.989998,111.449997,109.089996,111.370003,98.478409,16710400
2023-01-12,111.820000,113.739998,111.739998,113.220001,100.114281,15357300
2023-01-13,113.110001,113.489998,112.160004,113.150002,100.052361,12011400
2023-01-17,113.410004,114.080002,112.669998,112.930000,99.857841,16542200
2023-01-18,113.260002,114.120003,110.400002,110.610001,97.806389,16399700
2023-01-19,110.070000,112.129997,109.580002,111.320000,98.434204,12928000
2023-01-20,111.360001,113.440002,110.610001,113.349998,100.229210,16515600
2023-01-23,113.639999,114.589996,112.639999,112.760002,99.707520,16584400
2023-01-24,109.160004,114.019997,104.870003,113.809998,100.635956,13583000
2023-01-25,113.230003,113.650002,111.389999,113.209999,100.105415,11914700
2023-01-26,114.720001,117.779999,114.339996,117.760002,104.128746,21019700
2023-01-27,116.949997,117.669998,115.389999,115.610001,102.227600,15179200
2023-01-30,115.089996,115.489998,113.150002,113.559998,100.414909,18672100
2023-01-31,112.099998,116.400002,110.430000,116.010002,102.581314,27861800
2023-02-01,115.830002,117.379997,113.339996,114.739998,101.458313,19464900
2023-02-02,114.849998,115.070000,109.830002,111.150002,98.283882,24562100
2023-02-03,111.900002,114.110001,111.559998,111.919998,98.964752,20226600
2023-02-06,112.360001,113.089996,110.320000,111.730003,98.796745,13855200
2023-02-07,112.389999,115.309998,112.019997,114.919998,101.617485,16013300
2023-02-08,115.050003,115.830002,113.849998,113.919998,100.733238,18459700
2023-02-09,114.620003,116.239998,114.180000,114.349998,101.113457,17439300
2023-02-10,116.510002,119.629997,116.160004,119.169998,105.375526,24918600
2023-02-13,117.720001,118.180000,115.900002,117.800003,104.965652,14536200
2023-02-14,117.010002,117.809998,116.019997,116.419998,103.735985,12079000
2023-02-15,115.720001,116.089996,114.139999,116.070000,103.424110,13663400
2023-02-16,115.309998,116.779999,114.800003,115.730003,103.121178,11360600
2023-02-17,114.190002,114.190002,110.980003,111.279999,99.155975,20758300
2023-02-21,110.809998,112.379997,110.809998,111.169998,99.057983,14469400
2023-02-22,110.480003,110.970001,108.639999,109.730003,97.774864,13973800
2023-02-23,110.730003,111.830002,109.900002,110.739998,98.674828,11289400
2023-02-24,109.330002,110.959999,109.019997,110.750000,98.683754,14351000
2023-02-27,110.800003,111.260002,109.959999,110.550003,98.505524,11710500
2023-02-28,111.239998,111.360001,109.220001,109.910004,97.935265,18107000
2023-03-01,109.309998,111.860001,109.239998,110.889999,98.808495,13200000
2023-03-02,110.620003,111.699997,110.169998,111.400002,99.262924,10339900
2023-03-03,110.050003,113.370003,109.949997,112.809998,100.519310,13006700
2023-03-06,111.989998,113.839996,111.870003,113.809998,101.410332,14347400
2023-03-07,112.809998,113.169998,111.169998,111.610001,99.450043,11525300
2023-03-08,111.230003,112.419998,109.070000,109.980003,97.997643,13509800
2023-03-09,110.870003,112.230003,109.029999,109.129997,97.240242,12961200
2023-03-10,109.559998,111.040001,107.150002,107.779999,96.037315,15795700
2023-03-13,105.339996,107.860001,103.720001,106.540001,94.932411,20745600
2023-03-14,106.349998,109.010002,104.959999,106.940002,95.288841,18263500
2023-03-15,102.820000,104.199997,100.220001,101.620003,90.548454,25733800
2023-03-16,99.110001,101.680000,98.019997,101.029999,90.022728,27465200
2023-03-17,100.599998,101.610001,99.139999,99.839996,88.962379,43199500
2023-03-20,99.629997,102.480003,99.500000,102.449997,91.288025,32042100
2023-03-21,104.169998,107.279999,104.129997,107.040001,95.377945,31592300
2023-03-22,106.800003,107.180000,104.559998,104.589996,93.194870,14952700
2023-03-23,105.360001,106.339996,102.440002,103.410004,92.143440,14385900
2023-03-24,101.470001,103.849998,100.910004,103.529999,92.250366,13401600
2023-03-27,104.739998,106.480003,103.910004,105.800003,94.273048,14805900
2023-03-28,105.440002,107.650002,105.190002,107.120003,95.449234,11047600
2023-03-29,108.059998,109.160004,107.489998,108.959999,97.088760,14219100
2023-03-30,109.550003,109.570000,108.519997,109.489998,97.561012,11578200
2023-03-31,109.680000,110.169998,109.050003,109.660004,97.712494,14418000
2023-04-03,113.389999,116.849998,113.120003,116.129997,103.477577,28087700
2023-04-04,116.260002,116.699997,114.169998,115.019997,102.488510,16365500
2023-04-05,115.349998,117.000000,114.309998,116.989998,104.243896,16479500
2023-04-06,116.860001,117.180000,114.769997,115.050003,102.515251,15778000
2023-04-10,114.779999,116.180000,114.169998,114.540001,102.060814,13006600
2023-04-11,114.959999,116.199997,114.379997,115.349998,102.782562,11758500
2023-04-12,116.160004,116.589996,114.930000,115.230003,102.675659,10919000
2023-04-13,114.599998,115.889999,114.129997,115.769997,103.156815,12399700
2023-04-14,115.900002,116.660004,115.120003,116.050003,103.406303,11530800
2023-04-17,115.489998,116.510002,114.419998,114.699997,102.203377,13260400
2023-04-18,114.389999,117.209999,114.300003,116.940002,104.199341,17436100
2023-04-19,116.080002,116.900002,115.769997,116.570000,103.869652,10682600
2023-04-20,115.129997,115.680000,113.230003,115.639999,103.040977,17038700
2023-04-21,116.489998,116.879997,115.260002,116.010002,103.370674,14315300
2023-04-24,115.919998,118.889999,115.879997,118.199997,105.322060,15831300
2023-04-25,117.550003,117.739998,115.629997,116.519997,103.825096,12179800
2023-04-26,116.029999,117.089996,114.680000,115.449997,102.871666,15566100
2023-04-27,115.620003,117.010002,114.879997,116.830002,104.101334,16279200
2023-04-28,117.250000,119.919998,116.830002,118.339996,105.446800,24381900
2023-05-01,115.989998,117.300003,114.449997,114.669998,102.176666,17355000
2023-05-02,113.940002,113.940002,109.290001,110.099998,98.104568,24324100
2023-05-03,109.080002,109.809998,107.760002,107.930000,96.170982,16212300
2023-05-04,107.900002,108.750000,105.910004,106.040001,94.486893,17177200
2023-05-05,108.550003,109.430000,107.529999,108.680000,96.839264,14968200
2023-05-08,110.500000,110.970001,109.040001,109.110001,97.222427,11187800
2023-05-09,108.339996,110.230003,108.209999,109.139999,97.249161,11370800
2023-05-10,109.739998,110.010002,106.709999,107.739998,96.001686,14884800
2023-05-11,106.489998,106.820000,104.930000,105.790001,94.264145,17165900
2023-05-12,106.309998,107.010002,104.779999,105.779999,94.255234,12613300
2023-05-15,105.510002,105.930000,104.580002,105.070000,94.434982,13715600
2023-05-16,104.629997,104.809998,102.019997,102.519997,92.143082,14795200
2023-05-17,103.389999,105.230003,102.849998,104.820000,94.210289,14064700
2023-05-18,104.550003,105.910004,104.129997,105.769997,95.064133,12005600
2023-05-19,106.570000,107.050003,105.820000,106.260002,95.504539,13359600
2023-05-22,105.839996,107.040001,104.879997,104.970001,94.345108,12882000
2023-05-23,105.989998,108.220001,105.750000,106.400002,95.630356,14394400
2023-05-24,107.379997,108.510002,106.730003,107.589996,96.699913,16340300
2023-05-25,105.940002,106.430000,104.709999,105.660004,94.965256,14316500
2023-05-26,106.470001,106.949997,104.830002,104.970001,94.345108,12370300
2023-05-30,103.290001,104.120003,102.610001,104.040001,93.509247,11938000
2023-05-31,102.290001,103.040001,101.739998,102.180000,91.837502,24926100
2023-06-01,101.750000,105.580002,101.260002,103.360001,92.898056,13551900
2023-06-02,105.160004,106.129997,104.529999,105.760002,95.055138,14112000
2023-06-05,107.190002,107.190002,105.089996,105.290001,94.632706,10628000
2023-06-06,104.150002,106.269997,103.980003,106.150002,95.405655,12209800
2023-06-07,106.790001,108.889999,106.730003,108.529999,97.544777,16027100
2023-06-08,108.769997,109.139999,105.900002,108.190002,97.239166,13517100
2023-06-09,108.459999,108.610001,107.160004,107.389999,96.520157,12251600
2023-06-12,105.809998,107.059998,105.559998,106.419998,95.648331,14112000
2023-06-13,107.379997,108.339996,106.279999,106.440002,95.666313,13533800
2023-06-14,107.449997,108.110001,104.389999,105.160004,94.515862,16627700
2023-06-15,105.500000,107.029999,105.440002,105.889999,95.171967,16224100
2023-06-16,106.360001,106.769997,104.959999,105.129997,94.488899,43128900
2023-06-20,104.680000,104.769997,102.120003,102.720001,92.322845,17514100
2023-06-21,102.500000,104.629997,102.330002,103.870003,93.356438,13285700
2023-06-22,102.839996,103.889999,102.650002,103.300003,92.844131,12455300
2023-06-23,102.589996,102.820000,101.620003,102.400002,92.035233,17933600
2023-06-26,102.199997,104.910004,102.199997,104.290001,93.733917,14283400
2023-06-27,104.050003,104.610001,103.269997,104.550003,93.967621,13227500
2023-06-28,104.309998,105.820000,103.199997,105.400002,94.731583,13084100
2023-06-29,105.660004,106.730003,105.129997,106.699997,95.899986,11364400
2023-06-30,107.320000,107.879997,106.809998,107.250000,96.394333,13544700
2023-07-03,107.489998,108.459999,107.070000,107.459999,96.583054,7397000
2023-07-05,107.629997,107.919998,106.099998,106.910004,96.088722,12491200
2023-07-06,105.089996,105.720001,102.430000,102.919998,92.502609,17961400
2023-07-07,101.919998,104.000000,101.559998,103.160004,92.718315,21929200
2023-07-10,102.970001,104.750000,102.750000,104.690002,94.093445,14877600
2023-07-11,105.260002,106.160004,104.809998,105.970001,95.243866,12576500
2023-07-12,107.000000,107.650002,106.129997,106.489998,95.711243,13238200
2023-07-13,105.970001,106.230003,103.320000,104.540001,93.958626,26826800
2023-07-14,104.050003,104.050003,100.529999,100.940002,90.723007,28181900
2023-07-17,100.720001,101.669998,100.220001,101.379997,91.118477,18051300
2023-07-18,100.919998,102.199997,100.339996,100.919998,90.705025,24617800
2023-07-19,101.050003,102.400002,100.800003,101.620003,91.334183,15556500
2023-07-20,102.540001,103.660004,102.360001,103.410004,92.943001,15740200
2023-07-21,104.160004,104.379997,103.260002,103.889999,93.374420,17121500
2023-07-24,104.360001,106.160004,103.959999,105.519997,94.839424,15090900
2023-07-25,105.059998,106.089996,104.540001,105.680000,94.983238,14116100
2023-07-26,105.110001,105.720001,104.639999,105.089996,94.452950,15159600
2023-07-27,106.000000,106.989998,104.739998,105.419998,94.749542,17677900
2023-07-28,105.110001,105.160004,102.320000,104.160004,93.617081,17566400
2023-07-31,105.190002,107.860001,105.190002,107.239998,96.385338,24197000
2023-08-01,106.949997,107.320000,105.529999,106.620003,95.828087,14177400
2023-08-02,106.260002,106.379997,104.570000,105.290001,94.632706,13484100
2023-08-03,105.889999,107.879997,105.300003,107.120003,96.277481,16280400
2023-08-04,107.959999,109.239998,107.330002,107.419998,96.547104,14279600
2023-08-07,107.900002,108.419998,106.510002,107.199997,96.349373,12410800
2023-08-08,106.040001,107.750000,104.839996,107.730003,96.825737,14065600
2023-08-09,108.709999,110.419998,108.309998,109.559998,98.470512,19919600
2023-08-10,110.190002,111.629997,109.440002,110.120003,98.973816,15837200
2023-08-11,110.370003,112.070000,110.050003,111.830002,100.510742,14047000
2023-08-14,111.680000,111.980003,110.779999,111.919998,100.591629,12973400
2023-08-15,110.750000,110.860001,107.970001,108.160004,98.009109,14909600
2023-08-16,108.279999,109.330002,106.279999,106.339996,96.359917,13695100
2023-08-17,107.419998,110.150002,107.419998,108.400002,98.226578,16709500
2023-08-18,107.639999,110.199997,107.620003,110.040001,99.712654,16224000
2023-08-21,110.360001,110.980003,108.139999,108.709999,98.507492,11092400
2023-08-22,109.169998,109.720001,107.949997,108.099998,97.954742,10518800
2023-08-23,107.040001,107.300003,105.720001,107.150002,97.093895,11435600
2023-08-24,106.419998,107.769997,106.070000,106.349998,96.368980,10818500
2023-08-25,107.430000,108.930000,106.620003,108.250000,98.090660,13579300
2023-08-28,108.449997,110.040001,108.440002,109.160004,98.915245,10382100
2023-08-29,109.660004,110.019997,108.419998,109.809998,99.504257,9665000
2023-08-30,110.440002,111.139999,109.980003,110.879997,100.473824,11922100
2023-08-31,111.120003,111.419998,110.620003,111.190002,100.754738,17479800
2023-09-01,112.199997,113.820000,112.199997,113.519997,102.866066,14843500
2023-09-05,114.099998,115.830002,113.500000,113.529999,102.875122,18304000
2023-09-06,113.480003,114.589996,113.230003,114.510002,103.763161,13325500
2023-09-07,114.650002,115.849998,113.699997,113.949997,103.255699,13248500
2023-09-08,114.529999,116.050003,114.320000,115.610001,104.759911,14283200
2023-09-11,116.180000,116.680000,113.570000,114.160004,103.446007,14383600
2023-09-12,115.339996,117.669998,115.269997,117.489998,106.463486,20145800
2023-09-13,117.410004,117.959999,115.900002,116.440002,105.512024,13472800
2023-09-14,117.550003,118.660004,117.330002,118.519997,107.396805,15210700
2023-09-15,117.900002,118.510002,116.500000,116.699997,105.747604,34568400
2023-09-18,117.529999,118.239998,116.699997,117.639999,106.599396,14045300
2023-09-19,118.620003,118.839996,116.610001,117.330002,106.318497,12562900
2023-09-20,116.540001,118.019997,116.320000,116.400002,105.475777,11879900
2023-09-21,116.980003,117.370003,114.599998,114.760002,103.989693,14400600
2023-09-22,115.709999,116.680000,114.809998,114.940002,104.152794,13197300
2023-09-25,115.089996,116.650002,114.830002,116.230003,105.321739,11316000
2023-09-26,115.500000,116.730003,115.370003,116.410004,105.484825,11805400
2023-09-27,117.889999,120.500000,117.400002,120.199997,108.919136,23976200
2023-09-28,119.980003,120.699997,118.190002,119.470001,108.257660,16808100
2023-09-29,119.099998,119.180000,116.730003,117.580002,106.545021,18813600
2023-10-02,117.529999,117.790001,114.550003,115.629997,104.778046,14395000
2023-10-03,115.440002,116.440002,115.029999,115.830002,104.959274,13297100
2023-10-04,114.050003,114.089996,110.500000,111.500000,101.035645,19622200
2023-10-05,109.800003,110.900002,108.699997,108.989998,98.761215,20128800
2023-10-06,105.730003,108.269997,105.110001,107.169998,97.112015,25367500
2023-10-09,110.440002,112.070000,109.519997,110.919998,100.510071,22369900
2023-10-10,111.019997,111.449997,110.120003,110.449997,100.084175,13892000
2023-10-11,106.959999,107.169998,104.830002,106.489998,96.495827,57939000
2023-10-12,107.589996,107.839996,106.089996,106.470001,96.477715,31183000
2023-10-13,108.029999,110.199997,107.839996,109.870003,99.558624,30276500
2023-10-16,110.500000,110.680000,109.129997,109.949997,99.631111,18452000
2023-10-17,109.730003,111.800003,109.680000,111.389999,100.935974,19775400
2023-10-18,111.820000,113.389999,111.699997,112.949997,102.349556,23380300
2023-10-19,112.720001,113.970001,111.330002,113.019997,102.413002,20972500
2023-10-20,112.919998,113.320000,110.790001,111.080002,100.655052,22445300
2023-10-23,110.629997,110.959999,108.680000,109.449997,99.178032,18185000
2023-10-24,109.699997,109.820000,108.120003,108.389999,98.217529,16786100
2023-10-25,108.519997,109.500000,108.129997,108.589996,98.398735,22047300
2023-10-26,107.449997,108.339996,106.500000,107.599998,97.501656,18768300
2023-10-27,108.889999,109.860001,104.959999,105.550003,95.644058,23092000
2023-10-30,105.739998,106.419998,105.209999,105.879997,95.943077,19379900
2023-10-31,105.580002,106.160004,104.540001,105.849998,95.915901,22185200
2023-11-01,106.529999,107.169998,105.459999,105.639999,95.725616,28984900
2023-11-02,105.879997,109.190002,105.500000,109.110001,98.869957,25212700
2023-11-03,108.400002,108.779999,106.540001,107.779999,97.664757,30555600
2023-11-06,108.169998,108.269997,105.769997,105.870003,95.934029,19097300
2023-11-07,104.470001,104.860001,103.290001,104.209999,94.429810,20272500
2023-11-08,103.730003,104.900002,102.889999,102.930000,93.269936,19184100
2023-11-09,103.669998,103.970001,102.860001,102.959999,93.297134,18380500
2023-11-10,103.930000,104.410004,102.910004,103.750000,94.012978,17825500
2023-11-13,104.050003,105.139999,103.809998,104.839996,95.000679,15308400
2023-11-14,104.300003,104.820000,103.870003,104.290001,95.366463,18260500
2023-11-15,103.959999,105.150002,103.500000,103.660004,94.790367,20137600
2023-11-16,102.900002,103.269997,101.150002,102.459999,93.693047,22469100
2023-11-17,103.059998,105.430000,102.750000,104.959999,95.979149,22984900
2023-11-20,105.379997,105.879997,104.430000,104.500000,95.558495,17458800
2023-11-21,104.209999,104.699997,103.220001,104.459999,95.521912,14989000
2023-11-22,102.580002,104.120003,101.940002,104.010002,95.110428,18072000
2023-11-24,104.019997,105.470001,103.910004,104.570000,95.622490,9480800
2023-11-27,104.099998,104.400002,103.180000,103.959999,95.064705,18013500
2023-11-28,104.239998,104.910004,103.879997,103.900002,95.009827,20629500
2023-11-29,104.269997,104.580002,101.639999,102.339996,93.583305,26802100
2023-11-30,103.110001,104.480003,101.809998,102.739998,93.949089,29254700
2023-12-01,102.500000,104.220001,102.220001,102.989998,94.177689,17845300
2023-12-04,102.129997,103.360001,101.589996,102.430000,93.665627,21523900
2023-12-05,102.269997,102.339996,100.290001,100.440002,91.845901,22250300
2023-12-06,100.000000,100.720001,98.339996,99.110001,90.629700,31154800
2023-12-07,99.860001,100.839996,98.089996,98.419998,89.998726,29990700
2023-12-08,99.019997,99.790001,98.750000,99.550003,91.032051,22074900
2023-12-11,99.800003,99.860001,98.580002,99.620003,91.096062,22252300
2023-12-12,98.680000,98.680000,97.480003,98.050003,89.660385,26084000
2023-12-13,98.040001,99.029999,97.660004,98.919998,90.455933,19915400
2023-12-14,99.849998,102.139999,99.720001,101.580002,92.888336,26165700
2023-12-15,100.589996,101.000000,100.309998,100.900002,92.266518,55527000
2023-12-18,102.129997,103.110001,101.519997,101.650002,92.952362,21610400
2023-12-19,102.000000,103.190002,101.790001,102.989998,94.177689,18904700
2023-12-20,103.500000,103.940002,101.129997,101.269997,92.604866,20988900
2023-12-21,101.470001,102.010002,100.809998,101.730003,93.025513,19250900
2023-12-22,102.309998,102.940002,101.820000,101.910004,93.190109,12927800
2023-12-26,102.739998,103.029999,102.120003,102.139999,93.400436,16835100
2023-12-27,102.040001,102.550003,101.339996,101.660004,92.961502,14558800
2023-12-28,101.389999,101.610001,100.129997,100.190002,91.617287,16329300
2023-12-29,100.370003,100.589996,99.620003,99.980003,91.425262,17746400
2024-01-02,100.919998,103.099998,100.849998,102.360001,93.601601,23483000
2024-01-03,102.269997,103.620003,101.660004,103.220001,94.388023,23490800
2024-01-04,104.080002,104.570000,102.050003,102.320000,93.565018,19395200
2024-01-05,103.169998,103.400002,102.129997,102.629997,93.848511,15827400
2024-01-08,100.730003,101.040001,98.900002,100.919998,92.284821,23370100
2024-01-09,101.290001,101.290001,99.190002,99.669998,91.141769,19496600
2024-01-10,99.800003,99.800003,98.160004,98.690002,90.245636,18206100
2024-01-11,99.040001,99.500000,98.559998,98.669998,90.227333,15833400
2024-01-12,100.139999,100.650002,99.169998,99.949997,91.397804,18041700
2024-01-16,99.820000,100.010002,97.529999,97.690002,89.331184,20235700
2024-01-17,96.599998,97.959999,96.580002,96.980003,88.681946,18384000
2024-01-18,97.000000,97.089996,95.820000,96.800003,88.517342,20940300
2024-01-19,96.720001,97.019997,96.410004,96.949997,88.654503,20088400
2024-01-22,96.699997,97.099998,95.769997,96.820000,88.535622,19955900
2024-01-23,96.809998,98.500000,96.730003,97.910004,89.532364,15863400
2024-01-24,98.320000,99.650002,97.739998,99.599998,91.077759,17330600
2024-01-25,100.309998,102.180000,99.620003,102.129997,93.391289,22089500
2024-01-26,101.970001,103.080002,101.190002,103.000000,94.186844,20817200
2024-01-29,102.980003,103.199997,101.860001,103.129997,94.305725,18317500
2024-01-30,102.410004,104.879997,102.099998,104.849998,95.878555,19610900
2024-01-31,104.739998,104.879997,102.769997,102.809998,94.013092,22415300
2024-02-01,103.570000,104.010002,101.620003,102.389999,93.629028,19240700
2024-02-02,103.750000,104.000000,101.610001,101.970001,93.244965,21973400
2024-02-05,101.449997,102.379997,100.500000,101.550003,92.860909,17190900
2024-02-06,102.070000,103.040001,101.570000,102.250000,93.501015,13347900
2024-02-07,102.250000,102.730003,101.180000,102.220001,93.473572,13826800
2024-02-08,102.339996,104.419998,102.110001,103.970001,95.073845,19636900
2024-02-09,104.099998,104.839996,101.699997,101.769997,93.062080,20410500
2024-02-12,102.160004,103.400002,102.000000,103.169998,94.342300,18173100
2024-02-13,102.760002,103.089996,100.599998,101.339996,93.530106,18917400
2024-02-14,101.870003,102.620003,100.419998,100.839996,93.068642,17651300
2024-02-15,100.599998,103.940002,100.599998,103.730003,95.735931,23196300
2024-02-16,104.010002,104.629997,103.519997,103.730003,95.735931,20151400
2024-02-20,103.839996,104.120003,102.650002,102.750000,94.831451,17650000
2024-02-21,103.019997,104.980003,102.989998,104.849998,96.769600,20991300
2024-02-22,104.160004,105.410004,103.449997,104.760002,96.686554,20470700
2024-02-23,103.879997,104.089996,102.879997,103.839996,95.837440,15975900
2024-02-26,103.720001,104.940002,103.050003,104.250000,96.215843,13360800
2024-02-27,104.680000,105.150002,103.849998,104.029999,96.012810,16360000
2024-02-28,104.470001,105.430000,104.000000,104.320000,96.280457,14810500
2024-02-29,104.680000,105.070000,104.220001,104.519997,96.465042,17566100
2024-03-01,105.720001,106.389999,105.379997,105.839996,97.683311,18460100
2024-03-04,105.660004,105.849998,104.029999,104.360001,96.317368,18138000
2024-03-05,104.529999,106.269997,104.320000,105.639999,97.498726,19952700
2024-03-06,106.620003,107.570000,106.150002,106.769997,98.541649,20472800
2024-03-07,106.599998,107.980003,106.599998,107.370003,99.095406,15195400
2024-03-08,107.230003,108.400002,106.769997,108.379997,100.027565,16281500
2024-03-11,108.250000,109.120003,107.339996,109.019997,100.618240,17577300
2024-03-12,109.059998,109.279999,108.029999,108.320000,99.972176,14957200
2024-03-13,109.139999,110.349998,109.110001,109.529999,101.088951,17122200
2024-03-14,109.830002,111.550003,109.690002,111.470001,102.879433,22121000
2024-03-15,110.849998,112.300003,110.849998,111.269997,102.694847,38264400
2024-03-18,111.790001,112.860001,111.099998,112.300003,103.645477,16770500
2024-03-19,112.220001,113.489998,112.059998,113.089996,104.374580,14878800
2024-03-20,112.720001,113.400002,112.129997,112.989998,104.282295,16119700
2024-03-21,112.919998,113.910004,112.570000,113.489998,104.743767,14878000
2024-03-22,113.480003,113.690002,112.820000,113.489998,104.743767,14701900
2024-03-25,113.830002,115.779999,113.830002,114.650002,105.814362,14011700
2024-03-26,114.660004,114.980003,113.410004,113.790001,105.020653,13152300
2024-03-27,113.480003,115.059998,113.410004,114.970001,106.109695,12415700
2024-03-28,115.529999,116.449997,115.059998,116.239998,107.281837,18482100
2024-04-01,116.410004,117.239998,115.379997,116.989998,107.974045,13817000
2024-04-02,117.919998,119.599998,117.330002,119.279999,110.087547,19919600
2024-04-03,119.480003,119.750000,118.730003,119.300003,110.106010,16504300
2024-04-04,119.050003,119.879997,118.639999,119.720001,110.493637,18467400
2024-04-05,119.980003,122.150002,119.639999,121.370003,112.016495,21720600
2024-04-08,121.080002,121.739998,120.209999,120.550003,111.259682,17513900
2024-04-09,121.000000,121.650002,120.339996,121.180000,111.841125,14132300
2024-04-10,121.220001,122.470001,120.730003,122.199997,112.782509,17409200
2024-04-11,122.690002,122.690002,120.339996,121.790001,112.404114,17555900
2024-04-12,122.949997,123.750000,119.669998,120.370003,111.093552,21556200
2024-04-15,121.089996,121.690002,119.449997,119.680000,110.456726,15029500
2024-04-16,119.559998,120.220001,117.919998,118.690002,109.543015,18082200
2024-04-17,118.550003,119.349998,117.120003,118.629997,109.487648,14538600
2024-04-18,119.000000,119.720001,117.970001,118.519997,109.386116,13821400
2024-04-19,119.160004,120.930000,118.949997,119.879997,110.641319,21572400
2024-04-22,119.260002,121.570000,118.430000,120.559998,111.268906,16340700
2024-04-23,120.000000,121.059998,119.449997,121.029999,111.702682,13929800
2024-04-24,120.300003,121.260002,119.389999,121.050003,111.721138,12101200
2024-04-25,121.029999,121.760002,119.400002,121.330002,111.979561,16041000
2024-04-26,119.000000,119.099998,116.220001,117.959999,108.869278,27289500
2024-04-29,117.760002,120.050003,117.760002,119.639999,110.419807,17309900
2024-04-30,119.110001,120.199997,117.980003,118.269997,109.155388,21083300
2024-05-01,118.279999,118.470001,115.660004,116.029999,107.088005,27777700
2024-05-02,116.260002,117.260002,115.900002,116.239998,107.281837,25513600
2024-05-03,116.000000,116.070000,114.129997,116.000000,107.060318,28023300
2024-05-06,116.669998,118.339996,116.400002,116.750000,107.752525,31401300
2024-05-07,117.279999,117.580002,115.930000,116.169998,107.217209,30122000
2024-05-08,115.709999,116.949997,115.410004,116.150002,107.198776,18957200
2024-05-09,116.199997,118.529999,116.190002,118.440002,109.312286,17564000
2024-05-10,118.540001,118.660004,117.580002,117.959999,108.869278,13648100
2024-05-13,118.419998,119.040001,117.120003,117.910004,108.823135,15060600
2024-05-14,116.790001,117.739998,116.480003,117.669998,109.483727,15079100
2024-05-15,117.610001,118.839996,116.080002,118.580002,110.330429,18244300
2024-05-16,118.540001,119.300003,117.540001,117.870003,109.669823,15745200
2024-05-17,118.300003,119.830002,117.959999,119.639999,111.316673,15104500
2024-05-20,119.730003,119.889999,118.550003,118.669998,110.414162,11551300
2024-05-21,118.400002,119.449997,117.779999,117.849998,109.651222,14495000
2024-05-22,117.459999,117.459999,114.959999,115.480003,107.446106,17879300
2024-05-23,115.599998,117.510002,113.360001,113.510002,105.613144,15979800
2024-05-24,114.839996,115.080002,113.040001,113.419998,105.529404,12212900
2024-05-28,113.519997,115.110001,113.070000,114.860001,106.869217,13978300
2024-05-29,114.529999,114.550003,112.809998,113.629997,105.724792,13902000
2024-05-30,113.269997,114.129997,112.959999,113.989998,106.059746,14683700
2024-05-31,114.120003,117.489998,113.989998,117.260002,109.102257,29037400
2024-06-03,116.300003,116.360001,113.760002,114.449997,106.487755,19589300
2024-06-04,113.000000,113.089996,110.919998,112.669998,104.831573,19412200
2024-06-05,112.889999,113.190002,111.480003,113.120003,105.250282,14863500
2024-06-06,112.750000,114.040001,112.110001,113.970001,106.041138,13154100
2024-06-07,113.790001,114.900002,112.669998,112.750000,104.906013,13289200
2024-06-10,113.059998,114.220001,112.699997,113.080002,105.213058,15239700
2024-06-11,112.489998,112.669998,111.309998,112.169998,104.366371,12462400
2024-06-12,113.300003,113.300003,110.540001,110.930000,103.212631,13606800
2024-06-13,110.839996,110.860001,109.720001,110.040001,102.384552,14466900
2024-06-14,110.019997,110.209999,108.589996,109.110001,101.519249,13313400
2024-06-17,109.169998,109.459999,108.180000,108.360001,100.821434,21147900
2024-06-18,109.029999,110.720001,108.800003,109.379997,101.770470,17762900
2024-06-20,109.910004,112.620003,109.589996,111.739998,103.966293,17433200
2024-06-21,111.900002,112.699997,110.760002,110.760002,103.054474,52212500
2024-06-24,111.639999,114.529999,111.639999,114.050003,106.115578,16266700
2024-06-25,114.110001,114.550003,113.459999,114.370003,106.413307,14188900
2024-06-26,114.389999,114.820000,113.139999,114.410004,106.450539,15771800
2024-06-27,114.989998,114.989998,114.110001,114.900002,106.906456,16812700
2024-06-28,115.860001,116.540001,114.680000,115.120003,107.111137,24565900
2024-07-01,115.709999,116.739998,114.529999,114.959999,106.962265,11972900
2024-07-02,115.900002,115.940002,113.489998,114.180000,106.236534,13326700
2024-07-03,114.269997,115.660004,114.269997,114.760002,106.776184,7732900
2024-07-05,114.610001,114.629997,112.690002,113.370003,105.482887,12631000
2024-07-08,112.389999,113.550003,111.419998,112.180000,104.375679,13350500
2024-07-09,111.110001,112.540001,110.620003,110.940002,103.221931,11727000
2024-07-10,110.919998,111.959999,110.419998,111.919998,104.133759,10004100
2024-07-11,111.430000,113.320000,110.930000,113.250000,105.371239,13082700
2024-07-12,113.989998,114.150002,112.629997,113.269997,105.389839,11684900
2024-07-15,114.269997,116.160004,113.580002,115.209999,107.194885,13032500
2024-07-16,114.349998,116.349998,113.709999,116.040001,107.967133,13614100
2024-07-17,116.739998,118.180000,116.550003,117.639999,109.455818,13602800
2024-07-18,117.949997,119.919998,117.440002,118.800003,110.535118,13033600
2024-07-19,118.589996,118.879997,115.870003,116.070000,107.995033,16157700
2024-07-22,115.180000,115.940002,114.580002,115.269997,107.250702,12065900
2024-07-23,114.809998,115.169998,113.169998,113.410004,105.520103,11251700
2024-07-24,113.769997,115.199997,113.070000,115.010002,107.008797,14925200
2024-07-25,115.169998,118.029999,114.559998,117.430000,109.260437,17021700
2024-07-26,116.769997,118.029999,116.470001,117.330002,109.167389,11252500
2024-07-29,117.320000,117.389999,115.379997,116.099998,108.022972,8861800
2024-07-30,116.360001,118.599998,116.230003,118.169998,109.948952,12483900
2024-07-31,119.639999,119.760002,118.559998,118.589996,110.339729,15137700
2024-08-01,118.349998,119.489998,116.360001,116.949997,108.813820,15051500
2024-08-02,115.970001,118.870003,115.419998,116.879997,108.748695,20403800
2024-08-05,115.540001,116.029999,113.250000,114.769997,106.785492,18025900
2024-08-06,114.449997,115.629997,113.629997,114.160004,106.217941,13647800
2024-08-07,115.449997,117.120003,115.260002,115.680000,107.632187,13660700
2024-08-08,116.080002,118.110001,115.730003,117.889999,109.688423,13851000
2024-08-09,117.889999,119.309998,117.360001,118.849998,110.581642,12151900
2024-08-12,119.550003,120.169998,118.019997,119.000000,110.721199,13228900
2024-08-13,118.279999,118.510002,117.500000,117.860001,109.660515,11585100
2024-08-14,118.099998,119.900002,117.629997,118.949997,110.674683,12194500
2024-08-15,118.250000,119.629997,118.120003,118.730003,111.359367,11579400
2024-08-16,117.989998,118.480003,117.660004,118.169998,110.834129,10056000
2024-08-19,118.400002,120.500000,118.169998,118.529999,111.171768,12417500
2024-08-20,118.650002,118.650002,114.510002,114.580002,107.467010,15632000
2024-08-21,115.010002,115.570000,113.760002,113.849998,106.782303,11752400
2024-08-22,113.779999,115.010002,113.639999,114.730003,107.607681,10609500
2024-08-23,115.029999,116.720001,115.029999,116.320000,109.098984,10381400
2024-08-26,117.760002,118.940002,116.919998,118.809998,111.434395,13671000
2024-08-27,118.959999,119.410004,117.400002,117.680000,110.374550,9991600
2024-08-28,117.000000,117.580002,116.260002,116.519997,109.286552,10742900
2024-08-29,117.199997,118.790001,116.349998,118.129997,110.796616,10753900
2024-08-30,116.790001,118.019997,116.290001,117.940002,110.618416,13284700
2024-09-03,115.839996,116.089996,114.040001,115.470001,108.301743,15725100
2024-09-04,115.290001,116.150002,113.980003,114.059998,106.979279,12620600
2024-09-05,115.070000,115.279999,113.070000,113.169998,106.144531,17200800
2024-09-06,113.589996,114.180000,111.730003,112.639999,105.647423,13467700
2024-09-09,112.870003,116.150002,112.660004,115.010002,107.870308,21645300
2024-09-10,115.099998,115.400002,110.169998,110.820000,103.940422,20913400
2024-09-11,110.779999,110.949997,107.769997,109.720001,102.908707,19571900
2024-09-12,109.900002,111.330002,109.760002,111.230003,104.324959,15919500
2024-09-13,111.470001,112.470001,110.930000,111.150002,104.249924,10035400
2024-09-16,112.050003,113.089996,111.690002,112.709999,105.713081,11729000
2024-09-17,112.320000,114.370003,112.120003,114.180000,107.091820,12202600
2024-09-18,114.110001,115.629997,113.809998,114.580002,107.467010,12569900
2024-09-19,116.160004,117.580002,115.190002,116.000000,108.798843,12660600
2024-09-20,115.459999,115.510002,114.250000,115.269997,108.114166,36206200
2024-09-23,115.330002,117.790001,115.120003,117.360001,110.074417,16066300
2024-09-24,117.839996,118.160004,116.830002,117.050003,109.783653,11984900
2024-09-25,116.489998,117.050003,114.040001,114.769997,107.645203,13816000
2024-09-26,111.139999,113.480003,111.139999,112.800003,105.797508,16887900
2024-09-27,113.760002,116.089996,113.250000,115.820000,108.630020,15964000
2024-09-30,115.459999,117.389999,114.959999,117.220001,109.943115,13247600
2024-10-01,116.040001,120.599998,115.930000,119.930000,112.484871,23235900
2024-10-02,121.930000,122.820000,120.199997,121.519997,113.976151,17129700
2024-10-03,121.900002,123.169998,120.930000,122.580002,114.970375,16524300
2024-10-04,123.199997,125.190002,122.430000,124.830002,117.080673,19752300
2024-10-07,125.250000,126.339996,124.860001,125.370003,117.587173,15714400
2024-10-08,123.879997,124.019997,121.260002,122.040001,114.463890,14818500
2024-10-09,120.900002,122.580002,120.800003,122.089996,114.510780,11144900
2024-10-10,123.160004,123.699997,122.290001,123.139999,115.495605,10243300
2024-10-11,123.099998,124.029999,122.940002,123.610001,115.936424,8294800
2024-10-14,123.239998,124.260002,122.620003,124.080002,116.377243,9808100
2024-10-15,120.820000,121.949997,119.779999,120.349998,112.878799,15771300
2024-10-16,120.889999,121.440002,120.599998,120.660004,113.169563,8426800
2024-10-17,120.760002,121.580002,119.709999,120.349998,112.878799,11204900
2024-10-18,120.440002,120.639999,119.150002,120.010002,112.559914,12898600
2024-10-21,120.980003,121.480003,119.720001,120.080002,112.625572,10177800
2024-10-22,120.260002,121.190002,119.940002,120.699997,113.207062,9201400
2024-10-23,119.970001,120.750000,119.400002,120.269997,112.803764,8320300
2024-10-24,120.000000,120.440002,119.129997,119.589996,112.165977,9905600
2024-10-25,120.199997,120.430000,119.320000,119.489998,112.072174,10714600
2024-10-28,116.790001,119.010002,116.769997,118.900002,111.518814,11844500
2024-10-29,118.580002,119.169998,117.070000,117.279999,109.999382,14731000
2024-10-30,117.660004,118.269997,116.480003,116.690002,109.445999,12303700
2024-10-31,117.150002,118.669998,116.680000,116.779999,109.530418,20512000
2024-11-01,119.930000,119.949997,114.839996,114.949997,107.814018,20939300
2024-11-04,116.070000,118.699997,115.930000,118.610001,111.246819,14965400
2024-11-05,119.080002,119.209999,118.010002,118.959999,111.575096,10436700
2024-11-06,121.150002,121.910004,119.300003,121.000000,113.488449,20807700
2024-11-07,121.300003,121.500000,119.610001,121.150002,113.629150,12184400
2024-11-08,120.980003,121.419998,119.660004,121.110001,113.591614,12836000
2024-11-11,121.000000,121.620003,120.070000,120.470001,112.991356,11969700
2024-11-12,121.129997,121.309998,119.839996,120.349998,112.878799,11972800
2024-11-13,120.570000,122.050003,118.800003,121.470001,113.929268,15127900
2024-11-14,121.660004,121.879997,120.330002,120.559998,114.004913,13041800
2024-11-15,120.400002,121.239998,119.129997,119.309998,112.822884,19051700
2024-11-18,119.790001,120.620003,119.269997,120.309998,113.768517,14239700
2024-11-19,119.750000,119.750000,118.199997,118.629997,112.179855,11584400
2024-11-20,119.169998,120.470001,118.639999,120.320000,113.777977,11360900
2024-11-21,121.080002,122.550003,120.269997,121.930000,115.300438,14675400
2024-11-22,121.820000,123.209999,121.639999,121.790001,115.168045,13323400
2024-11-25,121.430000,121.879997,119.610001,119.970001,113.447006,26580300
2024-11-26,119.529999,119.680000,117.849998,117.970001,111.555740,14827300
2024-11-27,118.089996,118.730003,117.430000,117.660004,111.262604,11079100
2024-11-29,117.440002,118.500000,116.949997,117.959999,111.546288,9426500
2024-12-02,118.050003,118.199997,116.820000,117.849998,111.442276,12687300
2024-12-03,118.720001,118.720001,117.260002,117.669998,111.272049,11756600
2024-12-04,117.500000,117.550003,113.860001,114.279999,108.066368,19520600
2024-12-05,114.709999,115.620003,114.059998,114.779999,108.539185,15751200
2024-12-06,114.540001,114.769997,113.500000,113.570000,107.394981,16171100
2024-12-09,114.639999,114.940002,112.750000,112.900002,106.761414,17412600
2024-12-10,113.589996,113.879997,111.750000,112.669998,106.543915,20990900
2024-12-11,112.000000,112.389999,111.110001,111.919998,105.834686,32392200
2024-12-12,111.589996,112.379997,110.779999,111.820000,105.740135,14543300
2024-12-13,111.900002,111.900002,110.250000,110.839996,104.813416,13106100
2024-12-16,110.199997,110.400002,108.160004,108.470001,102.572281,20256100
2024-12-17,107.239998,108.169998,106.790001,108.010002,102.137299,17554000
2024-12-18,107.570000,108.830002,106.309998,106.419998,100.633743,17114500
2024-12-19,107.389999,107.669998,105.209999,105.510002,99.773224,20565600
2024-12-20,105.449997,106.139999,104.839996,105.870003,100.113647,40141200
2024-12-23,105.309998,106.599998,104.919998,106.300003,100.520271,12285100
2024-12-24,106.519997,107.190002,105.699997,106.400002,100.614830,7807000
2024-12-26,106.519997,107.029999,105.940002,106.489998,100.699921,9652400
2024-12-27,106.300003,107.989998,105.769997,106.480003,100.690483,11943900
2024-12-30,106.300003,106.559998,105.510002,105.760002,100.009636,11080800
2024-12-31,106.169998,107.900002,105.779999,107.570000,101.721214,12387800
2025-01-02,108.279999,109.000000,106.879997,107.309998,101.475349,12685400
2025-01-03,108.000000,108.489998,107.459999,107.860001,101.995438,14237900
2025-01-06,108.239998,109.779999,107.519997,107.739998,101.881966,15623700
2025-01-07,108.940002,110.059998,108.279999,108.750000,102.837051,12625900
2025-01-08,107.309998,107.709999,106.010002,106.930000,101.116005,17858100
2025-01-10,108.699997,110.099998,105.779999,106.540001,100.747215,19304500
2025-01-13,107.129997,109.629997,107.129997,109.290001,103.347702,17073400
2025-01-14,108.790001,109.760002,107.830002,109.720001,103.754318,11191200
2025-01-15,110.050003,111.730003,109.470001,111.510002,105.446999,14521100
2025-01-16,111.190002,111.690002,110.550003,111.320000,105.267311,10366600
2025-01-17,111.029999,112.870003,110.820000,112.320000,106.212944,19298500
2025-01-21,112.050003,112.180000,111.129997,111.470001,105.409164,20416300
2025-01-22,111.199997,111.570000,109.400002,109.529999,103.574646,15718000
2025-01-23,110.309998,111.139999,109.610001,110.150002,104.160927,13726800
2025-01-24,110.239998,110.709999,108.410004,108.660004,102.751938,14235900
2025-01-27,109.010002,110.449997,108.389999,110.169998,104.179840,15926700
2025-01-28,110.410004,110.870003,107.790001,108.040001,102.165665,15862000
2025-01-29,107.709999,108.779999,107.470001,108.669998,102.761391,12345500
2025-01-30,109.239998,109.849998,108.699997,109.570000,103.612473,14346300
2025-01-31,110.550003,110.550003,106.099998,106.830002,101.021446,20376500
2025-02-03,106.639999,107.300003,105.320000,107.089996,101.267303,14623200
2025-02-04,106.709999,110.279999,106.529999,109.959999,103.981262,14835700
2025-02-05,109.739998,110.010002,109.099998,109.879997,103.905609,13364400
2025-02-06,110.769997,111.050003,107.989998,108.430000,102.534447,13411400
2025-02-07,108.779999,109.730003,108.320000,108.889999,102.969437,10051600
2025-02-10,110.010002,111.029999,109.879997,110.970001,104.936348,12142200
2025-02-11,111.599998,112.510002,110.820000,111.669998,105.598282,12713100
2025-02-12,110.050003,110.230003,107.180000,107.349998,102.421173,18244100
2025-02-13,107.150002,108.410004,106.519997,108.129997,103.165359,15460000
2025-02-14,108.519997,110.230003,108.099998,108.239998,103.270317,15733500
2025-02-18,108.629997,110.989998,108.320000,110.139999,105.083076,20060300
2025-02-19,110.760002,112.129997,110.059998,110.300003,105.235748,10964700
2025-02-20,110.570000,112.419998,109.949997,112.000000,106.857681,16325800
2025-02-21,111.320000,111.849998,110.559998,110.690002,105.607841,14710000
2025-02-24,110.930000,111.860001,110.320000,111.269997,106.161201,13153500
2025-02-25,111.300003,112.129997,108.889999,109.730003,104.691902,14497000
2025-02-26,109.739998,109.870003,108.519997,109.459999,104.434303,10446400
2025-02-27,110.010002,111.290001,109.279999,110.150002,105.092613,15293200
2025-02-28,110.110001,111.580002,109.339996,111.330002,106.218452,18821700
2025-03-03,111.699997,112.160004,106.510002,107.760002,102.812355,18706900
2025-03-04,106.360001,108.959999,105.940002,107.540001,102.602463,19394900
2025-03-05,105.839996,106.330002,103.669998,105.440002,100.598885,24822200
2025-03-06,105.430000,108.110001,104.360001,107.620003,102.678780,17150200
2025-03-07,108.410004,110.400002,108.300003,109.019997,104.014503,19625000
2025-03-10,109.279999,112.570000,109.080002,111.800003,106.666870,22749100
2025-03-11,111.919998,112.099998,108.790001,109.160004,104.148079,19904700
2025-03-12,109.050003,110.129997,108.419998,109.129997,104.119453,14051500
2025-03-13,108.330002,110.820000,107.629997,108.669998,103.680565,17767800
2025-03-14,108.940002,112.180000,108.309998,111.900002,106.762268,15890100
2025-03-17,111.800003,114.500000,111.730003,113.760002,108.536873,19908800
2025-03-18,114.089996,114.540001,112.570000,113.639999,108.422379,15998700
2025-03-19,114.199997,115.820000,113.830002,115.410004,110.111122,17315000
2025-03-20,114.720001,116.470001,114.209999,115.900002,110.578613,16230800
2025-03-21,115.500000,115.989998,114.349998,115.500000,110.196991,41102800
2025-03-24,115.680000,116.910004,115.580002,115.800003,110.483215,14207500
2025-03-25,116.430000,117.639999,115.959999,116.589996,111.236931,12081800
2025-03-26,117.680000,119.180000,117.680000,118.269997,112.839806,14110800
2025-03-27,118.099998,119.070000,117.260002,117.889999,112.477249,12740800
2025-03-28,118.099998,118.459999,117.239998,117.730003,112.324600,10233400
2025-03-31,117.790001,119.910004,117.790001,118.930000,113.469498,21652300
2025-04-01,119.220001,119.279999,117.930000,119.040001,113.574463,12425400
2025-04-02,118.389999,118.839996,117.660004,118.669998,113.221436,12614600
2025-04-03,114.370003,115.449997,112.230003,112.430000,107.267929,21204600
2025-04-04,109.870003,110.830002,103.830002,104.339996,99.549370,30841300
2025-04-07,100.389999,105.800003,98.459999,102.940002,98.213661,35068500
2025-04-08,105.459999,105.599998,99.010002,100.769997,96.143280,27147800
2025-04-09,99.370003,106.580002,98.129997,105.800003,100.942352,30063300
2025-04-10,103.709999,103.779999,97.800003,99.930000,95.341858,33999300
2025-04-11,100.300003,103.930000,98.790001,103.139999,98.404472,22884600
2025-04-14,105.029999,105.089996,102.720001,103.389999,98.642990,18020000
2025-04-15,103.639999,105.410004,103.000000,103.099998,98.366310,13164900
2025-04-16,103.949997,105.589996,103.699997,104.190002,99.406273,13607000
2025-04-17,104.690002,108.550003,104.459999,106.919998,102.010925,17916500
2025-04-21,105.610001,105.629997,104.120003,105.349998,100.513000,16926500
2025-04-22,106.139999,108.940002,106.139999,108.300003,103.327568,13147000
2025-04-23,108.809998,109.300003,106.470001,107.370003,102.440254,14235700
2025-04-24,107.970001,108.879997,106.959999,108.629997,103.642410,9849600
2025-04-25,108.139999,108.760002,107.419998,108.570000,103.585175,11245800
2025-04-28,108.750000,109.250000,107.680000,108.629997,103.642410,13890900
2025-04-29,107.739998,108.830002,107.519997,108.360001,103.384804,9483100
2025-04-30,107.419998,107.419998,104.150002,105.629997,100.780159,20379300
2025-05-01,105.099998,106.919998,104.980003,105.779999,100.923264,18610300
2025-05-02,107.720001,109.000000,104.550003,106.209999,101.333519,16581900
2025-05-05,104.650002,104.660004,103.070000,103.269997,98.528511,19624000
2025-05-06,103.889999,105.980003,103.480003,104.709999,99.902397,16303400
2025-05-07,104.989998,105.290001,104.070000,104.610001,99.806984,12332200
2025-05-08,105.339996,107.389999,105.339996,106.070000,101.199936,19196500
2025-05-09,107.139999,107.750000,106.379997,107.309998,102.383018,10992100
2025-05-12,110.269997,110.440002,108.320000,109.160004,104.148079,14244600
2025-05-13,109.320000,110.510002,109.019997,109.459999,104.434303,13350800
2025-05-14,108.860001,108.860001,107.930000,108.480003,103.499306,15494900
2025-05-15,106.489998,108.650002,105.970001,108.580002,104.548828,15004300
2025-05-16,108.650002,108.889999,107.449997,108.190002,104.173309,14042500
2025-05-19,107.570000,107.570000,105.720001,106.470001,102.517159,16802700
2025-05-20,106.389999,106.720001,104.779999,104.949997,101.053596,12429300
2025-05-21,104.529999,104.970001,103.639999,103.660004,99.811493,16716100
2025-05-22,103.059998,103.470001,101.889999,102.970001,99.147118,13417400
2025-05-23,102.599998,103.470001,102.070000,103.029999,99.204880,12061600
2025-05-27,103.489998,103.860001,102.900002,103.519997,99.676689,13043600
2025-05-28,104.290001,104.430000,101.790001,102.110001,98.319046,14292400
2025-05-29,102.279999,102.849998,101.750000,102.690002,98.877518,13825300
2025-05-30,102.160004,102.389999,101.190002,102.300003,98.501991,28645800
2025-06-02,103.750000,103.849998,102.220001,103.050003,99.224144,17290500
2025-06-03,102.900002,104.660004,102.209999,103.800003,99.946304,19194300
2025-06-04,103.919998,104.919998,102.300003,102.300003,98.501991,15648500
2025-06-05,102.980003,103.050003,101.730003,101.830002,98.049438,13924800
2025-06-06,102.760002,104.500000,102.680000,104.269997,100.398834,15487800
2025-06-09,104.330002,105.849998,103.830002,104.970001,101.072861,17087300
2025-06-10,106.080002,107.650002,105.930000,107.220001,103.239334,17634800
2025-06-11,107.760002,109.389999,106.459999,109.309998,105.251724,22648200
2025-06-12,108.919998,110.190002,108.220001,109.730003,105.656136,17469400
2025-06-13,112.349998,112.529999,110.680000,112.120003,107.957413,28540200
2025-06-16,111.820000,113.160004,111.129997,112.480003,108.304039,22986100
2025-06-17,113.949997,114.930000,113.110001,114.000000,109.767616,19451700
2025-06-18,114.610001,115.239998,112.940002,113.190002,108.987679,17968900
2025-06-20,113.449997,115.040001,113.180000,114.699997,110.441612,36273300
2025-06-23,116.699997,116.949997,111.160004,111.739998,107.591507,26631100
2025-06-24,109.250000,110.940002,107.910004,108.339996,104.317734,24828300
2025-06-25,108.110001,109.239998,107.699997,108.370003,104.346626,17483200
2025-06-26,108.940002,110.440002,108.550003,109.989998,105.906487,18304800
2025-06-27,109.940002,110.099998,108.370003,109.379997,105.319122,22002100
2025-06-30,108.639999,108.839996,107.720001,107.800003,103.797798,19199000
2025-07-01,108.129997,109.639999,107.150002,109.239998,105.184319,15536900
2025-07-02,110.000000,111.360001,108.830002,111.050003,106.927139,11892200
2025-07-03,110.860001,112.470001,110.620003,112.199997,108.034431,11223600
2025-07-07,111.540001,112.050003,110.220001,111.110001,106.984901,15415900
2025-07-08,110.889999,114.459999,110.849998,114.190002,109.950554,17913400
2025-07-09,113.919998,114.269997,113.269997,113.800003,109.575035,10652100
2025-07-10,113.709999,115.269997,113.070000,114.930000,110.663086,14901700
2025-07-11,114.849998,115.760002,114.510002,115.430000,111.144524,11683900
2025-07-14,115.230003,115.230003,113.220001,113.919998,109.690582,13220300
2025-07-15,113.660004,114.059998,112.599998,112.910004,108.718079,10959300
2025-07-16,112.879997,113.500000,112.099998,112.230003,108.063332,11158900
2025-07-17,111.489998,112.230003,111.089996,111.660004,107.514488,13151400
2025-07-18,111.110001,111.730003,107.339996,107.769997,103.768906,32366600
2025-07-21,107.599998,108.769997,107.440002,108.050003,104.038513,17010400
2025-07-22,107.980003,109.440002,107.610001,108.540001,104.510323,13970900
2025-07-23,108.930000,110.000000,108.849998,109.930000,105.848717,12002700
2025-07-24,109.660004,110.949997,109.129997,110.790001,106.676773,15647200
2025-07-25,110.730003,110.980003,109.699997,110.400002,106.301270,10548900
2025-07-28,111.000000,112.110001,110.839996,111.440002,107.302658,12353000
2025-07-29,111.900002,113.000000,111.410004,112.879997,108.689194,15928000
2025-07-30,112.410004,112.610001,111.260002,111.900002,107.745567,12996900
2025-07-31,110.360001,112.500000,110.360001,111.639999,107.495232,17233700
2025-08-01,112.000000,112.540001,108.860001,109.639999,105.569473,19652000
2025-08-04,109.220001,109.919998,107.089996,107.370003,103.383751,19129500
2025-08-05,107.220001,107.820000,106.070000,107.239998,103.258583,21314300
2025-08-06,108.309998,109.050003,106.370003,106.510002,102.555679,15321800
2025-08-07,107.139999,108.059998,105.889999,105.949997,102.016479,13468300
2025-08-08,106.500000,107.510002,105.949997,106.800003,102.834923,14417700
2025-08-11,107.110001,107.529999,105.529999,105.830002,101.900925,13570700
2025-08-12,106.339996,107.279999,105.779999,106.129997,102.189796,14109400
2025-08-13,106.000000,107.599998,105.739998,107.599998,103.605209,17958700
2025-08-14,107.550003,107.589996,106.440002,107.379997,103.393387,13683500
2025-08-15,106.190002,107.559998,105.949997,106.489998,103.490562,19271900
2025-08-18,106.099998,107.230003,105.669998,106.720001,103.714088,13040000
2025-08-19,106.199997,107.459999,106.150002,107.419998,104.394371,16113600
2025-08-20,107.879997,109.330002,107.680000,108.529999,105.473106,18959700
2025-08-21,108.419998,109.570000,107.959999,109.230003,106.153397,12194900
2025-08-22,109.599998,111.410004,109.599998,111.279999,108.145645,13586700
2025-08-25,110.900002,111.919998,110.540001,111.739998,108.592690,9744900
2025-08-26,111.370003,111.809998,110.360001,111.489998,108.349731,18143900
2025-08-27,111.419998,112.980003,111.419998,112.750000,109.574249,15262600
2025-08-28,112.870003,113.650002,112.070000,113.349998,110.157349,14189800
2025-08-29,113.720001,114.790001,113.580002,114.290001,111.070869,14597900
2025-09-02,114.180000,115.239998,113.330002,114.690002,111.459610,15206700
2025-09-03,113.970001,114.430000,111.459999,111.910004,108.757912,14920100
2025-09-04,112.110001,113.129997,111.379997,112.400002,109.234100,12864400
2025-09-05,111.599998,111.779999,109.019997,109.230003,106.153397,16826700
2025-09-08,109.730003,110.050003,108.349998,109.849998,106.755928,15440500
2025-09-09,110.529999,112.510002,110.529999,110.650002,107.533394,14899500
2025-09-10,111.160004,112.559998,110.839996,112.500000,109.331284,15837600
2025-09-11,111.400002,112.769997,110.870003,112.139999,108.981422,11534500
2025-09-12,112.860001,113.220001,111.879997,112.160004,109.000870,11105700
2025-09-15,112.180000,112.459999,111.320000,112.349998,109.185509,12880500
2025-09-16,112.959999,115.320000,112.779999,114.680000,111.449883,17208000
2025-09-17,114.529999,115.489998,114.050003,115.290001,112.042709,13302000
2025-09-18,115.169998,115.349998,113.400002,113.930000,110.721016,14628700
2025-09-19,113.900002,113.980003,112.639999,112.820000,109.642281,38746500
2025-09-22,112.449997,112.800003,111.559998,112.019997,108.864807,15611500
2025-09-23,112.720001,114.750000,112.480003,113.949997,110.740448,25369100
2025-09-24,114.570000,115.760002,114.470001,114.559998,111.333260,14756100
2025-09-25,114.639999,115.900002,114.410004,115.589996,112.334251,15012600
2025-09-26,115.959999,118.360001,115.919998,117.220001,113.918343,18568900
2025-09-29,116.059998,116.500000,113.669998,114.220001,111.002846,19189300
2025-09-30,113.349998,113.489998,111.940002,112.750000,109.574249,18076200
2025-10-01,112.559998,113.019997,111.290001,111.989998,108.835648,16614000
2025-10-02,111.970001,113.089996,111.029999,111.290001,108.155365,13062600
2025-10-03,111.900002,113.750000,111.900002,113.260002,110.069885,12950100
2025-10-06,113.290001,114.769997,113.180000,114.199997,110.983398,12036800
2025-10-07,114.070000,114.510002,111.739998,114.260002,111.041710,11945000
2025-10-08,114.379997,115.010002,113.410004,114.019997,110.808472,12301000
2025-10-09,114.430000,115.510002,112.739998,112.910004,109.729744,10976200
2025-10-10,112.260002,112.620003,110.709999,110.730003,107.611145,13811600
2025-10-13,111.540001,112.300003,111.320000,112.239998,109.078613,10296500
2025-10-14,110.760002,112.959999,110.709999,112.290001,109.127197,11167200
2025-10-15,112.800003,113.570000,110.970001,111.610001,108.466354,12182900
2025-10-16,111.879997,112.190002,110.389999,110.639999,107.523674,11782200
2025-10-17,111.629997,112.910004,111.180000,112.239998,109.078613,13460100
2025-10-20,112.000000,113.150002,111.980003,112.699997,109.525650,9523600
2025-10-21,112.889999,113.360001,111.989998,112.709999,109.535370,9202300
2025-10-22,113.449997,115.180000,113.080002,114.709999,111.479042,12938800
2025-10-23,116.629997,116.849998,115.360001,115.980003,112.713272,15001100
2025-10-24,116.349998,116.470001,115.180000,115.389999,112.139885,9919400
2025-10-27,115.699997,115.989998,115.099998,115.940002,112.674400,10975400
2025-10-28,115.489998,116.180000,114.989998,115.029999,111.790024,9535200
2025-10-29,114.919998,117.050003,114.809998,116.449997,113.170029,12570600
2025-10-30,116.430000,116.519997,114.529999,114.690002,111.459610,16172900
2025-10-31,113.980003,115.230003,112.620003,114.360001,111.138901,20213400
2025-11-03,114.500000,114.989998,113.639999,113.760002,110.555794,12290300
2025-11-04,113.379997,114.349998,112.510002,114.139999,110.925095,16860700
2025-11-05,114.089996,115.180000,113.669998,113.680000,110.478043,12400900
2025-11-06,113.639999,114.940002,113.639999,114.500000,111.274956,14219700
2025-11-07,115.209999,117.510002,114.900002,117.220001,113.918343,17181100
2025-11-10,117.440002,118.449997,115.459999,118.220001,114.890175,13048000
2025-11-11,118.830002,120.809998,118.830002,119.779999,116.406242,16077100
2025-11-12,119.099998,119.279999,117.790001,118.120003,114.792999,13790900
2025-11-13,118.629997,119.760002,118.279999,118.790001,115.444115,17291900
2025-11-14,118.449997,119.480003,116.660004,119.290001,116.944031,17064300
2025-11-17,118.970001,119.500000,117.110001,117.680000,115.365685,16034900
2025-11-18,117.260002,119.480003,116.480003,119.029999,116.689140,15808500
2025-11-19,116.849998,118.180000,115.930000,117.349998,115.042183,15919200
2025-11-20,117.980003,119.010002,116.739998,117.019997,114.718666,14401000
2025-11-21,116.989998,117.379997,115.650002,117.080002,114.777496,15667600
2025-11-24,117.199997,117.199997,114.739998,115.970001,113.689323,18034900
2025-11-25,115.180000,115.900002,114.190002,114.510002,112.258034,14434600
2025-11-26,114.410004,115.739998,114.309998,114.769997,112.512917,11650600
2025-11-28,114.949997,118.739998,114.820000,115.919998,113.640297,7240800
2025-12-01,116.099998,117.410004,116.099998,116.629997,114.336342,12658100
2025-12-02,116.440002,116.599998,114.690002,115.379997,113.110924,14607700
2025-12-03,115.949997,117.980003,115.879997,117.800003,115.483337,16819100
2025-12-04,117.500000,118.339996,116.660004,117.139999,114.836311,13686900
2025-12-05,116.750000,118.779999,116.410004,116.540001,114.248116,12516900
2025-12-08,115.830002,117.000000,115.040001,115.980003,113.699127,14904200
2025-12-09,116.900002,120.470001,116.889999,118.250000,115.924484,23790800
2025-12-10,118.730003,119.870003,118.370003,119.540001,117.189117,19845200
2025-12-11,119.110001,120.360001,119.070000,119.540001,117.189117,14781800
2025-12-12,119.440002,119.919998,118.309998,118.820000,116.483269,14459500
2025-12-15,119.010002,119.029999,116.849998,117.760002,115.444122,16358700
2025-12-16,116.769997,116.839996,114.610001,114.680000,112.424690,17638700
2025-12-17,115.209999,117.620003,115.169998,117.410004,115.101006,18502200
2025-12-18,116.989998,116.989998,115.629997,116.540001,114.248116,13705600
2025-12-19,116.750000,117.570000,115.959999,116.690002,114.395164,45412800
2025-12-22,117.339996,118.459999,117.339996,118.150002,115.826447,11768600
2025-12-23,118.470001,120.029999,118.320000,119.419998,117.071472,12567600
2025-12-24,119.330002,120.050003,119.120003,119.220001,116.875404,6137400
2025-12-26,118.889999,119.550003,118.529999,119.110001,116.767563,8066100
2025-12-29,120.150002,121.300003,119.400002,120.529999,118.159645,14782500
2025-12-30,121.099998,121.800003,120.629997,120.989998,118.610596,11150500
2025-12-31,121.180000,121.260002,119.870003,120.339996,117.973373,10559900
2026-01-02,120.089996,122.680000,119.610001,122.650002,120.237953,14175100
2026-01-05,125.209999,125.930000,122.389999,125.360001,122.894653,30112200
2026-01-06,125.349998,125.800003,121.000000,121.050003,118.669418,23328600
2026-01-07,119.800003,120.120003,118.269997,118.489998,116.159760,20353000
2026-01-08,118.980003,123.629997,118.660004,122.910004,120.492844,20232700
2026-01-09,123.230003,124.860001,123.099998,124.610001,122.159409,16137700
2026-01-12,124.459999,124.500000,122.559998,124.029999,121.590813,15314900
2026-01-13,125.000000,127.139999,124.809998,126.540001,124.051453,21619700
2026-01-14,127.349998,131.720001,127.129997,130.199997,127.639465,27593900
2026-01-15,129.130005,130.199997,128.300003,129.130005,126.590523,17400000
2026-01-16,128.910004,130.160004,128.869995,129.889999,127.335556,16592400
2026-01-20,131.509995,131.940002,130.070007,130.460007,127.894371,16477300
2026-01-21,131.910004,133.729996,131.910004,133.610001,130.982422,18879900
2026-01-22,133.050003,134.179993,131.850006,133.639999,131.011826,16600100
2026-01-23,135.089996,135.979996,134.479996,134.970001,132.315659,17758200
2026-01-26,136.929993,136.940002,134.169998,134.839996,132.188217,16056100
2026-01-27,135.250000,136.929993,134.710007,136.830002,134.139084,14517000
2026-01-28,137.690002,138.009995,136.669998,137.580002,134.874344,15637300
2026-01-29,140.320007,142.339996,139.110001,140.509995,137.746704,35760600
2026-01-30,138.740005,142.210007,137.830002,141.399994,138.619202,29657700
2026-02-02,139.830002,140.320007,138.059998,138.399994,135.678207,27735600
2026-02-03,138.639999,145.009995,138.309998,143.729996,140.903397,37577800
2026-02-04,144.119995,147.839996,144.119995,147.589996,144.687469,29426200
2026-02-05,146.580002,146.729996,143.800003,146.080002,143.207169,18431700
2026-02-06,146.619995,149.570007,146.089996,149.050003,146.118774,17216000
2026-02-09,149.259995,151.550003,148.630005,151.210007,148.236298,21297300
2026-02-10,151.350006,151.779999,149.820007,151.589996,148.608810,15800300
2026-02-11,153.970001,156.929993,153.570007,155.559998,152.500732,23091500
2026-02-12,153.889999,155.250000,149.880005,149.929993,147.961136,30652500
2026-02-13,150.550003,151.660004,147.979996,148.449997,146.500580,20166000
2026-02-17,148.199997,149.130005,145.149994,146.190002,144.270264,19766600
2026-02-18,148.149994,150.979996,147.610001,150.679993,148.701294,19849700
2026-02-19,152.199997,153.380005,150.839996,150.970001,148.987488,20305000
2026-02-20,150.490005,150.809998,146.460007,147.279999,145.345947,25908600
2026-02-23,148.149994,151.270004,148.130005,150.759995,148.780243,16073100
2026-02-24,150.419998,150.720001,148.029999,149.259995,147.299942,14185500
2026-02-25,149.910004,150.179993,147.330002,149.059998,147.102570,15225700
2026-02-26,147.809998,150.960007,146.770004,148.539993,146.589401,15632100
2026-02-27,151.000000,153.649994,149.250000,152.500000,150.497391,30275100
2026-03-02,159.350006,159.610001,153.029999,154.220001,152.194809,31493100
2026-03-03,155.429993,156.050003,150.300003,151.830002,149.836197,25198900
2026-03-04,150.720001,151.160004,147.860001,149.820007,147.852600,16764800
2026-03-05,151.000000,152.330002,149.470001,150.759995,148.780243,22969300
2026-03-06,153.149994,153.800003,149.960007,151.210007,149.224350,21136400
2026-03-09,152.020004,153.889999,149.470001,150.440002,148.464462,25532700
2026-03-10,149.250000,150.399994,147.699997,148.130005,146.184799,19617600
2026-03-11,147.990005,151.809998,147.660004,151.580002,149.589478,15297400
2026-03-12,152.270004,155.000000,151.630005,153.529999,151.513870,26054000
2026-03-13,154.300003,156.889999,152.979996,156.119995,154.069855,22414100
2026-03-16,156.000000,157.779999,154.759995,157.229996,155.165283,22835600
2026-03-17,158.250000,160.449997,156.800003,158.809998,156.724533,21592200
2026-03-18,159.660004,160.179993,157.529999,157.589996,155.520554,18947100
2026-03-19,158.259995,159.559998,154.839996,158.160004,156.083084,27082700
2026-03-20,159.350006,162.440002,159.100006,159.669998,157.573242,53942100
2026-03-23,156.119995,161.419998,155.020004,161.130005,159.014084,25021300
2026-03-24,161.710007,167.479996,161.250000,165.380005,163.208267,26131800
2026-03-25,163.869995,165.000000,162.929993,163.259995,161.116104,17192300
2026-03-26,164.089996,165.679993,162.059998,165.429993,163.257599,18625200
2026-03-27,165.580002,171.229996,164.800003,170.990005,168.744598,30338300
2026-03-30,172.509995,176.410004,171.050003,171.470001,169.218292,29813500
2026-03-31,172.669998,174.380005,165.970001,169.660004,167.432053,32006700
2026-04-01,165.770004,168.000000,159.529999,160.779999,158.668671,37927600
2026-04-02,164.490005,166.899994,159.589996,160.690002,158.579849,25377700
2026-04-06,160.570007,163.750000,159.529999,163.369995,161.224655,16344300
2026-04-07,164.220001,166.240005,161.770004,163.910004,161.757568,25227500
2026-04-08,153.520004,156.350006,150.979996,156.220001,154.168549,31311200
2026-04-09,156.860001,159.229996,154.309998,155.039993,153.004028,25868400
2026-04-10,154.039993,155.119995,151.919998,152.509995,150.507263,21065000
2026-04-13,154.270004,154.619995,151.279999,152.639999,150.635559,18685600
2026-04-14,150.070007,150.110001,146.720001,149.240005,147.280212,18528200
2026-04-15,148.600006,150.229996,146.899994,149.009995,147.053223,15626500
2026-04-16,149.529999,152.779999,149.350006,151.979996,149.984222,15191000
2026-04-17,144.860001,146.800003,141.970001,146.440002,144.516983,28947400
2026-04-20,147.380005,149.369995,146.350006,147.679993,145.740677,16354400
2026-04-21,147.369995,148.809998,146.240005,148.360001,146.411774,17515900
2026-04-22,149.369995,150.679993,148.179993,149.500000,147.536789,13738700
2026-04-23,149.850006,151.229996,148.500000,150.529999,148.553268,12970400
2026-04-24,149.639999,150.300003,146.949997,148.910004,146.954544,13735900
2026-04-27,149.160004,151.179993,147.970001,148.190002,146.243988,13940800
2026-04-28,151.529999,152.309998,149.830002,150.559998,148.582870,15173600
2026-04-29,152.020004,154.949997,151.009995,154.669998,152.638901,14669100
2026-04-30,152.429993,155.690002,151.339996,154.330002,152.303375,22885900
2026-05-01,152.610001,155.009995,151.130005,152.750000,150.744125,15458200
2026-05-04,152.669998,154.470001,149.520004,153.690002,151.671768,14238500
2026-05-05,153.100006,155.289993,152.410004,154.880005,152.846161,12494600
2026-05-06,149.070007,150.330002,147.089996,148.690002,146.737442,20527000
2026-05-07,146.800003,147.080002,144.190002,146.580002,144.655136,22509400
2026-05-08,145.850006,146.500000,143.919998,144.570007,142.671539,19550100
2026-05-11,146.020004,149.720001,146.000000,149.679993,147.714417,14849500
2026-05-12,151.250000,151.809998,149.770004,150.630005,148.651962,16443100
2026-05-13,150.059998,151.789993,149.679993,151.570007,149.579620,15772800
2026-05-14,151.899994,153.119995,151.259995,152.779999,150.773712,11331500
2026-05-15,153.750000,158.000000,153.000000,157.919998,156.904022,27882400
2026-05-18,157.320007,161.729996,155.229996,160.490005,159.457489,20065200
2026-05-19,161.500000,163.320007,159.639999,162.550003,161.504242,20715600
2026-05-20,161.610001,163.679993,156.270004,156.279999,155.274567,18509700
2026-05-21,158.419998,159.389999,153.460007,155.289993,154.290939,17061700
2026-05-22,154.029999,155.550003,153.169998,154.919998,153.923325,12948500
2026-05-26,153.500000,154.550003,149.470001,149.809998,148.846191,13057800
2026-05-27,147.229996,148.690002,145.750000,147.899994,146.948486,16241100
2026-05-28,149.339996,150.210007,146.869995,146.960007,146.014542,14012500
2026-05-29,146.190002,146.929993,144.710007,145.259995,144.325470,27959900
2026-06-01,147.020004,149.649994,147.000000,149.380005,148.418976,16732100
2026-06-02,149.029999,150.830002,148.500000,149.559998,148.597809,10462400
2026-06-03,150.610001,154.910004,150.020004,152.529999,151.548706,14373000
2026-06-04,152.050003,153.429993,150.940002,152.039993,151.061844,11799400
2026-06-05,152.009995,152.130005,149.300003,149.919998,148.955490,16584000
2026-06-08,151.160004,153.809998,150.899994,151.750000,150.773712,13870900
2026-06-09,150.910004,151.130005,147.779999,148.910004,147.951996,18163500
2026-06-10,151.229996,152.490005,149.559998,150.619995,149.650986,14596500
2026-06-11,152.300003,152.490005,146.419998,146.600006,145.656860,17285800
2026-06-12,145.630005,148.910004,145.149994,147.009995,146.064209,17713100
2026-06-15,139.740005,141.979996,137.720001,140.919998,140.013397,23631400
2026-06-16,140.190002,142.149994,139.979996,141.860001,140.947342,18925400
2026-06-17,141.220001,142.339996,140.320007,140.740005,139.834549,16663200
2026-06-18,138.320007,138.460007,135.850006,137.809998,136.923401,48063400
2026-06-22,138.539993,139.000000,137.020004,138.470001,137.579163,15783300
2026-06-23,139.460007,140.389999,138.500000,139.729996,138.831039,13699400
2026-06-24,137.119995,137.639999,135.589996,136.899994,136.019257,16212900
2026-06-25,135.639999,138.070007,134.949997,137.550003,136.665070,13288800
2026-06-26,136.970001,137.580002,135.919998,136.539993,135.661560,22684200
2026-06-29,136.580002,137.389999,135.389999,136.059998,135.184662,11972700
2026-06-30,136.479996,137.300003,135.330002,136.720001,135.840408,28784000
2026-07-01,136.529999,137.490005,135.630005,136.279999,135.403244,12433400
2026-07-02,137.149994,139.139999,136.330002,137.089996,136.208023,13703300
2026-07-06,136.550003,137.369995,136.009995,136.440002,135.562210,13915100
2026-07-07,138.559998,141.740005,138.130005,141.690002,140.778442,14667800
2026-07-08,143.440002,143.990005,139.809998,141.130005,140.222046,18291400
2026-07-09,139.660004,140.050003,137.119995,137.460007,136.575653,14110200
2026-07-10,137.899994,138.970001,137.139999,138.880005,137.986526,9753500
2026-07-13,140.919998,145.229996,140.490005,144.509995,143.580292,18724300
2026-07-14,145.509995,146.000000,143.889999,145.089996,144.156555,16096400
2026-07-15,145.089996,145.089996,142.029999,144.509995,143.580292,13444500
2026-07-16,145.279999,146.869995,144.550003,145.949997,145.011032,13518000
2026-07-17,149.029999,150.000000,147.169998,147.360001,146.411957,19031400
2026-07-20,146.500000,149.089996,146.229996,148.360001,147.405533,12149200
2026-07-21,149.009995,151.759995,148.479996,151.710007,150.733978,13145300
2026-07-22,153.860001,154.800003,152.949997,154.449997,153.456345,13788700
2026-07-23,156.600006,158.570007,156.059998,156.889999,155.880646,15822800
2026-07-24,156.990005,158.710007,155.679993,156.940002,155.930328,12091600
2026-07-27,153.070007,155.419998,152.500000,154.770004,153.774292,13955800
2026-07-28,154.169998,156.179993,151.880005,153.039993,152.055420,16299900
2026-07-29,157.720001,159.070007,155.860001,156.750000,155.741547,14571300
2026-07-30,155.089996,157.779999,154.529999,156.970001,155.960144,12578100
2026-07-31,153.740005,156.160004,152.139999,155.440002,154.439987,15714200
2026-08-03,153.460007,155.910004,152.649994,155.059998,154.062424,14532800
2026-08-04,151.619995,154.839996,149.089996,153.960007,152.969513,14347900
2026-08-05,155.039993,155.039993,151.149994,151.630005,150.654495,12227500
2026-08-06,154.220001,154.869995,151.839996,154.839996,153.843842,11879100
2026-08-07,152.639999,153.669998,151.529999,153.039993,152.055420,18455200
2026-08-10,154.500000,160.369995,154.449997,159.789993,158.761993,19761600
2026-08-11,159.660004,161.669998,159.270004,159.800003,158.771927,13744500
2026-08-12,158.550003,160.229996,157.559998,159.750000,158.722244,13219500
2026-08-13,158.029999,159.759995,157.429993,158.610001,157.589584,10542800
2026-08-14,159.710007,161.259995,159.250000,160.100006,159.070007,10231300
2026-08-17,160.100006,162.509995,159.089996,161.460007,161.460007,12858100
2026-08-18,164.350006,165.669998,163.250000,165.559998,165.559998,18952700
2026-08-19,166.070007,168.210007,164.660004,164.770004,164.770004,13648900
2026-08-20,167.020004,168.639999,166.070007,166.149994,166.149994,13803000
2026-08-21,166.539993,168.000000,164.610001,165.110001,165.110001,14314300
2026-08-24,163.869995,165.220001,162.250000,164.050003,164.050003,10842500
2026-08-25,161.449997,162.809998,160.460007,160.639999,160.639999,17525300
2026-08-26,158.000000,161.130005,157.759995,158.190002,158.190002,14838400
2026-08-27,157.630005,158.190002,156.139999,156.440002,156.440002,14288500
2026-08-28,156.600006,157.419998,155.320007,156.710007,156.710007,11352600
2026-08-31,159.940002,161.589996,158.740005,160.949997,160.949997,18363400
2026-09-01,163.600006,164.699997,162.220001,164.550003,164.550003,11381800
2026-09-02,163.929993,165.020004,162.759995,164.149994,164.149994,11287000
2026-09-03,164.429993,165.649994,162.089996,162.210007,162.210007,13755100
2026-09-04,161.020004,161.479996,159.160004,159.470001,159.470001,16206400
2026-09-08,160.610001,163.110001,158.750000,160.660004,160.660004,12607700
2026-09-09,162.875000,165.179993,162.550003,164.229996,164.229996,12905422
